"candidate_id","axis","category","statement_id","statement_text","value","source","confidence","justification"
"איילת השחר סיידוף","דעות","דמוקרטיה, משילות ותיקון מוסדות המדינה","D-001","נטייה לתיקון חוקתי ומוסדי עמוק, ולא רק להחלפת ממשלה","supports","https://hagush.org.il/candidates.html; https://www.ynet.co.il/news/article/bkl4uet2bl; https://www.israelhayom.co.il/news/politics/article/14643397; https://he.wikipedia.org/wiki/%D7%90%D7%99%D7%9E%D7%94%D7%95%D7%AA_%D7%91%D7%97%D7%96%D7%99%D7%AA; https://e.democrats.org.il/Democrats_OpenHouses/260416","70","השתתפות בנושא חוקה וארבע הרשויות ומאבק לשוויון חוקתי מצביעים על נטייה לתיקון מוסדי."
"איילת השחר סיידוף","דעות","דמוקרטיה, משילות ותיקון מוסדות המדינה","D-002","ראיית המשבר הדמוקרטי כתוצאה של שיטה פוליטית פגומה ולא רק של אדם או ממשלה מסוימת","mixed","https://hagush.org.il/candidates.html; https://www.ynet.co.il/news/article/bkl4uet2bl; https://www.israelhayom.co.il/news/politics/article/14643397; https://he.wikipedia.org/wiki/%D7%90%D7%99%D7%9E%D7%94%D7%95%D7%AA_%D7%91%D7%97%D7%96%D7%99%D7%AA; https://e.democrats.org.il/Democrats_OpenHouses/260416","55","העיסוק המרכזי הוא כשל מוסדי סביב גיוס ושוויון; אין מצע רחב על כלל השיטה הפוליטית."
"איילת השחר סיידוף","דעות","דמוקרטיה, משילות ותיקון מוסדות המדינה","D-003","נכונות למאבק ציבורי חריף כאשר מוסדות המדינה נתפסים כמאוימים","supports","https://hagush.org.il/candidates.html; https://www.ynet.co.il/news/article/bkl4uet2bl; https://www.israelhayom.co.il/news/politics/article/14643397; https://he.wikipedia.org/wiki/%D7%90%D7%99%D7%9E%D7%94%D7%95%D7%AA_%D7%91%D7%97%D7%96%D7%99%D7%AA; https://e.democrats.org.il/Democrats_OpenHouses/260416","90","פעילותה כוללת מחאה ציבורית, עתירות, הופעות בכנסת ובג״ץ סביב איום נתפס על שוויון וזכויות משרתים."
"איילת השחר סיידוף","דעות","דמוקרטיה, משילות ותיקון מוסדות המדינה","D-004","העדפה לשיקום ממלכתי, זהיר ומוסדי של המדינה לאחר המשבר","mixed","https://hagush.org.il/candidates.html; https://www.ynet.co.il/news/article/bkl4uet2bl; https://www.israelhayom.co.il/news/politics/article/14643397; https://he.wikipedia.org/wiki/%D7%90%D7%99%D7%9E%D7%94%D7%95%D7%AA_%D7%91%D7%97%D7%96%D7%99%D7%AA; https://e.democrats.org.il/Democrats_OpenHouses/260416","55","יש חתירה לתיקון מוסדי, אך הסגנון הציבורי חריף ולא בעיקר ממלכתי־זהיר."
"איילת השחר סיידוף","דעות","דמוקרטיה, משילות ותיקון מוסדות המדינה","D-005","תמיכה בשיתוף ציבור, דמוקרטיה פנימית ושקיפות בתוך המפלגה ובמערכת הפוליטית","unknown","לא נמצא מקור מספיק","0","לא נמצא מקור מספיק לעמדה על דמוקרטיה פנימית ושיתוף ציבור בתוך מפלגות."
"איילת השחר סיידוף","דעות","דמוקרטיה, משילות ותיקון מוסדות המדינה","D-006","נכונות להגביל כוח שלטוני גם כאשר הכוח נמצא בידי המחנה הקרוב אידיאולוגית","supports","https://hagush.org.il/candidates.html; https://www.ynet.co.il/news/article/bkl4uet2bl; https://www.israelhayom.co.il/news/politics/article/14643397; https://he.wikipedia.org/wiki/%D7%90%D7%99%D7%9E%D7%94%D7%95%D7%AA_%D7%91%D7%97%D7%96%D7%99%D7%AA; https://e.democrats.org.il/Democrats_OpenHouses/260416","72","המאבק דורש אכיפת שוויון וחוק גם מול החלטות ממשלה ומול קבוצות כוח פוליטיות."
"איילת השחר סיידוף","דעות","יחס למחנה השני ויכולת גישור","D-007","ראיית מצביעי המחנה השני כיריבים פוליטיים לגיטימיים ולא כאויבים","mixed","https://hagush.org.il/candidates.html; https://www.ynet.co.il/news/article/bkl4uet2bl; https://www.israelhayom.co.il/news/politics/article/14643397; https://he.wikipedia.org/wiki/%D7%90%D7%99%D7%9E%D7%94%D7%95%D7%AA_%D7%91%D7%97%D7%96%D7%99%D7%AA; https://e.democrats.org.il/Democrats_OpenHouses/260416","58","היא מציינת שאינה שונאת חרדים וישבה עם בני ישיבות, אך מאבקה מנוסח לעיתים בעימות חריף."
"איילת השחר סיידוף","דעות","יחס למחנה השני ויכולת גישור","D-008","הבחנה בין הנהגת המחנה השני לבין הציבור הרחב שתומך בה","supports","https://hagush.org.il/candidates.html; https://www.ynet.co.il/news/article/bkl4uet2bl; https://www.israelhayom.co.il/news/politics/article/14643397; https://he.wikipedia.org/wiki/%D7%90%D7%99%D7%9E%D7%94%D7%95%D7%AA_%D7%91%D7%97%D7%96%D7%99%D7%AA; https://e.democrats.org.il/Democrats_OpenHouses/260416","62","הבחנה מסוימת קיימת בין הציבור החרדי לבין הנהגה ומנגנוני פטור, אך לא כקו מרכזי מפורט."
"איילת השחר סיידוף","דעות","יחס למחנה השני ויכולת גישור","D-009","אמונה שאפשר לבנות גשר מחודש בין המחנה הדמוקרטי־ליברלי לבין חלקים מהימין המסורתי","mixed","https://hagush.org.il/candidates.html; https://www.ynet.co.il/news/article/bkl4uet2bl; https://www.israelhayom.co.il/news/politics/article/14643397; https://he.wikipedia.org/wiki/%D7%90%D7%99%D7%9E%D7%94%D7%95%D7%AA_%D7%91%D7%97%D7%96%D7%99%D7%AA; https://e.democrats.org.il/Democrats_OpenHouses/260416","50","יש ניסיון לדבר עם חרדים ובני ישיבות, אך אין מקור מספיק לחיבור ימין מסורתי רחב."
"איילת השחר סיידוף","דעות","יחס למחנה השני ויכולת גישור","D-010","העדפה להכרעה פוליטית ברורה על פני פיוס מוקדם עם המחנה השני","mixed","https://hagush.org.il/candidates.html; https://www.ynet.co.il/news/article/bkl4uet2bl; https://www.israelhayom.co.il/news/politics/article/14643397; https://he.wikipedia.org/wiki/%D7%90%D7%99%D7%9E%D7%94%D7%95%D7%AA_%D7%91%D7%97%D7%96%D7%99%D7%AA; https://e.democrats.org.il/Democrats_OpenHouses/260416","60","סגנון המחאה מעדיף הכרעה בסוגיית השוויון בגיוס, אך לא נמצא ניסוח עקרוני נגד פיוס."
"איילת השחר סיידוף","דעות","יחס למחנה השני ויכולת גישור","D-011","נכונות לשיח עם דתיים, מסורתיים, חרדים וימנים גם כאשר קיימת מחלוקת ערכית עמוקה","supports","https://hagush.org.il/candidates.html; https://www.ynet.co.il/news/article/bkl4uet2bl; https://www.israelhayom.co.il/news/politics/article/14643397; https://he.wikipedia.org/wiki/%D7%90%D7%99%D7%9E%D7%94%D7%95%D7%AA_%D7%91%D7%97%D7%96%D7%99%D7%AA; https://e.democrats.org.il/Democrats_OpenHouses/260416","68","המקורות מתארים כניסה לשיח גם עם בני ישיבות ופעילות סביב סוגיית חרדים ושירות."
"איילת השחר סיידוף","דעות","יחס למחנה השני ויכולת גישור","D-012","ראיית חלק מהמחנה השני כשותף עתידי אפשרי לשיקום המדינה לאחר עידן נתניהו","mixed","https://hagush.org.il/candidates.html; https://www.ynet.co.il/news/article/bkl4uet2bl; https://www.israelhayom.co.il/news/politics/article/14643397; https://he.wikipedia.org/wiki/%D7%90%D7%99%D7%9E%D7%94%D7%95%D7%AA_%D7%91%D7%97%D7%96%D7%99%D7%AA; https://e.democrats.org.il/Democrats_OpenHouses/260416","50","יש פתח לשיח עם חלקים מהחברה החרדית, אך לא מקור מפורש לשותפות פוליטית עתידית."
"איילת השחר סיידוף","דעות","שסעים פנימיים בחברה היהודית","D-013","ראיית השסע העדתי והפריפריאלי כמרכיב מרכזי במשבר הפוליטי בישראל","unknown","לא נמצא מקור מספיק","0","לא נמצא מקור מספיק לעמדה על השסע העדתי והפריפריאלי כמרכיב מרכזי במשבר."
"איילת השחר סיידוף","דעות","שסעים פנימיים בחברה היהודית","D-014","נכונות לדבר עם מצביעים מזרחים, מסורתיים ופריפריאליים בשפה שאינה מתנשאת ואינה רק ליברלית־אשכנזית","unknown","לא נמצא מקור מספיק","0","לא נמצא בסיס מספיק לקבוע סגנון פנייה למזרחים, מסורתיים ופריפריה."
"איילת השחר סיידוף","דעות","שסעים פנימיים בחברה היהודית","D-015","ראיית השסע הדתי־חילוני כאיום מרכזי על הלכידות של החברה היהודית בישראל","supports","https://hagush.org.il/candidates.html; https://www.ynet.co.il/news/article/bkl4uet2bl; https://www.israelhayom.co.il/news/politics/article/14643397; https://he.wikipedia.org/wiki/%D7%90%D7%99%D7%9E%D7%94%D7%95%D7%AA_%D7%91%D7%97%D7%96%D7%99%D7%AA; https://e.democrats.org.il/Democrats_OpenHouses/260416","78","מאבק הגיוס והשוויון מציב את יחסי דת־מדינה והשסע חילונים־חרדים בלב פעילותה."
"איילת השחר סיידוף","דעות","שסעים פנימיים בחברה היהודית","D-016","תמיכה בבניית ברית חדשה בין ליברלים, מסורתיים, דתיים מתונים ופריפריה חברתית","mixed","https://hagush.org.il/candidates.html; https://www.ynet.co.il/news/article/bkl4uet2bl; https://www.israelhayom.co.il/news/politics/article/14643397; https://he.wikipedia.org/wiki/%D7%90%D7%99%D7%9E%D7%94%D7%95%D7%AA_%D7%91%D7%97%D7%96%D7%99%D7%AA; https://e.democrats.org.il/Democrats_OpenHouses/260416","52","יש עיסוק בשיח עם חרדים ובשוויון, אך לא נמצא מקור לברית רחבה עם דתיים מתונים ופריפריה."
"איילת השחר סיידוף","דעות","שסעים פנימיים בחברה היהודית","D-017","ביקורת על מחנה המרכז־שמאל כאשר הוא נתפס כמנותק, אליטיסטי או חסר רגישות לפריפריה","mixed","https://hagush.org.il/candidates.html; https://www.ynet.co.il/news/article/bkl4uet2bl; https://www.israelhayom.co.il/news/politics/article/14643397; https://he.wikipedia.org/wiki/%D7%90%D7%99%D7%9E%D7%94%D7%95%D7%AA_%D7%91%D7%97%D7%96%D7%99%D7%AA; https://e.democrats.org.il/Democrats_OpenHouses/260416","48","נמצאה ביקורת על מחנה המחאה בהקשר אפקטיביות, אך לא ביקורת סדורה על אליטיזם או פריפריה."
"איילת השחר סיידוף","דעות","שסעים פנימיים בחברה היהודית","D-018","העדפה לתיקון יחסי מרכז־פריפריה כחלק מבניית מחנה דמוקרטי רחב","unknown","לא נמצא מקור מספיק","0","לא נמצא מקור מספיק לתיקון יחסי מרכז־פריפריה כעמדה פוליטית."
"איילת השחר סיידוף","דעות","מדינה יהודית ודמוקרטית, דת ומדינה","D-019","העדפה לזהות ישראלית שבה הרכיב הדמוקרטי קודם לרכיב הדתי־לאומי כאשר יש התנגשות ביניהם","supports","https://hagush.org.il/candidates.html; https://www.ynet.co.il/news/article/bkl4uet2bl; https://www.israelhayom.co.il/news/politics/article/14643397; https://he.wikipedia.org/wiki/%D7%90%D7%99%D7%9E%D7%94%D7%95%D7%AA_%D7%91%D7%97%D7%96%D7%99%D7%AA; https://e.democrats.org.il/Democrats_OpenHouses/260416","74","המאבק מציב שוויון אזרחי וחוקתי מעל הסדרים דתיים־פוליטיים של פטור מגיוס."
"איילת השחר סיידוף","דעות","מדינה יהודית ודמוקרטית, דת ומדינה","D-020","העדפה לזהות ישראלית שבה היהדות היא מקור תרבותי וערכי, אך אינה צריכה לשלוט במוסדות המדינה","mixed","https://hagush.org.il/candidates.html; https://www.ynet.co.il/news/article/bkl4uet2bl; https://www.israelhayom.co.il/news/politics/article/14643397; https://he.wikipedia.org/wiki/%D7%90%D7%99%D7%9E%D7%94%D7%95%D7%AA_%D7%91%D7%97%D7%96%D7%99%D7%AA; https://e.democrats.org.il/Democrats_OpenHouses/260416","46","יש קו חילוני־דמוקרטי מובהק, אך אין מקור מפורש על היהדות כמקור תרבותי שאינו שולט במדינה."
"איילת השחר סיידוף","דעות","מדינה יהודית ודמוקרטית, דת ומדינה","D-021","תמיכה בהפרדה ברורה יותר בין סמכות דתית לבין סמכות מדינתית","supports","https://hagush.org.il/candidates.html; https://www.ynet.co.il/news/article/bkl4uet2bl; https://www.israelhayom.co.il/news/politics/article/14643397; https://he.wikipedia.org/wiki/%D7%90%D7%99%D7%9E%D7%94%D7%95%D7%AA_%D7%91%D7%97%D7%96%D7%99%D7%AA; https://e.democrats.org.il/Democrats_OpenHouses/260416","78","ההתנגדות לפטור חרדי והדיבור על שוויון חוקתי מעידים על העדפת סמכות מדינתית על פני סמכות דתית."
"איילת השחר סיידוף","דעות","מדינה יהודית ודמוקרטית, דת ומדינה","D-022","נכונות לשמר מרכיבים יהודיים־מסורתיים במרחב הציבורי כדי לאפשר שותפות עם ציבור מסורתי ודתי","unknown","לא נמצא מקור מספיק","0","לא נמצא מקור מספיק על שימור מרכיבים יהודיים־מסורתיים לשם שותפות."
"איילת השחר סיידוף","דעות","מדינה יהודית ודמוקרטית, דת ומדינה","D-023","התנגדות לכפייה דתית בנושאי נישואין, שבת, חינוך, מעמד אישי או שירות ציבורי","supports","https://hagush.org.il/candidates.html; https://www.ynet.co.il/news/article/bkl4uet2bl; https://www.israelhayom.co.il/news/politics/article/14643397; https://he.wikipedia.org/wiki/%D7%90%D7%99%D7%9E%D7%94%D7%95%D7%AA_%D7%91%D7%97%D7%96%D7%99%D7%AA; https://e.democrats.org.il/Democrats_OpenHouses/260416","70","המאבק בפטור מגיוס חרדים מצביע על התנגדות להסדרי כפייה/העדפה דתית לפחות בתחום השירות."
"איילת השחר סיידוף","דעות","מדינה יהודית ודמוקרטית, דת ומדינה","D-024","תמיכה בשוויון חובות אזרחיות בין קבוצות, כולל שאלת גיוס חרדים או שירות אזרחי","supports","https://hagush.org.il/candidates.html; https://www.ynet.co.il/news/article/bkl4uet2bl; https://www.israelhayom.co.il/news/politics/article/14643397; https://he.wikipedia.org/wiki/%D7%90%D7%99%D7%9E%D7%94%D7%95%D7%AA_%D7%91%D7%97%D7%96%D7%99%D7%AA; https://e.democrats.org.il/Democrats_OpenHouses/260416","95","זהו לב פעילותה: שוויון חובות אזרחיות וגיוס חרדים או שירות לכולם."
"איילת השחר סיידוף","דעות","הפרדה, גישור או שתי מדינות לעם היהודי","D-025","אמונה שהפער בין ישראל ליברלית לבין ישראל שמרנית־דתית עדיין ניתן לגישור פוליטי וחברתי","mixed","https://hagush.org.il/candidates.html; https://www.ynet.co.il/news/article/bkl4uet2bl; https://www.israelhayom.co.il/news/politics/article/14643397; https://he.wikipedia.org/wiki/%D7%90%D7%99%D7%9E%D7%94%D7%95%D7%AA_%D7%91%D7%97%D7%96%D7%99%D7%AA; https://e.democrats.org.il/Democrats_OpenHouses/260416","50","יש אמונה מסוימת בשיח עם חרדים, אך לא נמצא בסיס רחב על גישור בין ישראל ליברלית ושמרנית."
"איילת השחר סיידוף","דעות","הפרדה, גישור או שתי מדינות לעם היהודי","D-026","ראיית הפער בין המחנות כעמוק עד כדי צורך בהסדרים של אוטונומיה, ביזור או הפרדה חלקית","unknown","לא נמצא מקור מספיק","0","לא נמצא מקור לתמיכה בהפרדה פנימית או אוטונומיה בין מחנות."
"איילת השחר סיידוף","דעות","הפרדה, גישור או שתי מדינות לעם היהודי","D-027","תמיכה בביזור סמכויות לשלטון מקומי כדי לאפשר לקהילות שונות לחיות לפי אורחות חיים שונים","unknown","לא נמצא מקור מספיק","0","לא נמצא מקור לתמיכה בביזור סמכויות לשלטון מקומי."
"איילת השחר סיידוף","דעות","הפרדה, גישור או שתי מדינות לעם היהודי","D-028","התנגדות לרעיון של שתי מדינות לעם היהודי והעדפה למאבק על מסגרת מדינתית אחת משותפת","unknown","לא נמצא מקור מספיק","0","לא נמצא מקור מספיק לעמדה על רעיון שתי מדינות לעם היהודי."
"איילת השחר סיידוף","דעות","הפרדה, גישור או שתי מדינות לעם היהודי","D-029","פתיחות לרעיון של הסדרים פנימיים חדשים בין חילונים, דתיים, חרדים, מסורתיים וליברלים","mixed","https://hagush.org.il/candidates.html; https://www.ynet.co.il/news/article/bkl4uet2bl; https://www.israelhayom.co.il/news/politics/article/14643397; https://he.wikipedia.org/wiki/%D7%90%D7%99%D7%9E%D7%94%D7%95%D7%AA_%D7%91%D7%97%D7%96%D7%99%D7%AA; https://e.democrats.org.il/Democrats_OpenHouses/260416","50","העיסוק בחילונים־חרדים ושוויון מצביע על פתיחות חלקית להסדרים חדשים, לא על מודל מלא."
"איילת השחר סיידוף","דעות","הפרדה, גישור או שתי מדינות לעם היהודי","D-030","ראיית המשבר הישראלי לא רק כמאבק ימין־שמאל אלא כמאבק בין מודלים שונים של חיים משותפים","supports","https://hagush.org.il/candidates.html; https://www.ynet.co.il/news/article/bkl4uet2bl; https://www.israelhayom.co.il/news/politics/article/14643397; https://he.wikipedia.org/wiki/%D7%90%D7%99%D7%9E%D7%94%D7%95%D7%AA_%D7%91%D7%97%D7%96%D7%99%D7%AA; https://e.democrats.org.il/Democrats_OpenHouses/260416","58","פעילותה ממסגרת את המשבר גם כמאבק על מודל אזרחי־שוויוני מול הסדרים דתיים־פוליטיים."
"איילת השחר סיידוף","דעות","יהודים־ערבים, שוויון אזרחי וחיים משותפים","D-031","ראיית אזרחי ישראל הערבים כחלק מלא מהדיון על עתיד המדינה ולא כעניין נפרד או משני","mixed","https://hagush.org.il/candidates.html; https://www.ynet.co.il/news/article/bkl4uet2bl; https://www.israelhayom.co.il/news/politics/article/14643397; https://he.wikipedia.org/wiki/%D7%90%D7%99%D7%9E%D7%94%D7%95%D7%AA_%D7%91%D7%97%D7%96%D7%99%D7%AA; https://e.democrats.org.il/Democrats_OpenHouses/260416","52","השתתפה בשיח על אזרחות שווה, אך עיקר פעילותה אינו סביב אזרחי ישראל הערבים."
"איילת השחר סיידוף","דעות","יהודים־ערבים, שוויון אזרחי וחיים משותפים","D-032","תמיכה בשוויון אזרחי גם כאשר הוא מחייב שינוי בחוקים, סמלים או חלוקת משאבים","supports","https://hagush.org.il/candidates.html; https://www.ynet.co.il/news/article/bkl4uet2bl; https://www.israelhayom.co.il/news/politics/article/14643397; https://he.wikipedia.org/wiki/%D7%90%D7%99%D7%9E%D7%94%D7%95%D7%AA_%D7%91%D7%97%D7%96%D7%99%D7%AA; https://e.democrats.org.il/Democrats_OpenHouses/260416","70","הדגש על שוויון חוקתי ואזרחי תומך בקו של שוויון אזרחי, גם אם לא פורט בהקשר ערבים."
"איילת השחר סיידוף","דעות","יהודים־ערבים, שוויון אזרחי וחיים משותפים","D-033","תמיכה בשותפות פוליטית יהודית־ערבית כחלק מבניית מחנה דמוקרטי רחב","mixed","https://hagush.org.il/candidates.html; https://www.ynet.co.il/news/article/bkl4uet2bl; https://www.israelhayom.co.il/news/politics/article/14643397; https://he.wikipedia.org/wiki/%D7%90%D7%99%D7%9E%D7%94%D7%95%D7%AA_%D7%91%D7%97%D7%96%D7%99%D7%AA; https://e.democrats.org.il/Democrats_OpenHouses/260416","50","יש נגיעה לשיח אזרחות שווה עם דוברים דרוזים, אך לא מקור למדיניות שותפות פוליטית יהודית־ערבית."
"איילת השחר סיידוף","דעות","יהודים־ערבים, שוויון אזרחי וחיים משותפים","D-034","העדפה לשילוב אזרחים ערבים במוקדי קבלת החלטות, כולל בתחומים מדיניים וביטחוניים","unknown","לא נמצא מקור מספיק","0","לא נמצא מקור על שילוב אזרחים ערבים במוקדי קבלת החלטות מדיניים וביטחוניים."
"איילת השחר סיידוף","דעות","יהודים־ערבים, שוויון אזרחי וחיים משותפים","D-035","התנגדות לגזענות, הדרה או דה־לגיטימציה של הציבור הערבי בישראל","supports","https://hagush.org.il/candidates.html; https://www.ynet.co.il/news/article/bkl4uet2bl; https://www.israelhayom.co.il/news/politics/article/14643397; https://he.wikipedia.org/wiki/%D7%90%D7%99%D7%9E%D7%94%D7%95%D7%AA_%D7%91%D7%97%D7%96%D7%99%D7%AA; https://e.democrats.org.il/Democrats_OpenHouses/260416","62","קו השוויון האזרחי תומך בהתנגדות להדרה, אך אין מקור ייעודי על גזענות כלפי ערבים."
"איילת השחר סיידוף","דעות","יהודים־ערבים, שוויון אזרחי וחיים משותפים","D-036","הכרה בכך שחיים משותפים מחייבים גם התמודדות עם פחדים, טראומות וחוסר אמון בשני הצדדים","unknown","לא נמצא מקור מספיק","0","לא נמצא בסיס מספיק לעמדה על פחדים וטראומות בשני הצדדים היהודי־ערבי."
"איילת השחר סיידוף","דעות","ביטחון, פלסטינים והסדר מדיני","D-037","תמיכה בנתיב מדיני ארוך טווח מול הפלסטינים, גם לאחר שבעה באוקטובר","unknown","לא נמצא מקור מספיק","0","לא נמצא מקור מספיק לעמדה מדינית מול הפלסטינים לאחר שבעה באוקטובר."
"איילת השחר סיידוף","דעות","ביטחון, פלסטינים והסדר מדיני","D-038","העדפה להיפרדות מדינית וביטחונית מהפלסטינים כדי לשמור על ישראל יהודית ודמוקרטית","unknown","לא נמצא מקור מספיק","0","לא נמצא מקור מספיק על היפרדות מדינית־ביטחונית מהפלסטינים."
"איילת השחר סיידוף","דעות","ביטחון, פלסטינים והסדר מדיני","D-039","תמיכה בפתרון שתי מדינות או במודל קרוב לו כיעד אסטרטגי","unknown","לא נמצא מקור מספיק","0","לא נמצא מקור מספיק לתמיכה בפתרון שתי מדינות."
"איילת השחר סיידוף","דעות","ביטחון, פלסטינים והסדר מדיני","D-040","פתיחות למודלים מדיניים מורכבים כגון קונפדרציה, גבולות פתוחים או הסדר אזורי","unknown","לא נמצא מקור מספיק","0","לא נמצא מקור מספיק למודלים מדיניים מורכבים."
"איילת השחר סיידוף","דעות","ביטחון, פלסטינים והסדר מדיני","D-041","התנגדות להמשך שליטה ישראלית קבועה על אוכלוסייה פלסטינית ללא זכויות אזר מלאות","unknown","לא נמצא מקור מספיק","0","לא נמצא מקור מספיק על שליטה ישראלית קבועה באוכלוסייה פלסטינית."
"איילת השחר סיידוף","דעות","ביטחון, פלסטינים והסדר מדיני","D-042","ראיית הסדר אזורי עם מדינות ערביות מתונות כחלק מרכזי מהעתיד הביטחוני של ישראל","unknown","לא נמצא מקור מספיק","0","לא נמצא מקור מספיק על הסדר אזורי עם מדינות ערביות."
"איילת השחר סיידוף","דעות","שבעה באוקטובר, אחריות, חטופים וזיכרון לאומי","D-043","ראיית שבעה באוקטובר כאירוע שמחייב חשבון נפש מדינתי, מוסדי וחברתי עמוק","mixed","https://hagush.org.il/candidates.html; https://www.ynet.co.il/news/article/bkl4uet2bl; https://www.israelhayom.co.il/news/politics/article/14643397; https://he.wikipedia.org/wiki/%D7%90%D7%99%D7%9E%D7%94%D7%95%D7%AA_%D7%91%D7%97%D7%96%D7%99%D7%AA; https://e.democrats.org.il/Democrats_OpenHouses/260416","55","פעילותה מתבססת על שחיקת המשרתים לאחר המלחמה, אך לא נמצא ניסוח מלא של חשבון נפש מדינתי־חברתי."
"איילת השחר סיידוף","דעות","שבעה באוקטובר, אחריות, חטופים וזיכרון לאומי","D-044","תמיכה בוועדת חקירה ממלכתית ובאחריות אישית של הדרג המדיני והביטחוני","mixed","https://hagush.org.il/candidates.html; https://www.ynet.co.il/news/article/bkl4uet2bl; https://www.israelhayom.co.il/news/politics/article/14643397; https://he.wikipedia.org/wiki/%D7%90%D7%99%D7%9E%D7%94%D7%95%D7%AA_%D7%91%D7%97%D7%96%D7%99%D7%AA; https://e.democrats.org.il/Democrats_OpenHouses/260416","58","העתירות והביקורת על הממשלה מצביעות על דרישת אחריות, אך לא נמצא מקור מפורש לוועדת חקירה ממלכתית."
"איילת השחר סיידוף","דעות","שבעה באוקטובר, אחריות, חטופים וזיכרון לאומי","D-045","ראיית החטופים והמשפחות כסמל מוסרי מרכזי של אחריות המדינה לאזרחיה","unknown","לא נמצא מקור מספיק","0","לא נמצא מקור מספיק על החטופים ומשפחותיהם כסמל מוסרי מרכזי."
"איילת השחר סיידוף","דעות","שבעה באוקטובר, אחריות, חטופים וזיכרון לאומי","D-046","התנגדות לשימוש פוליטי ציני בכאב של משפחות, נפגעים או קהילות שנפגעו במלחמה","unknown","לא נמצא מקור מספיק","0","לא נמצא מקור מספיק על שימוש פוליטי בכאב משפחות ונפגעים."
"איילת השחר סיידוף","דעות","שבעה באוקטובר, אחריות, חטופים וזיכרון לאומי","D-047","תמיכה בשיקום העוטף והקהילות שנפגעו כחלק מהחוזה הבסיסי בין המדינה לאזרחיה","mixed","https://hagush.org.il/candidates.html; https://www.ynet.co.il/news/article/bkl4uet2bl; https://www.israelhayom.co.il/news/politics/article/14643397; https://he.wikipedia.org/wiki/%D7%90%D7%99%D7%9E%D7%94%D7%95%D7%AA_%D7%91%D7%97%D7%96%D7%99%D7%AA; https://e.democrats.org.il/Democrats_OpenHouses/260416","48","קיים עיסוק באחריות המדינה למשרתים, אך לא נמצא מקור ישיר על שיקום העוטף."
"איילת השחר סיידוף","דעות","שבעה באוקטובר, אחריות, חטופים וזיכרון לאומי","D-048","ראיית הטראומה של שבעה באוקטובר כבסיס לבניית מדיניות חדשה, לא רק כהצדקה להמשך מלחמה","mixed","https://hagush.org.il/candidates.html; https://www.ynet.co.il/news/article/bkl4uet2bl; https://www.israelhayom.co.il/news/politics/article/14643397; https://he.wikipedia.org/wiki/%D7%90%D7%99%D7%9E%D7%94%D7%95%D7%AA_%D7%91%D7%97%D7%96%D7%99%D7%AA; https://e.democrats.org.il/Democrats_OpenHouses/260416","50","פעילותה מציעה מדיניות חדשה סביב גיוס ושחיקה לאחר המלחמה, לא תפיסה רחבה של טראומת 7.10."
"איילת השחר סיידוף","דעות","חברה, כלכלה, רווחה ופריפריה","D-049","הצבת צמצום אי־שוויון חברתי־כלכלי כנושא מרכזי בזהות הפוליטית","unknown","לא נמצא מקור מספיק","0","לא נמצא מקור מספיק על צמצום אי־שוויון חברתי־כלכלי כנושא מרכזי."
"איילת השחר סיידוף","דעות","חברה, כלכלה, רווחה ופריפריה","D-050","תמיכה בהרחבת אחריות המדינה בתחומי דיור, חינוך, בריאות ורווחה","unknown","לא נמצא מקור מספיק","0","לא נמצא מקור מספיק על הרחבת אחריות המדינה בדיור, חינוך, בריאות ורווחה."
"איילת השחר סיידוף","דעות","חברה, כלכלה, רווחה ופריפריה","D-051","תמיכה בזכויות עובדים, עבודה מאורגנת והגנה על שכבות מוחלשות","unknown","לא נמצא מקור מספיק","0","לא נמצא מקור מספיק על זכויות עובדים ועבודה מאורגנת."
"איילת השחר סיידוף","דעות","חברה, כלכלה, רווחה ופריפריה","D-052","ראיית הפריפריה הגיאוגרפית והחברתית כשותפה אסטרטגית ולא כקהל יעד משני","unknown","לא נמצא מקור מספיק","0","לא נמצא מקור מספיק על הפריפריה כשותפה אסטרטגית."
"איילת השחר סיידוף","דעות","חברה, כלכלה, רווחה ופריפריה","D-053","תמיכה בהשקעה ארוכת טווח בנגב, בגליל, בעוטף ובערים מוחלשות","unknown","לא נמצא מקור מספיק","0","לא נמצא מקור מספיק על השקעה ארוכת טווח בנגב, גליל, עוטף וערים מוחלשות."
"איילת השחר סיידוף","דעות","חברה, כלכלה, רווחה ופריפריה","D-054","חיבור בין צדק חברתי לבין בניית מחנה פוליטי חדש ורחב יותר","unknown","לא נמצא מקור מספיק","0","לא נמצא מקור מספיק לחיבור צדק חברתי לבניית מחנה פוליטי רחב."
"איילת השחר סיידוף","דעות","סגנון פשרה, גבולות ויכולת הסכמה","D-055","נכונות לפשרות פוליטיות רחבות כדי לשקם את המדינה גם במחיר ויתור אידיאולוגי חלקי","unknown","לא נמצא מקור מספיק","0","לא נמצא מקור מספיק על נכונות לפשרות פוליטיות רחבות."
"איילת השחר סיידוף","דעות","סגנון פשרה, גבולות ויכולת הסכמה","D-056","הצבת קווים אדומים ברורים שמעליהם אין מקום לפשרה עם יריבים פוליטיים","supports","https://hagush.org.il/candidates.html; https://www.ynet.co.il/news/article/bkl4uet2bl; https://www.israelhayom.co.il/news/politics/article/14643397; https://he.wikipedia.org/wiki/%D7%90%D7%99%D7%9E%D7%94%D7%95%D7%AA_%D7%91%D7%97%D7%96%D7%99%D7%AA; https://e.democrats.org.il/Democrats_OpenHouses/260416","70","מאבקה מציב קו אדום ברור סביב שוויון בחובות וזכויות משרתים."
"איילת השחר סיידוף","דעות","סגנון פשרה, גבולות ויכולת הסכמה","D-057","העדפה להסכמות רחבות ולאיטיות על פני מהלכים חדים ומהירים","mixed","https://hagush.org.il/candidates.html; https://www.ynet.co.il/news/article/bkl4uet2bl; https://www.israelhayom.co.il/news/politics/article/14643397; https://he.wikipedia.org/wiki/%D7%90%D7%99%D7%9E%D7%94%D7%95%D7%AA_%D7%91%D7%97%D7%96%D7%99%D7%AA; https://e.democrats.org.il/Democrats_OpenHouses/260416","45","לא נמצא מקור להעדפת הסכמות איטיות; הסגנון בפועל הוא מחאתי ודחוף."
"איילת השחר סיידוף","דעות","סגנון פשרה, גבולות ויכולת הסכמה","D-058","העדפה למאבק חד וברור כאשר פשרה נתפסת ככניעה לכוחות אנטי־דמוקרטיים","supports","https://hagush.org.il/candidates.html; https://www.ynet.co.il/news/article/bkl4uet2bl; https://www.israelhayom.co.il/news/politics/article/14643397; https://he.wikipedia.org/wiki/%D7%90%D7%99%D7%9E%D7%94%D7%95%D7%AA_%D7%91%D7%97%D7%96%D7%99%D7%AA; https://e.democrats.org.il/Democrats_OpenHouses/260416","76","סגנון הפעולה שלה הוא מאבק חד וברור כאשר היא רואה פגיעה בשוויון ובחוק."
"איילת השחר סיידוף","דעות","סגנון פשרה, גבולות ויכולת הסכמה","D-059","יכולת להבחין בין פשרה עניינית לבין טשטוש ערכי מסוכן","mixed","https://hagush.org.il/candidates.html; https://www.ynet.co.il/news/article/bkl4uet2bl; https://www.israelhayom.co.il/news/politics/article/14643397; https://he.wikipedia.org/wiki/%D7%90%D7%99%D7%9E%D7%94%D7%95%D7%AA_%D7%91%D7%97%D7%96%D7%99%D7%AA; https://e.democrats.org.il/Democrats_OpenHouses/260416","55","היא מבחינה בין שוויון עקרוני לבין פשרות תפעוליות, אך לא נמצא דיון שיטתי על גבולות פשרה."
"איילת השחר סיידוף","דעות","סגנון פשרה, גבולות ויכולת הסכמה","D-060","נכונות לבנות קואליציות עתידיות עם גורמים שאינם שייכים למחנה הטבעי, אם הם מקבלים כללי משחק דמוקרטיים","mixed","https://hagush.org.il/candidates.html; https://www.ynet.co.il/news/article/bkl4uet2bl; https://www.israelhayom.co.il/news/politics/article/14643397; https://he.wikipedia.org/wiki/%D7%90%D7%99%D7%9E%D7%94%D7%95%D7%AA_%D7%91%D7%97%D7%96%D7%99%D7%AA; https://e.democrats.org.il/Democrats_OpenHouses/260416","50","יש שיח עם ח״כים וגורמים שונים, אך לא מקור מספיק לקואליציות עתידיות רחבות."
"איילת השחר סיידוף","יכולות","מומחיות מדינית, ביטחונית וממשלית","cap_001","ניסיון ישיר במערכות מדינה בכירות או במוקדי קבלת החלטות","partial","https://hagush.org.il/candidates.html; https://www.ynet.co.il/news/article/bkl4uet2bl; https://www.israelhayom.co.il/news/politics/article/14643397; https://he.wikipedia.org/wiki/%D7%90%D7%99%D7%9E%D7%94%D7%95%D7%AA_%D7%91%D7%97%D7%96%D7%99%D7%AA; https://e.democrats.org.il/Democrats_OpenHouses/260416","60","יש לה נוכחות בוועדות, בג״ץ וזירה ציבורית, אך לא תפקיד מדינתי בכיר."
"איילת השחר סיידוף","יכולות","מומחיות מדינית, ביטחונית וממשלית","cap_002","הבנה מוכחת של סוגיות מדיניות, ביטחוניות ואזוריות מורכבות","partial","https://hagush.org.il/candidates.html; https://www.ynet.co.il/news/article/bkl4uet2bl; https://www.israelhayom.co.il/news/politics/article/14643397; https://he.wikipedia.org/wiki/%D7%90%D7%99%D7%9E%D7%94%D7%95%D7%AA_%D7%91%D7%97%D7%96%D7%99%D7%AA; https://e.democrats.org.il/Democrats_OpenHouses/260416","62","מומחיותה מתמקדת בגיוס, מילואים ושוויון בנטל, לא בכל המעטפת הביטחונית־מדינית."
"איילת השחר סיידוף","יכולות","מומחיות מדינית, ביטחונית וממשלית","cap_003","ניסיון במשא ומתן, דיאלוג אסטרטגי או קשרים בינלאומיים","partial","https://hagush.org.il/candidates.html; https://www.ynet.co.il/news/article/bkl4uet2bl; https://www.israelhayom.co.il/news/politics/article/14643397; https://he.wikipedia.org/wiki/%D7%90%D7%99%D7%9E%D7%94%D7%95%D7%AA_%D7%91%D7%97%D7%96%D7%99%D7%AA; https://e.democrats.org.il/Democrats_OpenHouses/260416","55","המקורות מתארים קשר עם ח״כים ובני ישיבות, אך לא ניסיון אסטרטגי רחב."
"איילת השחר סיידוף","יכולות","מומחיות מדינית, ביטחונית וממשלית","cap_004","ניסיון צבאי, מודיעיני או ביטחוני בעל רלוונטיות לעבודה ציבורית","unknown","לא נמצא מקור מספיק","0","לא נמצא מקור לניסיון צבאי, מודיעיני או ביטחוני אישי רלוונטי."
"איילת השחר סיידוף","יכולות","מומחיות מדינית, ביטחונית וממשלית","cap_005","יכולת לגבש תפיסה מדינית־ביטחונית סדורה ולא רק עמדה ערכית כללית","partial","https://hagush.org.il/candidates.html; https://www.ynet.co.il/news/article/bkl4uet2bl; https://www.israelhayom.co.il/news/politics/article/14643397; https://he.wikipedia.org/wiki/%D7%90%D7%99%D7%9E%D7%94%D7%95%D7%AA_%D7%91%D7%97%D7%96%D7%99%D7%AA; https://e.democrats.org.il/Democrats_OpenHouses/260416","65","יש תפיסה ברורה בסוגיית גיוס ושוויון, אך לא תפיסה ביטחונית־מדינית כוללת."
"איילת השחר סיידוף","יכולות","מומחיות מדינית, ביטחונית וממשלית","cap_006","יכולת לחבר בין יעדים ביטחוניים לבין יעדים מדיניים ארוכי טווח","partial","https://hagush.org.il/candidates.html; https://www.ynet.co.il/news/article/bkl4uet2bl; https://www.israelhayom.co.il/news/politics/article/14643397; https://he.wikipedia.org/wiki/%D7%90%D7%99%D7%9E%D7%94%D7%95%D7%AA_%D7%91%D7%97%D7%96%D7%99%D7%AA; https://e.democrats.org.il/Democrats_OpenHouses/260416","60","מחברת בין צורכי כוח אדם בצה״ל לשוויון אזרחי, אך לא למדיניות מדינית ארוכת טווח."
"איילת השחר סיידוף","יכולות","ארגון, ניהול וביצוע","cap_007","ניסיון בהקמה וניהול של ארגונים, חברות, תנועות או מטות פעולה","has","https://hagush.org.il/candidates.html; https://www.ynet.co.il/news/article/bkl4uet2bl; https://www.israelhayom.co.il/news/politics/article/14643397; https://he.wikipedia.org/wiki/%D7%90%D7%99%D7%9E%D7%94%D7%95%D7%AA_%D7%91%D7%97%D7%96%D7%99%D7%AA; https://e.democrats.org.il/Democrats_OpenHouses/260416","88","מייסדת וראש תנועת אמהות בחזית."
"איילת השחר סיידוף","יכולות","ארגון, ניהול וביצוע","cap_008","יכולת להוביל צוותים, תקציבים, קהילות או מערכות מורכבות","has","https://hagush.org.il/candidates.html; https://www.ynet.co.il/news/article/bkl4uet2bl; https://www.israelhayom.co.il/news/politics/article/14643397; https://he.wikipedia.org/wiki/%D7%90%D7%99%D7%9E%D7%94%D7%95%D7%AA_%D7%91%D7%97%D7%96%D7%99%D7%AA; https://e.democrats.org.il/Democrats_OpenHouses/260416","82","הובילה תנועה ציבורית רחבה, פעילות כנסת, בג״ץ ומחאה."
"איילת השחר סיידוף","יכולות","ארגון, ניהול וביצוע","cap_009","הובלת מאבקים ציבוריים שהניבו תוצאות ממשיות","has","https://hagush.org.il/candidates.html; https://www.ynet.co.il/news/article/bkl4uet2bl; https://www.israelhayom.co.il/news/politics/article/14643397; https://he.wikipedia.org/wiki/%D7%90%D7%99%D7%9E%D7%94%D7%95%D7%AA_%D7%91%D7%97%D7%96%D7%99%D7%AA; https://e.democrats.org.il/Democrats_OpenHouses/260416","82","המאבק הביא נראות ציבורית, עתירות ודיון ציבורי משמעותי על גיוס חרדים."
"איילת השחר סיידוף","יכולות","ארגון, ניהול וביצוע","cap_010","יכולת להפוך רעיון כללי לתשתית פעולה מתמשכת","has","https://hagush.org.il/candidates.html; https://www.ynet.co.il/news/article/bkl4uet2bl; https://www.israelhayom.co.il/news/politics/article/14643397; https://he.wikipedia.org/wiki/%D7%90%D7%99%D7%9E%D7%94%D7%95%D7%AA_%D7%91%D7%97%D7%96%D7%99%D7%AA; https://e.democrats.org.il/Democrats_OpenHouses/260416","80","הפכה רעיון שוויון בגיוס לתנועה, עתירות ומערך מחאה מתמשך."
"איילת השחר סיידוף","יכולות","ארגון, ניהול וביצוע","cap_011","ניסיון בניהול משברים ציבוריים, פוליטיים או ארגוניים","partial","https://hagush.org.il/candidates.html; https://www.ynet.co.il/news/article/bkl4uet2bl; https://www.israelhayom.co.il/news/politics/article/14643397; https://he.wikipedia.org/wiki/%D7%90%D7%99%D7%9E%D7%94%D7%95%D7%AA_%D7%91%D7%97%D7%96%D7%99%D7%AA; https://e.democrats.org.il/Democrats_OpenHouses/260416","64","פועלת סביב משבר שחיקת מילואים וגיוס, אך אין ניסיון ניהולי משברי מדינתי."
"איילת השחר סיידוף","יכולות","ארגון, ניהול וביצוע","cap_012","מוכנות לקחת אחריות אישית גבוהה על מהלך ציבורי או ארגוני","has","https://hagush.org.il/candidates.html; https://www.ynet.co.il/news/article/bkl4uet2bl; https://www.israelhayom.co.il/news/politics/article/14643397; https://he.wikipedia.org/wiki/%D7%90%D7%99%D7%9E%D7%94%D7%95%D7%AA_%D7%91%D7%97%D7%96%D7%99%D7%AA; https://e.democrats.org.il/Democrats_OpenHouses/260416","80","היא מזוהה אישית עם אחריות גבוהה למהלך ציבורי טעון."
"איילת השחר סיידוף","יכולות","חקיקה, פוליטיקה ומוסדות","cap_013","ניסיון בעבודה פרלמנטרית, ועדות כנסת, חקיקה או הצעות חוק","partial","https://hagush.org.il/candidates.html; https://www.ynet.co.il/news/article/bkl4uet2bl; https://www.israelhayom.co.il/news/politics/article/14643397; https://he.wikipedia.org/wiki/%D7%90%D7%99%D7%9E%D7%94%D7%95%D7%AA_%D7%91%D7%97%D7%96%D7%99%D7%AA; https://e.democrats.org.il/Democrats_OpenHouses/260416","62","יש פעילות מול הכנסת ובג״ץ, אך לא ניסיון כחברת כנסת."
"איילת השחר סיידוף","יכולות","חקיקה, פוליטיקה ומוסדות","cap_014","היכרות מעשית עם מנגנוני מפלגות, פריימריז, רשימות וקואליציות","partial","https://hagush.org.il/candidates.html; https://www.ynet.co.il/news/article/bkl4uet2bl; https://www.israelhayom.co.il/news/politics/article/14643397; https://he.wikipedia.org/wiki/%D7%90%D7%99%D7%9E%D7%94%D7%95%D7%AA_%D7%91%D7%97%D7%96%D7%99%D7%AA; https://e.democrats.org.il/Democrats_OpenHouses/260416","55","כמועמדת ופעילה בדמוקרטים יש היכרות חלקית עם מנגנונים מפלגתיים."
"איילת השחר סיידוף","יכולות","חקיקה, פוליטיקה ומוסדות","cap_015","יכולת לפעול בתוך מוסדות קיימים ולא רק מחוץ להם","partial","https://hagush.org.il/candidates.html; https://www.ynet.co.il/news/article/bkl4uet2bl; https://www.israelhayom.co.il/news/politics/article/14643397; https://he.wikipedia.org/wiki/%D7%90%D7%99%D7%9E%D7%94%D7%95%D7%AA_%D7%91%D7%97%D7%96%D7%99%D7%AA; https://e.democrats.org.il/Democrats_OpenHouses/260416","60","פועלת מול מוסדות קיימים כגון בג״ץ וכנסת, אך בעיקר מבחוץ."
"איילת השחר סיידוף","יכולות","חקיקה, פוליטיקה ומוסדות","cap_016","ניסיון בבניית תנועה פוליטית, מפלגה או אלטרנטיבה שלטונית","partial","https://hagush.org.il/candidates.html; https://www.ynet.co.il/news/article/bkl4uet2bl; https://www.israelhayom.co.il/news/politics/article/14643397; https://he.wikipedia.org/wiki/%D7%90%D7%99%D7%9E%D7%94%D7%95%D7%AA_%D7%91%D7%97%D7%96%D7%99%D7%AA; https://e.democrats.org.il/Democrats_OpenHouses/260416","55","הקימה תנועה אזרחית ולא מפלגה מלאה."
"איילת השחר סיידוף","יכולות","חקיקה, פוליטיקה ומוסדות","cap_017","יכולת לייצר שיתופי פעולה בין זרמים, מפלגות או קבוצות אינטרס","partial","https://hagush.org.il/candidates.html; https://www.ynet.co.il/news/article/bkl4uet2bl; https://www.israelhayom.co.il/news/politics/article/14643397; https://he.wikipedia.org/wiki/%D7%90%D7%99%D7%9E%D7%94%D7%95%D7%AA_%D7%91%D7%97%D7%96%D7%99%D7%AA; https://e.democrats.org.il/Democrats_OpenHouses/260416","60","יצרה שיתופי פעולה עם גורמים שונים, אך לא נמצא היקף פוליטי רחב."
"איילת השחר סיידוף","יכולות","חקיקה, פוליטיקה ומוסדות","cap_018","יכולת לתרגם עמדות אידיאולוגיות לפעולות מוסדיות או חקיקתיות","partial","https://hagush.org.il/candidates.html; https://www.ynet.co.il/news/article/bkl4uet2bl; https://www.israelhayom.co.il/news/politics/article/14643397; https://he.wikipedia.org/wiki/%D7%90%D7%99%D7%9E%D7%94%D7%95%D7%AA_%D7%91%D7%97%D7%96%D7%99%D7%AA; https://e.democrats.org.il/Democrats_OpenHouses/260416","65","מתרגמת דרישת שוויון לעתירות, לובי ופעולות מוסדיות."
"איילת השחר סיידוף","יכולות","תקשורת, הסברה והשפעה ציבורית","cap_019","יכולת ליצור מסרים חדים, ברורים וזכירים","has","https://hagush.org.il/candidates.html; https://www.ynet.co.il/news/article/bkl4uet2bl; https://www.israelhayom.co.il/news/politics/article/14643397; https://he.wikipedia.org/wiki/%D7%90%D7%99%D7%9E%D7%94%D7%95%D7%AA_%D7%91%D7%97%D7%96%D7%99%D7%AA; https://e.democrats.org.il/Democrats_OpenHouses/260416","82","מסריה הציבוריים סביב שוויון בגיוס חדים וזכירים."
"איילת השחר סיידוף","יכולות","תקשורת, הסברה והשפעה ציבורית","cap_020","יכולת לייצר תוכן דיגיטלי, ויראלי או תקשורתי שמגיע לקהלים רחבים","partial","https://hagush.org.il/candidates.html; https://www.ynet.co.il/news/article/bkl4uet2bl; https://www.israelhayom.co.il/news/politics/article/14643397; https://he.wikipedia.org/wiki/%D7%90%D7%99%D7%9E%D7%94%D7%95%D7%AA_%D7%91%D7%97%D7%96%D7%99%D7%AA; https://e.democrats.org.il/Democrats_OpenHouses/260416","62","יש נוכחות תקשורתית וסרטונים, אך לא נמצא מערך דיגיטלי רחב."
"איילת השחר סיידוף","יכולות","תקשורת, הסברה והשפעה ציבורית","cap_021","ניסיון בהופעה ציבורית, ראיונות, פודקאסטים, קולנוע, כתיבה או הרצאות","has","https://hagush.org.il/candidates.html; https://www.ynet.co.il/news/article/bkl4uet2bl; https://www.israelhayom.co.il/news/politics/article/14643397; https://he.wikipedia.org/wiki/%D7%90%D7%99%D7%9E%D7%94%D7%95%D7%AA_%D7%91%D7%97%D7%96%D7%99%D7%AA; https://e.democrats.org.il/Democrats_OpenHouses/260416","80","מופיעה בכנסת, בבג״ץ, בפודקאסטים ובתקשורת."
"איילת השחר סיידוף","יכולות","תקשורת, הסברה והשפעה ציבורית","cap_022","יכולת להסביר נושאים מורכבים בשפה נגישה ולא טכנוקרטית","has","https://hagush.org.il/candidates.html; https://www.ynet.co.il/news/article/bkl4uet2bl; https://www.israelhayom.co.il/news/politics/article/14643397; https://he.wikipedia.org/wiki/%D7%90%D7%99%D7%9E%D7%94%D7%95%D7%AA_%D7%91%D7%97%D7%96%D7%99%D7%AA; https://e.democrats.org.il/Democrats_OpenHouses/260416","75","מסבירה סוגיה משפטית־חברתית בשפה ציבורית נגישה."
"איילת השחר סיידוף","יכולות","תקשורת, הסברה והשפעה ציבורית","cap_023","יכולת לנהל מאבק תודעתי מול יריבים פוליטיים או תקשורתיים","has","https://hagush.org.il/candidates.html; https://www.ynet.co.il/news/article/bkl4uet2bl; https://www.israelhayom.co.il/news/politics/article/14643397; https://he.wikipedia.org/wiki/%D7%90%D7%99%D7%9E%D7%94%D7%95%D7%AA_%D7%91%D7%97%D7%96%D7%99%D7%AA; https://e.democrats.org.il/Democrats_OpenHouses/260416","78","מנהלת מאבק תודעתי מול חרדים, ממשלה ולעיתים גם מול מוסדות משפטיים."
"איילת השחר סיידוף","יכולות","תקשורת, הסברה והשפעה ציבורית","cap_024","יכולת להפוך סיפור אישי או ערכי לכלי גיוס ציבורי","has","https://hagush.org.il/candidates.html; https://www.ynet.co.il/news/article/bkl4uet2bl; https://www.israelhayom.co.il/news/politics/article/14643397; https://he.wikipedia.org/wiki/%D7%90%D7%99%D7%9E%D7%94%D7%95%D7%AA_%D7%91%D7%97%D7%96%D7%99%D7%AA; https://e.democrats.org.il/Democrats_OpenHouses/260416","78","סיפורה כאם למשרתים משמש כלי גיוס ציבורי."
"איילת השחר סיידוף","יכולות","חיבור בין קהלים ועולמות","cap_025","יכולת לחבר בין יהודים לערבים בתוך מסגרת פוליטית או אזרחית משותפת","partial","https://hagush.org.il/candidates.html; https://www.ynet.co.il/news/article/bkl4uet2bl; https://www.israelhayom.co.il/news/politics/article/14643397; https://he.wikipedia.org/wiki/%D7%90%D7%99%D7%9E%D7%94%D7%95%D7%AA_%D7%91%D7%97%D7%96%D7%99%D7%AA; https://e.democrats.org.il/Democrats_OpenHouses/260416","50","נמצאה השתתפות בשיח אזרחות שווה, אך זה לא מוקד יכולת מרכזי."
"איילת השחר סיידוף","יכולות","חיבור בין קהלים ועולמות","cap_026","יכולת לחבר בין שמאל ליברלי לבין פריפריה מזרחית, מסורתית או גיאוגרפית","unknown","לא נמצא מקור מספיק","0","לא נמצא מקור מספיק לחיבור בין שמאל ליברלי לפריפריה מזרחית/מסורתית."
"איילת השחר סיידוף","יכולות","חיבור בין קהלים ועולמות","cap_027","יכולת לחבר בין עולם המחאה לבין עבודה מפלגתית ומוסדית","has","https://hagush.org.il/candidates.html; https://www.ynet.co.il/news/article/bkl4uet2bl; https://www.israelhayom.co.il/news/politics/article/14643397; https://he.wikipedia.org/wiki/%D7%90%D7%99%D7%9E%D7%94%D7%95%D7%AA_%D7%91%D7%97%D7%96%D7%99%D7%AA; https://e.democrats.org.il/Democrats_OpenHouses/260416","74","מחברת בין עולם המחאה לבין התמודדות מפלגתית בדמוקרטים."
"איילת השחר סיידוף","יכולות","חיבור בין קהלים ועולמות","cap_028","יכולת לחבר בין היי־טק, חדשנות ודיגיטל לבין פוליטיקה ציבורית","unknown","לא נמצא מקור מספיק","0","לא נמצא מקור לשימוש בהיי־טק או חדשנות דיגיטלית כפוליטיקה."
"איילת השחר סיידוף","יכולות","חיבור בין קהלים ועולמות","cap_029","יכולת לחבר בין שפה מקצועית־ביטחונית לבין שפה אזרחית וערכית","partial","https://hagush.org.il/candidates.html; https://www.ynet.co.il/news/article/bkl4uet2bl; https://www.israelhayom.co.il/news/politics/article/14643397; https://he.wikipedia.org/wiki/%D7%90%D7%99%D7%9E%D7%94%D7%95%D7%AA_%D7%91%D7%97%D7%96%D7%99%D7%AA; https://e.democrats.org.il/Democrats_OpenHouses/260416","62","מחברת בין צורכי צבא וגיוס לבין שפה אזרחית־ערכית."
"איילת השחר סיידוף","יכולות","חיבור בין קהלים ועולמות","cap_030","אמינות מול קהילות שטח ולא רק מול קהל תקשורתי או אליטיסטי","has","https://hagush.org.il/candidates.html; https://www.ynet.co.il/news/article/bkl4uet2bl; https://www.israelhayom.co.il/news/politics/article/14643397; https://he.wikipedia.org/wiki/%D7%90%D7%99%D7%9E%D7%94%D7%95%D7%AA_%D7%91%D7%97%D7%96%D7%99%D7%AA; https://e.democrats.org.il/Democrats_OpenHouses/260416","78","אמינה מול קהילות הורים למשרתים ומילואימניקים."
"איילת השחר סיידוף","יכולות","חדשנות, למידה ושיתוף ציבור","cap_031","שימוש בטכנולוגיה, מידע או כלים דיגיטליים לשיתוף ציבור וארגון פוליטי","partial","https://hagush.org.il/candidates.html; https://www.ynet.co.il/news/article/bkl4uet2bl; https://www.israelhayom.co.il/news/politics/article/14643397; https://he.wikipedia.org/wiki/%D7%90%D7%99%D7%9E%D7%94%D7%95%D7%AA_%D7%91%D7%97%D7%96%D7%99%D7%AA; https://e.democrats.org.il/Democrats_OpenHouses/260416","58","יש שימוש בכלים תקשורתיים וארגון מחאה, אך לא מקור על מערכת דיגיטלית ייחודית."
"איילת השחר סיידוף","יכולות","חדשנות, למידה ושיתוף ציבור","cap_032","חשיבה מערכתית שמזהה קשרים בין משבר פוליטי, כלכלה, ביטחון וחברה","partial","https://hagush.org.il/candidates.html; https://www.ynet.co.il/news/article/bkl4uet2bl; https://www.israelhayom.co.il/news/politics/article/14643397; https://he.wikipedia.org/wiki/%D7%90%D7%99%D7%9E%D7%94%D7%95%D7%AA_%D7%91%D7%97%D7%96%D7%99%D7%AA; https://e.democrats.org.il/Democrats_OpenHouses/260416","62","מחברת בין ביטחון, שוויון, חוק וחברה בסוגיית הגיוס."
"איילת השחר סיידוף","יכולות","חדשנות, למידה ושיתוף ציבור","cap_033","יזמות בפתרונות לא שגרתיים לבעיות פוליטיות או חברתיות","has","https://hagush.org.il/candidates.html; https://www.ynet.co.il/news/article/bkl4uet2bl; https://www.israelhayom.co.il/news/politics/article/14643397; https://he.wikipedia.org/wiki/%D7%90%D7%99%D7%9E%D7%94%D7%95%D7%AA_%D7%91%D7%97%D7%96%D7%99%D7%AA; https://e.democrats.org.il/Democrats_OpenHouses/260416","70","הקימה תנועה ועתירות סביב מודל אזרחי לא שגרתי של אמהות למשרתים."
"איילת השחר סיידוף","יכולות","חדשנות, למידה ושיתוף ציבור","cap_034","יכולת ללמוד תחומים חדשים ולהפוך אותם לשפה ציבורית ברורה","partial","https://hagush.org.il/candidates.html; https://www.ynet.co.il/news/article/bkl4uet2bl; https://www.israelhayom.co.il/news/politics/article/14643397; https://he.wikipedia.org/wiki/%D7%90%D7%99%D7%9E%D7%94%D7%95%D7%AA_%D7%91%D7%97%D7%96%D7%99%D7%AA; https://e.democrats.org.il/Democrats_OpenHouses/260416","58","הראתה יכולת למידה משפטית־ציבורית, אך אין תיעוד רחב."
"איילת השחר סיידוף","יכולות","חדשנות, למידה ושיתוף ציבור","cap_035","שילוב בין ידע מקצועי, ניסיון אישי וערכים פוליטיים","has","https://hagush.org.il/candidates.html; https://www.ynet.co.il/news/article/bkl4uet2bl; https://www.israelhayom.co.il/news/politics/article/14643397; https://he.wikipedia.org/wiki/%D7%90%D7%99%D7%9E%D7%94%D7%95%D7%AA_%D7%91%D7%97%D7%96%D7%99%D7%AA; https://e.democrats.org.il/Democrats_OpenHouses/260416","74","משלבת ידע משפטי, ניסיון אישי כאם וערך פוליטי של שוויון."
"איילת השחר סיידוף","יכולות","חדשנות, למידה ושיתוף ציבור","cap_036","פתיחות לניסויים ארגוניים ודמוקרטיים חדשים ולא רק לשיטות פוליטיות קיימות","partial","https://hagush.org.il/candidates.html; https://www.ynet.co.il/news/article/bkl4uet2bl; https://www.israelhayom.co.il/news/politics/article/14643397; https://he.wikipedia.org/wiki/%D7%90%D7%99%D7%9E%D7%94%D7%95%D7%AA_%D7%91%D7%97%D7%96%D7%99%D7%AA; https://e.democrats.org.il/Democrats_OpenHouses/260416","56","תנועת המחאה כוללת ניסויים ארגוניים, אך לא מודל דמוקרטי חדש מפורט."
"מאלק בדר","דעות","דמוקרטיה, משילות ותיקון מוסדות המדינה","D-001","נטייה לתיקון חוקתי ומוסדי עמוק, ולא רק להחלפת ממשלה","unknown","לא נמצא מקור מספיק","0","לא נמצא מקור מספיק לעמדה על תיקון חוקתי ומוסדי עמוק."
"מאלק בדר","דעות","דמוקרטיה, משילות ותיקון מוסדות המדינה","D-002","ראיית המשבר הדמוקרטי כתוצאה של שיטה פוליטית פגומה ולא רק של אדם או ממשלה מסוימת","mixed","https://hagush.org.il/candidates.html; https://e.democrats.org.il/Democrats_OpenHouses/249677; https://www.globes.co.il/news/article.aspx?did=1001393906; https://www.instagram.com/reel/DYKBgz1IHA8/; https://www.facebook.com/malik.bader.7/","48","הוא עוסק בשוויון אזרחי וסגירת פערים, אך לא נמצא ניתוח רחב של השיטה הפוליטית."
"מאלק בדר","דעות","דמוקרטיה, משילות ותיקון מוסדות המדינה","D-003","נכונות למאבק ציבורי חריף כאשר מוסדות המדינה נתפסים כמאוימים","mixed","https://hagush.org.il/candidates.html; https://e.democrats.org.il/Democrats_OpenHouses/249677; https://www.globes.co.il/news/article.aspx?did=1001393906; https://www.instagram.com/reel/DYKBgz1IHA8/; https://www.facebook.com/malik.bader.7/","55","השתתפותו במחאה ובדמוקרטים מצביעה על נכונות למאבק ציבורי, אך לא כמאפיין מרכזי מתועד."
"מאלק בדר","דעות","דמוקרטיה, משילות ותיקון מוסדות המדינה","D-004","העדפה לשיקום ממלכתי, זהיר ומוסדי של המדינה לאחר המשבר","supports","https://hagush.org.il/candidates.html; https://e.democrats.org.il/Democrats_OpenHouses/249677; https://www.globes.co.il/news/article.aspx?did=1001393906; https://www.instagram.com/reel/DYKBgz1IHA8/; https://www.facebook.com/malik.bader.7/","60","המסרים שנמצאו מדברים על שיקום המדינה ושותפות אזרחית לאחר המשבר."
"מאלק בדר","דעות","דמוקרטיה, משילות ותיקון מוסדות המדינה","D-005","תמיכה בשיתוף ציבור, דמוקרטיה פנימית ושקיפות בתוך המפלגה ובמערכת הפוליטית","unknown","לא נמצא מקור מספיק","0","לא נמצא מקור מספיק על דמוקרטיה פנימית ושיתוף ציבור."
"מאלק בדר","דעות","דמוקרטיה, משילות ותיקון מוסדות המדינה","D-006","נכונות להגביל כוח שלטוני גם כאשר הכוח נמצא בידי המחנה הקרוב אידיאולוגית","supports","https://hagush.org.il/candidates.html; https://e.democrats.org.il/Democrats_OpenHouses/249677; https://www.globes.co.il/news/article.aspx?did=1001393906; https://www.instagram.com/reel/DYKBgz1IHA8/; https://www.facebook.com/malik.bader.7/","60","הביקורת על חוק הלאום וחוק קמיניץ ועל אפליית הדרוזים תומכת בהגבלת כוח שלטוני הפוגע בשוויון."
"מאלק בדר","דעות","יחס למחנה השני ויכולת גישור","D-007","ראיית מצביעי המחנה השני כיריבים פוליטיים לגיטימיים ולא כאויבים","supports","https://hagush.org.il/candidates.html; https://e.democrats.org.il/Democrats_OpenHouses/249677; https://www.globes.co.il/news/article.aspx?did=1001393906; https://www.instagram.com/reel/DYKBgz1IHA8/; https://www.facebook.com/malik.bader.7/","72","שיח השותפות והתקווה והדגשת יהודים, ערבים ודרוזים יחד מצביעים על לגיטימציה של קהלים שונים."
"מאלק בדר","דעות","יחס למחנה השני ויכולת גישור","D-008","הבחנה בין הנהגת המחנה השני לבין הציבור הרחב שתומך בה","supports","https://hagush.org.il/candidates.html; https://e.democrats.org.il/Democrats_OpenHouses/249677; https://www.globes.co.il/news/article.aspx?did=1001393906; https://www.instagram.com/reel/DYKBgz1IHA8/; https://www.facebook.com/malik.bader.7/","60","הדגש על שותפות אזרחית מאפשר הבחנה בין הנהגה לבין ציבור, אך לא נמצא ניסוח מפורש."
"מאלק בדר","דעות","יחס למחנה השני ויכולת גישור","D-009","אמונה שאפשר לבנות גשר מחודש בין המחנה הדמוקרטי־ליברלי לבין חלקים מהימין המסורתי","supports","https://hagush.org.il/candidates.html; https://e.democrats.org.il/Democrats_OpenHouses/249677; https://www.globes.co.il/news/article.aspx?did=1001393906; https://www.instagram.com/reel/DYKBgz1IHA8/; https://www.facebook.com/malik.bader.7/","64","כדמות דרוזית חילונית מהגליל הוא מציג חיבור בין ליברלים, מיעוטים וקהלים מסורתיים/פריפריאליים."
"מאלק בדר","דעות","יחס למחנה השני ויכולת גישור","D-010","העדפה להכרעה פוליטית ברורה על פני פיוס מוקדם עם המחנה השני","opposes","https://hagush.org.il/candidates.html; https://e.democrats.org.il/Democrats_OpenHouses/249677; https://www.globes.co.il/news/article.aspx?did=1001393906; https://www.instagram.com/reel/DYKBgz1IHA8/; https://www.facebook.com/malik.bader.7/","55","קו השותפות והתקווה פחות תומך בהכרעה כוחנית על פני פיוס מוקדם."
"מאלק בדר","דעות","יחס למחנה השני ויכולת גישור","D-011","נכונות לשיח עם דתיים, מסורתיים, חרדים וימנים גם כאשר קיימת מחלוקת ערכית עמוקה","supports","https://hagush.org.il/candidates.html; https://e.democrats.org.il/Democrats_OpenHouses/249677; https://www.globes.co.il/news/article.aspx?did=1001393906; https://www.instagram.com/reel/DYKBgz1IHA8/; https://www.facebook.com/malik.bader.7/","76","הפרופיל מצביע על יכולת שיח בין יהודים, ערבים, דרוזים, חילונים ודתיים."
"מאלק בדר","דעות","יחס למחנה השני ויכולת גישור","D-012","ראיית חלק מהמחנה השני כשותף עתידי אפשרי לשיקום המדינה לאחר עידן נתניהו","supports","https://hagush.org.il/candidates.html; https://e.democrats.org.il/Democrats_OpenHouses/249677; https://www.globes.co.il/news/article.aspx?did=1001393906; https://www.instagram.com/reel/DYKBgz1IHA8/; https://www.facebook.com/malik.bader.7/","58","כראש רשות לשעבר וכמועמד שותפות, יש בסיס חלקי לראיית קהלים אחרים כשותפים עתידיים."
"מאלק בדר","דעות","שסעים פנימיים בחברה היהודית","D-013","ראיית השסע העדתי והפריפריאלי כמרכיב מרכזי במשבר הפוליטי בישראל","supports","https://hagush.org.il/candidates.html; https://e.democrats.org.il/Democrats_OpenHouses/249677; https://www.globes.co.il/news/article.aspx?did=1001393906; https://www.instagram.com/reel/DYKBgz1IHA8/; https://www.facebook.com/malik.bader.7/","70","העיסוק בפערים ביישובים דרוזיים ובחברה לא־יהודית מצביע על רגישות לשסעים חברתיים־פריפריאליים."
"מאלק בדר","דעות","שסעים פנימיים בחברה היהודית","D-014","נכונות לדבר עם מצביעים מזרחים, מסורתיים ופריפריאליים בשפה שאינה מתנשאת ואינה רק ליברלית־אשכנזית","supports","https://hagush.org.il/candidates.html; https://e.democrats.org.il/Democrats_OpenHouses/249677; https://www.globes.co.il/news/article.aspx?did=1001393906; https://www.instagram.com/reel/DYKBgz1IHA8/; https://www.facebook.com/malik.bader.7/","72","הרקע מחורפיש ומהחברה הדרוזית מחזק יכולת לדבר עם קהלים פריפריאליים ולא־מרכזיים בלי התנשאות."
"מאלק בדר","דעות","שסעים פנימיים בחברה היהודית","D-015","ראיית השסע הדתי־חילוני כאיום מרכזי על הלכידות של החברה היהודית בישראל","mixed","https://hagush.org.il/candidates.html; https://e.democrats.org.il/Democrats_OpenHouses/249677; https://www.globes.co.il/news/article.aspx?did=1001393906; https://www.instagram.com/reel/DYKBgz1IHA8/; https://www.facebook.com/malik.bader.7/","55","הצהרתו כדרוזי חילוני ושיח דת־מדינה נותנים בסיס חלקי, אך אין מצע סדור על השסע הדתי־חילוני היהודי."
"מאלק בדר","דעות","שסעים פנימיים בחברה היהודית","D-016","תמיכה בבניית ברית חדשה בין ליברלים, מסורתיים, דתיים מתונים ופריפריה חברתית","supports","https://hagush.org.il/candidates.html; https://e.democrats.org.il/Democrats_OpenHouses/249677; https://www.globes.co.il/news/article.aspx?did=1001393906; https://www.instagram.com/reel/DYKBgz1IHA8/; https://www.facebook.com/malik.bader.7/","72","פרופיל השותפות שלו מתאים לברית בין ליברלים, מסורתיים, מיעוטים ופריפריה."
"מאלק בדר","דעות","שסעים פנימיים בחברה היהודית","D-017","ביקורת על מחנה המרכז־שמאל כאשר הוא נתפס כמנותק, אליטיסטי או חסר רגישות לפריפריה","mixed","https://hagush.org.il/candidates.html; https://e.democrats.org.il/Democrats_OpenHouses/249677; https://www.globes.co.il/news/article.aspx?did=1001393906; https://www.instagram.com/reel/DYKBgz1IHA8/; https://www.facebook.com/malik.bader.7/","55","הביקורת על יחס המדינה לדרוזים מרמזת על ביקורת מרכז־שמאל/מרכז בכלל, אך לא נמצאה ביקורת ספציפית על המחנה."
"מאלק בדר","דעות","שסעים פנימיים בחברה היהודית","D-018","העדפה לתיקון יחסי מרכז־פריפריה כחלק מבניית מחנה דמוקרטי רחב","supports","https://hagush.org.il/candidates.html; https://e.democrats.org.il/Democrats_OpenHouses/249677; https://www.globes.co.il/news/article.aspx?did=1001393906; https://www.instagram.com/reel/DYKBgz1IHA8/; https://www.facebook.com/malik.bader.7/","78","המאבק לסגירת פערים ביישובים דרוזיים מצביע על תיקון יחסי מרכז־פריפריה."
"מאלק בדר","דעות","מדינה יהודית ודמוקרטית, דת ומדינה","D-019","העדפה לזהות ישראלית שבה הרכיב הדמוקרטי קודם לרכיב הדתי־לאומי כאשר יש התנגשות ביניהם","supports","https://hagush.org.il/candidates.html; https://e.democrats.org.il/Democrats_OpenHouses/249677; https://www.globes.co.il/news/article.aspx?did=1001393906; https://www.instagram.com/reel/DYKBgz1IHA8/; https://www.facebook.com/malik.bader.7/","62","כמועמד דרוזי חילוני במסגרת דמוקרטית, יש בסיס להעדפת אזרחות דמוקרטית כאשר יש התנגשות עם רכיב דתי־לאומי."
"מאלק בדר","דעות","מדינה יהודית ודמוקרטית, דת ומדינה","D-020","העדפה לזהות ישראלית שבה היהדות היא מקור תרבותי וערכי, אך אינה צריכה לשלוט במוסדות המדינה","mixed","https://hagush.org.il/candidates.html; https://e.democrats.org.il/Democrats_OpenHouses/249677; https://www.globes.co.il/news/article.aspx?did=1001393906; https://www.instagram.com/reel/DYKBgz1IHA8/; https://www.facebook.com/malik.bader.7/","50","יש בסיס לשוויון אזרחי לא־יהודי, אך לא נמצא ניסוח מפורש על היהדות כמקור תרבותי שאינו שולט במדינה."
"מאלק בדר","דעות","מדינה יהודית ודמוקרטית, דת ומדינה","D-021","תמיכה בהפרדה ברורה יותר בין סמכות דתית לבין סמכות מדינתית","supports","https://hagush.org.il/candidates.html; https://e.democrats.org.il/Democrats_OpenHouses/249677; https://www.globes.co.il/news/article.aspx?did=1001393906; https://www.instagram.com/reel/DYKBgz1IHA8/; https://www.facebook.com/malik.bader.7/","65","הדגשת חילוניות ושוויון אזרחי תומכת בהפרדה בין סמכות דתית ומדינתית, אך המקור עקיף."
"מאלק בדר","דעות","מדינה יהודית ודמוקרטית, דת ומדינה","D-022","נכונות לשמר מרכיבים יהודיים־מסורתיים במרחב הציבורי כדי לאפשר שותפות עם ציבור מסורתי ודתי","unknown","לא נמצא מקור מספיק","0","לא נמצא מקור מספיק על שימור מרכיבים יהודיים־מסורתיים במרחב הציבורי."
"מאלק בדר","דעות","מדינה יהודית ודמוקרטית, דת ומדינה","D-023","התנגדות לכפייה דתית בנושאי נישואין, שבת, חינוך, מעמד אישי או שירות ציבורי","supports","https://hagush.org.il/candidates.html; https://e.democrats.org.il/Democrats_OpenHouses/249677; https://www.globes.co.il/news/article.aspx?did=1001393906; https://www.instagram.com/reel/DYKBgz1IHA8/; https://www.facebook.com/malik.bader.7/","60","הזהות החילונית והעמדה השוויונית נותנות בסיס חלקי להתנגדות לכפייה דתית."
"מאלק בדר","דעות","מדינה יהודית ודמוקרטית, דת ומדינה","D-024","תמיכה בשוויון חובות אזרחיות בין קבוצות, כולל שאלת גיוס חרדים או שירות אזרחי","supports","https://hagush.org.il/candidates.html; https://e.democrats.org.il/Democrats_OpenHouses/249677; https://www.globes.co.il/news/article.aspx?did=1001393906; https://www.instagram.com/reel/DYKBgz1IHA8/; https://www.facebook.com/malik.bader.7/","68","כדמות דרוזית המדגישה שוויון אזרחי וחובות, יש בסיס לתמיכה בשוויון חובות אזרחיות."
"מאלק בדר","דעות","הפרדה, גישור או שתי מדינות לעם היהודי","D-025","אמונה שהפער בין ישראל ליברלית לבין ישראל שמרנית־דתית עדיין ניתן לגישור פוליטי וחברתי","supports","https://hagush.org.il/candidates.html; https://e.democrats.org.il/Democrats_OpenHouses/249677; https://www.globes.co.il/news/article.aspx?did=1001393906; https://www.instagram.com/reel/DYKBgz1IHA8/; https://www.facebook.com/malik.bader.7/","62","שיח השותפות והתקווה מצביע על אמונה בגישור בין חלקי החברה."
"מאלק בדר","דעות","הפרדה, גישור או שתי מדינות לעם היהודי","D-026","ראיית הפער בין המחנות כעמוק עד כדי צורך בהסדרים של אוטונומיה, ביזור או הפרדה חלקית","unknown","לא נמצא מקור מספיק","0","לא נמצא מקור לתמיכה באוטונומיה או הפרדה פנימית בין מחנות."
"מאלק בדר","דעות","הפרדה, גישור או שתי מדינות לעם היהודי","D-027","תמיכה בביזור סמכויות לשלטון מקומי כדי לאפשר לקהילות שונות לחיות לפי אורחות חיים שונים","supports","https://hagush.org.il/candidates.html; https://e.democrats.org.il/Democrats_OpenHouses/249677; https://www.globes.co.il/news/article.aspx?did=1001393906; https://www.instagram.com/reel/DYKBgz1IHA8/; https://www.facebook.com/malik.bader.7/","80","ניסיונו כראש רשות ויו״ר פורום רשויות דרוזיות תומך בביזור ובחיזוק שלטון מקומי."
"מאלק בדר","דעות","הפרדה, גישור או שתי מדינות לעם היהודי","D-028","התנגדות לרעיון של שתי מדינות לעם היהודי והעדפה למאבק על מסגרת מדינתית אחת משותפת","supports","https://hagush.org.il/candidates.html; https://e.democrats.org.il/Democrats_OpenHouses/249677; https://www.globes.co.il/news/article.aspx?did=1001393906; https://www.instagram.com/reel/DYKBgz1IHA8/; https://www.facebook.com/malik.bader.7/","55","מסריו מדגישים מסגרת אזרחית משותפת אחת ליהודים, ערבים ודרוזים; לא נמצא תמיכה בהפרדה פנימית."
"מאלק בדר","דעות","הפרדה, גישור או שתי מדינות לעם היהודי","D-029","פתיחות לרעיון של הסדרים פנימיים חדשים בין חילונים, דתיים, חרדים, מסורתיים וליברלים","supports","https://hagush.org.il/candidates.html; https://e.democrats.org.il/Democrats_OpenHouses/249677; https://www.globes.co.il/news/article.aspx?did=1001393906; https://www.instagram.com/reel/DYKBgz1IHA8/; https://www.facebook.com/malik.bader.7/","68","הצורך בהסדרים חדשים בין קבוצות זהות שונות משתלב עם פעילותו סביב מיעוטים ודת־מדינה."
"מאלק בדר","דעות","הפרדה, גישור או שתי מדינות לעם היהודי","D-030","ראיית המשבר הישראלי לא רק כמאבק ימין־שמאל אלא כמאבק בין מודלים שונים של חיים משותפים","supports","https://hagush.org.il/candidates.html; https://e.democrats.org.il/Democrats_OpenHouses/249677; https://www.globes.co.il/news/article.aspx?did=1001393906; https://www.instagram.com/reel/DYKBgz1IHA8/; https://www.facebook.com/malik.bader.7/","66","הוא מציב את המשבר כעניין של חיים משותפים, שוויון ושותפות ולא רק שמאל־ימין."
"מאלק בדר","דעות","יהודים־ערבים, שוויון אזרחי וחיים משותפים","D-031","ראיית אזרחי ישראל הערבים כחלק מלא מהדיון על עתיד המדינה ולא כעניין נפרד או משני","supports","https://hagush.org.il/candidates.html; https://e.democrats.org.il/Democrats_OpenHouses/249677; https://www.globes.co.il/news/article.aspx?did=1001393906; https://www.instagram.com/reel/DYKBgz1IHA8/; https://www.facebook.com/malik.bader.7/","90","כמועמד דרוזי וכראש רשות לשעבר, הוא מייצג שילוב אזרחים לא־יהודים בדיון על עתיד המדינה."
"מאלק בדר","דעות","יהודים־ערבים, שוויון אזרחי וחיים משותפים","D-032","תמיכה בשוויון אזרחי גם כאשר הוא מחייב שינוי בחוקים, סמלים או חלוקת משאבים","supports","https://hagush.org.il/candidates.html; https://e.democrats.org.il/Democrats_OpenHouses/249677; https://www.globes.co.il/news/article.aspx?did=1001393906; https://www.instagram.com/reel/DYKBgz1IHA8/; https://www.facebook.com/malik.bader.7/","86","ביקורתו על חוק הלאום וקמיניץ והדגש על סגירת פערים תומכים בשוויון אזרחי מהותי."
"מאלק בדר","דעות","יהודים־ערבים, שוויון אזרחי וחיים משותפים","D-033","תמיכה בשותפות פוליטית יהודית־ערבית כחלק מבניית מחנה דמוקרטי רחב","supports","https://hagush.org.il/candidates.html; https://e.democrats.org.il/Democrats_OpenHouses/249677; https://www.globes.co.il/news/article.aspx?did=1001393906; https://www.instagram.com/reel/DYKBgz1IHA8/; https://www.facebook.com/malik.bader.7/","78","מסרי יהודים־ערבים־דרוזים יחד ותפקידו בדמוקרטים מצביעים על תמיכה בשותפות פוליטית אזרחית."
"מאלק בדר","דעות","יהודים־ערבים, שוויון אזרחי וחיים משותפים","D-034","העדפה לשילוב אזרחים ערבים במוקדי קבלת החלטות, כולל בתחומים מדיניים וביטחוניים","supports","https://hagush.org.il/candidates.html; https://e.democrats.org.il/Democrats_OpenHouses/249677; https://www.globes.co.il/news/article.aspx?did=1001393906; https://www.instagram.com/reel/DYKBgz1IHA8/; https://www.facebook.com/malik.bader.7/","76","ניסיונו כראש מועצה וכיו״ר פורום רשויות דרוזיות תומך בשילוב מיעוטים במוקדי החלטה."
"מאלק בדר","דעות","יהודים־ערבים, שוויון אזרחי וחיים משותפים","D-035","התנגדות לגזענות, הדרה או דה־לגיטימציה של הציבור הערבי בישראל","supports","https://hagush.org.il/candidates.html; https://e.democrats.org.il/Democrats_OpenHouses/249677; https://www.globes.co.il/news/article.aspx?did=1001393906; https://www.instagram.com/reel/DYKBgz1IHA8/; https://www.facebook.com/malik.bader.7/","85","העמדות על אפליית הדרוזים ושוויון אזרחי מצביעות על התנגדות לגזענות והדרה."
"מאלק בדר","דעות","יהודים־ערבים, שוויון אזרחי וחיים משותפים","D-036","הכרה בכך שחיים משותפים מחייבים גם התמודדות עם פחדים, טראומות וחוסר אמון בשני הצדדים","supports","https://hagush.org.il/candidates.html; https://e.democrats.org.il/Democrats_OpenHouses/249677; https://www.globes.co.il/news/article.aspx?did=1001393906; https://www.instagram.com/reel/DYKBgz1IHA8/; https://www.facebook.com/malik.bader.7/","62","שיח שותפות בין יהודים, ערבים ודרוזים מחייב התמודדות עם חוסר אמון, אך המקור אינו מפורט."
"מאלק בדר","דעות","ביטחון, פלסטינים והסדר מדיני","D-037","תמיכה בנתיב מדיני ארוך טווח מול הפלסטינים, גם לאחר שבעה באוקטובר","unknown","לא נמצא מקור מספיק","0","לא נמצא מקור מספיק לעמדה מדינית מול הפלסטינים לאחר שבעה באוקטובר."
"מאלק בדר","דעות","ביטחון, פלסטינים והסדר מדיני","D-038","העדפה להיפרדות מדינית וביטחונית מהפלסטינים כדי לשמור על ישראל יהודית ודמוקרטית","unknown","לא נמצא מקור מספיק","0","לא נמצא מקור מספיק על היפרדות מדינית־ביטחונית מהפלסטינים."
"מאלק בדר","דעות","ביטחון, פלסטינים והסדר מדיני","D-039","תמיכה בפתרון שתי מדינות או במודל קרוב לו כיעד אסטרטגי","unknown","לא נמצא מקור מספיק","0","לא נמצא מקור מספיק לתמיכה בפתרון שתי מדינות."
"מאלק בדר","דעות","ביטחון, פלסטינים והסדר מדיני","D-040","פתיחות למודלים מדיניים מורכבים כגון קונפדרציה, גבולות פתוחים או הסדר אזורי","unknown","לא נמצא מקור מספיק","0","לא נמצא מקור מספיק למודלים מדיניים מורכבים."
"מאלק בדר","דעות","ביטחון, פלסטינים והסדר מדיני","D-041","התנגדות להמשך שליטה ישראלית קבועה על אוכלוסייה פלסטינית ללא זכויות אזר מלאות","unknown","לא נמצא מקור מספיק","0","לא נמצא מקור מספיק על שליטה ישראלית קבועה באוכלוסייה פלסטינית."
"מאלק בדר","דעות","ביטחון, פלסטינים והסדר מדיני","D-042","ראיית הסדר אזורי עם מדינות ערביות מתונות כחלק מרכזי מהעתיד הביטחוני של ישראל","mixed","https://hagush.org.il/candidates.html; https://e.democrats.org.il/Democrats_OpenHouses/249677; https://www.globes.co.il/news/article.aspx?did=1001393906; https://www.instagram.com/reel/DYKBgz1IHA8/; https://www.facebook.com/malik.bader.7/","45","כדמות דרוזית צפונית ייתכן עניין אזורי, אך לא נמצא בסיס מספיק למדיניות אזורית סדורה."
"מאלק בדר","דעות","שבעה באוקטובר, אחריות, חטופים וזיכרון לאומי","D-043","ראיית שבעה באוקטובר כאירוע שמחייב חשבון נפש מדינתי, מוסדי וחברתי עמוק","mixed","https://hagush.org.il/candidates.html; https://e.democrats.org.il/Democrats_OpenHouses/249677; https://www.globes.co.il/news/article.aspx?did=1001393906; https://www.instagram.com/reel/DYKBgz1IHA8/; https://www.facebook.com/malik.bader.7/","52","נמצא שיח מחאה על מחדל 7.10, אך לא עמדת עומק מלאה על חשבון נפש מוסדי־חברתי."
"מאלק בדר","דעות","שבעה באוקטובר, אחריות, חטופים וזיכרון לאומי","D-044","תמיכה בוועדת חקירה ממלכתית ובאחריות אישית של הדרג המדיני והביטחוני","unknown","לא נמצא מקור מספיק","0","לא נמצא מקור מספיק לתמיכה בוועדת חקירה ממלכתית."
"מאלק בדר","דעות","שבעה באוקטובר, אחריות, חטופים וזיכרון לאומי","D-045","ראיית החטופים והמשפחות כסמל מוסרי מרכזי של אחריות המדינה לאזרחיה","unknown","לא נמצא מקור מספיק","0","לא נמצא מקור מספיק על החטופים ומשפחותיהם כסמל מוסרי מרכזי."
"מאלק בדר","דעות","שבעה באוקטובר, אחריות, חטופים וזיכרון לאומי","D-046","התנגדות לשימוש פוליטי ציני בכאב של משפחות, נפגעים או קהילות שנפגעו במלחמה","unknown","לא נמצא מקור מספיק","0","לא נמצא מקור מספיק על שימוש פוליטי ציני בכאב משפחות."
"מאלק בדר","דעות","שבעה באוקטובר, אחריות, חטופים וזיכרון לאומי","D-047","תמיכה בשיקום העוטף והקהילות שנפגעו כחלק מהחוזה הבסיסי בין המדינה לאזרחיה","unknown","לא נמצא מקור מספיק","0","לא נמצא מקור מספיק על שיקום העוטף."
"מאלק בדר","דעות","שבעה באוקטובר, אחריות, חטופים וזיכרון לאומי","D-048","ראיית הטראומה של שבעה באוקטובר כבסיס לבניית מדיניות חדשה, לא רק כהצדקה להמשך מלחמה","unknown","לא נמצא מקור מספיק","0","לא נמצא מקור מספיק על טראומת 7.10 כבסיס למדיניות חדשה."
"מאלק בדר","דעות","חברה, כלכלה, רווחה ופריפריה","D-049","הצבת צמצום אי־שוויון חברתי־כלכלי כנושא מרכזי בזהות הפוליטית","supports","https://hagush.org.il/candidates.html; https://e.democrats.org.il/Democrats_OpenHouses/249677; https://www.globes.co.il/news/article.aspx?did=1001393906; https://www.instagram.com/reel/DYKBgz1IHA8/; https://www.facebook.com/malik.bader.7/","70","כתיבתו על סגירת פערים והעצמת יישובים דרוזיים מצביעה על חשיבות אי־שוויון חברתי־כלכלי."
"מאלק בדר","דעות","חברה, כלכלה, רווחה ופריפריה","D-050","תמיכה בהרחבת אחריות המדינה בתחומי דיור, חינוך, בריאות ורווחה","supports","https://hagush.org.il/candidates.html; https://e.democrats.org.il/Democrats_OpenHouses/249677; https://www.globes.co.il/news/article.aspx?did=1001393906; https://www.instagram.com/reel/DYKBgz1IHA8/; https://www.facebook.com/malik.bader.7/","62","רקע של ראש רשות והדגשת השקעות ביישובים מחזקים אחריות מדינה לשירותים ותשתיות."
"מאלק בדר","דעות","חברה, כלכלה, רווחה ופריפריה","D-051","תמיכה בזכויות עובדים, עבודה מאורגנת והגנה על שכבות מוחלשות","unknown","לא נמצא מקור מספיק","0","לא נמצא מקור מספיק על זכויות עובדים ועבודה מאורגנת."
"מאלק בדר","דעות","חברה, כלכלה, רווחה ופריפריה","D-052","ראיית הפריפריה הגיאוגרפית והחברתית כשותפה אסטרטגית ולא כקהל יעד משני","supports","https://hagush.org.il/candidates.html; https://e.democrats.org.il/Democrats_OpenHouses/249677; https://www.globes.co.il/news/article.aspx?did=1001393906; https://www.instagram.com/reel/DYKBgz1IHA8/; https://www.facebook.com/malik.bader.7/","86","עיקר הפרופיל הציבורי שלו עוסק ביישובים דרוזיים ובפריפריה הצפונית כשותפים מרכזיים."
"מאלק בדר","דעות","חברה, כלכלה, רווחה ופריפריה","D-053","תמיכה בהשקעה ארוכת טווח בנגב, בגליל, בעוטף ובערים מוחלשות","supports","https://hagush.org.il/candidates.html; https://e.democrats.org.il/Democrats_OpenHouses/249677; https://www.globes.co.il/news/article.aspx?did=1001393906; https://www.instagram.com/reel/DYKBgz1IHA8/; https://www.facebook.com/malik.bader.7/","82","המאמר בגלובס עוסק בתוכנית העצמה ליישובים דרוזיים ובסגירת פערים בצפון."
"מאלק בדר","דעות","חברה, כלכלה, רווחה ופריפריה","D-054","חיבור בין צדק חברתי לבין בניית מחנה פוליטי חדש ורחב יותר","supports","https://hagush.org.il/candidates.html; https://e.democrats.org.il/Democrats_OpenHouses/249677; https://www.globes.co.il/news/article.aspx?did=1001393906; https://www.instagram.com/reel/DYKBgz1IHA8/; https://www.facebook.com/malik.bader.7/","74","החיבור בין שוויון אזרחי, מיעוטים ופריפריה מצביע על צדק חברתי כמנוע להרחבת המחנה."
"מאלק בדר","דעות","סגנון פשרה, גבולות ויכולת הסכמה","D-055","נכונות לפשרות פוליטיות רחבות כדי לשקם את המדינה גם במחיר ויתור אידיאולוגי חלקי","supports","https://hagush.org.il/candidates.html; https://e.democrats.org.il/Democrats_OpenHouses/249677; https://www.globes.co.il/news/article.aspx?did=1001393906; https://www.instagram.com/reel/DYKBgz1IHA8/; https://www.facebook.com/malik.bader.7/","58","שיח השותפות והניסיון המוניציפלי מצביעים על נטייה לפשרות ושיתופי פעולה."
"מאלק בדר","דעות","סגנון פשרה, גבולות ויכולת הסכמה","D-056","הצבת קווים אדומים ברורים שמעליהם אין מקום לפשרה עם יריבים פוליטיים","mixed","https://hagush.org.il/candidates.html; https://e.democrats.org.il/Democrats_OpenHouses/249677; https://www.globes.co.il/news/article.aspx?did=1001393906; https://www.instagram.com/reel/DYKBgz1IHA8/; https://www.facebook.com/malik.bader.7/","45","יש קו שוויוני ברור, אך לא נמצא ניסוח של קווים אדומים פוליטיים."
"מאלק בדר","דעות","סגנון פשרה, גבולות ויכולת הסכמה","D-057","העדפה להסכמות רחבות ולאיטיות על פני מהלכים חדים ומהירים","supports","https://hagush.org.il/candidates.html; https://e.democrats.org.il/Democrats_OpenHouses/249677; https://www.globes.co.il/news/article.aspx?did=1001393906; https://www.instagram.com/reel/DYKBgz1IHA8/; https://www.facebook.com/malik.bader.7/","55","רקע מוניציפלי ושיח שותפות נוטים להסכמות רחבות, אך המקור חלקי."
"מאלק בדר","דעות","סגנון פשרה, גבולות ויכולת הסכמה","D-058","העדפה למאבק חד וברור כאשר פשרה נתפסת ככניעה לכוחות אנטי־דמוקרטיים","unknown","לא נמצא מקור מספיק","0","לא נמצא מקור מספיק להעדפת מאבק חד כאשר פשרה נתפסת ככניעה."
"מאלק בדר","דעות","סגנון פשרה, גבולות ויכולת הסכמה","D-059","יכולת להבחין בין פשרה עניינית לבין טשטוש ערכי מסוכן","mixed","https://hagush.org.il/candidates.html; https://e.democrats.org.il/Democrats_OpenHouses/249677; https://www.globes.co.il/news/article.aspx?did=1001393906; https://www.instagram.com/reel/DYKBgz1IHA8/; https://www.facebook.com/malik.bader.7/","50","העמדה השוויונית ברורה, אך לא נמצא דיון מפורט על הבחנה בין פשרה וטשטוש ערכי."
"מאלק בדר","דעות","סגנון פשרה, גבולות ויכולת הסכמה","D-060","נכונות לבנות קואליציות עתידיות עם גורמים שאינם שייכים למחנה הטבעי, אם הם מקבלים כללי משחק דמוקרטיים","supports","https://hagush.org.il/candidates.html; https://e.democrats.org.il/Democrats_OpenHouses/249677; https://www.globes.co.il/news/article.aspx?did=1001393906; https://www.instagram.com/reel/DYKBgz1IHA8/; https://www.facebook.com/malik.bader.7/","70","ניסיונו כראש רשות וכדמות שותפות אזרחית תומך בבניית קואליציות עם קבוצות מחוץ למחנה הטבעי."
"מאלק בדר","יכולות","מומחיות מדינית, ביטחונית וממשלית","cap_001","ניסיון ישיר במערכות מדינה בכירות או במוקדי קבלת החלטות","has","https://hagush.org.il/candidates.html; https://e.democrats.org.il/Democrats_OpenHouses/249677; https://www.globes.co.il/news/article.aspx?did=1001393906; https://www.instagram.com/reel/DYKBgz1IHA8/; https://www.facebook.com/malik.bader.7/","84","כיהן כראש מועצת חורפיש וכיו״ר פורום הרשויות הדרוזיות."
"מאלק בדר","יכולות","מומחיות מדינית, ביטחונית וממשלית","cap_002","הבנה מוכחת של סוגיות מדיניות, ביטחוניות ואזוריות מורכבות","partial","https://hagush.org.il/candidates.html; https://e.democrats.org.il/Democrats_OpenHouses/249677; https://www.globes.co.il/news/article.aspx?did=1001393906; https://www.instagram.com/reel/DYKBgz1IHA8/; https://www.facebook.com/malik.bader.7/","62","מכיר סוגיות מיעוטים, חברה דרוזית וצפון; פחות נמצאה מומחיות ביטחונית־מדינית מלאה."
"מאלק בדר","יכולות","מומחיות מדינית, ביטחונית וממשלית","cap_003","ניסיון במשא ומתן, דיאלוג אסטרטגי או קשרים בינלאומיים","has","https://hagush.org.il/candidates.html; https://e.democrats.org.il/Democrats_OpenHouses/249677; https://www.globes.co.il/news/article.aspx?did=1001393906; https://www.instagram.com/reel/DYKBgz1IHA8/; https://www.facebook.com/malik.bader.7/","70","ניסיון כראש רשות וכיו״ר פורום רשויות מחייב משא ומתן מול ממשלה ורשויות."
"מאלק בדר","יכולות","מומחיות מדינית, ביטחונית וממשלית","cap_004","ניסיון צבאי, מודיעיני או ביטחוני בעל רלוונטיות לעבודה ציבורית","unknown","לא נמצא מקור מספיק","0","לא נמצא מקור לניסיון צבאי, מודיעיני או ביטחוני אישי."
"מאלק בדר","יכולות","מומחיות מדינית, ביטחונית וממשלית","cap_005","יכולת לגבש תפיסה מדינית־ביטחונית סדורה ולא רק עמדה ערכית כללית","partial","https://hagush.org.il/candidates.html; https://e.democrats.org.il/Democrats_OpenHouses/249677; https://www.globes.co.il/news/article.aspx?did=1001393906; https://www.instagram.com/reel/DYKBgz1IHA8/; https://www.facebook.com/malik.bader.7/","58","קיימת תפיסה אזרחית־חברתית, אך לא תפיסה מדינית־ביטחונית סדורה."
"מאלק בדר","יכולות","מומחיות מדינית, ביטחונית וממשלית","cap_006","יכולת לחבר בין יעדים ביטחוניים לבין יעדים מדיניים ארוכי טווח","partial","https://hagush.org.il/candidates.html; https://e.democrats.org.il/Democrats_OpenHouses/249677; https://www.globes.co.il/news/article.aspx?did=1001393906; https://www.instagram.com/reel/DYKBgz1IHA8/; https://www.facebook.com/malik.bader.7/","50","יש חיבור בין ביטחון אזרחי ומיעוטים, אך לא יעדים מדיניים ארוכי טווח."
"מאלק בדר","יכולות","ארגון, ניהול וביצוע","cap_007","ניסיון בהקמה וניהול של ארגונים, חברות, תנועות או מטות פעולה","has","https://hagush.org.il/candidates.html; https://e.democrats.org.il/Democrats_OpenHouses/249677; https://www.globes.co.il/news/article.aspx?did=1001393906; https://www.instagram.com/reel/DYKBgz1IHA8/; https://www.facebook.com/malik.bader.7/","82","ניסיון ניהול מועצה ופורום רשויות."
"מאלק בדר","יכולות","ארגון, ניהול וביצוע","cap_008","יכולת להוביל צוותים, תקציבים, קהילות או מערכות מורכבות","has","https://hagush.org.il/candidates.html; https://e.democrats.org.il/Democrats_OpenHouses/249677; https://www.globes.co.il/news/article.aspx?did=1001393906; https://www.instagram.com/reel/DYKBgz1IHA8/; https://www.facebook.com/malik.bader.7/","84","ניהל רשות מקומית וייצג קבוצה של רשויות דרוזיות."
"מאלק בדר","יכולות","ארגון, ניהול וביצוע","cap_009","הובלת מאבקים ציבוריים שהניבו תוצאות ממשיות","partial","https://hagush.org.il/candidates.html; https://e.democrats.org.il/Democrats_OpenHouses/249677; https://www.globes.co.il/news/article.aspx?did=1001393906; https://www.instagram.com/reel/DYKBgz1IHA8/; https://www.facebook.com/malik.bader.7/","64","פעל ציבורית לסגירת פערים ולביטול חקיקה פוגעת, אך לא כל התוצאות מתועדות."
"מאלק בדר","יכולות","ארגון, ניהול וביצוע","cap_010","יכולת להפוך רעיון כללי לתשתית פעולה מתמשכת","has","https://hagush.org.il/candidates.html; https://e.democrats.org.il/Democrats_OpenHouses/249677; https://www.globes.co.il/news/article.aspx?did=1001393906; https://www.instagram.com/reel/DYKBgz1IHA8/; https://www.facebook.com/malik.bader.7/","70","רקעו המוניציפלי מצביע על הוצאה לפועל של תכניות וייצוג מוסדי."
"מאלק בדר","יכולות","ארגון, ניהול וביצוע","cap_011","ניסיון בניהול משברים ציבוריים, פוליטיים או ארגוניים","partial","https://hagush.org.il/candidates.html; https://e.democrats.org.il/Democrats_OpenHouses/249677; https://www.globes.co.il/news/article.aspx?did=1001393906; https://www.instagram.com/reel/DYKBgz1IHA8/; https://www.facebook.com/malik.bader.7/","60","ניהול רשות מקומית מעניק ניסיון משברי מסוים, אך אין תיעוד ספציפי."
"מאלק בדר","יכולות","ארגון, ניהול וביצוע","cap_012","מוכנות לקחת אחריות אישית גבוהה על מהלך ציבורי או ארגוני","has","https://hagush.org.il/candidates.html; https://e.democrats.org.il/Democrats_OpenHouses/249677; https://www.globes.co.il/news/article.aspx?did=1001393906; https://www.instagram.com/reel/DYKBgz1IHA8/; https://www.facebook.com/malik.bader.7/","72","כראש רשות וכמועמד הוא נושא אחריות ציבורית ישירה."
"מאלק בדר","יכולות","חקיקה, פוליטיקה ומוסדות","cap_013","ניסיון בעבודה פרלמנטרית, ועדות כנסת, חקיקה או הצעות חוק","partial","https://hagush.org.il/candidates.html; https://e.democrats.org.il/Democrats_OpenHouses/249677; https://www.globes.co.il/news/article.aspx?did=1001393906; https://www.instagram.com/reel/DYKBgz1IHA8/; https://www.facebook.com/malik.bader.7/","56","אין ניסיון כנסת, אך יש ניסיון מול ממשלה וחקיקה המשפיעה על יישובים דרוזיים."
"מאלק בדר","יכולות","חקיקה, פוליטיקה ומוסדות","cap_014","היכרות מעשית עם מנגנוני מפלגות, פריימריז, רשימות וקואליציות","partial","https://hagush.org.il/candidates.html; https://e.democrats.org.il/Democrats_OpenHouses/249677; https://www.globes.co.il/news/article.aspx?did=1001393906; https://www.instagram.com/reel/DYKBgz1IHA8/; https://www.facebook.com/malik.bader.7/","55","יש פעילות בדמוקרטים וקמפיין, אך לא ניסיון מפלגתי ארוך."
"מאלק בדר","יכולות","חקיקה, פוליטיקה ומוסדות","cap_015","יכולת לפעול בתוך מוסדות קיימים ולא רק מחוץ להם","has","https://hagush.org.il/candidates.html; https://e.democrats.org.il/Democrats_OpenHouses/249677; https://www.globes.co.il/news/article.aspx?did=1001393906; https://www.instagram.com/reel/DYKBgz1IHA8/; https://www.facebook.com/malik.bader.7/","76","כראש רשות עבד בתוך מוסדות שלטון קיימים."
"מאלק בדר","יכולות","חקיקה, פוליטיקה ומוסדות","cap_016","ניסיון בבניית תנועה פוליטית, מפלגה או אלטרנטיבה שלטונית","partial","https://hagush.org.il/candidates.html; https://e.democrats.org.il/Democrats_OpenHouses/249677; https://www.globes.co.il/news/article.aspx?did=1001393906; https://www.instagram.com/reel/DYKBgz1IHA8/; https://www.facebook.com/malik.bader.7/","50","לא בנה מפלגה, אך פועל במפלגה ובמסגרות ציבוריות."
"מאלק בדר","יכולות","חקיקה, פוליטיקה ומוסדות","cap_017","יכולת לייצר שיתופי פעולה בין זרמים, מפלגות או קבוצות אינטרס","has","https://hagush.org.il/candidates.html; https://e.democrats.org.il/Democrats_OpenHouses/249677; https://www.globes.co.il/news/article.aspx?did=1001393906; https://www.instagram.com/reel/DYKBgz1IHA8/; https://www.facebook.com/malik.bader.7/","74","ניסיון פורום רשויות ושיח שותפות מצביע על שיתופי פעולה בין קבוצות."
"מאלק בדר","יכולות","חקיקה, פוליטיקה ומוסדות","cap_018","יכולת לתרגם עמדות אידיאולוגיות לפעולות מוסדיות או חקיקתיות","partial","https://hagush.org.il/candidates.html; https://e.democrats.org.il/Democrats_OpenHouses/249677; https://www.globes.co.il/news/article.aspx?did=1001393906; https://www.instagram.com/reel/DYKBgz1IHA8/; https://www.facebook.com/malik.bader.7/","60","מתרגם עמדות שוויון לדרישות מול מדינה ורשויות, אך לא כחקיקה פרלמנטרית."
"מאלק בדר","יכולות","תקשורת, הסברה והשפעה ציבורית","cap_019","יכולת ליצור מסרים חדים, ברורים וזכירים","partial","https://hagush.org.il/candidates.html; https://e.democrats.org.il/Democrats_OpenHouses/249677; https://www.globes.co.il/news/article.aspx?did=1001393906; https://www.instagram.com/reel/DYKBgz1IHA8/; https://www.facebook.com/malik.bader.7/","60","יש מסרים ברורים על שוויון ודרוזים, אך לא נראות תקשורתית רחבה כמו מועמדים אחרים."
"מאלק בדר","יכולות","תקשורת, הסברה והשפעה ציבורית","cap_020","יכולת לייצר תוכן דיגיטלי, ויראלי או תקשורתי שמגיע לקהלים רחבים","partial","https://hagush.org.il/candidates.html; https://e.democrats.org.il/Democrats_OpenHouses/249677; https://www.globes.co.il/news/article.aspx?did=1001393906; https://www.instagram.com/reel/DYKBgz1IHA8/; https://www.facebook.com/malik.bader.7/","55","קיימת נוכחות ברשתות וסרטונים, אך לא הוכחה יכולת ויראלית משמעותית."
"מאלק בדר","יכולות","תקשורת, הסברה והשפעה ציבורית","cap_021","ניסיון בהופעה ציבורית, ראיונות, פודקאסטים, קולנוע, כתיבה או הרצאות","partial","https://hagush.org.il/candidates.html; https://e.democrats.org.il/Democrats_OpenHouses/249677; https://www.globes.co.il/news/article.aspx?did=1001393906; https://www.instagram.com/reel/DYKBgz1IHA8/; https://www.facebook.com/malik.bader.7/","62","מופיע בחוגי בית ובראיונות/סרטונים ציבוריים."
"מאלק בדר","יכולות","תקשורת, הסברה והשפעה ציבורית","cap_022","יכולת להסביר נושאים מורכבים בשפה נגישה ולא טכנוקרטית","partial","https://hagush.org.il/candidates.html; https://e.democrats.org.il/Democrats_OpenHouses/249677; https://www.globes.co.il/news/article.aspx?did=1001393906; https://www.instagram.com/reel/DYKBgz1IHA8/; https://www.facebook.com/malik.bader.7/","62","מסביר סוגיות דרוזיות ושוויון בשפה נגישה."
"מאלק בדר","יכולות","תקשורת, הסברה והשפעה ציבורית","cap_023","יכולת לנהל מאבק תודעתי מול יריבים פוליטיים או תקשורתיים","partial","https://hagush.org.il/candidates.html; https://e.democrats.org.il/Democrats_OpenHouses/249677; https://www.globes.co.il/news/article.aspx?did=1001393906; https://www.instagram.com/reel/DYKBgz1IHA8/; https://www.facebook.com/malik.bader.7/","55","יש מאבק תודעתי על שוויון מיעוטים, אך לא קמפיין רחב מוכח."
"מאלק בדר","יכולות","תקשורת, הסברה והשפעה ציבורית","cap_024","יכולת להפוך סיפור אישי או ערכי לכלי גיוס ציבורי","partial","https://hagush.org.il/candidates.html; https://e.democrats.org.il/Democrats_OpenHouses/249677; https://www.globes.co.il/news/article.aspx?did=1001393906; https://www.instagram.com/reel/DYKBgz1IHA8/; https://www.facebook.com/malik.bader.7/","62","הסיפור כדרוזי חילוני מהגליל וראש רשות לשעבר משמש כלי ציבורי."
"מאלק בדר","יכולות","חיבור בין קהלים ועולמות","cap_025","יכולת לחבר בין יהודים לערבים בתוך מסגרת פוליטית או אזרחית משותפת","has","https://hagush.org.il/candidates.html; https://e.democrats.org.il/Democrats_OpenHouses/249677; https://www.globes.co.il/news/article.aspx?did=1001393906; https://www.instagram.com/reel/DYKBgz1IHA8/; https://www.facebook.com/malik.bader.7/","84","זהו אחד מתחומי החוזק שלו: חיבור יהודים, ערבים ודרוזים במסגרת אזרחית."
"מאלק בדר","יכולות","חיבור בין קהלים ועולמות","cap_026","יכולת לחבר בין שמאל ליברלי לבין פריפריה מזרחית, מסורתית או גיאוגרפית","has","https://hagush.org.il/candidates.html; https://e.democrats.org.il/Democrats_OpenHouses/249677; https://www.globes.co.il/news/article.aspx?did=1001393906; https://www.instagram.com/reel/DYKBgz1IHA8/; https://www.facebook.com/malik.bader.7/","74","רקעו בגליל והחברה הדרוזית מאפשר חיבור בין ליברלים לפריפריה מסורתית־מיעוטית."
"מאלק בדר","יכולות","חיבור בין קהלים ועולמות","cap_027","יכולת לחבר בין עולם המחאה לבין עבודה מפלגתית ומוסדית","partial","https://hagush.org.il/candidates.html; https://e.democrats.org.il/Democrats_OpenHouses/249677; https://www.globes.co.il/news/article.aspx?did=1001393906; https://www.instagram.com/reel/DYKBgz1IHA8/; https://www.facebook.com/malik.bader.7/","58","פועל בדמוקרטים אך לא מזוהה כמוביל מחאה מרכזי."
"מאלק בדר","יכולות","חיבור בין קהלים ועולמות","cap_028","יכולת לחבר בין היי־טק, חדשנות ודיגיטל לבין פוליטיקה ציבורית","unknown","לא נמצא מקור מספיק","0","לא נמצא מקור לחיבור היי־טק/חדשנות לדיגיטל ופוליטיקה."
"מאלק בדר","יכולות","חיבור בין קהלים ועולמות","cap_029","יכולת לחבר בין שפה מקצועית־ביטחונית לבין שפה אזרחית וערכית","partial","https://hagush.org.il/candidates.html; https://e.democrats.org.il/Democrats_OpenHouses/249677; https://www.globes.co.il/news/article.aspx?did=1001393906; https://www.instagram.com/reel/DYKBgz1IHA8/; https://www.facebook.com/malik.bader.7/","58","יכול לחבר שאלות ביטחון וזהות דרוזית לשפה אזרחית, אך לא נמסרה תפיסה ביטחונית מלאה."
"מאלק בדר","יכולות","חיבור בין קהלים ועולמות","cap_030","אמינות מול קהילות שטח ולא רק מול קהל תקשורתי או אליטיסטי","has","https://hagush.org.il/candidates.html; https://e.democrats.org.il/Democrats_OpenHouses/249677; https://www.globes.co.il/news/article.aspx?did=1001393906; https://www.instagram.com/reel/DYKBgz1IHA8/; https://www.facebook.com/malik.bader.7/","78","אמין מול קהילות דרוזיות ופריפריה צפונית בגלל תפקידיו הקודמים."
"מאלק בדר","יכולות","חדשנות, למידה ושיתוף ציבור","cap_031","שימוש בטכנולוגיה, מידע או כלים דיגיטליים לשיתוף ציבור וארגון פוליטי","unknown","לא נמצא מקור מספיק","0","לא נמצא מקור לשימוש בטכנולוגיה או מידע לשיתוף ציבור."
"מאלק בדר","יכולות","חדשנות, למידה ושיתוף ציבור","cap_032","חשיבה מערכתית שמזהה קשרים בין משבר פוליטי, כלכלה, ביטחון וחברה","partial","https://hagush.org.il/candidates.html; https://e.democrats.org.il/Democrats_OpenHouses/249677; https://www.globes.co.il/news/article.aspx?did=1001393906; https://www.instagram.com/reel/DYKBgz1IHA8/; https://www.facebook.com/malik.bader.7/","60","מזהה קשר בין פערים, חוק, מיעוטים וחברה."
"מאלק בדר","יכולות","חדשנות, למידה ושיתוף ציבור","cap_033","יזמות בפתרונות לא שגרתיים לבעיות פוליטיות או חברתיות","partial","https://hagush.org.il/candidates.html; https://e.democrats.org.il/Democrats_OpenHouses/249677; https://www.globes.co.il/news/article.aspx?did=1001393906; https://www.instagram.com/reel/DYKBgz1IHA8/; https://www.facebook.com/malik.bader.7/","60","פעילותו סביב הרשויות הדרוזיות מציעה פתרונות חברתיים־מוניציפליים."
"מאלק בדר","יכולות","חדשנות, למידה ושיתוף ציבור","cap_034","יכולת ללמוד תחומים חדשים ולהפוך אותם לשפה ציבורית ברורה","partial","https://hagush.org.il/candidates.html; https://e.democrats.org.il/Democrats_OpenHouses/249677; https://www.globes.co.il/news/article.aspx?did=1001393906; https://www.instagram.com/reel/DYKBgz1IHA8/; https://www.facebook.com/malik.bader.7/","58","עבודת רשות ומדיניות מחייבת למידה, אך אין תיעוד ספציפי."
"מאלק בדר","יכולות","חדשנות, למידה ושיתוף ציבור","cap_035","שילוב בין ידע מקצועי, ניסיון אישי וערכים פוליטיים","has","https://hagush.org.il/candidates.html; https://e.democrats.org.il/Democrats_OpenHouses/249677; https://www.globes.co.il/news/article.aspx?did=1001393906; https://www.instagram.com/reel/DYKBgz1IHA8/; https://www.facebook.com/malik.bader.7/","70","משלב ניסיון משפטי, ציבורי וזהות דרוזית־חילונית."
"מאלק בדר","יכולות","חדשנות, למידה ושיתוף ציבור","cap_036","פתיחות לניסויים ארגוניים ודמוקרטיים חדשים ולא רק לשיטות פוליטיות קיימות","partial","https://hagush.org.il/candidates.html; https://e.democrats.org.il/Democrats_OpenHouses/249677; https://www.globes.co.il/news/article.aspx?did=1001393906; https://www.instagram.com/reel/DYKBgz1IHA8/; https://www.facebook.com/malik.bader.7/","50","יש פתיחות לשותפות חדשה, אך לא ניסוי ארגוני מוגדר."
"מוסי רז","דעות","דמוקרטיה, משילות ותיקון מוסדות המדינה","D-001","נטייה לתיקון חוקתי ומוסדי עמוק, ולא רק להחלפת ממשלה","supports","https://hagush.org.il/candidates.html; https://meretz.org.il/%D7%9E%D7%95%D7%A1%D7%99-%D7%A8%D7%96/; https://he.wikipedia.org/wiki/%D7%9E%D7%95%D7%A1%D7%99_%D7%A8%D7%96; https://heskem.org.il/2021/07/25/%D7%9E%D7%A4%D7%92%D7%A9-%D7%A7%D7%95%D7%90%D7%9C%D7%99%D7%A6%D7%99%D7%99%D7%AA-%D7%A9%D7%AA%D7%99-%D7%94%D7%9E%D7%93%D7%99%D7%A0%D7%95%D7%AA-%D7%99%D7%95%D7%9C%D7%99-2021/","80","רקעו כח״כ וכפעיל זכויות אדם, חקיקה וסביבה מצביע על נטייה לתיקון מוסדי עמוק."
"מוסי רז","דעות","דמוקרטיה, משילות ותיקון מוסדות המדינה","D-002","ראיית המשבר הדמוקרטי כתוצאה של שיטה פוליטית פגומה ולא רק של אדם או ממשלה מסוימת","supports","https://hagush.org.il/candidates.html; https://meretz.org.il/%D7%9E%D7%95%D7%A1%D7%99-%D7%A8%D7%96/; https://he.wikipedia.org/wiki/%D7%9E%D7%95%D7%A1%D7%99_%D7%A8%D7%96; https://heskem.org.il/2021/07/25/%D7%9E%D7%A4%D7%92%D7%A9-%D7%A7%D7%95%D7%90%D7%9C%D7%99%D7%A6%D7%99%D7%99%D7%AA-%D7%A9%D7%AA%D7%99-%D7%94%D7%9E%D7%93%D7%99%D7%A0%D7%95%D7%AA-%D7%99%D7%95%D7%9C%D7%99-2021/","76","הפעילות ארוכת השנים בשלום, זכויות וסביבה מציגה תפיסה מערכתית ולא רק החלפת ממשלה."
"מוסי רז","דעות","דמוקרטיה, משילות ותיקון מוסדות המדינה","D-003","נכונות למאבק ציבורי חריף כאשר מוסדות המדינה נתפסים כמאוימים","supports","https://hagush.org.il/candidates.html; https://meretz.org.il/%D7%9E%D7%95%D7%A1%D7%99-%D7%A8%D7%96/; https://he.wikipedia.org/wiki/%D7%9E%D7%95%D7%A1%D7%99_%D7%A8%D7%96; https://heskem.org.il/2021/07/25/%D7%9E%D7%A4%D7%92%D7%A9-%D7%A7%D7%95%D7%90%D7%9C%D7%99%D7%A6%D7%99%D7%99%D7%AA-%D7%A9%D7%AA%D7%99-%D7%94%D7%9E%D7%93%D7%99%D7%A0%D7%95%D7%AA-%D7%99%D7%95%D7%9C%D7%99-2021/","76","מזוהה כפעיל שלום וזכויות אדם מרכזי שנאבק ציבורית לאורך שנים."
"מוסי רז","דעות","דמוקרטיה, משילות ותיקון מוסדות המדינה","D-004","העדפה לשיקום ממלכתי, זהיר ומוסדי של המדינה לאחר המשבר","supports","https://hagush.org.il/candidates.html; https://meretz.org.il/%D7%9E%D7%95%D7%A1%D7%99-%D7%A8%D7%96/; https://he.wikipedia.org/wiki/%D7%9E%D7%95%D7%A1%D7%99_%D7%A8%D7%96; https://heskem.org.il/2021/07/25/%D7%9E%D7%A4%D7%92%D7%A9-%D7%A7%D7%95%D7%90%D7%9C%D7%99%D7%A6%D7%99%D7%99%D7%AA-%D7%A9%D7%AA%D7%99-%D7%94%D7%9E%D7%93%D7%99%D7%A0%D7%95%D7%AA-%D7%99%D7%95%D7%9C%D7%99-2021/","68","ניסיונו הפרלמנטרי ומוסדי מצביע על שיקום דרך מוסדות, חקיקה ופעולה ציבורית עקבית."
"מוסי רז","דעות","דמוקרטיה, משילות ותיקון מוסדות המדינה","D-005","תמיכה בשיתוף ציבור, דמוקרטיה פנימית ושקיפות בתוך המפלגה ובמערכת הפוליטית","supports","https://hagush.org.il/candidates.html; https://meretz.org.il/%D7%9E%D7%95%D7%A1%D7%99-%D7%A8%D7%96/; https://he.wikipedia.org/wiki/%D7%9E%D7%95%D7%A1%D7%99_%D7%A8%D7%96; https://heskem.org.il/2021/07/25/%D7%9E%D7%A4%D7%92%D7%A9-%D7%A7%D7%95%D7%90%D7%9C%D7%99%D7%A6%D7%99%D7%99%D7%AA-%D7%A9%D7%AA%D7%99-%D7%94%D7%9E%D7%93%D7%99%D7%A0%D7%95%D7%AA-%D7%99%D7%95%D7%9C%D7%99-2021/","72","כח״כ לשעבר ומזכ״ל מרצ יש לו בסיס ברור לתמיכה במוסדות מפלגתיים ופוליטיים פתוחים."
"מוסי רז","דעות","דמוקרטיה, משילות ותיקון מוסדות המדינה","D-006","נכונות להגביל כוח שלטוני גם כאשר הכוח נמצא בידי המחנה הקרוב אידיאולוגית","supports","https://hagush.org.il/candidates.html; https://meretz.org.il/%D7%9E%D7%95%D7%A1%D7%99-%D7%A8%D7%96/; https://he.wikipedia.org/wiki/%D7%9E%D7%95%D7%A1%D7%99_%D7%A8%D7%96; https://heskem.org.il/2021/07/25/%D7%9E%D7%A4%D7%92%D7%A9-%D7%A7%D7%95%D7%90%D7%9C%D7%99%D7%A6%D7%99%D7%99%D7%AA-%D7%A9%D7%AA%D7%99-%D7%94%D7%9E%D7%93%D7%99%D7%A0%D7%95%D7%AA-%D7%99%D7%95%D7%9C%D7%99-2021/","85","קו זכויות האדם והגבלת כוח שלטוני מרכזי בפעילותו הציבורית."
"מוסי רז","דעות","יחס למחנה השני ויכולת גישור","D-007","ראיית מצביעי המחנה השני כיריבים פוליטיים לגיטימיים ולא כאויבים","supports","https://hagush.org.il/candidates.html; https://meretz.org.il/%D7%9E%D7%95%D7%A1%D7%99-%D7%A8%D7%96/; https://he.wikipedia.org/wiki/%D7%9E%D7%95%D7%A1%D7%99_%D7%A8%D7%96; https://heskem.org.il/2021/07/25/%D7%9E%D7%A4%D7%92%D7%A9-%D7%A7%D7%95%D7%90%D7%9C%D7%99%D7%A6%D7%99%D7%99%D7%AA-%D7%A9%D7%AA%D7%99-%D7%94%D7%9E%D7%93%D7%99%D7%A0%D7%95%D7%AA-%D7%99%D7%95%D7%9C%D7%99-2021/","64","כפעיל שלום ושיח יהודי־ערבי יש בסיס לראיית יריבים כשותפים פוליטיים לגיטימיים."
"מוסי רז","דעות","יחס למחנה השני ויכולת גישור","D-008","הבחנה בין הנהגת המחנה השני לבין הציבור הרחב שתומך בה","supports","https://hagush.org.il/candidates.html; https://meretz.org.il/%D7%9E%D7%95%D7%A1%D7%99-%D7%A8%D7%96/; https://he.wikipedia.org/wiki/%D7%9E%D7%95%D7%A1%D7%99_%D7%A8%D7%96; https://heskem.org.il/2021/07/25/%D7%9E%D7%A4%D7%92%D7%A9-%D7%A7%D7%95%D7%90%D7%9C%D7%99%D7%A6%D7%99%D7%99%D7%AA-%D7%A9%D7%AA%D7%99-%D7%94%D7%9E%D7%93%D7%99%D7%A0%D7%95%D7%AA-%D7%99%D7%95%D7%9C%D7%99-2021/","68","פעילותו מול החברה הפלסטינית והיהודית תומכת בהבחנה בין הנהגות לבין ציבורים."
"מוסי רז","דעות","יחס למחנה השני ויכולת גישור","D-009","אמונה שאפשר לבנות גשר מחודש בין המחנה הדמוקרטי־ליברלי לבין חלקים מהימין המסורתי","mixed","https://hagush.org.il/candidates.html; https://meretz.org.il/%D7%9E%D7%95%D7%A1%D7%99-%D7%A8%D7%96/; https://he.wikipedia.org/wiki/%D7%9E%D7%95%D7%A1%D7%99_%D7%A8%D7%96; https://heskem.org.il/2021/07/25/%D7%9E%D7%A4%D7%92%D7%A9-%D7%A7%D7%95%D7%90%D7%9C%D7%99%D7%A6%D7%99%D7%99%D7%AA-%D7%A9%D7%AA%D7%99-%D7%94%D7%9E%D7%93%D7%99%D7%A0%D7%95%D7%AA-%D7%99%D7%95%D7%9C%D7%99-2021/","52","יש לו שיח שלום וחיים משותפים, אך פחות נמצא דגש על גשר לימין מסורתי."
"מוסי רז","דעות","יחס למחנה השני ויכולת גישור","D-010","העדפה להכרעה פוליטית ברורה על פני פיוס מוקדם עם המחנה השני","mixed","https://hagush.org.il/candidates.html; https://meretz.org.il/%D7%9E%D7%95%D7%A1%D7%99-%D7%A8%D7%96/; https://he.wikipedia.org/wiki/%D7%9E%D7%95%D7%A1%D7%99_%D7%A8%D7%96; https://heskem.org.il/2021/07/25/%D7%9E%D7%A4%D7%92%D7%A9-%D7%A7%D7%95%D7%90%D7%9C%D7%99%D7%A6%D7%99%D7%99%D7%AA-%D7%A9%D7%AA%D7%99-%D7%94%D7%9E%D7%93%D7%99%D7%A0%D7%95%D7%AA-%D7%99%D7%95%D7%9C%D7%99-2021/","55","הוא אידיאולוג עקבי ולכן עשוי להעדיף בהירות ערכית, אך אין מקור מספיק נגד פיוס."
"מוסי רז","דעות","יחס למחנה השני ויכולת גישור","D-011","נכונות לשיח עם דתיים, מסורתיים, חרדים וימנים גם כאשר קיימת מחלוקת ערכית עמוקה","supports","https://hagush.org.il/candidates.html; https://meretz.org.il/%D7%9E%D7%95%D7%A1%D7%99-%D7%A8%D7%96/; https://he.wikipedia.org/wiki/%D7%9E%D7%95%D7%A1%D7%99_%D7%A8%D7%96; https://heskem.org.il/2021/07/25/%D7%9E%D7%A4%D7%92%D7%A9-%D7%A7%D7%95%D7%90%D7%9C%D7%99%D7%A6%D7%99%D7%99%D7%AA-%D7%A9%D7%AA%D7%99-%D7%94%D7%9E%D7%93%D7%99%D7%A0%D7%95%D7%AA-%D7%99%D7%95%D7%9C%D7%99-2021/","70","היסטוריית שלום, גבעת חביבה וכל השלום תומכת בשיח עם קהלים שונים גם במחלוקת עמוקה."
"מוסי רז","דעות","יחס למחנה השני ויכולת גישור","D-012","ראיית חלק מהמחנה השני כשותף עתידי אפשרי לשיקום המדינה לאחר עידן נתניהו","mixed","https://hagush.org.il/candidates.html; https://meretz.org.il/%D7%9E%D7%95%D7%A1%D7%99-%D7%A8%D7%96/; https://he.wikipedia.org/wiki/%D7%9E%D7%95%D7%A1%D7%99_%D7%A8%D7%96; https://heskem.org.il/2021/07/25/%D7%9E%D7%A4%D7%92%D7%A9-%D7%A7%D7%95%D7%90%D7%9C%D7%99%D7%A6%D7%99%D7%99%D7%AA-%D7%A9%D7%AA%D7%99-%D7%94%D7%9E%D7%93%D7%99%D7%A0%D7%95%D7%AA-%D7%99%D7%95%D7%9C%D7%99-2021/","55","יש בסיס לדיאלוג, אך לא נמצא מקור מפורש לשותפות עם חלקים מהימין אחרי נתניהו."
"מוסי רז","דעות","שסעים פנימיים בחברה היהודית","D-013","ראיית השסע העדתי והפריפריאלי כמרכיב מרכזי במשבר הפוליטי בישראל","mixed","https://hagush.org.il/candidates.html; https://meretz.org.il/%D7%9E%D7%95%D7%A1%D7%99-%D7%A8%D7%96/; https://he.wikipedia.org/wiki/%D7%9E%D7%95%D7%A1%D7%99_%D7%A8%D7%96; https://heskem.org.il/2021/07/25/%D7%9E%D7%A4%D7%92%D7%A9-%D7%A7%D7%95%D7%90%D7%9C%D7%99%D7%A6%D7%99%D7%99%D7%AA-%D7%A9%D7%AA%D7%99-%D7%94%D7%9E%D7%93%D7%99%D7%A0%D7%95%D7%AA-%D7%99%D7%95%D7%9C%D7%99-2021/","50","הוא סוציאל־דמוקרט, אך לא נמצא מוקד מרכזי בשסע עדתי־פריפריאלי."
"מוסי רז","דעות","שסעים פנימיים בחברה היהודית","D-014","נכונות לדבר עם מצביעים מזרחים, מסורתיים ופריפריאליים בשפה שאינה מתנשאת ואינה רק ליברלית־אשכנזית","mixed","https://hagush.org.il/candidates.html; https://meretz.org.il/%D7%9E%D7%95%D7%A1%D7%99-%D7%A8%D7%96/; https://he.wikipedia.org/wiki/%D7%9E%D7%95%D7%A1%D7%99_%D7%A8%D7%96; https://heskem.org.il/2021/07/25/%D7%9E%D7%A4%D7%92%D7%A9-%D7%A7%D7%95%D7%90%D7%9C%D7%99%D7%A6%D7%99%D7%99%D7%AA-%D7%A9%D7%AA%D7%99-%D7%94%D7%9E%D7%93%D7%99%D7%A0%D7%95%D7%AA-%D7%99%D7%95%D7%9C%D7%99-2021/","50","אין בסיס מובהק לפנייה ייחודית למזרחים ומסורתיים, אף שיש תפיסה חברתית רחבה."
"מוסי רז","דעות","שסעים פנימיים בחברה היהודית","D-015","ראיית השסע הדתי־חילוני כאיום מרכזי על הלכידות של החברה היהודית בישראל","supports","https://hagush.org.il/candidates.html; https://meretz.org.il/%D7%9E%D7%95%D7%A1%D7%99-%D7%A8%D7%96/; https://he.wikipedia.org/wiki/%D7%9E%D7%95%D7%A1%D7%99_%D7%A8%D7%96; https://heskem.org.il/2021/07/25/%D7%9E%D7%A4%D7%92%D7%A9-%D7%A7%D7%95%D7%90%D7%9C%D7%99%D7%A6%D7%99%D7%99%D7%AA-%D7%A9%D7%AA%D7%99-%D7%94%D7%9E%D7%93%D7%99%D7%A0%D7%95%D7%AA-%D7%99%D7%95%D7%9C%D7%99-2021/","65","מרצ ורז מזוהים עם הפרדת דת ומדינה ושירותי דת כחלק מהסדר הדמוקרטי."
"מוסי רז","דעות","שסעים פנימיים בחברה היהודית","D-016","תמיכה בבניית ברית חדשה בין ליברלים, מסורתיים, דתיים מתונים ופריפריה חברתית","supports","https://hagush.org.il/candidates.html; https://meretz.org.il/%D7%9E%D7%95%D7%A1%D7%99-%D7%A8%D7%96/; https://he.wikipedia.org/wiki/%D7%9E%D7%95%D7%A1%D7%99_%D7%A8%D7%96; https://heskem.org.il/2021/07/25/%D7%9E%D7%A4%D7%92%D7%A9-%D7%A7%D7%95%D7%90%D7%9C%D7%99%D7%A6%D7%99%D7%99%D7%AA-%D7%A9%D7%AA%D7%99-%D7%94%D7%9E%D7%93%D7%99%D7%A0%D7%95%D7%AA-%D7%99%D7%95%D7%9C%D7%99-2021/","58","תפיסת שותפות יהודית־ערבית וסוציאל־דמוקרטית מאפשרת ברית רחבה, אך לא מרכזית בדתיים מתונים."
"מוסי רז","דעות","שסעים פנימיים בחברה היהודית","D-017","ביקורת על מחנה המרכז־שמאל כאשר הוא נתפס כמנותק, אליטיסטי או חסר רגישות לפריפריה","unknown","לא נמצא מקור מספיק","0","לא נמצא מקור מספיק לביקורת על מחנה המרכז־שמאל כאליטיסטי או מנותק."
"מוסי רז","דעות","שסעים פנימיים בחברה היהודית","D-018","העדפה לתיקון יחסי מרכז־פריפריה כחלק מבניית מחנה דמוקרטי רחב","mixed","https://hagush.org.il/candidates.html; https://meretz.org.il/%D7%9E%D7%95%D7%A1%D7%99-%D7%A8%D7%96/; https://he.wikipedia.org/wiki/%D7%9E%D7%95%D7%A1%D7%99_%D7%A8%D7%96; https://heskem.org.il/2021/07/25/%D7%9E%D7%A4%D7%92%D7%A9-%D7%A7%D7%95%D7%90%D7%9C%D7%99%D7%A6%D7%99%D7%99%D7%AA-%D7%A9%D7%AA%D7%99-%D7%94%D7%9E%D7%93%D7%99%D7%A0%D7%95%D7%AA-%D7%99%D7%95%D7%9C%D7%99-2021/","55","תפיסה סוציאל־דמוקרטית תומכת בתיקון פערים, אך לא נמצאה עמדה מפורטת על מרכז־פריפריה."
"מוסי רז","דעות","מדינה יהודית ודמוקרטית, דת ומדינה","D-019","העדפה לזהות ישראלית שבה הרכיב הדמוקרטי קודם לרכיב הדתי־לאומי כאשר יש התנגשות ביניהם","supports","https://hagush.org.il/candidates.html; https://meretz.org.il/%D7%9E%D7%95%D7%A1%D7%99-%D7%A8%D7%96/; https://he.wikipedia.org/wiki/%D7%9E%D7%95%D7%A1%D7%99_%D7%A8%D7%96; https://heskem.org.il/2021/07/25/%D7%9E%D7%A4%D7%92%D7%A9-%D7%A7%D7%95%D7%90%D7%9C%D7%99%D7%A6%D7%99%D7%99%D7%AA-%D7%A9%D7%AA%D7%99-%D7%94%D7%9E%D7%93%D7%99%D7%A0%D7%95%D7%AA-%D7%99%D7%95%D7%9C%D7%99-2021/","82","עמדות מרצ וזכויות אדם מציבות דמוקרטיה ושוויון מעל כפייה דתית־לאומית."
"מוסי רז","דעות","מדינה יהודית ודמוקרטית, דת ומדינה","D-020","העדפה לזהות ישראלית שבה היהדות היא מקור תרבותי וערכי, אך אינה צריכה לשלוט במוסדות המדינה","supports","https://hagush.org.il/candidates.html; https://meretz.org.il/%D7%9E%D7%95%D7%A1%D7%99-%D7%A8%D7%96/; https://he.wikipedia.org/wiki/%D7%9E%D7%95%D7%A1%D7%99_%D7%A8%D7%96; https://heskem.org.il/2021/07/25/%D7%9E%D7%A4%D7%92%D7%A9-%D7%A7%D7%95%D7%90%D7%9C%D7%99%D7%A6%D7%99%D7%99%D7%AA-%D7%A9%D7%AA%D7%99-%D7%94%D7%9E%D7%93%D7%99%D7%A0%D7%95%D7%AA-%D7%99%D7%95%D7%9C%D7%99-2021/","78","הקו של מרצ ורז תומך בזהות יהודית שאינה שולטת במוסדות המדינה."
"מוסי רז","דעות","מדינה יהודית ודמוקרטית, דת ומדינה","D-021","תמיכה בהפרדה ברורה יותר בין סמכות דתית לבין סמכות מדינתית","supports","https://hagush.org.il/candidates.html; https://meretz.org.il/%D7%9E%D7%95%D7%A1%D7%99-%D7%A8%D7%96/; https://he.wikipedia.org/wiki/%D7%9E%D7%95%D7%A1%D7%99_%D7%A8%D7%96; https://heskem.org.il/2021/07/25/%D7%9E%D7%A4%D7%92%D7%A9-%D7%A7%D7%95%D7%90%D7%9C%D7%99%D7%A6%D7%99%D7%99%D7%AA-%D7%A9%D7%AA%D7%99-%D7%94%D7%9E%D7%93%D7%99%D7%A0%D7%95%D7%AA-%D7%99%D7%95%D7%9C%D7%99-2021/","86","מרצ מציגה תמיכה בהפרדת דת ומדינה, ורז עסק גם בוועדה לשירותי דת."
"מוסי רז","דעות","מדינה יהודית ודמוקרטית, דת ומדינה","D-022","נכונות לשמר מרכיבים יהודיים־מסורתיים במרחב הציבורי כדי לאפשר שותפות עם ציבור מסורתי ודתי","mixed","https://hagush.org.il/candidates.html; https://meretz.org.il/%D7%9E%D7%95%D7%A1%D7%99-%D7%A8%D7%96/; https://he.wikipedia.org/wiki/%D7%9E%D7%95%D7%A1%D7%99_%D7%A8%D7%96; https://heskem.org.il/2021/07/25/%D7%9E%D7%A4%D7%92%D7%A9-%D7%A7%D7%95%D7%90%D7%9C%D7%99%D7%A6%D7%99%D7%99%D7%AA-%D7%A9%D7%AA%D7%99-%D7%94%D7%9E%D7%93%D7%99%D7%A0%D7%95%D7%AA-%D7%99%D7%95%D7%9C%D7%99-2021/","45","לא נמצא מקור מפורש לשימור מרכיבים מסורתיים לשם שותפות."
"מוסי רז","דעות","מדינה יהודית ודמוקרטית, דת ומדינה","D-023","התנגדות לכפייה דתית בנושאי נישואין, שבת, חינוך, מעמד אישי או שירות ציבורי","supports","https://hagush.org.il/candidates.html; https://meretz.org.il/%D7%9E%D7%95%D7%A1%D7%99-%D7%A8%D7%96/; https://he.wikipedia.org/wiki/%D7%9E%D7%95%D7%A1%D7%99_%D7%A8%D7%96; https://heskem.org.il/2021/07/25/%D7%9E%D7%A4%D7%92%D7%A9-%D7%A7%D7%95%D7%90%D7%9C%D7%99%D7%A6%D7%99%D7%99%D7%AA-%D7%A9%D7%AA%D7%99-%D7%94%D7%9E%D7%93%D7%99%D7%A0%D7%95%D7%AA-%D7%99%D7%95%D7%9C%D7%99-2021/","86","הקו המפלגתי והאידיאולוגי של מרצ תומך בהתנגדות לכפייה דתית."
"מוסי רז","דעות","מדינה יהודית ודמוקרטית, דת ומדינה","D-024","תמיכה בשוויון חובות אזרחיות בין קבוצות, כולל שאלת גיוס חרדים או שירות אזרחי","supports","https://hagush.org.il/candidates.html; https://meretz.org.il/%D7%9E%D7%95%D7%A1%D7%99-%D7%A8%D7%96/; https://he.wikipedia.org/wiki/%D7%9E%D7%95%D7%A1%D7%99_%D7%A8%D7%96; https://heskem.org.il/2021/07/25/%D7%9E%D7%A4%D7%92%D7%A9-%D7%A7%D7%95%D7%90%D7%9C%D7%99%D7%A6%D7%99%D7%99%D7%AA-%D7%A9%D7%AA%D7%99-%D7%94%D7%9E%D7%93%D7%99%D7%A0%D7%95%D7%AA-%D7%99%D7%95%D7%9C%D7%99-2021/","74","תפיסת שוויון אזרחי וחובות עולה מן הקו הסוציאל־דמוקרטי וזכויות האדם."
"מוסי רז","דעות","הפרדה, גישור או שתי מדינות לעם היהודי","D-025","אמונה שהפער בין ישראל ליברלית לבין ישראל שמרנית־דתית עדיין ניתן לגישור פוליטי וחברתי","supports","https://hagush.org.il/candidates.html; https://meretz.org.il/%D7%9E%D7%95%D7%A1%D7%99-%D7%A8%D7%96/; https://he.wikipedia.org/wiki/%D7%9E%D7%95%D7%A1%D7%99_%D7%A8%D7%96; https://heskem.org.il/2021/07/25/%D7%9E%D7%A4%D7%92%D7%A9-%D7%A7%D7%95%D7%90%D7%9C%D7%99%D7%A6%D7%99%D7%99%D7%AA-%D7%A9%D7%AA%D7%99-%D7%94%D7%9E%D7%93%D7%99%D7%A0%D7%95%D7%AA-%D7%99%D7%95%D7%9C%D7%99-2021/","62","הדגש על חיים משותפים ושלום מצביע על אמונה בגישור, גם אם פחות בתוך החברה היהודית."
"מוסי רז","דעות","הפרדה, גישור או שתי מדינות לעם היהודי","D-026","ראיית הפער בין המחנות כעמוק עד כדי צורך בהסדרים של אוטונומיה, ביזור או הפרדה חלקית","unknown","לא נמצא מקור מספיק","0","לא נמצא מקור לתמיכה באוטונומיה או הפרדה פנימית בין מחנות בישראל."
"מוסי רז","דעות","הפרדה, גישור או שתי מדינות לעם היהודי","D-027","תמיכה בביזור סמכויות לשלטון מקומי כדי לאפשר לקהילות שונות לחיות לפי אורחות חיים שונים","mixed","https://hagush.org.il/candidates.html; https://meretz.org.il/%D7%9E%D7%95%D7%A1%D7%99-%D7%A8%D7%96/; https://he.wikipedia.org/wiki/%D7%9E%D7%95%D7%A1%D7%99_%D7%A8%D7%96; https://heskem.org.il/2021/07/25/%D7%9E%D7%A4%D7%92%D7%A9-%D7%A7%D7%95%D7%90%D7%9C%D7%99%D7%A6%D7%99%D7%99%D7%AA-%D7%A9%D7%AA%D7%99-%D7%94%D7%9E%D7%93%D7%99%D7%A0%D7%95%D7%AA-%D7%99%D7%95%D7%9C%D7%99-2021/","50","לא נמצא דגש מובהק על ביזור לשלטון מקומי, אך יש היכרות מוסדית רחבה."
"מוסי רז","דעות","הפרדה, גישור או שתי מדינות לעם היהודי","D-028","התנגדות לרעיון של שתי מדינות לעם היהודי והעדפה למאבק על מסגרת מדינתית אחת משותפת","supports","https://hagush.org.il/candidates.html; https://meretz.org.il/%D7%9E%D7%95%D7%A1%D7%99-%D7%A8%D7%96/; https://he.wikipedia.org/wiki/%D7%9E%D7%95%D7%A1%D7%99_%D7%A8%D7%96; https://heskem.org.il/2021/07/25/%D7%9E%D7%A4%D7%92%D7%A9-%D7%A7%D7%95%D7%90%D7%9C%D7%99%D7%A6%D7%99%D7%99%D7%AA-%D7%A9%D7%AA%D7%99-%D7%94%D7%9E%D7%93%D7%99%D7%A0%D7%95%D7%AA-%D7%99%D7%95%D7%9C%D7%99-2021/","70","עמדתו בעד מסגרת ישראלית דמוקרטית אחת לאזרחיה בתוך ישראל מנוגדת לרעיון הפרדה פנימית לעם היהודי."
"מוסי רז","דעות","הפרדה, גישור או שתי מדינות לעם היהודי","D-029","פתיחות לרעיון של הסדרים פנימיים חדשים בין חילונים, דתיים, חרדים, מסורתיים וליברלים","supports","https://hagush.org.il/candidates.html; https://meretz.org.il/%D7%9E%D7%95%D7%A1%D7%99-%D7%A8%D7%96/; https://he.wikipedia.org/wiki/%D7%9E%D7%95%D7%A1%D7%99_%D7%A8%D7%96; https://heskem.org.il/2021/07/25/%D7%9E%D7%A4%D7%92%D7%A9-%D7%A7%D7%95%D7%90%D7%9C%D7%99%D7%A6%D7%99%D7%99%D7%AA-%D7%A9%D7%AA%D7%99-%D7%94%D7%9E%D7%93%D7%99%D7%A0%D7%95%D7%AA-%D7%99%D7%95%D7%9C%D7%99-2021/","58","ניסיון פוליטי ארוך מאפשר פתיחות להסדרים פנימיים, אך לא נמצא מודל מפורש."
"מוסי רז","דעות","הפרדה, גישור או שתי מדינות לעם היהודי","D-030","ראיית המשבר הישראלי לא רק כמאבק ימין־שמאל אלא כמאבק בין מודלים שונים של חיים משותפים","supports","https://hagush.org.il/candidates.html; https://meretz.org.il/%D7%9E%D7%95%D7%A1%D7%99-%D7%A8%D7%96/; https://he.wikipedia.org/wiki/%D7%9E%D7%95%D7%A1%D7%99_%D7%A8%D7%96; https://heskem.org.il/2021/07/25/%D7%9E%D7%A4%D7%92%D7%A9-%D7%A7%D7%95%D7%90%D7%9C%D7%99%D7%A6%D7%99%D7%99%D7%AA-%D7%A9%D7%AA%D7%99-%D7%94%D7%9E%D7%93%D7%99%D7%A0%D7%95%D7%AA-%D7%99%D7%95%D7%9C%D7%99-2021/","78","כפעיל שלום וזכויות אדם הוא ממסגר את המשבר כמודל חיים משותפים ולא רק שמאל־ימין."
"מוסי רז","דעות","יהודים־ערבים, שוויון אזרחי וחיים משותפים","D-031","ראיית אזרחי ישראל הערבים כחלק מלא מהדיון על עתיד המדינה ולא כעניין נפרד או משני","supports","https://hagush.org.il/candidates.html; https://meretz.org.il/%D7%9E%D7%95%D7%A1%D7%99-%D7%A8%D7%96/; https://he.wikipedia.org/wiki/%D7%9E%D7%95%D7%A1%D7%99_%D7%A8%D7%96; https://heskem.org.il/2021/07/25/%D7%9E%D7%A4%D7%92%D7%A9-%D7%A7%D7%95%D7%90%D7%9C%D7%99%D7%A6%D7%99%D7%99%D7%AA-%D7%A9%D7%AA%D7%99-%D7%94%D7%9E%D7%93%D7%99%D7%A0%D7%95%D7%AA-%D7%99%D7%95%D7%9C%D7%99-2021/","90","הפרופיל של מרצ מציין אותו כדובר עקבי של שותפות יהודית־ערבית."
"מוסי רז","דעות","יהודים־ערבים, שוויון אזרחי וחיים משותפים","D-032","תמיכה בשוויון אזרחי גם כאשר הוא מחייב שינוי בחוקים, סמלים או חלוקת משאבים","supports","https://hagush.org.il/candidates.html; https://meretz.org.il/%D7%9E%D7%95%D7%A1%D7%99-%D7%A8%D7%96/; https://he.wikipedia.org/wiki/%D7%9E%D7%95%D7%A1%D7%99_%D7%A8%D7%96; https://heskem.org.il/2021/07/25/%D7%9E%D7%A4%D7%92%D7%A9-%D7%A7%D7%95%D7%90%D7%9C%D7%99%D7%A6%D7%99%D7%99%D7%AA-%D7%A9%D7%AA%D7%99-%D7%94%D7%9E%D7%93%D7%99%D7%A0%D7%95%D7%AA-%D7%99%D7%95%D7%9C%D7%99-2021/","90","זכויות אדם ושוויון אזרחי הם ליבת פעילותו."
"מוסי רז","דעות","יהודים־ערבים, שוויון אזרחי וחיים משותפים","D-033","תמיכה בשותפות פוליטית יהודית־ערבית כחלק מבניית מחנה דמוקרטי רחב","supports","https://hagush.org.il/candidates.html; https://meretz.org.il/%D7%9E%D7%95%D7%A1%D7%99-%D7%A8%D7%96/; https://he.wikipedia.org/wiki/%D7%9E%D7%95%D7%A1%D7%99_%D7%A8%D7%96; https://heskem.org.il/2021/07/25/%D7%9E%D7%A4%D7%92%D7%A9-%D7%A7%D7%95%D7%90%D7%9C%D7%99%D7%A6%D7%99%D7%99%D7%AA-%D7%A9%D7%AA%D7%99-%D7%94%D7%9E%D7%93%D7%99%D7%A0%D7%95%D7%AA-%D7%99%D7%95%D7%9C%D7%99-2021/","90","הוא מזוהה עם שותפות יהודית־ערבית וחיים משותפים."
"מוסי רז","דעות","יהודים־ערבים, שוויון אזרחי וחיים משותפים","D-034","העדפה לשילוב אזרחים ערבים במוקדי קבלת החלטות, כולל בתחומים מדיניים וביטחוניים","supports","https://hagush.org.il/candidates.html; https://meretz.org.il/%D7%9E%D7%95%D7%A1%D7%99-%D7%A8%D7%96/; https://he.wikipedia.org/wiki/%D7%9E%D7%95%D7%A1%D7%99_%D7%A8%D7%96; https://heskem.org.il/2021/07/25/%D7%9E%D7%A4%D7%92%D7%A9-%D7%A7%D7%95%D7%90%D7%9C%D7%99%D7%A6%D7%99%D7%99%D7%AA-%D7%A9%D7%AA%D7%99-%D7%94%D7%9E%D7%93%D7%99%D7%A0%D7%95%D7%AA-%D7%99%D7%95%D7%9C%D7%99-2021/","78","הקו שלו תומך בשילוב אזרחים ערבים במוקדי החלטה, אף שהמקור אינו מפרט תחומי ביטחון."
"מוסי רז","דעות","יהודים־ערבים, שוויון אזרחי וחיים משותפים","D-035","התנגדות לגזענות, הדרה או דה־לגיטימציה של הציבור הערבי בישראל","supports","https://hagush.org.il/candidates.html; https://meretz.org.il/%D7%9E%D7%95%D7%A1%D7%99-%D7%A8%D7%96/; https://he.wikipedia.org/wiki/%D7%9E%D7%95%D7%A1%D7%99_%D7%A8%D7%96; https://heskem.org.il/2021/07/25/%D7%9E%D7%A4%D7%92%D7%A9-%D7%A7%D7%95%D7%90%D7%9C%D7%99%D7%A6%D7%99%D7%99%D7%AA-%D7%A9%D7%AA%D7%99-%D7%94%D7%9E%D7%93%D7%99%D7%A0%D7%95%D7%AA-%D7%99%D7%95%D7%9C%D7%99-2021/","90","פעילות זכויות אדם מתמשכת מצביעה על התנגדות לגזענות והדרה."
"מוסי רז","דעות","יהודים־ערבים, שוויון אזרחי וחיים משותפים","D-036","הכרה בכך שחיים משותפים מחייבים גם התמודדות עם פחדים, טראומות וחוסר אמון בשני הצדדים","supports","https://hagush.org.il/candidates.html; https://meretz.org.il/%D7%9E%D7%95%D7%A1%D7%99-%D7%A8%D7%96/; https://he.wikipedia.org/wiki/%D7%9E%D7%95%D7%A1%D7%99_%D7%A8%D7%96; https://heskem.org.il/2021/07/25/%D7%9E%D7%A4%D7%92%D7%A9-%D7%A7%D7%95%D7%90%D7%9C%D7%99%D7%A6%D7%99%D7%99%D7%AA-%D7%A9%D7%AA%D7%99-%D7%94%D7%9E%D7%93%D7%99%D7%A0%D7%95%D7%AA-%D7%99%D7%95%D7%9C%D7%99-2021/","78","פעילות שלום וחיים משותפים מחייבת התמודדות עם פחדים וחוסר אמון בשני הצדדים."
"מוסי רז","דעות","ביטחון, פלסטינים והסדר מדיני","D-037","תמיכה בנתיב מדיני ארוך טווח מול הפלסטינים, גם לאחר שבעה באוקטובר","supports","https://hagush.org.il/candidates.html; https://meretz.org.il/%D7%9E%D7%95%D7%A1%D7%99-%D7%A8%D7%96/; https://he.wikipedia.org/wiki/%D7%9E%D7%95%D7%A1%D7%99_%D7%A8%D7%96; https://heskem.org.il/2021/07/25/%D7%9E%D7%A4%D7%92%D7%A9-%D7%A7%D7%95%D7%90%D7%9C%D7%99%D7%A6%D7%99%D7%99%D7%AA-%D7%A9%D7%AA%D7%99-%D7%94%D7%9E%D7%93%D7%99%D7%A0%D7%95%D7%AA-%D7%99%D7%95%D7%9C%D7%99-2021/","92","מזוהה עם מחנה השלום ועם פתרון מדיני ארוך טווח."
"מוסי רז","דעות","ביטחון, פלסטינים והסדר מדיני","D-038","העדפה להיפרדות מדינית וביטחונית מהפלסטינים כדי לשמור על ישראל יהודית ודמוקרטית","supports","https://hagush.org.il/candidates.html; https://meretz.org.il/%D7%9E%D7%95%D7%A1%D7%99-%D7%A8%D7%96/; https://he.wikipedia.org/wiki/%D7%9E%D7%95%D7%A1%D7%99_%D7%A8%D7%96; https://heskem.org.il/2021/07/25/%D7%9E%D7%A4%D7%92%D7%A9-%D7%A7%D7%95%D7%90%D7%9C%D7%99%D7%A6%D7%99%D7%99%D7%AA-%D7%A9%D7%AA%D7%99-%D7%94%D7%9E%D7%93%D7%99%D7%A0%D7%95%D7%AA-%D7%99%D7%95%D7%9C%D7%99-2021/","82","תמיכתו בשתי מדינות ובסיום שליטה בפלסטינים תומכת בהיפרדות מדינית־ביטחונית."
"מוסי רז","דעות","ביטחון, פלסטינים והסדר מדיני","D-039","תמיכה בפתרון שתי מדינות או במודל קרוב לו כיעד אסטרטגי","supports","https://hagush.org.il/candidates.html; https://meretz.org.il/%D7%9E%D7%95%D7%A1%D7%99-%D7%A8%D7%96/; https://he.wikipedia.org/wiki/%D7%9E%D7%95%D7%A1%D7%99_%D7%A8%D7%96; https://heskem.org.il/2021/07/25/%D7%9E%D7%A4%D7%92%D7%A9-%D7%A7%D7%95%D7%90%D7%9C%D7%99%D7%A6%D7%99%D7%99%D7%AA-%D7%A9%D7%AA%D7%99-%D7%94%D7%9E%D7%93%D7%99%D7%A0%D7%95%D7%AA-%D7%99%D7%95%D7%9C%D7%99-2021/","95","הוא מראשי/פעילי קואליציות פתרון שתי המדינות ויוזמת ז׳נבה."
"מוסי רז","דעות","ביטחון, פלסטינים והסדר מדיני","D-040","פתיחות למודלים מדיניים מורכבים כגון קונפדרציה, גבולות פתוחים או הסדר אזורי","mixed","https://hagush.org.il/candidates.html; https://meretz.org.il/%D7%9E%D7%95%D7%A1%D7%99-%D7%A8%D7%96/; https://he.wikipedia.org/wiki/%D7%9E%D7%95%D7%A1%D7%99_%D7%A8%D7%96; https://heskem.org.il/2021/07/25/%D7%9E%D7%A4%D7%92%D7%A9-%D7%A7%D7%95%D7%90%D7%9C%D7%99%D7%A6%D7%99%D7%99%D7%AA-%D7%A9%D7%AA%D7%99-%D7%94%D7%9E%D7%93%D7%99%D7%A0%D7%95%D7%AA-%D7%99%D7%95%D7%9C%D7%99-2021/","60","קיימת פתיחות לשיח מדיני אזורי, אך מקורו המרכזי הוא מודל שתי המדינות ולא בהכרח קונפדרציה."
"מוסי רז","דעות","ביטחון, פלסטינים והסדר מדיני","D-041","התנגדות להמשך שליטה ישראלית קבועה על אוכלוסייה פלסטינית ללא זכויות אזר מלאות","supports","https://hagush.org.il/candidates.html; https://meretz.org.il/%D7%9E%D7%95%D7%A1%D7%99-%D7%A8%D7%96/; https://he.wikipedia.org/wiki/%D7%9E%D7%95%D7%A1%D7%99_%D7%A8%D7%96; https://heskem.org.il/2021/07/25/%D7%9E%D7%A4%D7%92%D7%A9-%D7%A7%D7%95%D7%90%D7%9C%D7%99%D7%A6%D7%99%D7%99%D7%AA-%D7%A9%D7%AA%D7%99-%D7%94%D7%9E%D7%93%D7%99%D7%A0%D7%95%D7%AA-%D7%99%D7%95%D7%9C%D7%99-2021/","92","עמדותיו נגד כיבוש וסיפוח תומכות בהתנגדות לשליטה קבועה ללא זכויות."
"מוסי רז","דעות","ביטחון, פלסטינים והסדר מדיני","D-042","ראיית הסדר אזורי עם מדינות ערביות מתונות כחלק מרכזי מהעתיד הביטחוני של ישראל","supports","https://hagush.org.il/candidates.html; https://meretz.org.il/%D7%9E%D7%95%D7%A1%D7%99-%D7%A8%D7%96/; https://he.wikipedia.org/wiki/%D7%9E%D7%95%D7%A1%D7%99_%D7%A8%D7%96; https://heskem.org.il/2021/07/25/%D7%9E%D7%A4%D7%92%D7%A9-%D7%A7%D7%95%D7%90%D7%9C%D7%99%D7%A6%D7%99%D7%99%D7%AA-%D7%A9%D7%AA%D7%99-%D7%94%D7%9E%D7%93%D7%99%D7%A0%D7%95%D7%AA-%D7%99%D7%95%D7%9C%D7%99-2021/","78","תפיסת שלום אזורי ומדיני תומכת בהסדרים עם מדינות ערביות מתונות."
"מוסי רז","דעות","שבעה באוקטובר, אחריות, חטופים וזיכרון לאומי","D-043","ראיית שבעה באוקטובר כאירוע שמחייב חשבון נפש מדינתי, מוסדי וחברתי עמוק","supports","https://hagush.org.il/candidates.html; https://meretz.org.il/%D7%9E%D7%95%D7%A1%D7%99-%D7%A8%D7%96/; https://he.wikipedia.org/wiki/%D7%9E%D7%95%D7%A1%D7%99_%D7%A8%D7%96; https://heskem.org.il/2021/07/25/%D7%9E%D7%A4%D7%92%D7%A9-%D7%A7%D7%95%D7%90%D7%9C%D7%99%D7%A6%D7%99%D7%99%D7%AA-%D7%A9%D7%AA%D7%99-%D7%94%D7%9E%D7%93%D7%99%D7%A0%D7%95%D7%AA-%D7%99%D7%95%D7%9C%D7%99-2021/","65","כדמות אופוזיציונית וזכויות אדם יש בסיס לחשבון נפש לאחר 7.10, אך לא נמצא פירוט ייעודי."
"מוסי רז","דעות","שבעה באוקטובר, אחריות, חטופים וזיכרון לאומי","D-044","תמיכה בוועדת חקירה ממלכתית ובאחריות אישית של הדרג המדיני והביטחוני","supports","https://hagush.org.il/candidates.html; https://meretz.org.il/%D7%9E%D7%95%D7%A1%D7%99-%D7%A8%D7%96/; https://he.wikipedia.org/wiki/%D7%9E%D7%95%D7%A1%D7%99_%D7%A8%D7%96; https://heskem.org.il/2021/07/25/%D7%9E%D7%A4%D7%92%D7%A9-%D7%A7%D7%95%D7%90%D7%9C%D7%99%D7%A6%D7%99%D7%99%D7%AA-%D7%A9%D7%AA%D7%99-%D7%94%D7%9E%D7%93%D7%99%D7%A0%D7%95%D7%AA-%D7%99%D7%95%D7%9C%D7%99-2021/","75","הקו הדמוקרטי־מוסדי תומך באחריות ובוועדת חקירה, אף שלא נמצא מקור ייעודי בשורות שנבדקו."
"מוסי רז","דעות","שבעה באוקטובר, אחריות, חטופים וזיכרון לאומי","D-045","ראיית החטופים והמשפחות כסמל מוסרי מרכזי של אחריות המדינה לאזרחיה","mixed","https://hagush.org.il/candidates.html; https://meretz.org.il/%D7%9E%D7%95%D7%A1%D7%99-%D7%A8%D7%96/; https://he.wikipedia.org/wiki/%D7%9E%D7%95%D7%A1%D7%99_%D7%A8%D7%96; https://heskem.org.il/2021/07/25/%D7%9E%D7%A4%D7%92%D7%A9-%D7%A7%D7%95%D7%90%D7%9C%D7%99%D7%A6%D7%99%D7%99%D7%AA-%D7%A9%D7%AA%D7%99-%D7%94%D7%9E%D7%93%D7%99%D7%A0%D7%95%D7%AA-%D7%99%D7%95%D7%9C%D7%99-2021/","55","יש פעילות סביב זכויות ואחריות מדינה, אך לא נמצא מקור מובהק על משפחות החטופים כציר מרכזי."
"מוסי רז","דעות","שבעה באוקטובר, אחריות, חטופים וזיכרון לאומי","D-046","התנגדות לשימוש פוליטי ציני בכאב של משפחות, נפגעים או קהילות שנפגעו במלחמה","mixed","https://hagush.org.il/candidates.html; https://meretz.org.il/%D7%9E%D7%95%D7%A1%D7%99-%D7%A8%D7%96/; https://he.wikipedia.org/wiki/%D7%9E%D7%95%D7%A1%D7%99_%D7%A8%D7%96; https://heskem.org.il/2021/07/25/%D7%9E%D7%A4%D7%92%D7%A9-%D7%A7%D7%95%D7%90%D7%9C%D7%99%D7%A6%D7%99%D7%99%D7%AA-%D7%A9%D7%AA%D7%99-%D7%94%D7%9E%D7%93%D7%99%D7%A0%D7%95%D7%AA-%D7%99%D7%95%D7%9C%D7%99-2021/","55","הקו הערכי תומך בכך, אך לא נמצא מקור ישיר."
"מוסי רז","דעות","שבעה באוקטובר, אחריות, חטופים וזיכרון לאומי","D-047","תמיכה בשיקום העוטף והקהילות שנפגעו כחלק מהחוזה הבסיסי בין המדינה לאזרחיה","mixed","https://hagush.org.il/candidates.html; https://meretz.org.il/%D7%9E%D7%95%D7%A1%D7%99-%D7%A8%D7%96/; https://he.wikipedia.org/wiki/%D7%9E%D7%95%D7%A1%D7%99_%D7%A8%D7%96; https://heskem.org.il/2021/07/25/%D7%9E%D7%A4%D7%92%D7%A9-%D7%A7%D7%95%D7%90%D7%9C%D7%99%D7%A6%D7%99%D7%99%D7%AA-%D7%A9%D7%AA%D7%99-%D7%94%D7%9E%D7%93%D7%99%D7%A0%D7%95%D7%AA-%D7%99%D7%95%D7%9C%D7%99-2021/","55","סוציאל־דמוקרטיה ואחריות מדינה תומכות בשיקום, אך אין מקור ייעודי לעוטף."
"מוסי רז","דעות","שבעה באוקטובר, אחריות, חטופים וזיכרון לאומי","D-048","ראיית הטראומה של שבעה באוקטובר כבסיס לבניית מדיניות חדשה, לא רק כהצדקה להמשך מלחמה","mixed","https://hagush.org.il/candidates.html; https://meretz.org.il/%D7%9E%D7%95%D7%A1%D7%99-%D7%A8%D7%96/; https://he.wikipedia.org/wiki/%D7%9E%D7%95%D7%A1%D7%99_%D7%A8%D7%96; https://heskem.org.il/2021/07/25/%D7%9E%D7%A4%D7%92%D7%A9-%D7%A7%D7%95%D7%90%D7%9C%D7%99%D7%A6%D7%99%D7%99%D7%AA-%D7%A9%D7%AA%D7%99-%D7%94%D7%9E%D7%93%D7%99%D7%A0%D7%95%D7%AA-%D7%99%D7%95%D7%9C%D7%99-2021/","55","תפיסתו המדינית עשויה לראות בטראומה צורך בשינוי מדיניות, אך המקור עקיף."
"מוסי רז","דעות","חברה, כלכלה, רווחה ופריפריה","D-049","הצבת צמצום אי־שוויון חברתי־כלכלי כנושא מרכזי בזהות הפוליטית","supports","https://hagush.org.il/candidates.html; https://meretz.org.il/%D7%9E%D7%95%D7%A1%D7%99-%D7%A8%D7%96/; https://he.wikipedia.org/wiki/%D7%9E%D7%95%D7%A1%D7%99_%D7%A8%D7%96; https://heskem.org.il/2021/07/25/%D7%9E%D7%A4%D7%92%D7%A9-%D7%A7%D7%95%D7%90%D7%9C%D7%99%D7%A6%D7%99%D7%99%D7%AA-%D7%A9%D7%AA%D7%99-%D7%94%D7%9E%D7%93%D7%99%D7%A0%D7%95%D7%AA-%D7%99%D7%95%D7%9C%D7%99-2021/","80","הוא מוגדר סוציאל־דמוקרט ומזוהה עם מדיניות חברתית."
"מוסי רז","דעות","חברה, כלכלה, רווחה ופריפריה","D-050","תמיכה בהרחבת אחריות המדינה בתחומי דיור, חינוך, בריאות ורווחה","supports","https://hagush.org.il/candidates.html; https://meretz.org.il/%D7%9E%D7%95%D7%A1%D7%99-%D7%A8%D7%96/; https://he.wikipedia.org/wiki/%D7%9E%D7%95%D7%A1%D7%99_%D7%A8%D7%96; https://heskem.org.il/2021/07/25/%D7%9E%D7%A4%D7%92%D7%A9-%D7%A7%D7%95%D7%90%D7%9C%D7%99%D7%A6%D7%99%D7%99%D7%AA-%D7%A9%D7%AA%D7%99-%D7%94%D7%9E%D7%93%D7%99%D7%A0%D7%95%D7%AA-%D7%99%D7%95%D7%9C%D7%99-2021/","76","סוציאל־דמוקרטיה מצביעה על תמיכה באחריות מדינתית בתחומי רווחה ושירותים."
"מוסי רז","דעות","חברה, כלכלה, רווחה ופריפריה","D-051","תמיכה בזכויות עובדים, עבודה מאורגנת והגנה על שכבות מוחלשות","supports","https://hagush.org.il/candidates.html; https://meretz.org.il/%D7%9E%D7%95%D7%A1%D7%99-%D7%A8%D7%96/; https://he.wikipedia.org/wiki/%D7%9E%D7%95%D7%A1%D7%99_%D7%A8%D7%96; https://heskem.org.il/2021/07/25/%D7%9E%D7%A4%D7%92%D7%A9-%D7%A7%D7%95%D7%90%D7%9C%D7%99%D7%A6%D7%99%D7%99%D7%AA-%D7%A9%D7%AA%D7%99-%D7%94%D7%9E%D7%93%D7%99%D7%A0%D7%95%D7%AA-%D7%99%D7%95%D7%9C%D7%99-2021/","72","הקו הסוציאל־דמוקרטי של מרצ תומך בזכויות עובדים ושכבות מוחלשות."
"מוסי רז","דעות","חברה, כלכלה, רווחה ופריפריה","D-052","ראיית הפריפריה הגיאוגרפית והחברתית כשותפה אסטרטגית ולא כקהל יעד משני","mixed","https://hagush.org.il/candidates.html; https://meretz.org.il/%D7%9E%D7%95%D7%A1%D7%99-%D7%A8%D7%96/; https://he.wikipedia.org/wiki/%D7%9E%D7%95%D7%A1%D7%99_%D7%A8%D7%96; https://heskem.org.il/2021/07/25/%D7%9E%D7%A4%D7%92%D7%A9-%D7%A7%D7%95%D7%90%D7%9C%D7%99%D7%A6%D7%99%D7%99%D7%AA-%D7%A9%D7%AA%D7%99-%D7%94%D7%9E%D7%93%D7%99%D7%A0%D7%95%D7%AA-%D7%99%D7%95%D7%9C%D7%99-2021/","55","אין מוקד פריפריאלי בולט, אך תפיסה חברתית רחבה תומכת בכך חלקית."
"מוסי רז","דעות","חברה, כלכלה, רווחה ופריפריה","D-053","תמיכה בהשקעה ארוכת טווח בנגב, בגליל, בעוטף ובערים מוחלשות","mixed","https://hagush.org.il/candidates.html; https://meretz.org.il/%D7%9E%D7%95%D7%A1%D7%99-%D7%A8%D7%96/; https://he.wikipedia.org/wiki/%D7%9E%D7%95%D7%A1%D7%99_%D7%A8%D7%96; https://heskem.org.il/2021/07/25/%D7%9E%D7%A4%D7%92%D7%A9-%D7%A7%D7%95%D7%90%D7%9C%D7%99%D7%A6%D7%99%D7%99%D7%AA-%D7%A9%D7%AA%D7%99-%D7%94%D7%9E%D7%93%D7%99%D7%A0%D7%95%D7%AA-%D7%99%D7%95%D7%9C%D7%99-2021/","55","הסביבה והחברה תומכות בהשקעה באזורים מוחלשים, אך אין מקור ממוקד."
"מוסי רז","דעות","חברה, כלכלה, רווחה ופריפריה","D-054","חיבור בין צדק חברתי לבין בניית מחנה פוליטי חדש ורחב יותר","supports","https://hagush.org.il/candidates.html; https://meretz.org.il/%D7%9E%D7%95%D7%A1%D7%99-%D7%A8%D7%96/; https://he.wikipedia.org/wiki/%D7%9E%D7%95%D7%A1%D7%99_%D7%A8%D7%96; https://heskem.org.il/2021/07/25/%D7%9E%D7%A4%D7%92%D7%A9-%D7%A7%D7%95%D7%90%D7%9C%D7%99%D7%A6%D7%99%D7%99%D7%AA-%D7%A9%D7%AA%D7%99-%D7%94%D7%9E%D7%93%D7%99%D7%A0%D7%95%D7%AA-%D7%99%D7%95%D7%9C%D7%99-2021/","68","החיבור בין צדק חברתי, זכויות וסביבה מתאים לבניית מחנה פוליטי רחב."
"מוסי רז","דעות","סגנון פשרה, גבולות ויכולת הסכמה","D-055","נכונות לפשרות פוליטיות רחבות כדי לשקם את המדינה גם במחיר ויתור אידיאולוגי חלקי","supports","https://hagush.org.il/candidates.html; https://meretz.org.il/%D7%9E%D7%95%D7%A1%D7%99-%D7%A8%D7%96/; https://he.wikipedia.org/wiki/%D7%9E%D7%95%D7%A1%D7%99_%D7%A8%D7%96; https://heskem.org.il/2021/07/25/%D7%9E%D7%A4%D7%92%D7%A9-%D7%A7%D7%95%D7%90%D7%9C%D7%99%D7%A6%D7%99%D7%99%D7%AA-%D7%A9%D7%AA%D7%99-%D7%94%D7%9E%D7%93%D7%99%D7%A0%D7%95%D7%AA-%D7%99%D7%95%D7%9C%D7%99-2021/","60","ניסיונו בכנסת ובקואליציות מצביע על יכולת פשרה מוסדית מסוימת."
"מוסי רז","דעות","סגנון פשרה, גבולות ויכולת הסכמה","D-056","הצבת קווים אדומים ברורים שמעליהם אין מקום לפשרה עם יריבים פוליטיים","supports","https://hagush.org.il/candidates.html; https://meretz.org.il/%D7%9E%D7%95%D7%A1%D7%99-%D7%A8%D7%96/; https://he.wikipedia.org/wiki/%D7%9E%D7%95%D7%A1%D7%99_%D7%A8%D7%96; https://heskem.org.il/2021/07/25/%D7%9E%D7%A4%D7%92%D7%A9-%D7%A7%D7%95%D7%90%D7%9C%D7%99%D7%A6%D7%99%D7%99%D7%AA-%D7%A9%D7%AA%D7%99-%D7%94%D7%9E%D7%93%D7%99%D7%A0%D7%95%D7%AA-%D7%99%D7%95%D7%9C%D7%99-2021/","76","זכויות אדם וסיום כיבוש הם קווים אדומים ערכיים מובהקים בפעילותו."
"מוסי רז","דעות","סגנון פשרה, גבולות ויכולת הסכמה","D-057","העדפה להסכמות רחבות ולאיטיות על פני מהלכים חדים ומהירים","mixed","https://hagush.org.il/candidates.html; https://meretz.org.il/%D7%9E%D7%95%D7%A1%D7%99-%D7%A8%D7%96/; https://he.wikipedia.org/wiki/%D7%9E%D7%95%D7%A1%D7%99_%D7%A8%D7%96; https://heskem.org.il/2021/07/25/%D7%9E%D7%A4%D7%92%D7%A9-%D7%A7%D7%95%D7%90%D7%9C%D7%99%D7%A6%D7%99%D7%99%D7%AA-%D7%A9%D7%AA%D7%99-%D7%94%D7%9E%D7%93%D7%99%D7%A0%D7%95%D7%AA-%D7%99%D7%95%D7%9C%D7%99-2021/","55","פעילותו פרלמנטרית ומוסדית, אך הוא גם אידיאולוג חד; לכן Mixed."
"מוסי רז","דעות","סגנון פשרה, גבולות ויכולת הסכמה","D-058","העדפה למאבק חד וברור כאשר פשרה נתפסת ככניעה לכוחות אנטי־דמוקרטיים","mixed","https://hagush.org.il/candidates.html; https://meretz.org.il/%D7%9E%D7%95%D7%A1%D7%99-%D7%A8%D7%96/; https://he.wikipedia.org/wiki/%D7%9E%D7%95%D7%A1%D7%99_%D7%A8%D7%96; https://heskem.org.il/2021/07/25/%D7%9E%D7%A4%D7%92%D7%A9-%D7%A7%D7%95%D7%90%D7%9C%D7%99%D7%A6%D7%99%D7%99%D7%AA-%D7%A9%D7%AA%D7%99-%D7%94%D7%9E%D7%93%D7%99%D7%A0%D7%95%D7%AA-%D7%99%D7%95%D7%9C%D7%99-2021/","58","הוא יודע לנהל מאבק ערכי, אך גם פועל מוסדית."
"מוסי רז","דעות","סגנון פשרה, גבולות ויכולת הסכמה","D-059","יכולת להבחין בין פשרה עניינית לבין טשטוש ערכי מסוכן","supports","https://hagush.org.il/candidates.html; https://meretz.org.il/%D7%9E%D7%95%D7%A1%D7%99-%D7%A8%D7%96/; https://he.wikipedia.org/wiki/%D7%9E%D7%95%D7%A1%D7%99_%D7%A8%D7%96; https://heskem.org.il/2021/07/25/%D7%9E%D7%A4%D7%92%D7%A9-%D7%A7%D7%95%D7%90%D7%9C%D7%99%D7%A6%D7%99%D7%99%D7%AA-%D7%A9%D7%AA%D7%99-%D7%94%D7%9E%D7%93%D7%99%D7%A0%D7%95%D7%AA-%D7%99%D7%95%D7%9C%D7%99-2021/","78","ניסיונו הפוליטי מאפשר הבחנה בין פשרה מוסדית לטשטוש ערכים."
"מוסי רז","דעות","סגנון פשרה, גבולות ויכולת הסכמה","D-060","נכונות לבנות קואליציות עתידיות עם גורמים שאינם שייכים למחנה הטבעי, אם הם מקבלים כללי משחק דמוקרטיים","supports","https://hagush.org.il/candidates.html; https://meretz.org.il/%D7%9E%D7%95%D7%A1%D7%99-%D7%A8%D7%96/; https://he.wikipedia.org/wiki/%D7%9E%D7%95%D7%A1%D7%99_%D7%A8%D7%96; https://heskem.org.il/2021/07/25/%D7%9E%D7%A4%D7%92%D7%A9-%D7%A7%D7%95%D7%90%D7%9C%D7%99%D7%A6%D7%99%D7%99%D7%AA-%D7%A9%D7%AA%D7%99-%D7%94%D7%9E%D7%93%D7%99%D7%A0%D7%95%D7%AA-%D7%99%D7%95%D7%9C%D7%99-2021/","70","ניסיון פרלמנטרי וקואליציוני תומך בבניית קואליציות בתנאי כללי משחק דמוקרטיים."
"מוסי רז","יכולות","מומחיות מדינית, ביטחונית וממשלית","cap_001","ניסיון ישיר במערכות מדינה בכירות או במוקדי קבלת החלטות","has","https://hagush.org.il/candidates.html; https://meretz.org.il/%D7%9E%D7%95%D7%A1%D7%99-%D7%A8%D7%96/; https://he.wikipedia.org/wiki/%D7%9E%D7%95%D7%A1%D7%99_%D7%A8%D7%96; https://heskem.org.il/2021/07/25/%D7%9E%D7%A4%D7%92%D7%A9-%D7%A7%D7%95%D7%90%D7%9C%D7%99%D7%A6%D7%99%D7%99%D7%AA-%D7%A9%D7%AA%D7%99-%D7%94%D7%9E%D7%93%D7%99%D7%A0%D7%95%D7%AA-%D7%99%D7%95%D7%9C%D7%99-2021/","92","כיהן כח״כ במספר כנסות ובוועדות שונות."
"מוסי רז","יכולות","מומחיות מדינית, ביטחונית וממשלית","cap_002","הבנה מוכחת של סוגיות מדיניות, ביטחוניות ואזוריות מורכבות","has","https://hagush.org.il/candidates.html; https://meretz.org.il/%D7%9E%D7%95%D7%A1%D7%99-%D7%A8%D7%96/; https://he.wikipedia.org/wiki/%D7%9E%D7%95%D7%A1%D7%99_%D7%A8%D7%96; https://heskem.org.il/2021/07/25/%D7%9E%D7%A4%D7%92%D7%A9-%D7%A7%D7%95%D7%90%D7%9C%D7%99%D7%A6%D7%99%D7%99%D7%AA-%D7%A9%D7%AA%D7%99-%D7%94%D7%9E%D7%93%D7%99%D7%A0%D7%95%D7%AA-%D7%99%D7%95%D7%9C%D7%99-2021/","88","פעיל שלום ותיק, מראשי יוזמת ז׳נבה/מחנה שתי המדינות ובעל ניסיון אזורי."
"מוסי רז","יכולות","מומחיות מדינית, ביטחונית וממשלית","cap_003","ניסיון במשא ומתן, דיאלוג אסטרטגי או קשרים בינלאומיים","has","https://hagush.org.il/candidates.html; https://meretz.org.il/%D7%9E%D7%95%D7%A1%D7%99-%D7%A8%D7%96/; https://he.wikipedia.org/wiki/%D7%9E%D7%95%D7%A1%D7%99_%D7%A8%D7%96; https://heskem.org.il/2021/07/25/%D7%9E%D7%A4%D7%92%D7%A9-%D7%A7%D7%95%D7%90%D7%9C%D7%99%D7%A6%D7%99%D7%99%D7%AA-%D7%A9%D7%AA%D7%99-%D7%94%D7%9E%D7%93%D7%99%D7%A0%D7%95%D7%AA-%D7%99%D7%95%D7%9C%D7%99-2021/","82","עסק בדיאלוג שלום, כל השלום, גבעת חביבה ויוזמות מדיניות."
"מוסי רז","יכולות","מומחיות מדינית, ביטחונית וממשלית","cap_004","ניסיון צבאי, מודיעיני או ביטחוני בעל רלוונטיות לעבודה ציבורית","unknown","לא נמצא מקור מספיק","0","לא נמצא מקור לניסיון צבאי, מודיעיני או ביטחוני אישי מרכזי."
"מוסי רז","יכולות","מומחיות מדינית, ביטחונית וממשלית","cap_005","יכולת לגבש תפיסה מדינית־ביטחונית סדורה ולא רק עמדה ערכית כללית","has","https://hagush.org.il/candidates.html; https://meretz.org.il/%D7%9E%D7%95%D7%A1%D7%99-%D7%A8%D7%96/; https://he.wikipedia.org/wiki/%D7%9E%D7%95%D7%A1%D7%99_%D7%A8%D7%96; https://heskem.org.il/2021/07/25/%D7%9E%D7%A4%D7%92%D7%A9-%D7%A7%D7%95%D7%90%D7%9C%D7%99%D7%A6%D7%99%D7%99%D7%AA-%D7%A9%D7%AA%D7%99-%D7%94%D7%9E%D7%93%D7%99%D7%A0%D7%95%D7%AA-%D7%99%D7%95%D7%9C%D7%99-2021/","86","מחזיק תפיסה מדינית־ביטחונית סדורה סביב שתי מדינות, זכויות וסיום כיבוש."
"מוסי רז","יכולות","מומחיות מדינית, ביטחונית וממשלית","cap_006","יכולת לחבר בין יעדים ביטחוניים לבין יעדים מדיניים ארוכי טווח","has","https://hagush.org.il/candidates.html; https://meretz.org.il/%D7%9E%D7%95%D7%A1%D7%99-%D7%A8%D7%96/; https://he.wikipedia.org/wiki/%D7%9E%D7%95%D7%A1%D7%99_%D7%A8%D7%96; https://heskem.org.il/2021/07/25/%D7%9E%D7%A4%D7%92%D7%A9-%D7%A7%D7%95%D7%90%D7%9C%D7%99%D7%A6%D7%99%D7%99%D7%AA-%D7%A9%D7%AA%D7%99-%D7%94%D7%9E%D7%93%D7%99%D7%A0%D7%95%D7%AA-%D7%99%D7%95%D7%9C%D7%99-2021/","82","מחבר בין ביטחון ישראל, שלום, זכויות אדם והסדר מדיני ארוך טווח."
"מוסי רז","יכולות","ארגון, ניהול וביצוע","cap_007","ניסיון בהקמה וניהול של ארגונים, חברות, תנועות או מטות פעולה","has","https://hagush.org.il/candidates.html; https://meretz.org.il/%D7%9E%D7%95%D7%A1%D7%99-%D7%A8%D7%96/; https://he.wikipedia.org/wiki/%D7%9E%D7%95%D7%A1%D7%99_%D7%A8%D7%96; https://heskem.org.il/2021/07/25/%D7%9E%D7%A4%D7%92%D7%A9-%D7%A7%D7%95%D7%90%D7%9C%D7%99%D7%A6%D7%99%D7%99%D7%AA-%D7%A9%D7%AA%D7%99-%D7%94%D7%9E%D7%93%D7%99%D7%A0%D7%95%D7%AA-%D7%99%D7%95%D7%9C%D7%99-2021/","88","ניהל/הוביל גופים כמו מרצ, חיים וסביבה, בזכות וכל השלום."
"מוסי רז","יכולות","ארגון, ניהול וביצוע","cap_008","יכולת להוביל צוותים, תקציבים, קהילות או מערכות מורכבות","has","https://hagush.org.il/candidates.html; https://meretz.org.il/%D7%9E%D7%95%D7%A1%D7%99-%D7%A8%D7%96/; https://he.wikipedia.org/wiki/%D7%9E%D7%95%D7%A1%D7%99_%D7%A8%D7%96; https://heskem.org.il/2021/07/25/%D7%9E%D7%A4%D7%92%D7%A9-%D7%A7%D7%95%D7%90%D7%9C%D7%99%D7%A6%D7%99%D7%99%D7%AA-%D7%A9%D7%AA%D7%99-%D7%94%D7%9E%D7%93%D7%99%D7%A0%D7%95%D7%AA-%D7%99%D7%95%D7%9C%D7%99-2021/","86","ניסיון בניהול סיעה, ארגונים ציבוריים וועדות."
"מוסי רז","יכולות","ארגון, ניהול וביצוע","cap_009","הובלת מאבקים ציבוריים שהניבו תוצאות ממשיות","has","https://hagush.org.il/candidates.html; https://meretz.org.il/%D7%9E%D7%95%D7%A1%D7%99-%D7%A8%D7%96/; https://he.wikipedia.org/wiki/%D7%9E%D7%95%D7%A1%D7%99_%D7%A8%D7%96; https://heskem.org.il/2021/07/25/%D7%9E%D7%A4%D7%92%D7%A9-%D7%A7%D7%95%D7%90%D7%9C%D7%99%D7%A6%D7%99%D7%99%D7%AA-%D7%A9%D7%AA%D7%99-%D7%94%D7%9E%D7%93%D7%99%D7%A0%D7%95%D7%AA-%D7%99%D7%95%D7%9C%D7%99-2021/","82","הוביל מאבקים סביב שלום, זכויות אדם, סביבה וחקיקה."
"מוסי רז","יכולות","ארגון, ניהול וביצוע","cap_010","יכולת להפוך רעיון כללי לתשתית פעולה מתמשכת","has","https://hagush.org.il/candidates.html; https://meretz.org.il/%D7%9E%D7%95%D7%A1%D7%99-%D7%A8%D7%96/; https://he.wikipedia.org/wiki/%D7%9E%D7%95%D7%A1%D7%99_%D7%A8%D7%96; https://heskem.org.il/2021/07/25/%D7%9E%D7%A4%D7%92%D7%A9-%D7%A7%D7%95%D7%90%D7%9C%D7%99%D7%A6%D7%99%D7%99%D7%AA-%D7%A9%D7%AA%D7%99-%D7%94%D7%9E%D7%93%D7%99%D7%A0%D7%95%D7%AA-%D7%99%D7%95%D7%9C%D7%99-2021/","84","הפך אידיאולוגיה לפעילות פרלמנטרית, חקיקה וארגונים."
"מוסי רז","יכולות","ארגון, ניהול וביצוע","cap_011","ניסיון בניהול משברים ציבוריים, פוליטיים או ארגוניים","partial","https://hagush.org.il/candidates.html; https://meretz.org.il/%D7%9E%D7%95%D7%A1%D7%99-%D7%A8%D7%96/; https://he.wikipedia.org/wiki/%D7%9E%D7%95%D7%A1%D7%99_%D7%A8%D7%96; https://heskem.org.il/2021/07/25/%D7%9E%D7%A4%D7%92%D7%A9-%D7%A7%D7%95%D7%90%D7%9C%D7%99%D7%A6%D7%99%D7%99%D7%AA-%D7%A9%D7%AA%D7%99-%D7%94%D7%9E%D7%93%D7%99%D7%A0%D7%95%D7%AA-%D7%99%D7%95%D7%9C%D7%99-2021/","70","ניסיון פוליטי וארגוני רחב, אך לא נמצא תפקיד ניהול משבר מדינתי מוגדר."
"מוסי רז","יכולות","ארגון, ניהול וביצוע","cap_012","מוכנות לקחת אחריות אישית גבוהה על מהלך ציבורי או ארגוני","has","https://hagush.org.il/candidates.html; https://meretz.org.il/%D7%9E%D7%95%D7%A1%D7%99-%D7%A8%D7%96/; https://he.wikipedia.org/wiki/%D7%9E%D7%95%D7%A1%D7%99_%D7%A8%D7%96; https://heskem.org.il/2021/07/25/%D7%9E%D7%A4%D7%92%D7%A9-%D7%A7%D7%95%D7%90%D7%9C%D7%99%D7%A6%D7%99%D7%99%D7%AA-%D7%A9%D7%AA%D7%99-%D7%94%D7%9E%D7%93%D7%99%D7%A0%D7%95%D7%AA-%D7%99%D7%95%D7%9C%D7%99-2021/","84","כח״כ וראשי ארגונים נשא אחריות ציבורית גבוהה."
"מוסי רז","יכולות","חקיקה, פוליטיקה ומוסדות","cap_013","ניסיון בעבודה פרלמנטרית, ועדות כנסת, חקיקה או הצעות חוק","has","https://hagush.org.il/candidates.html; https://meretz.org.il/%D7%9E%D7%95%D7%A1%D7%99-%D7%A8%D7%96/; https://he.wikipedia.org/wiki/%D7%9E%D7%95%D7%A1%D7%99_%D7%A8%D7%96; https://heskem.org.il/2021/07/25/%D7%9E%D7%A4%D7%92%D7%A9-%D7%A7%D7%95%D7%90%D7%9C%D7%99%D7%A6%D7%99%D7%99%D7%AA-%D7%A9%D7%AA%D7%99-%D7%94%D7%9E%D7%93%D7%99%D7%A0%D7%95%D7%AA-%D7%99%D7%95%D7%9C%D7%99-2021/","95","ניסיון כנסת, ועדות וחקיקה רב־שנים."
"מוסי רז","יכולות","חקיקה, פוליטיקה ומוסדות","cap_014","היכרות מעשית עם מנגנוני מפלגות, פריימריז, רשימות וקואליציות","has","https://hagush.org.il/candidates.html; https://meretz.org.il/%D7%9E%D7%95%D7%A1%D7%99-%D7%A8%D7%96/; https://he.wikipedia.org/wiki/%D7%9E%D7%95%D7%A1%D7%99_%D7%A8%D7%96; https://heskem.org.il/2021/07/25/%D7%9E%D7%A4%D7%92%D7%A9-%D7%A7%D7%95%D7%90%D7%9C%D7%99%D7%A6%D7%99%D7%99%D7%AA-%D7%A9%D7%AA%D7%99-%D7%94%D7%9E%D7%93%D7%99%D7%A0%D7%95%D7%AA-%D7%99%D7%95%D7%9C%D7%99-2021/","92","מזכ״ל מרצ, מנהל סיעה ועובד ראשון במפלגה."
"מוסי רז","יכולות","חקיקה, פוליטיקה ומוסדות","cap_015","יכולת לפעול בתוך מוסדות קיימים ולא רק מחוץ להם","has","https://hagush.org.il/candidates.html; https://meretz.org.il/%D7%9E%D7%95%D7%A1%D7%99-%D7%A8%D7%96/; https://he.wikipedia.org/wiki/%D7%9E%D7%95%D7%A1%D7%99_%D7%A8%D7%96; https://heskem.org.il/2021/07/25/%D7%9E%D7%A4%D7%92%D7%A9-%D7%A7%D7%95%D7%90%D7%9C%D7%99%D7%A6%D7%99%D7%99%D7%AA-%D7%A9%D7%AA%D7%99-%D7%94%D7%9E%D7%93%D7%99%D7%A0%D7%95%D7%AA-%D7%99%D7%95%D7%9C%D7%99-2021/","92","פעל בתוך מוסדות כנסת, מפלגה וארגונים ציבוריים."
"מוסי רז","יכולות","חקיקה, פוליטיקה ומוסדות","cap_016","ניסיון בבניית תנועה פוליטית, מפלגה או אלטרנטיבה שלטונית","has","https://hagush.org.il/candidates.html; https://meretz.org.il/%D7%9E%D7%95%D7%A1%D7%99-%D7%A8%D7%96/; https://he.wikipedia.org/wiki/%D7%9E%D7%95%D7%A1%D7%99_%D7%A8%D7%96; https://heskem.org.il/2021/07/25/%D7%9E%D7%A4%D7%92%D7%A9-%D7%A7%D7%95%D7%90%D7%9C%D7%99%D7%A6%D7%99%D7%99%D7%AA-%D7%A9%D7%AA%D7%99-%D7%94%D7%9E%D7%93%D7%99%D7%A0%D7%95%D7%AA-%D7%99%D7%95%D7%9C%D7%99-2021/","82","ניסיון בבניית מרצ ותשתיות פוליטיות וארגוניות."
"מוסי רז","יכולות","חקיקה, פוליטיקה ומוסדות","cap_017","יכולת לייצר שיתופי פעולה בין זרמים, מפלגות או קבוצות אינטרס","has","https://hagush.org.il/candidates.html; https://meretz.org.il/%D7%9E%D7%95%D7%A1%D7%99-%D7%A8%D7%96/; https://he.wikipedia.org/wiki/%D7%9E%D7%95%D7%A1%D7%99_%D7%A8%D7%96; https://heskem.org.il/2021/07/25/%D7%9E%D7%A4%D7%92%D7%A9-%D7%A7%D7%95%D7%90%D7%9C%D7%99%D7%A6%D7%99%D7%99%D7%AA-%D7%A9%D7%AA%D7%99-%D7%94%D7%9E%D7%93%D7%99%D7%A0%D7%95%D7%AA-%D7%99%D7%95%D7%9C%D7%99-2021/","82","פעל בשיתופי פעולה סביב שלום, סביבה וזכויות."
"מוסי רז","יכולות","חקיקה, פוליטיקה ומוסדות","cap_018","יכולת לתרגם עמדות אידיאולוגיות לפעולות מוסדיות או חקיקתיות","has","https://hagush.org.il/candidates.html; https://meretz.org.il/%D7%9E%D7%95%D7%A1%D7%99-%D7%A8%D7%96/; https://he.wikipedia.org/wiki/%D7%9E%D7%95%D7%A1%D7%99_%D7%A8%D7%96; https://heskem.org.il/2021/07/25/%D7%9E%D7%A4%D7%92%D7%A9-%D7%A7%D7%95%D7%90%D7%9C%D7%99%D7%A6%D7%99%D7%99%D7%AA-%D7%A9%D7%AA%D7%99-%D7%94%D7%9E%D7%93%D7%99%D7%A0%D7%95%D7%AA-%D7%99%D7%95%D7%9C%D7%99-2021/","90","תרגם עמדות אידיאולוגיות להצעות חוק ופעילות ועדות."
"מוסי רז","יכולות","תקשורת, הסברה והשפעה ציבורית","cap_019","יכולת ליצור מסרים חדים, ברורים וזכירים","has","https://hagush.org.il/candidates.html; https://meretz.org.il/%D7%9E%D7%95%D7%A1%D7%99-%D7%A8%D7%96/; https://he.wikipedia.org/wiki/%D7%9E%D7%95%D7%A1%D7%99_%D7%A8%D7%96; https://heskem.org.il/2021/07/25/%D7%9E%D7%A4%D7%92%D7%A9-%D7%A7%D7%95%D7%90%D7%9C%D7%99%D7%A6%D7%99%D7%99%D7%AA-%D7%A9%D7%AA%D7%99-%D7%94%D7%9E%D7%93%D7%99%D7%A0%D7%95%D7%AA-%D7%99%D7%95%D7%9C%D7%99-2021/","78","דובר עקבי ורהוט של מחנה השלום וזכויות האדם."
"מוסי רז","יכולות","תקשורת, הסברה והשפעה ציבורית","cap_020","יכולת לייצר תוכן דיגיטלי, ויראלי או תקשורתי שמגיע לקהלים רחבים","partial","https://hagush.org.il/candidates.html; https://meretz.org.il/%D7%9E%D7%95%D7%A1%D7%99-%D7%A8%D7%96/; https://he.wikipedia.org/wiki/%D7%9E%D7%95%D7%A1%D7%99_%D7%A8%D7%96; https://heskem.org.il/2021/07/25/%D7%9E%D7%A4%D7%92%D7%A9-%D7%A7%D7%95%D7%90%D7%9C%D7%99%D7%A6%D7%99%D7%99%D7%AA-%D7%A9%D7%AA%D7%99-%D7%94%D7%9E%D7%93%D7%99%D7%A0%D7%95%D7%AA-%D7%99%D7%95%D7%9C%D7%99-2021/","58","נוכחות ציבורית קיימת, אך לא מזוהה בעיקר עם תוכן דיגיטלי ויראלי."
"מוסי רז","יכולות","תקשורת, הסברה והשפעה ציבורית","cap_021","ניסיון בהופעה ציבורית, ראיונות, פודקאסטים, קולנוע, כתיבה או הרצאות","has","https://hagush.org.il/candidates.html; https://meretz.org.il/%D7%9E%D7%95%D7%A1%D7%99-%D7%A8%D7%96/; https://he.wikipedia.org/wiki/%D7%9E%D7%95%D7%A1%D7%99_%D7%A8%D7%96; https://heskem.org.il/2021/07/25/%D7%9E%D7%A4%D7%92%D7%A9-%D7%A7%D7%95%D7%90%D7%9C%D7%99%D7%A6%D7%99%D7%99%D7%AA-%D7%A9%D7%AA%D7%99-%D7%94%D7%9E%D7%93%D7%99%D7%A0%D7%95%D7%AA-%D7%99%D7%95%D7%9C%D7%99-2021/","80","ניסיון רב בהופעות ציבוריות, ראיונות וכנסת."
"מוסי רז","יכולות","תקשורת, הסברה והשפעה ציבורית","cap_022","יכולת להסביר נושאים מורכבים בשפה נגישה ולא טכנוקרטית","has","https://hagush.org.il/candidates.html; https://meretz.org.il/%D7%9E%D7%95%D7%A1%D7%99-%D7%A8%D7%96/; https://he.wikipedia.org/wiki/%D7%9E%D7%95%D7%A1%D7%99_%D7%A8%D7%96; https://heskem.org.il/2021/07/25/%D7%9E%D7%A4%D7%92%D7%A9-%D7%A7%D7%95%D7%90%D7%9C%D7%99%D7%A6%D7%99%D7%99%D7%AA-%D7%A9%D7%AA%D7%99-%D7%94%D7%9E%D7%93%D7%99%D7%A0%D7%95%D7%AA-%D7%99%D7%95%D7%9C%D7%99-2021/","78","מסביר נושאים מדיניים וזכויותיים בשפה פוליטית עקבית."
"מוסי רז","יכולות","תקשורת, הסברה והשפעה ציבורית","cap_023","יכולת לנהל מאבק תודעתי מול יריבים פוליטיים או תקשורתיים","has","https://hagush.org.il/candidates.html; https://meretz.org.il/%D7%9E%D7%95%D7%A1%D7%99-%D7%A8%D7%96/; https://he.wikipedia.org/wiki/%D7%9E%D7%95%D7%A1%D7%99_%D7%A8%D7%96; https://heskem.org.il/2021/07/25/%D7%9E%D7%A4%D7%92%D7%A9-%D7%A7%D7%95%D7%90%D7%9C%D7%99%D7%A6%D7%99%D7%99%D7%AA-%D7%A9%D7%AA%D7%99-%D7%94%D7%9E%D7%93%D7%99%D7%A0%D7%95%D7%AA-%D7%99%D7%95%D7%9C%D7%99-2021/","78","ניהל מאבק תודעתי ארוך מול כיבוש, ימין וסיפוח."
"מוסי רז","יכולות","תקשורת, הסברה והשפעה ציבורית","cap_024","יכולת להפוך סיפור אישי או ערכי לכלי גיוס ציבורי","partial","https://hagush.org.il/candidates.html; https://meretz.org.il/%D7%9E%D7%95%D7%A1%D7%99-%D7%A8%D7%96/; https://he.wikipedia.org/wiki/%D7%9E%D7%95%D7%A1%D7%99_%D7%A8%D7%96; https://heskem.org.il/2021/07/25/%D7%9E%D7%A4%D7%92%D7%A9-%D7%A7%D7%95%D7%90%D7%9C%D7%99%D7%A6%D7%99%D7%99%D7%AA-%D7%A9%D7%AA%D7%99-%D7%94%D7%9E%D7%93%D7%99%D7%A0%D7%95%D7%AA-%D7%99%D7%95%D7%9C%D7%99-2021/","64","הסיפור הוא בעיקר אידיאולוגי וציבורי, פחות אישי־ביוגרפי."
"מוסי רז","יכולות","חיבור בין קהלים ועולמות","cap_025","יכולת לחבר בין יהודים לערבים בתוך מסגרת פוליטית או אזרחית משותפת","has","https://hagush.org.il/candidates.html; https://meretz.org.il/%D7%9E%D7%95%D7%A1%D7%99-%D7%A8%D7%96/; https://he.wikipedia.org/wiki/%D7%9E%D7%95%D7%A1%D7%99_%D7%A8%D7%96; https://heskem.org.il/2021/07/25/%D7%9E%D7%A4%D7%92%D7%A9-%D7%A7%D7%95%D7%90%D7%9C%D7%99%D7%A6%D7%99%D7%99%D7%AA-%D7%A9%D7%AA%D7%99-%D7%94%D7%9E%D7%93%D7%99%D7%A0%D7%95%D7%AA-%D7%99%D7%95%D7%9C%D7%99-2021/","90","מזוהה כדובר מרכזי של שותפות יהודית־ערבית."
"מוסי רז","יכולות","חיבור בין קהלים ועולמות","cap_026","יכולת לחבר בין שמאל ליברלי לבין פריפריה מזרחית, מסורתית או גיאוגרפית","partial","https://hagush.org.il/candidates.html; https://meretz.org.il/%D7%9E%D7%95%D7%A1%D7%99-%D7%A8%D7%96/; https://he.wikipedia.org/wiki/%D7%9E%D7%95%D7%A1%D7%99_%D7%A8%D7%96; https://heskem.org.il/2021/07/25/%D7%9E%D7%A4%D7%92%D7%A9-%D7%A7%D7%95%D7%90%D7%9C%D7%99%D7%A6%D7%99%D7%99%D7%AA-%D7%A9%D7%AA%D7%99-%D7%94%D7%9E%D7%93%D7%99%D7%A0%D7%95%D7%AA-%D7%99%D7%95%D7%9C%D7%99-2021/","55","פחות מזוהה עם פריפריה מזרחית/מסורתית, אך יש תפיסה חברתית רחבה."
"מוסי רז","יכולות","חיבור בין קהלים ועולמות","cap_027","יכולת לחבר בין עולם המחאה לבין עבודה מפלגתית ומוסדית","partial","https://hagush.org.il/candidates.html; https://meretz.org.il/%D7%9E%D7%95%D7%A1%D7%99-%D7%A8%D7%96/; https://he.wikipedia.org/wiki/%D7%9E%D7%95%D7%A1%D7%99_%D7%A8%D7%96; https://heskem.org.il/2021/07/25/%D7%9E%D7%A4%D7%92%D7%A9-%D7%A7%D7%95%D7%90%D7%9C%D7%99%D7%A6%D7%99%D7%99%D7%AA-%D7%A9%D7%AA%D7%99-%D7%94%D7%9E%D7%93%D7%99%D7%A0%D7%95%D7%AA-%D7%99%D7%95%D7%9C%D7%99-2021/","58","מגיע מעולם מפלגתי יותר מעולם מחאה חדש, אך יכול לחבר ביניהם."
"מוסי רז","יכולות","חיבור בין קהלים ועולמות","cap_028","יכולת לחבר בין היי־טק, חדשנות ודיגיטל לבין פוליטיקה ציבורית","unknown","לא נמצא מקור מספיק","0","לא נמצא מקור לחיבור היי־טק/דיגיטל לפוליטיקה."
"מוסי רז","יכולות","חיבור בין קהלים ועולמות","cap_029","יכולת לחבר בין שפה מקצועית־ביטחונית לבין שפה אזרחית וערכית","has","https://hagush.org.il/candidates.html; https://meretz.org.il/%D7%9E%D7%95%D7%A1%D7%99-%D7%A8%D7%96/; https://he.wikipedia.org/wiki/%D7%9E%D7%95%D7%A1%D7%99_%D7%A8%D7%96; https://heskem.org.il/2021/07/25/%D7%9E%D7%A4%D7%92%D7%A9-%D7%A7%D7%95%D7%90%D7%9C%D7%99%D7%A6%D7%99%D7%99%D7%AA-%D7%A9%D7%AA%D7%99-%D7%94%D7%9E%D7%93%D7%99%D7%A0%D7%95%D7%AA-%D7%99%D7%95%D7%9C%D7%99-2021/","78","מחבר בין שפה מדינית־ביטחונית לשפה אזרחית וזכויותית."
"מוסי רז","יכולות","חיבור בין קהלים ועולמות","cap_030","אמינות מול קהילות שטח ולא רק מול קהל תקשורתי או אליטיסטי","has","https://hagush.org.il/candidates.html; https://meretz.org.il/%D7%9E%D7%95%D7%A1%D7%99-%D7%A8%D7%96/; https://he.wikipedia.org/wiki/%D7%9E%D7%95%D7%A1%D7%99_%D7%A8%D7%96; https://heskem.org.il/2021/07/25/%D7%9E%D7%A4%D7%92%D7%A9-%D7%A7%D7%95%D7%90%D7%9C%D7%99%D7%A6%D7%99%D7%99%D7%AA-%D7%A9%D7%AA%D7%99-%D7%94%D7%9E%D7%93%D7%99%D7%A0%D7%95%D7%AA-%D7%99%D7%95%D7%9C%D7%99-2021/","78","אמין מול קהילות שלום, זכויות אדם וסביבה."
"מוסי רז","יכולות","חדשנות, למידה ושיתוף ציבור","cap_031","שימוש בטכנולוגיה, מידע או כלים דיגיטליים לשיתוף ציבור וארגון פוליטי","partial","https://hagush.org.il/candidates.html; https://meretz.org.il/%D7%9E%D7%95%D7%A1%D7%99-%D7%A8%D7%96/; https://he.wikipedia.org/wiki/%D7%9E%D7%95%D7%A1%D7%99_%D7%A8%D7%96; https://heskem.org.il/2021/07/25/%D7%9E%D7%A4%D7%92%D7%A9-%D7%A7%D7%95%D7%90%D7%9C%D7%99%D7%A6%D7%99%D7%99%D7%AA-%D7%A9%D7%AA%D7%99-%D7%94%D7%9E%D7%93%D7%99%D7%A0%D7%95%D7%AA-%D7%99%D7%95%D7%9C%D7%99-2021/","55","אין מוקד טכנולוגי, אך יש שימוש בכלים פוליטיים וציבוריים."
"מוסי רז","יכולות","חדשנות, למידה ושיתוף ציבור","cap_032","חשיבה מערכתית שמזהה קשרים בין משבר פוליטי, כלכלה, ביטחון וחברה","has","https://hagush.org.il/candidates.html; https://meretz.org.il/%D7%9E%D7%95%D7%A1%D7%99-%D7%A8%D7%96/; https://he.wikipedia.org/wiki/%D7%9E%D7%95%D7%A1%D7%99_%D7%A8%D7%96; https://heskem.org.il/2021/07/25/%D7%9E%D7%A4%D7%92%D7%A9-%D7%A7%D7%95%D7%90%D7%9C%D7%99%D7%A6%D7%99%D7%99%D7%AA-%D7%A9%D7%AA%D7%99-%D7%94%D7%9E%D7%93%D7%99%D7%A0%D7%95%D7%AA-%D7%99%D7%95%D7%9C%D7%99-2021/","82","חשיבתו מחברת ביטחון, שלום, סביבה, חברה וזכויות."
"מוסי רז","יכולות","חדשנות, למידה ושיתוף ציבור","cap_033","יזמות בפתרונות לא שגרתיים לבעיות פוליטיות או חברתיות","partial","https://hagush.org.il/candidates.html; https://meretz.org.il/%D7%9E%D7%95%D7%A1%D7%99-%D7%A8%D7%96/; https://he.wikipedia.org/wiki/%D7%9E%D7%95%D7%A1%D7%99_%D7%A8%D7%96; https://heskem.org.il/2021/07/25/%D7%9E%D7%A4%D7%92%D7%A9-%D7%A7%D7%95%D7%90%D7%9C%D7%99%D7%A6%D7%99%D7%99%D7%AA-%D7%A9%D7%AA%D7%99-%D7%94%D7%9E%D7%93%D7%99%D7%A0%D7%95%D7%AA-%D7%99%D7%95%D7%9C%D7%99-2021/","65","הוביל יוזמות וחקיקה בתחומים מגוונים, אם כי לא תמיד לא שגרתיים."
"מוסי רז","יכולות","חדשנות, למידה ושיתוף ציבור","cap_034","יכולת ללמוד תחומים חדשים ולהפוך אותם לשפה ציבורית ברורה","has","https://hagush.org.il/candidates.html; https://meretz.org.il/%D7%9E%D7%95%D7%A1%D7%99-%D7%A8%D7%96/; https://he.wikipedia.org/wiki/%D7%9E%D7%95%D7%A1%D7%99_%D7%A8%D7%96; https://heskem.org.il/2021/07/25/%D7%9E%D7%A4%D7%92%D7%A9-%D7%A7%D7%95%D7%90%D7%9C%D7%99%D7%A6%D7%99%D7%99%D7%AA-%D7%A9%D7%AA%D7%99-%D7%94%D7%9E%D7%93%D7%99%D7%A0%D7%95%D7%AA-%D7%99%D7%95%D7%9C%D7%99-2021/","76","ניסיון רב־תחומי מצביע על למידה והנגשה."
"מוסי רז","יכולות","חדשנות, למידה ושיתוף ציבור","cap_035","שילוב בין ידע מקצועי, ניסיון אישי וערכים פוליטיים","has","https://hagush.org.il/candidates.html; https://meretz.org.il/%D7%9E%D7%95%D7%A1%D7%99-%D7%A8%D7%96/; https://he.wikipedia.org/wiki/%D7%9E%D7%95%D7%A1%D7%99_%D7%A8%D7%96; https://heskem.org.il/2021/07/25/%D7%9E%D7%A4%D7%92%D7%A9-%D7%A7%D7%95%D7%90%D7%9C%D7%99%D7%A6%D7%99%D7%99%D7%AA-%D7%A9%D7%AA%D7%99-%D7%94%D7%9E%D7%93%D7%99%D7%A0%D7%95%D7%AA-%D7%99%D7%95%D7%9C%D7%99-2021/","84","משלב ידע פרלמנטרי, אידיאולוגיה וניסיון ארגוני."
"מוסי רז","יכולות","חדשנות, למידה ושיתוף ציבור","cap_036","פתיחות לניסויים ארגוניים ודמוקרטיים חדשים ולא רק לשיטות פוליטיות קיימות","partial","https://hagush.org.il/candidates.html; https://meretz.org.il/%D7%9E%D7%95%D7%A1%D7%99-%D7%A8%D7%96/; https://he.wikipedia.org/wiki/%D7%9E%D7%95%D7%A1%D7%99_%D7%A8%D7%96; https://heskem.org.il/2021/07/25/%D7%9E%D7%A4%D7%92%D7%A9-%D7%A7%D7%95%D7%90%D7%9C%D7%99%D7%A6%D7%99%D7%99%D7%AA-%D7%A9%D7%AA%D7%99-%D7%94%D7%9E%D7%93%D7%99%D7%A0%D7%95%D7%AA-%D7%99%D7%95%D7%9C%D7%99-2021/","58","יש ניסיון ארגוני, אך לא נמצא מוקד ניסויי־דמוקרטי חדש."
"מיכל רוזין","דעות","דמוקרטיה, משילות ותיקון מוסדות המדינה","D-001","נטייה לתיקון חוקתי ומוסדי עמוק, ולא רק להחלפת ממשלה","supports","https://hagush.org.il/candidates.html; https://he.wikiquote.org/wiki/%D7%9E%D7%99%D7%9B%D7%9C_%D7%A8%D7%95%D7%96%D7%99%D7%9F; https://www.mekomit.co.il/%D7%9E%D7%99%D7%9B%D7%9C-%D7%A8%D7%95%D7%96%D7%99%D7%9F/; https://oknesset.org/meetings/2/1/2166007.html; https://video.tau.ac.il/events/index.php?Itemid=560&id=4289%3Abetween-separation-and-cooperation-06&option=com_k2&view=item","78","ניסיונה כח״כית ופעילותה לעיגון שוויון וזכויות אדם בחקיקה מצביעים על תיקון מוסדי עמוק."
"מיכל רוזין","דעות","דמוקרטיה, משילות ותיקון מוסדות המדינה","D-002","ראיית המשבר הדמוקרטי כתוצאה של שיטה פוליטית פגומה ולא רק של אדם או ממשלה מסוימת","supports","https://hagush.org.il/candidates.html; https://he.wikiquote.org/wiki/%D7%9E%D7%99%D7%9B%D7%9C_%D7%A8%D7%95%D7%96%D7%99%D7%9F; https://www.mekomit.co.il/%D7%9E%D7%99%D7%9B%D7%9C-%D7%A8%D7%95%D7%96%D7%99%D7%9F/; https://oknesset.org/meetings/2/1/2166007.html; https://video.tau.ac.il/events/index.php?Itemid=560&id=4289%3Abetween-separation-and-cooperation-06&option=com_k2&view=item","72","רוזין ממסגרת את המשבר סביב זכויות, שוויון וצביון המדינה ולא רק סביב אדם מסוים."
"מיכל רוזין","דעות","דמוקרטיה, משילות ותיקון מוסדות המדינה","D-003","נכונות למאבק ציבורי חריף כאשר מוסדות המדינה נתפסים כמאוימים","supports","https://hagush.org.il/candidates.html; https://he.wikiquote.org/wiki/%D7%9E%D7%99%D7%9B%D7%9C_%D7%A8%D7%95%D7%96%D7%99%D7%9F; https://www.mekomit.co.il/%D7%9E%D7%99%D7%9B%D7%9C-%D7%A8%D7%95%D7%96%D7%99%D7%9F/; https://oknesset.org/meetings/2/1/2166007.html; https://video.tau.ac.il/events/index.php?Itemid=560&id=4289%3Abetween-separation-and-cooperation-06&option=com_k2&view=item","70","פעילותה הציבורית והפרלמנטרית בזכויות אדם ונשים מצביעה על נכונות למאבק כאשר מוסדות וזכויות מאוימים."
"מיכל רוזין","דעות","דמוקרטיה, משילות ותיקון מוסדות המדינה","D-004","העדפה לשיקום ממלכתי, זהיר ומוסדי של המדינה לאחר המשבר","supports","https://hagush.org.il/candidates.html; https://he.wikiquote.org/wiki/%D7%9E%D7%99%D7%9B%D7%9C_%D7%A8%D7%95%D7%96%D7%99%D7%9F; https://www.mekomit.co.il/%D7%9E%D7%99%D7%9B%D7%9C-%D7%A8%D7%95%D7%96%D7%99%D7%9F/; https://oknesset.org/meetings/2/1/2166007.html; https://video.tau.ac.il/events/index.php?Itemid=560&id=4289%3Abetween-separation-and-cooperation-06&option=com_k2&view=item","68","ניסיונה הפרלמנטרי מעיד על העדפה לפעולה מוסדית ושיקום דרך חקיקה וועדות."
"מיכל רוזין","דעות","דמוקרטיה, משילות ותיקון מוסדות המדינה","D-005","תמיכה בשיתוף ציבור, דמוקרטיה פנימית ושקיפות בתוך המפלגה ובמערכת הפוליטית","supports","https://hagush.org.il/candidates.html; https://he.wikiquote.org/wiki/%D7%9E%D7%99%D7%9B%D7%9C_%D7%A8%D7%95%D7%96%D7%99%D7%9F; https://www.mekomit.co.il/%D7%9E%D7%99%D7%9B%D7%9C-%D7%A8%D7%95%D7%96%D7%99%D7%9F/; https://oknesset.org/meetings/2/1/2166007.html; https://video.tau.ac.il/events/index.php?Itemid=560&id=4289%3Abetween-separation-and-cooperation-06&option=com_k2&view=item","70","כהונתה בראשות סיעת מרצ ובהנהלת מרצ נותנת בסיס לתמיכה במנגנונים מפלגתיים ומוסדיים."
"מיכל רוזין","דעות","דמוקרטיה, משילות ותיקון מוסדות המדינה","D-006","נכונות להגביל כוח שלטוני גם כאשר הכוח נמצא בידי המחנה הקרוב אידיאולוגית","supports","https://hagush.org.il/candidates.html; https://he.wikiquote.org/wiki/%D7%9E%D7%99%D7%9B%D7%9C_%D7%A8%D7%95%D7%96%D7%99%D7%9F; https://www.mekomit.co.il/%D7%9E%D7%99%D7%9B%D7%9C-%D7%A8%D7%95%D7%96%D7%99%D7%9F/; https://oknesset.org/meetings/2/1/2166007.html; https://video.tau.ac.il/events/index.php?Itemid=560&id=4289%3Abetween-separation-and-cooperation-06&option=com_k2&view=item","82","פעילותה סביב זכויות אדם ושוויון תומכת בהגבלת כוח שלטוני גם כשנוח פוליטית."
"מיכל רוזין","דעות","יחס למחנה השני ויכולת גישור","D-007","ראיית מצביעי המחנה השני כיריבים פוליטיים לגיטימיים ולא כאויבים","supports","https://hagush.org.il/candidates.html; https://he.wikiquote.org/wiki/%D7%9E%D7%99%D7%9B%D7%9C_%D7%A8%D7%95%D7%96%D7%99%D7%9F; https://www.mekomit.co.il/%D7%9E%D7%99%D7%9B%D7%9C-%D7%A8%D7%95%D7%96%D7%99%D7%9F/; https://oknesset.org/meetings/2/1/2166007.html; https://video.tau.ac.il/events/index.php?Itemid=560&id=4289%3Abetween-separation-and-cooperation-06&option=com_k2&view=item","70","בריאיון הדגישה שצריך לפעול גם לצד חרדים ולשנות תדמית, ולא לפסול קהלים שלמים."
"מיכל רוזין","דעות","יחס למחנה השני ויכולת גישור","D-008","הבחנה בין הנהגת המחנה השני לבין הציבור הרחב שתומך בה","supports","https://hagush.org.il/candidates.html; https://he.wikiquote.org/wiki/%D7%9E%D7%99%D7%9B%D7%9C_%D7%A8%D7%95%D7%96%D7%99%D7%9F; https://www.mekomit.co.il/%D7%9E%D7%99%D7%9B%D7%9C-%D7%A8%D7%95%D7%96%D7%99%D7%9F/; https://oknesset.org/meetings/2/1/2166007.html; https://video.tau.ac.il/events/index.php?Itemid=560&id=4289%3Abetween-separation-and-cooperation-06&option=com_k2&view=item","70","הבחנתה בין ציבור לבין שאלת צביון ושוויון מעידה על תפיסה שאינה רואה את כל המחנה השני כאויב."
"מיכל רוזין","דעות","יחס למחנה השני ויכולת גישור","D-009","אמונה שאפשר לבנות גשר מחודש בין המחנה הדמוקרטי־ליברלי לבין חלקים מהימין המסורתי","supports","https://hagush.org.il/candidates.html; https://he.wikiquote.org/wiki/%D7%9E%D7%99%D7%9B%D7%9C_%D7%A8%D7%95%D7%96%D7%99%D7%9F; https://www.mekomit.co.il/%D7%9E%D7%99%D7%9B%D7%9C-%D7%A8%D7%95%D7%96%D7%99%D7%9F/; https://oknesset.org/meetings/2/1/2166007.html; https://video.tau.ac.il/events/index.php?Itemid=560&id=4289%3Abetween-separation-and-cooperation-06&option=com_k2&view=item","60","יש בסיס לשיח עם חרדים ולחיבור רחב יותר, אך פחות נמצא דגש על ימין מסורתי."
"מיכל רוזין","דעות","יחס למחנה השני ויכולת גישור","D-010","העדפה להכרעה פוליטית ברורה על פני פיוס מוקדם עם המחנה השני","mixed","https://hagush.org.il/candidates.html; https://he.wikiquote.org/wiki/%D7%9E%D7%99%D7%9B%D7%9C_%D7%A8%D7%95%D7%96%D7%99%D7%9F; https://www.mekomit.co.il/%D7%9E%D7%99%D7%9B%D7%9C-%D7%A8%D7%95%D7%96%D7%99%D7%9F/; https://oknesset.org/meetings/2/1/2166007.html; https://video.tau.ac.il/events/index.php?Itemid=560&id=4289%3Abetween-separation-and-cooperation-06&option=com_k2&view=item","50","היא אידיאולוגית ברורה בזכויות, אך גם פרגמטית לגבי קהלים; לכן Mixed."
"מיכל רוזין","דעות","יחס למחנה השני ויכולת גישור","D-011","נכונות לשיח עם דתיים, מסורתיים, חרדים וימנים גם כאשר קיימת מחלוקת ערכית עמוקה","supports","https://hagush.org.il/candidates.html; https://he.wikiquote.org/wiki/%D7%9E%D7%99%D7%9B%D7%9C_%D7%A8%D7%95%D7%96%D7%99%D7%9F; https://www.mekomit.co.il/%D7%9E%D7%99%D7%9B%D7%9C-%D7%A8%D7%95%D7%96%D7%99%D7%9F/; https://oknesset.org/meetings/2/1/2166007.html; https://video.tau.ac.il/events/index.php?Itemid=560&id=4289%3Abetween-separation-and-cooperation-06&option=com_k2&view=item","74","נמצא בסיס מפורש לשיח עם חרדים ולצורך בשינוי תדמית של מרצ מול קהלים אחרים."
"מיכל רוזין","דעות","יחס למחנה השני ויכולת גישור","D-012","ראיית חלק מהמחנה השני כשותף עתידי אפשרי לשיקום המדינה לאחר עידן נתניהו","supports","https://hagush.org.il/candidates.html; https://he.wikiquote.org/wiki/%D7%9E%D7%99%D7%9B%D7%9C_%D7%A8%D7%95%D7%96%D7%99%D7%9F; https://www.mekomit.co.il/%D7%9E%D7%99%D7%9B%D7%9C-%D7%A8%D7%95%D7%96%D7%99%D7%9F/; https://oknesset.org/meetings/2/1/2166007.html; https://video.tau.ac.il/events/index.php?Itemid=560&id=4289%3Abetween-separation-and-cooperation-06&option=com_k2&view=item","58","יש בסיס חלקי לראיית קהלים מחוץ למחנה כשותפים לשיקום, אך לא מצע מפורט."
"מיכל רוזין","דעות","שסעים פנימיים בחברה היהודית","D-013","ראיית השסע העדתי והפריפריאלי כמרכיב מרכזי במשבר הפוליטי בישראל","mixed","https://hagush.org.il/candidates.html; https://he.wikiquote.org/wiki/%D7%9E%D7%99%D7%9B%D7%9C_%D7%A8%D7%95%D7%96%D7%99%D7%9F; https://www.mekomit.co.il/%D7%9E%D7%99%D7%9B%D7%9C-%D7%A8%D7%95%D7%96%D7%99%D7%9F/; https://oknesset.org/meetings/2/1/2166007.html; https://video.tau.ac.il/events/index.php?Itemid=560&id=4289%3Abetween-separation-and-cooperation-06&option=com_k2&view=item","55","היא דנה בשוויון ובאפליה, כולל יוצאי אתיופיה ומבקשי מקלט, אך לא בהכרח בשסע העדתי־פריפריאלי כמרכזי."
"מיכל רוזין","דעות","שסעים פנימיים בחברה היהודית","D-014","נכונות לדבר עם מצביעים מזרחים, מסורתיים ופריפריאליים בשפה שאינה מתנשאת ואינה רק ליברלית־אשכנזית","supports","https://hagush.org.il/candidates.html; https://he.wikiquote.org/wiki/%D7%9E%D7%99%D7%9B%D7%9C_%D7%A8%D7%95%D7%96%D7%99%D7%9F; https://www.mekomit.co.il/%D7%9E%D7%99%D7%9B%D7%9C-%D7%A8%D7%95%D7%96%D7%99%D7%9F/; https://oknesset.org/meetings/2/1/2166007.html; https://video.tau.ac.il/events/index.php?Itemid=560&id=4289%3Abetween-separation-and-cooperation-06&option=com_k2&view=item","58","נכונותה לשנות תדמית ולדבר עם קהלים שאינם מרצ הקלאסית תומכת בכך חלקית."
"מיכל רוזין","דעות","שסעים פנימיים בחברה היהודית","D-015","ראיית השסע הדתי־חילוני כאיום מרכזי על הלכידות של החברה היהודית בישראל","supports","https://hagush.org.il/candidates.html; https://he.wikiquote.org/wiki/%D7%9E%D7%99%D7%9B%D7%9C_%D7%A8%D7%95%D7%96%D7%99%D7%9F; https://www.mekomit.co.il/%D7%9E%D7%99%D7%9B%D7%9C-%D7%A8%D7%95%D7%96%D7%99%D7%9F/; https://oknesset.org/meetings/2/1/2166007.html; https://video.tau.ac.il/events/index.php?Itemid=560&id=4289%3Abetween-separation-and-cooperation-06&option=com_k2&view=item","70","מרצ ורוזין עוסקות בשאלת צביון המדינה, זכויות ושוויון מול דת ומדינה."
"מיכל רוזין","דעות","שסעים פנימיים בחברה היהודית","D-016","תמיכה בבניית ברית חדשה בין ליברלים, מסורתיים, דתיים מתונים ופריפריה חברתית","supports","https://hagush.org.il/candidates.html; https://he.wikiquote.org/wiki/%D7%9E%D7%99%D7%9B%D7%9C_%D7%A8%D7%95%D7%96%D7%99%D7%9F; https://www.mekomit.co.il/%D7%9E%D7%99%D7%9B%D7%9C-%D7%A8%D7%95%D7%96%D7%99%D7%9F/; https://oknesset.org/meetings/2/1/2166007.html; https://video.tau.ac.il/events/index.php?Itemid=560&id=4289%3Abetween-separation-and-cooperation-06&option=com_k2&view=item","62","שיח עם חרדים ושוויון אזרחי נותנים בסיס לברית רחבה יותר."
"מיכל רוזין","דעות","שסעים פנימיים בחברה היהודית","D-017","ביקורת על מחנה המרכז־שמאל כאשר הוא נתפס כמנותק, אליטיסטי או חסר רגישות לפריפריה","supports","https://hagush.org.il/candidates.html; https://he.wikiquote.org/wiki/%D7%9E%D7%99%D7%9B%D7%9C_%D7%A8%D7%95%D7%96%D7%99%D7%9F; https://www.mekomit.co.il/%D7%9E%D7%99%D7%9B%D7%9C-%D7%A8%D7%95%D7%96%D7%99%D7%9F/; https://oknesset.org/meetings/2/1/2166007.html; https://video.tau.ac.il/events/index.php?Itemid=560&id=4289%3Abetween-separation-and-cooperation-06&option=com_k2&view=item","60","בריאיון על מרצ הוצגה הבנה שצריך לשנות תדמית ולפעול מול קהלים שאינם מזהים את מרצ."
"מיכל רוזין","דעות","שסעים פנימיים בחברה היהודית","D-018","העדפה לתיקון יחסי מרכז־פריפריה כחלק מבניית מחנה דמוקרטי רחב","mixed","https://hagush.org.il/candidates.html; https://he.wikiquote.org/wiki/%D7%9E%D7%99%D7%9B%D7%9C_%D7%A8%D7%95%D7%96%D7%99%D7%9F; https://www.mekomit.co.il/%D7%9E%D7%99%D7%9B%D7%9C-%D7%A8%D7%95%D7%96%D7%99%D7%9F/; https://oknesset.org/meetings/2/1/2166007.html; https://video.tau.ac.il/events/index.php?Itemid=560&id=4289%3Abetween-separation-and-cooperation-06&option=com_k2&view=item","55","יש עיסוק בשוויון ואפליה, אך לא מקור ממוקד על מרכז־פריפריה."
"מיכל רוזין","דעות","מדינה יהודית ודמוקרטית, דת ומדינה","D-019","העדפה לזהות ישראלית שבה הרכיב הדמוקרטי קודם לרכיב הדתי־לאומי כאשר יש התנגשות ביניהם","supports","https://hagush.org.il/candidates.html; https://he.wikiquote.org/wiki/%D7%9E%D7%99%D7%9B%D7%9C_%D7%A8%D7%95%D7%96%D7%99%D7%9F; https://www.mekomit.co.il/%D7%9E%D7%99%D7%9B%D7%9C-%D7%A8%D7%95%D7%96%D7%99%D7%9F/; https://oknesset.org/meetings/2/1/2166007.html; https://video.tau.ac.il/events/index.php?Itemid=560&id=4289%3Abetween-separation-and-cooperation-06&option=com_k2&view=item","82","רוזין מציבה זכויות אדם ושוויון כמרכיבים מרכזיים בצביון המדינה."
"מיכל רוזין","דעות","מדינה יהודית ודמוקרטית, דת ומדינה","D-020","העדפה לזהות ישראלית שבה היהדות היא מקור תרבותי וערכי, אך אינה צריכה לשלוט במוסדות המדינה","supports","https://hagush.org.il/candidates.html; https://he.wikiquote.org/wiki/%D7%9E%D7%99%D7%9B%D7%9C_%D7%A8%D7%95%D7%96%D7%99%D7%9F; https://www.mekomit.co.il/%D7%9E%D7%99%D7%9B%D7%9C-%D7%A8%D7%95%D7%96%D7%99%D7%9F/; https://oknesset.org/meetings/2/1/2166007.html; https://video.tau.ac.il/events/index.php?Itemid=560&id=4289%3Abetween-separation-and-cooperation-06&option=com_k2&view=item","76","היא מתארת ציונות חילונית־ליברלית עם דגש על שוויון, הוגנות וזכויות אדם."
"מיכל רוזין","דעות","מדינה יהודית ודמוקרטית, דת ומדינה","D-021","תמיכה בהפרדה ברורה יותר בין סמכות דתית לבין סמכות מדינתית","supports","https://hagush.org.il/candidates.html; https://he.wikiquote.org/wiki/%D7%9E%D7%99%D7%9B%D7%9C_%D7%A8%D7%95%D7%96%D7%99%D7%9F; https://www.mekomit.co.il/%D7%9E%D7%99%D7%9B%D7%9C-%D7%A8%D7%95%D7%96%D7%99%D7%9F/; https://oknesset.org/meetings/2/1/2166007.html; https://video.tau.ac.il/events/index.php?Itemid=560&id=4289%3Abetween-separation-and-cooperation-06&option=com_k2&view=item","80","הרקע במרצ והדיבור על דיני אישות/פלורליזם תומכים בהפרדת סמכות דתית ומדינתית."
"מיכל רוזין","דעות","מדינה יהודית ודמוקרטית, דת ומדינה","D-022","נכונות לשמר מרכיבים יהודיים־מסורתיים במרחב הציבורי כדי לאפשר שותפות עם ציבור מסורתי ודתי","mixed","https://hagush.org.il/candidates.html; https://he.wikiquote.org/wiki/%D7%9E%D7%99%D7%9B%D7%9C_%D7%A8%D7%95%D7%96%D7%99%D7%9F; https://www.mekomit.co.il/%D7%9E%D7%99%D7%9B%D7%9C-%D7%A8%D7%95%D7%96%D7%99%D7%9F/; https://oknesset.org/meetings/2/1/2166007.html; https://video.tau.ac.il/events/index.php?Itemid=560&id=4289%3Abetween-separation-and-cooperation-06&option=com_k2&view=item","55","היא מכירה בצורך בשייכות יהודית, אך לא מציגה כפיפות דתית למדינה."
"מיכל רוזין","דעות","מדינה יהודית ודמוקרטית, דת ומדינה","D-023","התנגדות לכפייה דתית בנושאי נישואין, שבת, חינוך, מעמד אישי או שירות ציבורי","supports","https://hagush.org.il/candidates.html; https://he.wikiquote.org/wiki/%D7%9E%D7%99%D7%9B%D7%9C_%D7%A8%D7%95%D7%96%D7%99%D7%9F; https://www.mekomit.co.il/%D7%9E%D7%99%D7%9B%D7%9C-%D7%A8%D7%95%D7%96%D7%99%D7%9F/; https://oknesset.org/meetings/2/1/2166007.html; https://video.tau.ac.il/events/index.php?Itemid=560&id=4289%3Abetween-separation-and-cooperation-06&option=com_k2&view=item","78","הקו של מרצ ורוזין תומך בהתנגדות לכפייה דתית ובזכויות אזרח."
"מיכל רוזין","דעות","מדינה יהודית ודמוקרטית, דת ומדינה","D-024","תמיכה בשוויון חובות אזרחיות בין קבוצות, כולל שאלת גיוס חרדים או שירות אזרחי","supports","https://hagush.org.il/candidates.html; https://he.wikiquote.org/wiki/%D7%9E%D7%99%D7%9B%D7%9C_%D7%A8%D7%95%D7%96%D7%99%D7%9F; https://www.mekomit.co.il/%D7%9E%D7%99%D7%9B%D7%9C-%D7%A8%D7%95%D7%96%D7%99%D7%9F/; https://oknesset.org/meetings/2/1/2166007.html; https://video.tau.ac.il/events/index.php?Itemid=560&id=4289%3Abetween-separation-and-cooperation-06&option=com_k2&view=item","74","הדגש על שוויון אזרחי וזכויות תומך בשוויון חובות וזכויות בין קבוצות."
"מיכל רוזין","דעות","הפרדה, גישור או שתי מדינות לעם היהודי","D-025","אמונה שהפער בין ישראל ליברלית לבין ישראל שמרנית־דתית עדיין ניתן לגישור פוליטי וחברתי","supports","https://hagush.org.il/candidates.html; https://he.wikiquote.org/wiki/%D7%9E%D7%99%D7%9B%D7%9C_%D7%A8%D7%95%D7%96%D7%99%D7%9F; https://www.mekomit.co.il/%D7%9E%D7%99%D7%9B%D7%9C-%D7%A8%D7%95%D7%96%D7%99%D7%9F/; https://oknesset.org/meetings/2/1/2166007.html; https://video.tau.ac.il/events/index.php?Itemid=560&id=4289%3Abetween-separation-and-cooperation-06&option=com_k2&view=item","62","נכונותה לשיח עם חרדים ולציונות ליברלית תומכת בגישור, אם כי לא כציר יחיד."
"מיכל רוזין","דעות","הפרדה, גישור או שתי מדינות לעם היהודי","D-026","ראיית הפער בין המחנות כעמוק עד כדי צורך בהסדרים של אוטונומיה, ביזור או הפרדה חלקית","unknown","לא נמצא מקור מספיק","0","לא נמצא מקור לתמיכה בהפרדה פנימית או אוטונומיה בין מחנות."
"מיכל רוזין","דעות","הפרדה, גישור או שתי מדינות לעם היהודי","D-027","תמיכה בביזור סמכויות לשלטון מקומי כדי לאפשר לקהילות שונות לחיות לפי אורחות חיים שונים","mixed","https://hagush.org.il/candidates.html; https://he.wikiquote.org/wiki/%D7%9E%D7%99%D7%9B%D7%9C_%D7%A8%D7%95%D7%96%D7%99%D7%9F; https://www.mekomit.co.il/%D7%9E%D7%99%D7%9B%D7%9C-%D7%A8%D7%95%D7%96%D7%99%D7%9F/; https://oknesset.org/meetings/2/1/2166007.html; https://video.tau.ac.il/events/index.php?Itemid=560&id=4289%3Abetween-separation-and-cooperation-06&option=com_k2&view=item","50","לא נמצא דגש על ביזור לשלטון מקומי; יש ניסיון מוסדי כללי."
"מיכל רוזין","דעות","הפרדה, גישור או שתי מדינות לעם היהודי","D-028","התנגדות לרעיון של שתי מדינות לעם היהודי והעדפה למאבק על מסגרת מדינתית אחת משותפת","supports","https://hagush.org.il/candidates.html; https://he.wikiquote.org/wiki/%D7%9E%D7%99%D7%9B%D7%9C_%D7%A8%D7%95%D7%96%D7%99%D7%9F; https://www.mekomit.co.il/%D7%9E%D7%99%D7%9B%D7%9C-%D7%A8%D7%95%D7%96%D7%99%D7%9F/; https://oknesset.org/meetings/2/1/2166007.html; https://video.tau.ac.il/events/index.php?Itemid=560&id=4289%3Abetween-separation-and-cooperation-06&option=com_k2&view=item","68","היא תומכת בקיום מדינה יהודית־דמוקרטית ואינה מציגה רעיון הפרדה פנימית לעם היהודי."
"מיכל רוזין","דעות","הפרדה, גישור או שתי מדינות לעם היהודי","D-029","פתיחות לרעיון של הסדרים פנימיים חדשים בין חילונים, דתיים, חרדים, מסורתיים וליברלים","supports","https://hagush.org.il/candidates.html; https://he.wikiquote.org/wiki/%D7%9E%D7%99%D7%9B%D7%9C_%D7%A8%D7%95%D7%96%D7%99%D7%9F; https://www.mekomit.co.il/%D7%9E%D7%99%D7%9B%D7%9C-%D7%A8%D7%95%D7%96%D7%99%D7%9F/; https://oknesset.org/meetings/2/1/2166007.html; https://video.tau.ac.il/events/index.php?Itemid=560&id=4289%3Abetween-separation-and-cooperation-06&option=com_k2&view=item","60","הכרה בצורך בשייכות, שיח עם חרדים וזכויות מאפשרת פתיחות להסדרים פנימיים חדשים."
"מיכל רוזין","דעות","הפרדה, גישור או שתי מדינות לעם היהודי","D-030","ראיית המשבר הישראלי לא רק כמאבק ימין־שמאל אלא כמאבק בין מודלים שונים של חיים משותפים","supports","https://hagush.org.il/candidates.html; https://he.wikiquote.org/wiki/%D7%9E%D7%99%D7%9B%D7%9C_%D7%A8%D7%95%D7%96%D7%99%D7%9F; https://www.mekomit.co.il/%D7%9E%D7%99%D7%9B%D7%9C-%D7%A8%D7%95%D7%96%D7%99%D7%9F/; https://oknesset.org/meetings/2/1/2166007.html; https://video.tau.ac.il/events/index.php?Itemid=560&id=4289%3Abetween-separation-and-cooperation-06&option=com_k2&view=item","74","היא ממסגרת את הוויכוח סביב צביון המדינה, שוויון וזכויות ולא רק שמאל־ימין."
"מיכל רוזין","דעות","יהודים־ערבים, שוויון אזרחי וחיים משותפים","D-031","ראיית אזרחי ישראל הערבים כחלק מלא מהדיון על עתיד המדינה ולא כעניין נפרד או משני","supports","https://hagush.org.il/candidates.html; https://he.wikiquote.org/wiki/%D7%9E%D7%99%D7%9B%D7%9C_%D7%A8%D7%95%D7%96%D7%99%D7%9F; https://www.mekomit.co.il/%D7%9E%D7%99%D7%9B%D7%9C-%D7%A8%D7%95%D7%96%D7%99%D7%9F/; https://oknesset.org/meetings/2/1/2166007.html; https://video.tau.ac.il/events/index.php?Itemid=560&id=4289%3Abetween-separation-and-cooperation-06&option=com_k2&view=item","82","עבודתה עם מבקשי מקלט וזכויות אדם מצביעה על ראיית מיעוטים כחלק מלא מהדיון."
"מיכל רוזין","דעות","יהודים־ערבים, שוויון אזרחי וחיים משותפים","D-032","תמיכה בשוויון אזרחי גם כאשר הוא מחייב שינוי בחוקים, סמלים או חלוקת משאבים","supports","https://hagush.org.il/candidates.html; https://he.wikiquote.org/wiki/%D7%9E%D7%99%D7%9B%D7%9C_%D7%A8%D7%95%D7%96%D7%99%D7%9F; https://www.mekomit.co.il/%D7%9E%D7%99%D7%9B%D7%9C-%D7%A8%D7%95%D7%96%D7%99%D7%9F/; https://oknesset.org/meetings/2/1/2166007.html; https://video.tau.ac.il/events/index.php?Itemid=560&id=4289%3Abetween-separation-and-cooperation-06&option=com_k2&view=item","88","פעילותה לעיגון שוויון וזכויות אדם בחקיקה היא בסיס חזק לתמיכה בשוויון אזרחי."
"מיכל רוזין","דעות","יהודים־ערבים, שוויון אזרחי וחיים משותפים","D-033","תמיכה בשותפות פוליטית יהודית־ערבית כחלק מבניית מחנה דמוקרטי רחב","supports","https://hagush.org.il/candidates.html; https://he.wikiquote.org/wiki/%D7%9E%D7%99%D7%9B%D7%9C_%D7%A8%D7%95%D7%96%D7%99%D7%9F; https://www.mekomit.co.il/%D7%9E%D7%99%D7%9B%D7%9C-%D7%A8%D7%95%D7%96%D7%99%D7%9F/; https://oknesset.org/meetings/2/1/2166007.html; https://video.tau.ac.il/events/index.php?Itemid=560&id=4289%3Abetween-separation-and-cooperation-06&option=com_k2&view=item","76","רקע מרצ וזכויות אדם תומך בשותפות פוליטית יהודית־ערבית."
"מיכל רוזין","דעות","יהודים־ערבים, שוויון אזרחי וחיים משותפים","D-034","העדפה לשילוב אזרחים ערבים במוקדי קבלת החלטות, כולל בתחומים מדיניים וביטחוניים","supports","https://hagush.org.il/candidates.html; https://he.wikiquote.org/wiki/%D7%9E%D7%99%D7%9B%D7%9C_%D7%A8%D7%95%D7%96%D7%99%D7%9F; https://www.mekomit.co.il/%D7%9E%D7%99%D7%9B%D7%9C-%D7%A8%D7%95%D7%96%D7%99%D7%9F/; https://oknesset.org/meetings/2/1/2166007.html; https://video.tau.ac.il/events/index.php?Itemid=560&id=4289%3Abetween-separation-and-cooperation-06&option=com_k2&view=item","68","עמדותיה על זכויות ושוויון תומכות בשילוב מיעוטים במוקדי החלטה, אם כי לא נמצא פירוט ביטחוני."
"מיכל רוזין","דעות","יהודים־ערבים, שוויון אזרחי וחיים משותפים","D-035","התנגדות לגזענות, הדרה או דה־לגיטימציה של הציבור הערבי בישראל","supports","https://hagush.org.il/candidates.html; https://he.wikiquote.org/wiki/%D7%9E%D7%99%D7%9B%D7%9C_%D7%A8%D7%95%D7%96%D7%99%D7%9F; https://www.mekomit.co.il/%D7%9E%D7%99%D7%9B%D7%9C-%D7%A8%D7%95%D7%96%D7%99%D7%9F/; https://oknesset.org/meetings/2/1/2166007.html; https://video.tau.ac.il/events/index.php?Itemid=560&id=4289%3Abetween-separation-and-cooperation-06&option=com_k2&view=item","88","פעילותה נגד אפליה, למבקשי מקלט ולזכויות נשים מעידה על התנגדות להדרה וגזענות."
"מיכל רוזין","דעות","יהודים־ערבים, שוויון אזרחי וחיים משותפים","D-036","הכרה בכך שחיים משותפים מחייבים גם התמודדות עם פחדים, טראומות וחוסר אמון בשני הצדדים","supports","https://hagush.org.il/candidates.html; https://he.wikiquote.org/wiki/%D7%9E%D7%99%D7%9B%D7%9C_%D7%A8%D7%95%D7%96%D7%99%D7%9F; https://www.mekomit.co.il/%D7%9E%D7%99%D7%9B%D7%9C-%D7%A8%D7%95%D7%96%D7%99%D7%9F/; https://oknesset.org/meetings/2/1/2166007.html; https://video.tau.ac.il/events/index.php?Itemid=560&id=4289%3Abetween-separation-and-cooperation-06&option=com_k2&view=item","70","ההכרה בזכויות קולקטיביות ואישיות ובפגיעות היסטוריות מצביעה על הבנת פחדים וחוסר אמון."
"מיכל רוזין","דעות","ביטחון, פלסטינים והסדר מדיני","D-037","תמיכה בנתיב מדיני ארוך טווח מול הפלסטינים, גם לאחר שבעה באוקטובר","supports","https://hagush.org.il/candidates.html; https://he.wikiquote.org/wiki/%D7%9E%D7%99%D7%9B%D7%9C_%D7%A8%D7%95%D7%96%D7%99%D7%9F; https://www.mekomit.co.il/%D7%9E%D7%99%D7%9B%D7%9C-%D7%A8%D7%95%D7%96%D7%99%D7%9F/; https://oknesset.org/meetings/2/1/2166007.html; https://video.tau.ac.il/events/index.php?Itemid=560&id=4289%3Abetween-separation-and-cooperation-06&option=com_k2&view=item","78","השתתפותה בדיון שתי מדינות והקו של מרצ נותנים בסיס לנתיב מדיני ארוך טווח."
"מיכל רוזין","דעות","ביטחון, פלסטינים והסדר מדיני","D-038","העדפה להיפרדות מדינית וביטחונית מהפלסטינים כדי לשמור על ישראל יהודית ודמוקרטית","supports","https://hagush.org.il/candidates.html; https://he.wikiquote.org/wiki/%D7%9E%D7%99%D7%9B%D7%9C_%D7%A8%D7%95%D7%96%D7%99%D7%9F; https://www.mekomit.co.il/%D7%9E%D7%99%D7%9B%D7%9C-%D7%A8%D7%95%D7%96%D7%99%D7%9F/; https://oknesset.org/meetings/2/1/2166007.html; https://video.tau.ac.il/events/index.php?Itemid=560&id=4289%3Abetween-separation-and-cooperation-06&option=com_k2&view=item","76","היא דיברה על היפרדות מהפלסטינים למען בית לעם היהודי."
"מיכל רוזין","דעות","ביטחון, פלסטינים והסדר מדיני","D-039","תמיכה בפתרון שתי מדינות או במודל קרוב לו כיעד אסטרטגי","supports","https://hagush.org.il/candidates.html; https://he.wikiquote.org/wiki/%D7%9E%D7%99%D7%9B%D7%9C_%D7%A8%D7%95%D7%96%D7%99%D7%9F; https://www.mekomit.co.il/%D7%9E%D7%99%D7%9B%D7%9C-%D7%A8%D7%95%D7%96%D7%99%D7%9F/; https://oknesset.org/meetings/2/1/2166007.html; https://video.tau.ac.il/events/index.php?Itemid=560&id=4289%3Abetween-separation-and-cooperation-06&option=com_k2&view=item","84","מקורות מצביעים על תמיכה במודלים של שתי מדינות לשני עמים."
"מיכל רוזין","דעות","ביטחון, פלסטינים והסדר מדיני","D-040","פתיחות למודלים מדיניים מורכבים כגון קונפדרציה, גבולות פתוחים או הסדר אזורי","mixed","https://hagush.org.il/candidates.html; https://he.wikiquote.org/wiki/%D7%9E%D7%99%D7%9B%D7%9C_%D7%A8%D7%95%D7%96%D7%99%D7%9F; https://www.mekomit.co.il/%D7%9E%D7%99%D7%9B%D7%9C-%D7%A8%D7%95%D7%96%D7%99%D7%9F/; https://oknesset.org/meetings/2/1/2166007.html; https://video.tau.ac.il/events/index.php?Itemid=560&id=4289%3Abetween-separation-and-cooperation-06&option=com_k2&view=item","60","השתתפה בדיון בין הפרדה לשותפות ומודלים להסדר קבע, אך לא נמצא מודל מורכב אחד מועדף."
"מיכל רוזין","דעות","ביטחון, פלסטינים והסדר מדיני","D-041","התנגדות להמשך שליטה ישראלית קבועה על אוכלוסייה פלסטינית ללא זכויות אזר מלאות","supports","https://hagush.org.il/candidates.html; https://he.wikiquote.org/wiki/%D7%9E%D7%99%D7%9B%D7%9C_%D7%A8%D7%95%D7%96%D7%99%D7%9F; https://www.mekomit.co.il/%D7%9E%D7%99%D7%9B%D7%9C-%D7%A8%D7%95%D7%96%D7%99%D7%9F/; https://oknesset.org/meetings/2/1/2166007.html; https://video.tau.ac.il/events/index.php?Itemid=560&id=4289%3Abetween-separation-and-cooperation-06&option=com_k2&view=item","82","עמדותיה על זכויות אדם והכרה בפגיעה בזכויות הפלסטינים תומכות בהתנגדות לשליטה ללא זכויות."
"מיכל רוזין","דעות","ביטחון, פלסטינים והסדר מדיני","D-042","ראיית הסדר אזורי עם מדינות ערביות מתונות כחלק מרכזי מהעתיד הביטחוני של ישראל","mixed","https://hagush.org.il/candidates.html; https://he.wikiquote.org/wiki/%D7%9E%D7%99%D7%9B%D7%9C_%D7%A8%D7%95%D7%96%D7%99%D7%9F; https://www.mekomit.co.il/%D7%9E%D7%99%D7%9B%D7%9C-%D7%A8%D7%95%D7%96%D7%99%D7%9F/; https://oknesset.org/meetings/2/1/2166007.html; https://video.tau.ac.il/events/index.php?Itemid=560&id=4289%3Abetween-separation-and-cooperation-06&option=com_k2&view=item","55","יש קו מדיני שמאלי, אך לא מקור מספיק על הסדר אזורי עם מדינות ערביות."
"מיכל רוזין","דעות","שבעה באוקטובר, אחריות, חטופים וזיכרון לאומי","D-043","ראיית שבעה באוקטובר כאירוע שמחייב חשבון נפש מדינתי, מוסדי וחברתי עמוק","mixed","https://hagush.org.il/candidates.html; https://he.wikiquote.org/wiki/%D7%9E%D7%99%D7%9B%D7%9C_%D7%A8%D7%95%D7%96%D7%99%D7%9F; https://www.mekomit.co.il/%D7%9E%D7%99%D7%9B%D7%9C-%D7%A8%D7%95%D7%96%D7%99%D7%9F/; https://oknesset.org/meetings/2/1/2166007.html; https://video.tau.ac.il/events/index.php?Itemid=560&id=4289%3Abetween-separation-and-cooperation-06&option=com_k2&view=item","55","כדמות דמוקרטית־מוסדית יש בסיס לחשבון נפש, אך לא נמצא מקור ייעודי על 7.10."
"מיכל רוזין","דעות","שבעה באוקטובר, אחריות, חטופים וזיכרון לאומי","D-044","תמיכה בוועדת חקירה ממלכתית ובאחריות אישית של הדרג המדיני והביטחוני","supports","https://hagush.org.il/candidates.html; https://he.wikiquote.org/wiki/%D7%9E%D7%99%D7%9B%D7%9C_%D7%A8%D7%95%D7%96%D7%99%D7%9F; https://www.mekomit.co.il/%D7%9E%D7%99%D7%9B%D7%9C-%D7%A8%D7%95%D7%96%D7%99%D7%9F/; https://oknesset.org/meetings/2/1/2166007.html; https://video.tau.ac.il/events/index.php?Itemid=560&id=4289%3Abetween-separation-and-cooperation-06&option=com_k2&view=item","70","הקו המוסדי והדמוקרטי תומך באחריות וחקירה ממלכתית, אף שאין מקור ייעודי בשורות שנבדקו."
"מיכל רוזין","דעות","שבעה באוקטובר, אחריות, חטופים וזיכרון לאומי","D-045","ראיית החטופים והמשפחות כסמל מוסרי מרכזי של אחריות המדינה לאזרחיה","unknown","לא נמצא מקור מספיק","0","לא נמצא מקור מספיק על החטופים ומשפחותיהם כציר מרכזי בפעילותה."
"מיכל רוזין","דעות","שבעה באוקטובר, אחריות, חטופים וזיכרון לאומי","D-046","התנגדות לשימוש פוליטי ציני בכאב של משפחות, נפגעים או קהילות שנפגעו במלחמה","mixed","https://hagush.org.il/candidates.html; https://he.wikiquote.org/wiki/%D7%9E%D7%99%D7%9B%D7%9C_%D7%A8%D7%95%D7%96%D7%99%D7%9F; https://www.mekomit.co.il/%D7%9E%D7%99%D7%9B%D7%9C-%D7%A8%D7%95%D7%96%D7%99%D7%9F/; https://oknesset.org/meetings/2/1/2166007.html; https://video.tau.ac.il/events/index.php?Itemid=560&id=4289%3Abetween-separation-and-cooperation-06&option=com_k2&view=item","50","הקו הערכי תומך בכך, אך לא נמצא מקור ישיר."
"מיכל רוזין","דעות","שבעה באוקטובר, אחריות, חטופים וזיכרון לאומי","D-047","תמיכה בשיקום העוטף והקהילות שנפגעו כחלק מהחוזה הבסיסי בין המדינה לאזרחיה","mixed","https://hagush.org.il/candidates.html; https://he.wikiquote.org/wiki/%D7%9E%D7%99%D7%9B%D7%9C_%D7%A8%D7%95%D7%96%D7%99%D7%9F; https://www.mekomit.co.il/%D7%9E%D7%99%D7%9B%D7%9C-%D7%A8%D7%95%D7%96%D7%99%D7%9F/; https://oknesset.org/meetings/2/1/2166007.html; https://video.tau.ac.il/events/index.php?Itemid=560&id=4289%3Abetween-separation-and-cooperation-06&option=com_k2&view=item","50","תפיסת אחריות מדינה תומכת בשיקום, אך לא נמצא מקור ממוקד על העוטף."
"מיכל רוזין","דעות","שבעה באוקטובר, אחריות, חטופים וזיכרון לאומי","D-048","ראיית הטראומה של שבעה באוקטובר כבסיס לבניית מדיניות חדשה, לא רק כהצדקה להמשך מלחמה","mixed","https://hagush.org.il/candidates.html; https://he.wikiquote.org/wiki/%D7%9E%D7%99%D7%9B%D7%9C_%D7%A8%D7%95%D7%96%D7%99%D7%9F; https://www.mekomit.co.il/%D7%9E%D7%99%D7%9B%D7%9C-%D7%A8%D7%95%D7%96%D7%99%D7%9F/; https://oknesset.org/meetings/2/1/2166007.html; https://video.tau.ac.il/events/index.php?Itemid=560&id=4289%3Abetween-separation-and-cooperation-06&option=com_k2&view=item","50","אין מקור מפורט על מדיניות חדשה בעקבות 7.10 מעבר לקו הדמוקרטי הכללי."
"מיכל רוזין","דעות","חברה, כלכלה, רווחה ופריפריה","D-049","הצבת צמצום אי־שוויון חברתי־כלכלי כנושא מרכזי בזהות הפוליטית","supports","https://hagush.org.il/candidates.html; https://he.wikiquote.org/wiki/%D7%9E%D7%99%D7%9B%D7%9C_%D7%A8%D7%95%D7%96%D7%99%D7%9F; https://www.mekomit.co.il/%D7%9E%D7%99%D7%9B%D7%9C-%D7%A8%D7%95%D7%96%D7%99%D7%9F/; https://oknesset.org/meetings/2/1/2166007.html; https://video.tau.ac.il/events/index.php?Itemid=560&id=4289%3Abetween-separation-and-cooperation-06&option=com_k2&view=item","66","עיסוקה בזכויות, מבקשי מקלט ונשים מצביע על רגישות לאי־שוויון חברתי."
"מיכל רוזין","דעות","חברה, כלכלה, רווחה ופריפריה","D-050","תמיכה בהרחבת אחריות המדינה בתחומי דיור, חינוך, בריאות ורווחה","supports","https://hagush.org.il/candidates.html; https://he.wikiquote.org/wiki/%D7%9E%D7%99%D7%9B%D7%9C_%D7%A8%D7%95%D7%96%D7%99%D7%9F; https://www.mekomit.co.il/%D7%9E%D7%99%D7%9B%D7%9C-%D7%A8%D7%95%D7%96%D7%99%D7%9F/; https://oknesset.org/meetings/2/1/2166007.html; https://video.tau.ac.il/events/index.php?Itemid=560&id=4289%3Abetween-separation-and-cooperation-06&option=com_k2&view=item","62","רקע זכויות ורווחה אזרחית תומך בהרחבת אחריות המדינה, אם כי פחות כמוקד כלכלי."
"מיכל רוזין","דעות","חברה, כלכלה, רווחה ופריפריה","D-051","תמיכה בזכויות עובדים, עבודה מאורגנת והגנה על שכבות מוחלשות","supports","https://hagush.org.il/candidates.html; https://he.wikiquote.org/wiki/%D7%9E%D7%99%D7%9B%D7%9C_%D7%A8%D7%95%D7%96%D7%99%D7%9F; https://www.mekomit.co.il/%D7%9E%D7%99%D7%9B%D7%9C-%D7%A8%D7%95%D7%96%D7%99%D7%9F/; https://oknesset.org/meetings/2/1/2166007.html; https://video.tau.ac.il/events/index.php?Itemid=560&id=4289%3Abetween-separation-and-cooperation-06&option=com_k2&view=item","60","הקו הסוציאל־דמוקרטי של מרצ ורקע זכויות תומכים בהגנת שכבות מוחלשות."
"מיכל רוזין","דעות","חברה, כלכלה, רווחה ופריפריה","D-052","ראיית הפריפריה הגיאוגרפית והחברתית כשותפה אסטרטגית ולא כקהל יעד משני","mixed","https://hagush.org.il/candidates.html; https://he.wikiquote.org/wiki/%D7%9E%D7%99%D7%9B%D7%9C_%D7%A8%D7%95%D7%96%D7%99%D7%9F; https://www.mekomit.co.il/%D7%9E%D7%99%D7%9B%D7%9C-%D7%A8%D7%95%D7%96%D7%99%D7%9F/; https://oknesset.org/meetings/2/1/2166007.html; https://video.tau.ac.il/events/index.php?Itemid=560&id=4289%3Abetween-separation-and-cooperation-06&option=com_k2&view=item","50","לא נמצא מקור ממוקד על פריפריה גיאוגרפית־חברתית."
"מיכל רוזין","דעות","חברה, כלכלה, רווחה ופריפריה","D-053","תמיכה בהשקעה ארוכת טווח בנגב, בגליל, בעוטף ובערים מוחלשות","unknown","לא נמצא מקור מספיק","0","לא נמצא מקור מספיק על השקעה ארוכת טווח בנגב, גליל, עוטף וערים מוחלשות."
"מיכל רוזין","דעות","חברה, כלכלה, רווחה ופריפריה","D-054","חיבור בין צדק חברתי לבין בניית מחנה פוליטי חדש ורחב יותר","mixed","https://hagush.org.il/candidates.html; https://he.wikiquote.org/wiki/%D7%9E%D7%99%D7%9B%D7%9C_%D7%A8%D7%95%D7%96%D7%99%D7%9F; https://www.mekomit.co.il/%D7%9E%D7%99%D7%9B%D7%9C-%D7%A8%D7%95%D7%96%D7%99%D7%9F/; https://oknesset.org/meetings/2/1/2166007.html; https://video.tau.ac.il/events/index.php?Itemid=560&id=4289%3Abetween-separation-and-cooperation-06&option=com_k2&view=item","55","זכויות ושוויון מחברים צדק חברתי למחנה רחב, אך לא נמצא ניסוח מפורש."
"מיכל רוזין","דעות","סגנון פשרה, גבולות ויכולת הסכמה","D-055","נכונות לפשרות פוליטיות רחבות כדי לשקם את המדינה גם במחיר ויתור אידיאולוגי חלקי","supports","https://hagush.org.il/candidates.html; https://he.wikiquote.org/wiki/%D7%9E%D7%99%D7%9B%D7%9C_%D7%A8%D7%95%D7%96%D7%99%D7%9F; https://www.mekomit.co.il/%D7%9E%D7%99%D7%9B%D7%9C-%D7%A8%D7%95%D7%96%D7%99%D7%9F/; https://oknesset.org/meetings/2/1/2166007.html; https://video.tau.ac.il/events/index.php?Itemid=560&id=4289%3Abetween-separation-and-cooperation-06&option=com_k2&view=item","62","רוזין מציגה פרגמטיות ויכולת פעולה מוסדית לצד עמדות ערכיות."
"מיכל רוזין","דעות","סגנון פשרה, גבולות ויכולת הסכמה","D-056","הצבת קווים אדומים ברורים שמעליהם אין מקום לפשרה עם יריבים פוליטיים","supports","https://hagush.org.il/candidates.html; https://he.wikiquote.org/wiki/%D7%9E%D7%99%D7%9B%D7%9C_%D7%A8%D7%95%D7%96%D7%99%D7%9F; https://www.mekomit.co.il/%D7%9E%D7%99%D7%9B%D7%9C-%D7%A8%D7%95%D7%96%D7%99%D7%9F/; https://oknesset.org/meetings/2/1/2166007.html; https://video.tau.ac.il/events/index.php?Itemid=560&id=4289%3Abetween-separation-and-cooperation-06&option=com_k2&view=item","76","זכויות נשים, אדם ומבקשי מקלט הן קווים ערכיים ברורים בפעילותה."
"מיכל רוזין","דעות","סגנון פשרה, גבולות ויכולת הסכמה","D-057","העדפה להסכמות רחבות ולאיטיות על פני מהלכים חדים ומהירים","supports","https://hagush.org.il/candidates.html; https://he.wikiquote.org/wiki/%D7%9E%D7%99%D7%9B%D7%9C_%D7%A8%D7%95%D7%96%D7%99%D7%9F; https://www.mekomit.co.il/%D7%9E%D7%99%D7%9B%D7%9C-%D7%A8%D7%95%D7%96%D7%99%D7%9F/; https://oknesset.org/meetings/2/1/2166007.html; https://video.tau.ac.il/events/index.php?Itemid=560&id=4289%3Abetween-separation-and-cooperation-06&option=com_k2&view=item","58","ניסיונה הפרלמנטרי והפרגמטיות מול קהלים אחרים תומכים בהעדפת הסכמות במקרים מסוימים."
"מיכל רוזין","דעות","סגנון פשרה, גבולות ויכולת הסכמה","D-058","העדפה למאבק חד וברור כאשר פשרה נתפסת ככניעה לכוחות אנטי־דמוקרטיים","mixed","https://hagush.org.il/candidates.html; https://he.wikiquote.org/wiki/%D7%9E%D7%99%D7%9B%D7%9C_%D7%A8%D7%95%D7%96%D7%99%D7%9F; https://www.mekomit.co.il/%D7%9E%D7%99%D7%9B%D7%9C-%D7%A8%D7%95%D7%96%D7%99%D7%9F/; https://oknesset.org/meetings/2/1/2166007.html; https://video.tau.ac.il/events/index.php?Itemid=560&id=4289%3Abetween-separation-and-cooperation-06&option=com_k2&view=item","58","היא גם נאבקת ערכית וגם פועלת מוסדית; אין העדפה חד־משמעית למאבק על פני פשרה."
"מיכל רוזין","דעות","סגנון פשרה, גבולות ויכולת הסכמה","D-059","יכולת להבחין בין פשרה עניינית לבין טשטוש ערכי מסוכן","supports","https://hagush.org.il/candidates.html; https://he.wikiquote.org/wiki/%D7%9E%D7%99%D7%9B%D7%9C_%D7%A8%D7%95%D7%96%D7%99%D7%9F; https://www.mekomit.co.il/%D7%9E%D7%99%D7%9B%D7%9C-%D7%A8%D7%95%D7%96%D7%99%D7%9F/; https://oknesset.org/meetings/2/1/2166007.html; https://video.tau.ac.il/events/index.php?Itemid=560&id=4289%3Abetween-separation-and-cooperation-06&option=com_k2&view=item","75","ניסיונה הפרלמנטרי וזכויות האדם מאפשרים הבחנה בין פשרה עניינית לטשטוש ערכים."
"מיכל רוזין","דעות","סגנון פשרה, גבולות ויכולת הסכמה","D-060","נכונות לבנות קואליציות עתידיות עם גורמים שאינם שייכים למחנה הטבעי, אם הם מקבלים כללי משחק דמוקרטיים","supports","https://hagush.org.il/candidates.html; https://he.wikiquote.org/wiki/%D7%9E%D7%99%D7%9B%D7%9C_%D7%A8%D7%95%D7%96%D7%99%D7%9F; https://www.mekomit.co.il/%D7%9E%D7%99%D7%9B%D7%9C-%D7%A8%D7%95%D7%96%D7%99%D7%9F/; https://oknesset.org/meetings/2/1/2166007.html; https://video.tau.ac.il/events/index.php?Itemid=560&id=4289%3Abetween-separation-and-cooperation-06&option=com_k2&view=item","70","היכרותה עם הכנסת, סיעות ומפלגות תומכת בבניית קואליציות תחת כללי משחק דמוקרטיים."
"מיכל רוזין","יכולות","מומחיות מדינית, ביטחונית וממשלית","cap_001","ניסיון ישיר במערכות מדינה בכירות או במוקדי קבלת החלטות","has","https://hagush.org.il/candidates.html; https://he.wikiquote.org/wiki/%D7%9E%D7%99%D7%9B%D7%9C_%D7%A8%D7%95%D7%96%D7%99%D7%9F; https://www.mekomit.co.il/%D7%9E%D7%99%D7%9B%D7%9C-%D7%A8%D7%95%D7%96%D7%99%D7%9F/; https://oknesset.org/meetings/2/1/2166007.html; https://video.tau.ac.il/events/index.php?Itemid=560&id=4289%3Abetween-separation-and-cooperation-06&option=com_k2&view=item","90","כיהנה כח״כית וכיו״ר סיעת מרצ."
"מיכל רוזין","יכולות","מומחיות מדינית, ביטחונית וממשלית","cap_002","הבנה מוכחת של סוגיות מדיניות, ביטחוניות ואזוריות מורכבות","partial","https://hagush.org.il/candidates.html; https://he.wikiquote.org/wiki/%D7%9E%D7%99%D7%9B%D7%9C_%D7%A8%D7%95%D7%96%D7%99%D7%9F; https://www.mekomit.co.il/%D7%9E%D7%99%D7%9B%D7%9C-%D7%A8%D7%95%D7%96%D7%99%D7%9F/; https://oknesset.org/meetings/2/1/2166007.html; https://video.tau.ac.il/events/index.php?Itemid=560&id=4289%3Abetween-separation-and-cooperation-06&option=com_k2&view=item","72","מבינה זכויות, מדיניות אזרחית והסדר מדיני; פחות רקע ביטחוני מקצועי."
"מיכל רוזין","יכולות","מומחיות מדינית, ביטחונית וממשלית","cap_003","ניסיון במשא ומתן, דיאלוג אסטרטגי או קשרים בינלאומיים","partial","https://hagush.org.il/candidates.html; https://he.wikiquote.org/wiki/%D7%9E%D7%99%D7%9B%D7%9C_%D7%A8%D7%95%D7%96%D7%99%D7%9F; https://www.mekomit.co.il/%D7%9E%D7%99%D7%9B%D7%9C-%D7%A8%D7%95%D7%96%D7%99%D7%9F/; https://oknesset.org/meetings/2/1/2166007.html; https://video.tau.ac.il/events/index.php?Itemid=560&id=4289%3Abetween-separation-and-cooperation-06&option=com_k2&view=item","68","ניסיון פרלמנטרי וציבורי בדיאלוג, אך לא קריירה דיפלומטית/בינלאומית."
"מיכל רוזין","יכולות","מומחיות מדינית, ביטחונית וממשלית","cap_004","ניסיון צבאי, מודיעיני או ביטחוני בעל רלוונטיות לעבודה ציבורית","unknown","לא נמצא מקור מספיק","0","לא נמצא מקור לניסיון צבאי, מודיעיני או ביטחוני אישי."
"מיכל רוזין","יכולות","מומחיות מדינית, ביטחונית וממשלית","cap_005","יכולת לגבש תפיסה מדינית־ביטחונית סדורה ולא רק עמדה ערכית כללית","has","https://hagush.org.il/candidates.html; https://he.wikiquote.org/wiki/%D7%9E%D7%99%D7%9B%D7%9C_%D7%A8%D7%95%D7%96%D7%99%D7%9F; https://www.mekomit.co.il/%D7%9E%D7%99%D7%9B%D7%9C-%D7%A8%D7%95%D7%96%D7%99%D7%9F/; https://oknesset.org/meetings/2/1/2166007.html; https://video.tau.ac.il/events/index.php?Itemid=560&id=4289%3Abetween-separation-and-cooperation-06&option=com_k2&view=item","76","יש תפיסה מדינית־אזרחית סדורה סביב שתי מדינות, זכויות ושוויון."
"מיכל רוזין","יכולות","מומחיות מדינית, ביטחונית וממשלית","cap_006","יכולת לחבר בין יעדים ביטחוניים לבין יעדים מדיניים ארוכי טווח","partial","https://hagush.org.il/candidates.html; https://he.wikiquote.org/wiki/%D7%9E%D7%99%D7%9B%D7%9C_%D7%A8%D7%95%D7%96%D7%99%D7%9F; https://www.mekomit.co.il/%D7%9E%D7%99%D7%9B%D7%9C-%D7%A8%D7%95%D7%96%D7%99%D7%9F/; https://oknesset.org/meetings/2/1/2166007.html; https://video.tau.ac.il/events/index.php?Itemid=560&id=4289%3Abetween-separation-and-cooperation-06&option=com_k2&view=item","70","מחברת בין זכויות, הסדר מדיני וביטחון אזרחי, אך לא תפיסה ביטחונית מלאה."
"מיכל רוזין","יכולות","ארגון, ניהול וביצוע","cap_007","ניסיון בהקמה וניהול של ארגונים, חברות, תנועות או מטות פעולה","has","https://hagush.org.il/candidates.html; https://he.wikiquote.org/wiki/%D7%9E%D7%99%D7%9B%D7%9C_%D7%A8%D7%95%D7%96%D7%99%D7%9F; https://www.mekomit.co.il/%D7%9E%D7%99%D7%9B%D7%9C-%D7%A8%D7%95%D7%96%D7%99%D7%9F/; https://oknesset.org/meetings/2/1/2166007.html; https://video.tau.ac.il/events/index.php?Itemid=560&id=4289%3Abetween-separation-and-cooperation-06&option=com_k2&view=item","82","ניהלה גופים ציבוריים, כולל איגוד מרכזי הסיוע, ותפקידים במרצ."
"מיכל רוזין","יכולות","ארגון, ניהול וביצוע","cap_008","יכולת להוביל צוותים, תקציבים, קהילות או מערכות מורכבות","has","https://hagush.org.il/candidates.html; https://he.wikiquote.org/wiki/%D7%9E%D7%99%D7%9B%D7%9C_%D7%A8%D7%95%D7%96%D7%99%D7%9F; https://www.mekomit.co.il/%D7%9E%D7%99%D7%9B%D7%9C-%D7%A8%D7%95%D7%96%D7%99%D7%9F/; https://oknesset.org/meetings/2/1/2166007.html; https://video.tau.ac.il/events/index.php?Itemid=560&id=4289%3Abetween-separation-and-cooperation-06&option=com_k2&view=item","82","ניסיון בהובלת ארגונים, סיעה ופעילות ציבורית."
"מיכל רוזין","יכולות","ארגון, ניהול וביצוע","cap_009","הובלת מאבקים ציבוריים שהניבו תוצאות ממשיות","has","https://hagush.org.il/candidates.html; https://he.wikiquote.org/wiki/%D7%9E%D7%99%D7%9B%D7%9C_%D7%A8%D7%95%D7%96%D7%99%D7%9F; https://www.mekomit.co.il/%D7%9E%D7%99%D7%9B%D7%9C-%D7%A8%D7%95%D7%96%D7%99%D7%9F/; https://oknesset.org/meetings/2/1/2166007.html; https://video.tau.ac.il/events/index.php?Itemid=560&id=4289%3Abetween-separation-and-cooperation-06&option=com_k2&view=item","78","הובילה מאבקים בזכויות נשים, מבקשי מקלט ושוויון."
"מיכל רוזין","יכולות","ארגון, ניהול וביצוע","cap_010","יכולת להפוך רעיון כללי לתשתית פעולה מתמשכת","has","https://hagush.org.il/candidates.html; https://he.wikiquote.org/wiki/%D7%9E%D7%99%D7%9B%D7%9C_%D7%A8%D7%95%D7%96%D7%99%D7%9F; https://www.mekomit.co.il/%D7%9E%D7%99%D7%9B%D7%9C-%D7%A8%D7%95%D7%96%D7%99%D7%9F/; https://oknesset.org/meetings/2/1/2166007.html; https://video.tau.ac.il/events/index.php?Itemid=560&id=4289%3Abetween-separation-and-cooperation-06&option=com_k2&view=item","80","תרגמה רעיונות זכויותיים לחקיקה ופעילות ציבורית."
"מיכל רוזין","יכולות","ארגון, ניהול וביצוע","cap_011","ניסיון בניהול משברים ציבוריים, פוליטיים או ארגוניים","partial","https://hagush.org.il/candidates.html; https://he.wikiquote.org/wiki/%D7%9E%D7%99%D7%9B%D7%9C_%D7%A8%D7%95%D7%96%D7%99%D7%9F; https://www.mekomit.co.il/%D7%9E%D7%99%D7%9B%D7%9C-%D7%A8%D7%95%D7%96%D7%99%D7%9F/; https://oknesset.org/meetings/2/1/2166007.html; https://video.tau.ac.il/events/index.php?Itemid=560&id=4289%3Abetween-separation-and-cooperation-06&option=com_k2&view=item","66","ניסיון ציבורי בנושאים טעונים, אך לא תפקיד ניהול משבר מוגדר."
"מיכל רוזין","יכולות","ארגון, ניהול וביצוע","cap_012","מוכנות לקחת אחריות אישית גבוהה על מהלך ציבורי או ארגוני","has","https://hagush.org.il/candidates.html; https://he.wikiquote.org/wiki/%D7%9E%D7%99%D7%9B%D7%9C_%D7%A8%D7%95%D7%96%D7%99%D7%9F; https://www.mekomit.co.il/%D7%9E%D7%99%D7%9B%D7%9C-%D7%A8%D7%95%D7%96%D7%99%D7%9F/; https://oknesset.org/meetings/2/1/2166007.html; https://video.tau.ac.il/events/index.php?Itemid=560&id=4289%3Abetween-separation-and-cooperation-06&option=com_k2&view=item","80","כח״כית ויו״ר סיעה נשאה אחריות ציבורית משמעותית."
"מיכל רוזין","יכולות","חקיקה, פוליטיקה ומוסדות","cap_013","ניסיון בעבודה פרלמנטרית, ועדות כנסת, חקיקה או הצעות חוק","has","https://hagush.org.il/candidates.html; https://he.wikiquote.org/wiki/%D7%9E%D7%99%D7%9B%D7%9C_%D7%A8%D7%95%D7%96%D7%99%D7%9F; https://www.mekomit.co.il/%D7%9E%D7%99%D7%9B%D7%9C-%D7%A8%D7%95%D7%96%D7%99%D7%9F/; https://oknesset.org/meetings/2/1/2166007.html; https://video.tau.ac.il/events/index.php?Itemid=560&id=4289%3Abetween-separation-and-cooperation-06&option=com_k2&view=item","95","ניסיון ישיר בחקיקה, ועדות וכנסת."
"מיכל רוזין","יכולות","חקיקה, פוליטיקה ומוסדות","cap_014","היכרות מעשית עם מנגנוני מפלגות, פריימריז, רשימות וקואליציות","has","https://hagush.org.il/candidates.html; https://he.wikiquote.org/wiki/%D7%9E%D7%99%D7%9B%D7%9C_%D7%A8%D7%95%D7%96%D7%99%D7%9F; https://www.mekomit.co.il/%D7%9E%D7%99%D7%9B%D7%9C-%D7%A8%D7%95%D7%96%D7%99%D7%9F/; https://oknesset.org/meetings/2/1/2166007.html; https://video.tau.ac.il/events/index.php?Itemid=560&id=4289%3Abetween-separation-and-cooperation-06&option=com_k2&view=item","88","יו״ר סיעת מרצ ובעלת היכרות עם מנגנונים מפלגתיים."
"מיכל רוזין","יכולות","חקיקה, פוליטיקה ומוסדות","cap_015","יכולת לפעול בתוך מוסדות קיימים ולא רק מחוץ להם","has","https://hagush.org.il/candidates.html; https://he.wikiquote.org/wiki/%D7%9E%D7%99%D7%9B%D7%9C_%D7%A8%D7%95%D7%96%D7%99%D7%9F; https://www.mekomit.co.il/%D7%9E%D7%99%D7%9B%D7%9C-%D7%A8%D7%95%D7%96%D7%99%D7%9F/; https://oknesset.org/meetings/2/1/2166007.html; https://video.tau.ac.il/events/index.php?Itemid=560&id=4289%3Abetween-separation-and-cooperation-06&option=com_k2&view=item","90","ניסיון משמעותי בפעולה בתוך מוסדות קיימים."
"מיכל רוזין","יכולות","חקיקה, פוליטיקה ומוסדות","cap_016","ניסיון בבניית תנועה פוליטית, מפלגה או אלטרנטיבה שלטונית","partial","https://hagush.org.il/candidates.html; https://he.wikiquote.org/wiki/%D7%9E%D7%99%D7%9B%D7%9C_%D7%A8%D7%95%D7%96%D7%99%D7%9F; https://www.mekomit.co.il/%D7%9E%D7%99%D7%9B%D7%9C-%D7%A8%D7%95%D7%96%D7%99%D7%9F/; https://oknesset.org/meetings/2/1/2166007.html; https://video.tau.ac.il/events/index.php?Itemid=560&id=4289%3Abetween-separation-and-cooperation-06&option=com_k2&view=item","70","ניסיון מפלגתי במרצ, אך לא הקמת מפלגה חדשה."
"מיכל רוזין","יכולות","חקיקה, פוליטיקה ומוסדות","cap_017","יכולת לייצר שיתופי פעולה בין זרמים, מפלגות או קבוצות אינטרס","has","https://hagush.org.il/candidates.html; https://he.wikiquote.org/wiki/%D7%9E%D7%99%D7%9B%D7%9C_%D7%A8%D7%95%D7%96%D7%99%D7%9F; https://www.mekomit.co.il/%D7%9E%D7%99%D7%9B%D7%9C-%D7%A8%D7%95%D7%96%D7%99%D7%9F/; https://oknesset.org/meetings/2/1/2166007.html; https://video.tau.ac.il/events/index.php?Itemid=560&id=4289%3Abetween-separation-and-cooperation-06&option=com_k2&view=item","76","ניסיון בעבודה בין סיעות, ארגוני חברה אזרחית וקבוצות אינטרס."
"מיכל רוזין","יכולות","חקיקה, פוליטיקה ומוסדות","cap_018","יכולת לתרגם עמדות אידיאולוגיות לפעולות מוסדיות או חקיקתיות","has","https://hagush.org.il/candidates.html; https://he.wikiquote.org/wiki/%D7%9E%D7%99%D7%9B%D7%9C_%D7%A8%D7%95%D7%96%D7%99%D7%9F; https://www.mekomit.co.il/%D7%9E%D7%99%D7%9B%D7%9C-%D7%A8%D7%95%D7%96%D7%99%D7%9F/; https://oknesset.org/meetings/2/1/2166007.html; https://video.tau.ac.il/events/index.php?Itemid=560&id=4289%3Abetween-separation-and-cooperation-06&option=com_k2&view=item","90","תרגמה עמדות זכויותיות לפעולות מוסדיות וחקיקתיות."
"מיכל רוזין","יכולות","תקשורת, הסברה והשפעה ציבורית","cap_019","יכולת ליצור מסרים חדים, ברורים וזכירים","has","https://hagush.org.il/candidates.html; https://he.wikiquote.org/wiki/%D7%9E%D7%99%D7%9B%D7%9C_%D7%A8%D7%95%D7%96%D7%99%D7%9F; https://www.mekomit.co.il/%D7%9E%D7%99%D7%9B%D7%9C-%D7%A8%D7%95%D7%96%D7%99%D7%9F/; https://oknesset.org/meetings/2/1/2166007.html; https://video.tau.ac.il/events/index.php?Itemid=560&id=4289%3Abetween-separation-and-cooperation-06&option=com_k2&view=item","74","בעלת מסרים ברורים בנושאי זכויות ושוויון."
"מיכל רוזין","יכולות","תקשורת, הסברה והשפעה ציבורית","cap_020","יכולת לייצר תוכן דיגיטלי, ויראלי או תקשורתי שמגיע לקהלים רחבים","partial","https://hagush.org.il/candidates.html; https://he.wikiquote.org/wiki/%D7%9E%D7%99%D7%9B%D7%9C_%D7%A8%D7%95%D7%96%D7%99%D7%9F; https://www.mekomit.co.il/%D7%9E%D7%99%D7%9B%D7%9C-%D7%A8%D7%95%D7%96%D7%99%D7%9F/; https://oknesset.org/meetings/2/1/2166007.html; https://video.tau.ac.il/events/index.php?Itemid=560&id=4289%3Abetween-separation-and-cooperation-06&option=com_k2&view=item","55","נוכחות ציבורית קיימת, אך לא מוקד דיגיטלי ויראלי."
"מיכל רוזין","יכולות","תקשורת, הסברה והשפעה ציבורית","cap_021","ניסיון בהופעה ציבורית, ראיונות, פודקאסטים, קולנוע, כתיבה או הרצאות","has","https://hagush.org.il/candidates.html; https://he.wikiquote.org/wiki/%D7%9E%D7%99%D7%9B%D7%9C_%D7%A8%D7%95%D7%96%D7%99%D7%9F; https://www.mekomit.co.il/%D7%9E%D7%99%D7%9B%D7%9C-%D7%A8%D7%95%D7%96%D7%99%D7%9F/; https://oknesset.org/meetings/2/1/2166007.html; https://video.tau.ac.il/events/index.php?Itemid=560&id=4289%3Abetween-separation-and-cooperation-06&option=com_k2&view=item","78","ניסיון רב בראיונות, כנסת, הרצאות ודיונים ציבוריים."
"מיכל רוזין","יכולות","תקשורת, הסברה והשפעה ציבורית","cap_022","יכולת להסביר נושאים מורכבים בשפה נגישה ולא טכנוקרטית","has","https://hagush.org.il/candidates.html; https://he.wikiquote.org/wiki/%D7%9E%D7%99%D7%9B%D7%9C_%D7%A8%D7%95%D7%96%D7%99%D7%9F; https://www.mekomit.co.il/%D7%9E%D7%99%D7%9B%D7%9C-%D7%A8%D7%95%D7%96%D7%99%D7%9F/; https://oknesset.org/meetings/2/1/2166007.html; https://video.tau.ac.il/events/index.php?Itemid=560&id=4289%3Abetween-separation-and-cooperation-06&option=com_k2&view=item","76","מסבירה זכויות אדם, ציונות ושוויון בשפה נגישה."
"מיכל רוזין","יכולות","תקשורת, הסברה והשפעה ציבורית","cap_023","יכולת לנהל מאבק תודעתי מול יריבים פוליטיים או תקשורתיים","has","https://hagush.org.il/candidates.html; https://he.wikiquote.org/wiki/%D7%9E%D7%99%D7%9B%D7%9C_%D7%A8%D7%95%D7%96%D7%99%D7%9F; https://www.mekomit.co.il/%D7%9E%D7%99%D7%9B%D7%9C-%D7%A8%D7%95%D7%96%D7%99%D7%9F/; https://oknesset.org/meetings/2/1/2166007.html; https://video.tau.ac.il/events/index.php?Itemid=560&id=4289%3Abetween-separation-and-cooperation-06&option=com_k2&view=item","74","ניהלה מאבק תודעתי מול דה־לגיטימציה של זכויות אדם ומבקשי מקלט."
"מיכל רוזין","יכולות","תקשורת, הסברה והשפעה ציבורית","cap_024","יכולת להפוך סיפור אישי או ערכי לכלי גיוס ציבורי","partial","https://hagush.org.il/candidates.html; https://he.wikiquote.org/wiki/%D7%9E%D7%99%D7%9B%D7%9C_%D7%A8%D7%95%D7%96%D7%99%D7%9F; https://www.mekomit.co.il/%D7%9E%D7%99%D7%9B%D7%9C-%D7%A8%D7%95%D7%96%D7%99%D7%9F/; https://oknesset.org/meetings/2/1/2166007.html; https://video.tau.ac.il/events/index.php?Itemid=560&id=4289%3Abetween-separation-and-cooperation-06&option=com_k2&view=item","60","הסיפור הציבורי מבוסס בעיקר על ערכים ועשייה מקצועית, פחות על ביוגרפיה אישית."
"מיכל רוזין","יכולות","חיבור בין קהלים ועולמות","cap_025","יכולת לחבר בין יהודים לערבים בתוך מסגרת פוליטית או אזרחית משותפת","has","https://hagush.org.il/candidates.html; https://he.wikiquote.org/wiki/%D7%9E%D7%99%D7%9B%D7%9C_%D7%A8%D7%95%D7%96%D7%99%D7%9F; https://www.mekomit.co.il/%D7%9E%D7%99%D7%9B%D7%9C-%D7%A8%D7%95%D7%96%D7%99%D7%9F/; https://oknesset.org/meetings/2/1/2166007.html; https://video.tau.ac.il/events/index.php?Itemid=560&id=4289%3Abetween-separation-and-cooperation-06&option=com_k2&view=item","72","ניסיון בזכויות מיעוטים ומבקשי מקלט מחזק יכולת חיבור בין קבוצות."
"מיכל רוזין","יכולות","חיבור בין קהלים ועולמות","cap_026","יכולת לחבר בין שמאל ליברלי לבין פריפריה מזרחית, מסורתית או גיאוגרפית","partial","https://hagush.org.il/candidates.html; https://he.wikiquote.org/wiki/%D7%9E%D7%99%D7%9B%D7%9C_%D7%A8%D7%95%D7%96%D7%99%D7%9F; https://www.mekomit.co.il/%D7%9E%D7%99%D7%9B%D7%9C-%D7%A8%D7%95%D7%96%D7%99%D7%9F/; https://oknesset.org/meetings/2/1/2166007.html; https://video.tau.ac.il/events/index.php?Itemid=560&id=4289%3Abetween-separation-and-cooperation-06&option=com_k2&view=item","60","נכונות לשנות תדמית ולדבר עם חרדים; פחות מקור על פריפריה מזרחית."
"מיכל רוזין","יכולות","חיבור בין קהלים ועולמות","cap_027","יכולת לחבר בין עולם המחאה לבין עבודה מפלגתית ומוסדית","partial","https://hagush.org.il/candidates.html; https://he.wikiquote.org/wiki/%D7%9E%D7%99%D7%9B%D7%9C_%D7%A8%D7%95%D7%96%D7%99%D7%9F; https://www.mekomit.co.il/%D7%9E%D7%99%D7%9B%D7%9C-%D7%A8%D7%95%D7%96%D7%99%D7%9F/; https://oknesset.org/meetings/2/1/2166007.html; https://video.tau.ac.il/events/index.php?Itemid=560&id=4289%3Abetween-separation-and-cooperation-06&option=com_k2&view=item","60","מגיעה מפוליטיקה מוסדית ויכולה לחבר למחאה, אך לא מובילת מחאה חדשה."
"מיכל רוזין","יכולות","חיבור בין קהלים ועולמות","cap_028","יכולת לחבר בין היי־טק, חדשנות ודיגיטל לבין פוליטיקה ציבורית","unknown","לא נמצא מקור מספיק","0","לא נמצא מקור לחיבור היי־טק/חדשנות דיגיטלית לפוליטיקה."
"מיכל רוזין","יכולות","חיבור בין קהלים ועולמות","cap_029","יכולת לחבר בין שפה מקצועית־ביטחונית לבין שפה אזרחית וערכית","partial","https://hagush.org.il/candidates.html; https://he.wikiquote.org/wiki/%D7%9E%D7%99%D7%9B%D7%9C_%D7%A8%D7%95%D7%96%D7%99%D7%9F; https://www.mekomit.co.il/%D7%9E%D7%99%D7%9B%D7%9C-%D7%A8%D7%95%D7%96%D7%99%D7%9F/; https://oknesset.org/meetings/2/1/2166007.html; https://video.tau.ac.il/events/index.php?Itemid=560&id=4289%3Abetween-separation-and-cooperation-06&option=com_k2&view=item","68","מחברת שפה מדינית־אזרחית לזכויות ושוויון, פחות ביטחונית מקצועית."
"מיכל רוזין","יכולות","חיבור בין קהלים ועולמות","cap_030","אמינות מול קהילות שטח ולא רק מול קהל תקשורתי או אליטיסטי","has","https://hagush.org.il/candidates.html; https://he.wikiquote.org/wiki/%D7%9E%D7%99%D7%9B%D7%9C_%D7%A8%D7%95%D7%96%D7%99%D7%9F; https://www.mekomit.co.il/%D7%9E%D7%99%D7%9B%D7%9C-%D7%A8%D7%95%D7%96%D7%99%D7%9F/; https://oknesset.org/meetings/2/1/2166007.html; https://video.tau.ac.il/events/index.php?Itemid=560&id=4289%3Abetween-separation-and-cooperation-06&option=com_k2&view=item","74","אמינה מול ארגוני זכויות, נשים ומבקשי מקלט."
"מיכל רוזין","יכולות","חדשנות, למידה ושיתוף ציבור","cap_031","שימוש בטכנולוגיה, מידע או כלים דיגיטליים לשיתוף ציבור וארגון פוליטי","unknown","לא נמצא מקור מספיק","0","לא נמצא מקור לשימוש בטכנולוגיה או מידע לשיתוף ציבור."
"מיכל רוזין","יכולות","חדשנות, למידה ושיתוף ציבור","cap_032","חשיבה מערכתית שמזהה קשרים בין משבר פוליטי, כלכלה, ביטחון וחברה","has","https://hagush.org.il/candidates.html; https://he.wikiquote.org/wiki/%D7%9E%D7%99%D7%9B%D7%9C_%D7%A8%D7%95%D7%96%D7%99%D7%9F; https://www.mekomit.co.il/%D7%9E%D7%99%D7%9B%D7%9C-%D7%A8%D7%95%D7%96%D7%99%D7%9F/; https://oknesset.org/meetings/2/1/2166007.html; https://video.tau.ac.il/events/index.php?Itemid=560&id=4289%3Abetween-separation-and-cooperation-06&option=com_k2&view=item","76","חשיבתה מחברת זכויות, חברה, דמוקרטיה ושאלת הסכסוך."
"מיכל רוזין","יכולות","חדשנות, למידה ושיתוף ציבור","cap_033","יזמות בפתרונות לא שגרתיים לבעיות פוליטיות או חברתיות","partial","https://hagush.org.il/candidates.html; https://he.wikiquote.org/wiki/%D7%9E%D7%99%D7%9B%D7%9C_%D7%A8%D7%95%D7%96%D7%99%D7%9F; https://www.mekomit.co.il/%D7%9E%D7%99%D7%9B%D7%9C-%D7%A8%D7%95%D7%96%D7%99%D7%9F/; https://oknesset.org/meetings/2/1/2166007.html; https://video.tau.ac.il/events/index.php?Itemid=560&id=4289%3Abetween-separation-and-cooperation-06&option=com_k2&view=item","62","הובילה חקיקה ויוזמות, אך לא תמיד פתרונות לא שגרתיים."
"מיכל רוזין","יכולות","חדשנות, למידה ושיתוף ציבור","cap_034","יכולת ללמוד תחומים חדשים ולהפוך אותם לשפה ציבורית ברורה","has","https://hagush.org.il/candidates.html; https://he.wikiquote.org/wiki/%D7%9E%D7%99%D7%9B%D7%9C_%D7%A8%D7%95%D7%96%D7%99%D7%9F; https://www.mekomit.co.il/%D7%9E%D7%99%D7%9B%D7%9C-%D7%A8%D7%95%D7%96%D7%99%D7%9F/; https://oknesset.org/meetings/2/1/2166007.html; https://video.tau.ac.il/events/index.php?Itemid=560&id=4289%3Abetween-separation-and-cooperation-06&option=com_k2&view=item","74","ניסיון רחב מעיד על יכולת למידה והנגשת תחומים."
"מיכל רוזין","יכולות","חדשנות, למידה ושיתוף ציבור","cap_035","שילוב בין ידע מקצועי, ניסיון אישי וערכים פוליטיים","has","https://hagush.org.il/candidates.html; https://he.wikiquote.org/wiki/%D7%9E%D7%99%D7%9B%D7%9C_%D7%A8%D7%95%D7%96%D7%99%D7%9F; https://www.mekomit.co.il/%D7%9E%D7%99%D7%9B%D7%9C-%D7%A8%D7%95%D7%96%D7%99%D7%9F/; https://oknesset.org/meetings/2/1/2166007.html; https://video.tau.ac.il/events/index.php?Itemid=560&id=4289%3Abetween-separation-and-cooperation-06&option=com_k2&view=item","82","משלבת ידע פרלמנטרי, ניסיון בעמותות וערכים פוליטיים."
"מיכל רוזין","יכולות","חדשנות, למידה ושיתוף ציבור","cap_036","פתיחות לניסויים ארגוניים ודמוקרטיים חדשים ולא רק לשיטות פוליטיות קיימות","partial","https://hagush.org.il/candidates.html; https://he.wikiquote.org/wiki/%D7%9E%D7%99%D7%9B%D7%9C_%D7%A8%D7%95%D7%96%D7%99%D7%9F; https://www.mekomit.co.il/%D7%9E%D7%99%D7%9B%D7%9C-%D7%A8%D7%95%D7%96%D7%99%D7%9F/; https://oknesset.org/meetings/2/1/2166007.html; https://video.tau.ac.il/events/index.php?Itemid=560&id=4289%3Abetween-separation-and-cooperation-06&option=com_k2&view=item","55","לא נמצא מקור מובהק לניסויים ארגוניים דמוקרטיים חדשים."
"מורן מישל","דעות","דמוקרטיה, משילות ותיקון מוסדות המדינה","D-001","נטייה לתיקון חוקתי ומוסדי עמוק, ולא רק להחלפת ממשלה","supports","https://hagush.org.il/candidates.html; https://www.davar1.co.il/648231/; https://he.wikipedia.org/wiki/%D7%9E%D7%95%D7%A8%D7%9F_%D7%9E%D7%99%D7%A9%D7%9C; https://www.ogen-laatid.com/; https://moranmichel.co.il/; https://www.atmag.co.il/%D7%98%D7%95%D7%A8-%D7%9C%D7%99%D7%95%D7%9D-%D7%94%D7%90%D7%99%D7%A9%D7%94-%D7%9E%D7%95%D7%A8%D7%9F-%D7%9E%D7%99%D7%A9%D7%9C/","68","הובלת מחאה ועוגן לעתיד מצביעות על חתירה לתיקון מערכתי ולא רק חילופי שלטון."
"מורן מישל","דעות","דמוקרטיה, משילות ותיקון מוסדות המדינה","D-002","ראיית המשבר הדמוקרטי כתוצאה של שיטה פוליטית פגומה ולא רק של אדם או ממשלה מסוימת","supports","https://hagush.org.il/candidates.html; https://www.davar1.co.il/648231/; https://he.wikipedia.org/wiki/%D7%9E%D7%95%D7%A8%D7%9F_%D7%9E%D7%99%D7%A9%D7%9C; https://www.ogen-laatid.com/; https://moranmichel.co.il/; https://www.atmag.co.il/%D7%98%D7%95%D7%A8-%D7%9C%D7%99%D7%95%D7%9D-%D7%94%D7%90%D7%99%D7%A9%D7%94-%D7%9E%D7%95%D7%A8%D7%9F-%D7%9E%D7%99%D7%A9%D7%9C/","72","עוגן לעתיד ממסגרת את המשבר כצורך בסיפור ישראלי וערכים משותפים, לא רק אדם או ממשלה."
"מורן מישל","דעות","דמוקרטיה, משילות ותיקון מוסדות המדינה","D-003","נכונות למאבק ציבורי חריף כאשר מוסדות המדינה נתפסים כמאוימים","supports","https://hagush.org.il/candidates.html; https://www.davar1.co.il/648231/; https://he.wikipedia.org/wiki/%D7%9E%D7%95%D7%A8%D7%9F_%D7%9E%D7%99%D7%A9%D7%9C; https://www.ogen-laatid.com/; https://moranmichel.co.il/; https://www.atmag.co.il/%D7%98%D7%95%D7%A8-%D7%9C%D7%99%D7%95%D7%9D-%D7%94%D7%90%D7%99%D7%A9%D7%94-%D7%9E%D7%95%D7%A8%D7%9F-%D7%9E%D7%99%D7%A9%D7%9C/","88","מזוהה ממובילות המחאה נגד הרפורמה המשפטית ומנחת קפלן."
"מורן מישל","דעות","דמוקרטיה, משילות ותיקון מוסדות המדינה","D-004","העדפה לשיקום ממלכתי, זהיר ומוסדי של המדינה לאחר המשבר","mixed","https://hagush.org.il/candidates.html; https://www.davar1.co.il/648231/; https://he.wikipedia.org/wiki/%D7%9E%D7%95%D7%A8%D7%9F_%D7%9E%D7%99%D7%A9%D7%9C; https://www.ogen-laatid.com/; https://moranmichel.co.il/; https://www.atmag.co.il/%D7%98%D7%95%D7%A8-%D7%9C%D7%99%D7%95%D7%9D-%D7%94%D7%90%D7%99%D7%A9%D7%94-%D7%9E%D7%95%D7%A8%D7%9F-%D7%9E%D7%99%D7%A9%D7%9C/","55","יש רצון לשיקום המדינה, אך דרך הפעולה המרכזית היא מחאה וארגון ציבורי ולא רק ממלכתיות זהירה."
"מורן מישל","דעות","דמוקרטיה, משילות ותיקון מוסדות המדינה","D-005","תמיכה בשיתוף ציבור, דמוקרטיה פנימית ושקיפות בתוך המפלגה ובמערכת הפוליטית","supports","https://hagush.org.il/candidates.html; https://www.davar1.co.il/648231/; https://he.wikipedia.org/wiki/%D7%9E%D7%95%D7%A8%D7%9F_%D7%9E%D7%99%D7%A9%D7%9C; https://www.ogen-laatid.com/; https://moranmichel.co.il/; https://www.atmag.co.il/%D7%98%D7%95%D7%A8-%D7%9C%D7%99%D7%95%D7%9D-%D7%94%D7%90%D7%99%D7%A9%D7%94-%D7%9E%D7%95%D7%A8%D7%9F-%D7%9E%D7%99%D7%A9%D7%9C/","70","עוגן לעתיד מדגישה לחץ ציבורי מאורגן, ערכים משותפים ושיתוף קהלים רחב."
"מורן מישל","דעות","דמוקרטיה, משילות ותיקון מוסדות המדינה","D-006","נכונות להגביל כוח שלטוני גם כאשר הכוח נמצא בידי המחנה הקרוב אידיאולוגית","supports","https://hagush.org.il/candidates.html; https://www.davar1.co.il/648231/; https://he.wikipedia.org/wiki/%D7%9E%D7%95%D7%A8%D7%9F_%D7%9E%D7%99%D7%A9%D7%9C; https://www.ogen-laatid.com/; https://moranmichel.co.il/; https://www.atmag.co.il/%D7%98%D7%95%D7%A8-%D7%9C%D7%99%D7%95%D7%9D-%D7%94%D7%90%D7%99%D7%A9%D7%94-%D7%9E%D7%95%D7%A8%D7%9F-%D7%9E%D7%99%D7%A9%D7%9C/","68","מחאתה נגד פגיעה בדמוקרטיה מצביעה על הגבלת כוח שלטוני גם כשמופעל בידי המחנה הקרוב."
"מורן מישל","דעות","יחס למחנה השני ויכולת גישור","D-007","ראיית מצביעי המחנה השני כיריבים פוליטיים לגיטימיים ולא כאויבים","supports","https://hagush.org.il/candidates.html; https://www.davar1.co.il/648231/; https://he.wikipedia.org/wiki/%D7%9E%D7%95%D7%A8%D7%9F_%D7%9E%D7%99%D7%A9%D7%9C; https://www.ogen-laatid.com/; https://moranmichel.co.il/; https://www.atmag.co.il/%D7%98%D7%95%D7%A8-%D7%9C%D7%99%D7%95%D7%9D-%D7%94%D7%90%D7%99%D7%A9%D7%94-%D7%9E%D7%95%D7%A8%D7%9F-%D7%9E%D7%99%D7%A9%D7%9C/","66","עוגן לעתיד מדברת על כל גווני החברה ועל מסע הקשבה, ולכן יש בסיס לגישה לא־מחרימה."
"מורן מישל","דעות","יחס למחנה השני ויכולת גישור","D-008","הבחנה בין הנהגת המחנה השני לבין הציבור הרחב שתומך בה","supports","https://hagush.org.il/candidates.html; https://www.davar1.co.il/648231/; https://he.wikipedia.org/wiki/%D7%9E%D7%95%D7%A8%D7%9F_%D7%9E%D7%99%D7%A9%D7%9C; https://www.ogen-laatid.com/; https://moranmichel.co.il/; https://www.atmag.co.il/%D7%98%D7%95%D7%A8-%D7%9C%D7%99%D7%95%D7%9D-%D7%94%D7%90%D7%99%D7%A9%D7%94-%D7%9E%D7%95%D7%A8%D7%9F-%D7%9E%D7%99%D7%A9%D7%9C/","60","מסע הקשבה וחיבור קהילות מצביעים על הבחנה בין הנהגות לבין ציבור."
"מורן מישל","דעות","יחס למחנה השני ויכולת גישור","D-009","אמונה שאפשר לבנות גשר מחודש בין המחנה הדמוקרטי־ליברלי לבין חלקים מהימין המסורתי","supports","https://hagush.org.il/candidates.html; https://www.davar1.co.il/648231/; https://he.wikipedia.org/wiki/%D7%9E%D7%95%D7%A8%D7%9F_%D7%9E%D7%99%D7%A9%D7%9C; https://www.ogen-laatid.com/; https://moranmichel.co.il/; https://www.atmag.co.il/%D7%98%D7%95%D7%A8-%D7%9C%D7%99%D7%95%D7%9D-%D7%94%D7%90%D7%99%D7%A9%D7%94-%D7%9E%D7%95%D7%A8%D7%9F-%D7%9E%D7%99%D7%A9%D7%9C/","62","עוגן לעתיד מכוונת לגישור בין קהילות וקולות, כולל קהלים שאינם מחנה ליברלי צר."
"מורן מישל","דעות","יחס למחנה השני ויכולת גישור","D-010","העדפה להכרעה פוליטית ברורה על פני פיוס מוקדם עם המחנה השני","mixed","https://hagush.org.il/candidates.html; https://www.davar1.co.il/648231/; https://he.wikipedia.org/wiki/%D7%9E%D7%95%D7%A8%D7%9F_%D7%9E%D7%99%D7%A9%D7%9C; https://www.ogen-laatid.com/; https://moranmichel.co.il/; https://www.atmag.co.il/%D7%98%D7%95%D7%A8-%D7%9C%D7%99%D7%95%D7%9D-%D7%94%D7%90%D7%99%D7%A9%D7%94-%D7%9E%D7%95%D7%A8%D7%9F-%D7%9E%D7%99%D7%A9%D7%9C/","55","כמובילת מחאה יש נטייה להכרעה ברורה, אך עוגן לעתיד מדגישה גם חיבורים."
"מורן מישל","דעות","יחס למחנה השני ויכולת גישור","D-011","נכונות לשיח עם דתיים, מסורתיים, חרדים וימנים גם כאשר קיימת מחלוקת ערכית עמוקה","supports","https://hagush.org.il/candidates.html; https://www.davar1.co.il/648231/; https://he.wikipedia.org/wiki/%D7%9E%D7%95%D7%A8%D7%9F_%D7%9E%D7%99%D7%A9%D7%9C; https://www.ogen-laatid.com/; https://moranmichel.co.il/; https://www.atmag.co.il/%D7%98%D7%95%D7%A8-%D7%9C%D7%99%D7%95%D7%9D-%D7%94%D7%90%D7%99%D7%A9%D7%94-%D7%9E%D7%95%D7%A8%D7%9F-%D7%9E%D7%99%D7%A9%D7%9C/","66","פעילות עוגן לעתיד כוללת מסע הקשבה ומפגשים עם קהילות מגוונות."
"מורן מישל","דעות","יחס למחנה השני ויכולת גישור","D-012","ראיית חלק מהמחנה השני כשותף עתידי אפשרי לשיקום המדינה לאחר עידן נתניהו","mixed","https://hagush.org.il/candidates.html; https://www.davar1.co.il/648231/; https://he.wikipedia.org/wiki/%D7%9E%D7%95%D7%A8%D7%9F_%D7%9E%D7%99%D7%A9%D7%9C; https://www.ogen-laatid.com/; https://moranmichel.co.il/; https://www.atmag.co.il/%D7%98%D7%95%D7%A8-%D7%9C%D7%99%D7%95%D7%9D-%D7%94%D7%90%D7%99%D7%A9%D7%94-%D7%9E%D7%95%D7%A8%D7%9F-%D7%9E%D7%99%D7%A9%D7%9C/","58","החיבור לקהלים מגוונים תומך בכך חלקית, אך לא נמצא מקור מפורש לשותפות עם ימין מסורתי."
"מורן מישל","דעות","שסעים פנימיים בחברה היהודית","D-013","ראיית השסע העדתי והפריפריאלי כמרכיב מרכזי במשבר הפוליטי בישראל","supports","https://hagush.org.il/candidates.html; https://www.davar1.co.il/648231/; https://he.wikipedia.org/wiki/%D7%9E%D7%95%D7%A8%D7%9F_%D7%9E%D7%99%D7%A9%D7%9C; https://www.ogen-laatid.com/; https://moranmichel.co.il/; https://www.atmag.co.il/%D7%98%D7%95%D7%A8-%D7%9C%D7%99%D7%95%D7%9D-%D7%94%D7%90%D7%99%D7%A9%D7%94-%D7%9E%D7%95%D7%A8%D7%9F-%D7%9E%D7%99%D7%A9%D7%9C/","60","מסע ההקשבה של עוגן לעתיד עוסק בקהילות וקולות מכל קצוות החברה, אך לא בהכרח בשסע העדתי בלבד."
"מורן מישל","דעות","שסעים פנימיים בחברה היהודית","D-014","נכונות לדבר עם מצביעים מזרחים, מסורתיים ופריפריאליים בשפה שאינה מתנשאת ואינה רק ליברלית־אשכנזית","supports","https://hagush.org.il/candidates.html; https://www.davar1.co.il/648231/; https://he.wikipedia.org/wiki/%D7%9E%D7%95%D7%A8%D7%9F_%D7%9E%D7%99%D7%A9%D7%9C; https://www.ogen-laatid.com/; https://moranmichel.co.il/; https://www.atmag.co.il/%D7%98%D7%95%D7%A8-%D7%9C%D7%99%D7%95%D7%9D-%D7%94%D7%90%D7%99%D7%A9%D7%94-%D7%9E%D7%95%D7%A8%D7%9F-%D7%9E%D7%99%D7%A9%D7%9C/","60","הדגש על הקשבה לקהילות מגוונות מתאים לשפה פחות מתנשאת כלפי קהלים שונים."
"מורן מישל","דעות","שסעים פנימיים בחברה היהודית","D-015","ראיית השסע הדתי־חילוני כאיום מרכזי על הלכידות של החברה היהודית בישראל","mixed","https://hagush.org.il/candidates.html; https://www.davar1.co.il/648231/; https://he.wikipedia.org/wiki/%D7%9E%D7%95%D7%A8%D7%9F_%D7%9E%D7%99%D7%A9%D7%9C; https://www.ogen-laatid.com/; https://moranmichel.co.il/; https://www.atmag.co.il/%D7%98%D7%95%D7%A8-%D7%9C%D7%99%D7%95%D7%9D-%D7%94%D7%90%D7%99%D7%A9%D7%94-%D7%9E%D7%95%D7%A8%D7%9F-%D7%9E%D7%99%D7%A9%D7%9C/","55","המחאה והליברליות נוגעות לדת־מדינה, אך לא נמצא מוקד מרכזי בשסע דתי־חילוני."
"מורן מישל","דעות","שסעים פנימיים בחברה היהודית","D-016","תמיכה בבניית ברית חדשה בין ליברלים, מסורתיים, דתיים מתונים ופריפריה חברתית","supports","https://hagush.org.il/candidates.html; https://www.davar1.co.il/648231/; https://he.wikipedia.org/wiki/%D7%9E%D7%95%D7%A8%D7%9F_%D7%9E%D7%99%D7%A9%D7%9C; https://www.ogen-laatid.com/; https://moranmichel.co.il/; https://www.atmag.co.il/%D7%98%D7%95%D7%A8-%D7%9C%D7%99%D7%95%D7%9D-%D7%94%D7%90%D7%99%D7%A9%D7%94-%D7%9E%D7%95%D7%A8%D7%9F-%D7%9E%D7%99%D7%A9%D7%9C/","64","עוגן לעתיד מכוונת לערכים משותפים ולחיבור קהילות מגוונות."
"מורן מישל","דעות","שסעים פנימיים בחברה היהודית","D-017","ביקורת על מחנה המרכז־שמאל כאשר הוא נתפס כמנותק, אליטיסטי או חסר רגישות לפריפריה","mixed","https://hagush.org.il/candidates.html; https://www.davar1.co.il/648231/; https://he.wikipedia.org/wiki/%D7%9E%D7%95%D7%A8%D7%9F_%D7%9E%D7%99%D7%A9%D7%9C; https://www.ogen-laatid.com/; https://moranmichel.co.il/; https://www.atmag.co.il/%D7%98%D7%95%D7%A8-%D7%9C%D7%99%D7%95%D7%9D-%D7%94%D7%90%D7%99%D7%A9%D7%94-%D7%9E%D7%95%D7%A8%D7%9F-%D7%9E%D7%99%D7%A9%D7%9C/","55","עצם הצורך במסע הקשבה מרמז על ביקורת עקיפה על ניתוק, אך לא נמצא ניסוח מפורש."
"מורן מישל","דעות","שסעים פנימיים בחברה היהודית","D-018","העדפה לתיקון יחסי מרכז־פריפריה כחלק מבניית מחנה דמוקרטי רחב","mixed","https://hagush.org.il/candidates.html; https://www.davar1.co.il/648231/; https://he.wikipedia.org/wiki/%D7%9E%D7%95%D7%A8%D7%9F_%D7%9E%D7%99%D7%A9%D7%9C; https://www.ogen-laatid.com/; https://moranmichel.co.il/; https://www.atmag.co.il/%D7%98%D7%95%D7%A8-%D7%9C%D7%99%D7%95%D7%9D-%D7%94%D7%90%D7%99%D7%A9%D7%94-%D7%9E%D7%95%D7%A8%D7%9F-%D7%9E%D7%99%D7%A9%D7%9C/","58","חיבור קהילות וקהלי שטח תומך בכך חלקית, אך לא מקור מפורט על מרכז־פריפריה."
"מורן מישל","דעות","מדינה יהודית ודמוקרטית, דת ומדינה","D-019","העדפה לזהות ישראלית שבה הרכיב הדמוקרטי קודם לרכיב הדתי־לאומי כאשר יש התנגשות ביניהם","supports","https://hagush.org.il/candidates.html; https://www.davar1.co.il/648231/; https://he.wikipedia.org/wiki/%D7%9E%D7%95%D7%A8%D7%9F_%D7%9E%D7%99%D7%A9%D7%9C; https://www.ogen-laatid.com/; https://moranmichel.co.il/; https://www.atmag.co.il/%D7%98%D7%95%D7%A8-%D7%9C%D7%99%D7%95%D7%9D-%D7%94%D7%90%D7%99%D7%A9%D7%94-%D7%9E%D7%95%D7%A8%D7%9F-%D7%9E%D7%99%D7%A9%D7%9C/","70","המחאה למען דמוקרטיה וזכויות נשים מצביעה על העדפת רכיב דמוקרטי כאשר מוסדות וזכויות מאוימים."
"מורן מישל","דעות","מדינה יהודית ודמוקרטית, דת ומדינה","D-020","העדפה לזהות ישראלית שבה היהדות היא מקור תרבותי וערכי, אך אינה צריכה לשלוט במוסדות המדינה","mixed","https://hagush.org.il/candidates.html; https://www.davar1.co.il/648231/; https://he.wikipedia.org/wiki/%D7%9E%D7%95%D7%A8%D7%9F_%D7%9E%D7%99%D7%A9%D7%9C; https://www.ogen-laatid.com/; https://moranmichel.co.il/; https://www.atmag.co.il/%D7%98%D7%95%D7%A8-%D7%9C%D7%99%D7%95%D7%9D-%D7%94%D7%90%D7%99%D7%A9%D7%94-%D7%9E%D7%95%D7%A8%D7%9F-%D7%9E%D7%99%D7%A9%D7%9C/","55","יש ליברליות אזרחית מובהקת, אך לא נמצא מקור על היהדות כמקור תרבותי שאינו שולט במדינה."
"מורן מישל","דעות","מדינה יהודית ודמוקרטית, דת ומדינה","D-021","תמיכה בהפרדה ברורה יותר בין סמכות דתית לבין סמכות מדינתית","supports","https://hagush.org.il/candidates.html; https://www.davar1.co.il/648231/; https://he.wikipedia.org/wiki/%D7%9E%D7%95%D7%A8%D7%9F_%D7%9E%D7%99%D7%A9%D7%9C; https://www.ogen-laatid.com/; https://moranmichel.co.il/; https://www.atmag.co.il/%D7%98%D7%95%D7%A8-%D7%9C%D7%99%D7%95%D7%9D-%D7%94%D7%90%D7%99%D7%A9%D7%94-%D7%9E%D7%95%D7%A8%D7%9F-%D7%9E%D7%99%D7%A9%D7%9C/","60","הקו הליברלי־דמוקרטי תומך בהפרדה בין דת ומדינה, אך המקור עקיף."
"מורן מישל","דעות","מדינה יהודית ודמוקרטית, דת ומדינה","D-022","נכונות לשמר מרכיבים יהודיים־מסורתיים במרחב הציבורי כדי לאפשר שותפות עם ציבור מסורתי ודתי","unknown","לא נמצא מקור מספיק","0","לא נמצא מקור מספיק על שימור מרכיבים יהודיים־מסורתיים במרחב הציבורי."
"מורן מישל","דעות","מדינה יהודית ודמוקרטית, דת ומדינה","D-023","התנגדות לכפייה דתית בנושאי נישואין, שבת, חינוך, מעמד אישי או שירות ציבורי","supports","https://hagush.org.il/candidates.html; https://www.davar1.co.il/648231/; https://he.wikipedia.org/wiki/%D7%9E%D7%95%D7%A8%D7%9F_%D7%9E%D7%99%D7%A9%D7%9C; https://www.ogen-laatid.com/; https://moranmichel.co.il/; https://www.atmag.co.il/%D7%98%D7%95%D7%A8-%D7%9C%D7%99%D7%95%D7%9D-%D7%94%D7%90%D7%99%D7%A9%D7%94-%D7%9E%D7%95%D7%A8%D7%9F-%D7%9E%D7%99%D7%A9%D7%9C/","68","מאבקה סביב נשים ודמוקרטיה תומך בהתנגדות להדרה וכפייה, אף שאין פירוט בכל תחומי דת ומדינה."
"מורן מישל","דעות","מדינה יהודית ודמוקרטית, דת ומדינה","D-024","תמיכה בשוויון חובות אזרחיות בין קבוצות, כולל שאלת גיוס חרדים או שירות אזרחי","mixed","https://hagush.org.il/candidates.html; https://www.davar1.co.il/648231/; https://he.wikipedia.org/wiki/%D7%9E%D7%95%D7%A8%D7%9F_%D7%9E%D7%99%D7%A9%D7%9C; https://www.ogen-laatid.com/; https://moranmichel.co.il/; https://www.atmag.co.il/%D7%98%D7%95%D7%A8-%D7%9C%D7%99%D7%95%D7%9D-%D7%94%D7%90%D7%99%D7%A9%D7%94-%D7%9E%D7%95%D7%A8%D7%9F-%D7%9E%D7%99%D7%A9%D7%9C/","55","לא נמצא מקור ישיר על גיוס חרדים או שירות אזרחי, אך קו שוויון אזרחי תומך בכך חלקית."
"מורן מישל","דעות","הפרדה, גישור או שתי מדינות לעם היהודי","D-025","אמונה שהפער בין ישראל ליברלית לבין ישראל שמרנית־דתית עדיין ניתן לגישור פוליטי וחברתי","supports","https://hagush.org.il/candidates.html; https://www.davar1.co.il/648231/; https://he.wikipedia.org/wiki/%D7%9E%D7%95%D7%A8%D7%9F_%D7%9E%D7%99%D7%A9%D7%9C; https://www.ogen-laatid.com/; https://moranmichel.co.il/; https://www.atmag.co.il/%D7%98%D7%95%D7%A8-%D7%9C%D7%99%D7%95%D7%9D-%D7%94%D7%90%D7%99%D7%A9%D7%94-%D7%9E%D7%95%D7%A8%D7%9F-%D7%9E%D7%99%D7%A9%D7%9C/","64","עוגן לעתיד עוסקת ביצירת סיפור ישראלי משותף בין גווני החברה."
"מורן מישל","דעות","הפרדה, גישור או שתי מדינות לעם היהודי","D-026","ראיית הפער בין המחנות כעמוק עד כדי צורך בהסדרים של אוטונומיה, ביזור או הפרדה חלקית","unknown","לא נמצא מקור מספיק","0","לא נמצא מקור לתמיכה באוטונומיה או הפרדה פנימית בין מחנות."
"מורן מישל","דעות","הפרדה, גישור או שתי מדינות לעם היהודי","D-027","תמיכה בביזור סמכויות לשלטון מקומי כדי לאפשר לקהילות שונות לחיות לפי אורחות חיים שונים","mixed","https://hagush.org.il/candidates.html; https://www.davar1.co.il/648231/; https://he.wikipedia.org/wiki/%D7%9E%D7%95%D7%A8%D7%9F_%D7%9E%D7%99%D7%A9%D7%9C; https://www.ogen-laatid.com/; https://moranmichel.co.il/; https://www.atmag.co.il/%D7%98%D7%95%D7%A8-%D7%9C%D7%99%D7%95%D7%9D-%D7%94%D7%90%D7%99%D7%A9%D7%94-%D7%9E%D7%95%D7%A8%D7%9F-%D7%9E%D7%99%D7%A9%D7%9C/","50","עוגן לעתיד עוסקת בקהילות מקומיות, אך לא נמצא מקור ישיר לביזור סמכויות."
"מורן מישל","דעות","הפרדה, גישור או שתי מדינות לעם היהודי","D-028","התנגדות לרעיון של שתי מדינות לעם היהודי והעדפה למאבק על מסגרת מדינתית אחת משותפת","supports","https://hagush.org.il/candidates.html; https://www.davar1.co.il/648231/; https://he.wikipedia.org/wiki/%D7%9E%D7%95%D7%A8%D7%9F_%D7%9E%D7%99%D7%A9%D7%9C; https://www.ogen-laatid.com/; https://moranmichel.co.il/; https://www.atmag.co.il/%D7%98%D7%95%D7%A8-%D7%9C%D7%99%D7%95%D7%9D-%D7%94%D7%90%D7%99%D7%A9%D7%94-%D7%9E%D7%95%D7%A8%D7%9F-%D7%9E%D7%99%D7%A9%D7%9C/","58","החזון של סיפור ישראלי משותף תומך במסגרת אחת משותפת ולא בהפרדה פנימית."
"מורן מישל","דעות","הפרדה, גישור או שתי מדינות לעם היהודי","D-029","פתיחות לרעיון של הסדרים פנימיים חדשים בין חילונים, דתיים, חרדים, מסורתיים וליברלים","supports","https://hagush.org.il/candidates.html; https://www.davar1.co.il/648231/; https://he.wikipedia.org/wiki/%D7%9E%D7%95%D7%A8%D7%9F_%D7%9E%D7%99%D7%A9%D7%9C; https://www.ogen-laatid.com/; https://moranmichel.co.il/; https://www.atmag.co.il/%D7%98%D7%95%D7%A8-%D7%9C%D7%99%D7%95%D7%9D-%D7%94%D7%90%D7%99%D7%A9%D7%94-%D7%9E%D7%95%D7%A8%D7%9F-%D7%9E%D7%99%D7%A9%D7%9C/","62","המסע בין קהילות שונות מצביע על פתיחות להסדרים ושפה חדשה בין קבוצות."
"מורן מישל","דעות","הפרדה, גישור או שתי מדינות לעם היהודי","D-030","ראיית המשבר הישראלי לא רק כמאבק ימין־שמאל אלא כמאבק בין מודלים שונים של חיים משותפים","supports","https://hagush.org.il/candidates.html; https://www.davar1.co.il/648231/; https://he.wikipedia.org/wiki/%D7%9E%D7%95%D7%A8%D7%9F_%D7%9E%D7%99%D7%A9%D7%9C; https://www.ogen-laatid.com/; https://moranmichel.co.il/; https://www.atmag.co.il/%D7%98%D7%95%D7%A8-%D7%9C%D7%99%D7%95%D7%9D-%D7%94%D7%90%D7%99%D7%A9%D7%94-%D7%9E%D7%95%D7%A8%D7%9F-%D7%9E%D7%99%D7%A9%D7%9C/","72","עוגן לעתיד ממסגרת את המשבר כמשבר של ערכים, חברה וחיים משותפים."
"מורן מישל","דעות","יהודים־ערבים, שוויון אזרחי וחיים משותפים","D-031","ראיית אזרחי ישראל הערבים כחלק מלא מהדיון על עתיד המדינה ולא כעניין נפרד או משני","supports","https://hagush.org.il/candidates.html; https://www.davar1.co.il/648231/; https://he.wikipedia.org/wiki/%D7%9E%D7%95%D7%A8%D7%9F_%D7%9E%D7%99%D7%A9%D7%9C; https://www.ogen-laatid.com/; https://moranmichel.co.il/; https://www.atmag.co.il/%D7%98%D7%95%D7%A8-%D7%9C%D7%99%D7%95%D7%9D-%D7%94%D7%90%D7%99%D7%A9%D7%94-%D7%9E%D7%95%D7%A8%D7%9F-%D7%9E%D7%99%D7%A9%D7%9C/","62","עוגן לעתיד כוללת מפגשים עם קהילות מגוונות, לרבות חברה ערבית ודרוזית, אך לא זה עיקר פרופילה האישי."
"מורן מישל","דעות","יהודים־ערבים, שוויון אזרחי וחיים משותפים","D-032","תמיכה בשוויון אזרחי גם כאשר הוא מחייב שינוי בחוקים, סמלים או חלוקת משאבים","supports","https://hagush.org.il/candidates.html; https://www.davar1.co.il/648231/; https://he.wikipedia.org/wiki/%D7%9E%D7%95%D7%A8%D7%9F_%D7%9E%D7%99%D7%A9%D7%9C; https://www.ogen-laatid.com/; https://moranmichel.co.il/; https://www.atmag.co.il/%D7%98%D7%95%D7%A8-%D7%9C%D7%99%D7%95%D7%9D-%D7%94%D7%90%D7%99%D7%A9%D7%94-%D7%9E%D7%95%D7%A8%D7%9F-%D7%9E%D7%99%D7%A9%D7%9C/","68","ערכי חירות, שוויון וערבות הדדית תומכים בשוויון אזרחי."
"מורן מישל","דעות","יהודים־ערבים, שוויון אזרחי וחיים משותפים","D-033","תמיכה בשותפות פוליטית יהודית־ערבית כחלק מבניית מחנה דמוקרטי רחב","mixed","https://hagush.org.il/candidates.html; https://www.davar1.co.il/648231/; https://he.wikipedia.org/wiki/%D7%9E%D7%95%D7%A8%D7%9F_%D7%9E%D7%99%D7%A9%D7%9C; https://www.ogen-laatid.com/; https://moranmichel.co.il/; https://www.atmag.co.il/%D7%98%D7%95%D7%A8-%D7%9C%D7%99%D7%95%D7%9D-%D7%94%D7%90%D7%99%D7%A9%D7%94-%D7%9E%D7%95%D7%A8%D7%9F-%D7%9E%D7%99%D7%A9%D7%9C/","58","יש בסיס כללי לשותפות אזרחית, אך לא מקור מפורש לשותפות פוליטית יהודית־ערבית."
"מורן מישל","דעות","יהודים־ערבים, שוויון אזרחי וחיים משותפים","D-034","העדפה לשילוב אזרחים ערבים במוקדי קבלת החלטות, כולל בתחומים מדיניים וביטחוניים","unknown","לא נמצא מקור מספיק","0","לא נמצא מקור מספיק על שילוב אזרחים ערבים בהחלטות מדיניות וביטחוניות."
"מורן מישל","דעות","יהודים־ערבים, שוויון אזרחי וחיים משותפים","D-035","התנגדות לגזענות, הדרה או דה־לגיטימציה של הציבור הערבי בישראל","supports","https://hagush.org.il/candidates.html; https://www.davar1.co.il/648231/; https://he.wikipedia.org/wiki/%D7%9E%D7%95%D7%A8%D7%9F_%D7%9E%D7%99%D7%A9%D7%9C; https://www.ogen-laatid.com/; https://moranmichel.co.il/; https://www.atmag.co.il/%D7%98%D7%95%D7%A8-%D7%9C%D7%99%D7%95%D7%9D-%D7%94%D7%90%D7%99%D7%A9%D7%94-%D7%9E%D7%95%D7%A8%D7%9F-%D7%9E%D7%99%D7%A9%D7%9C/","68","הקו הליברלי־שוויוני של עוגן לעתיד והמחאה תומך בהתנגדות לגזענות והדרה."
"מורן מישל","דעות","יהודים־ערבים, שוויון אזרחי וחיים משותפים","D-036","הכרה בכך שחיים משותפים מחייבים גם התמודדות עם פחדים, טראומות וחוסר אמון בשני הצדדים","supports","https://hagush.org.il/candidates.html; https://www.davar1.co.il/648231/; https://he.wikipedia.org/wiki/%D7%9E%D7%95%D7%A8%D7%9F_%D7%9E%D7%99%D7%A9%D7%9C; https://www.ogen-laatid.com/; https://moranmichel.co.il/; https://www.atmag.co.il/%D7%98%D7%95%D7%A8-%D7%9C%D7%99%D7%95%D7%9D-%D7%94%D7%90%D7%99%D7%A9%D7%94-%D7%9E%D7%95%D7%A8%D7%9F-%D7%9E%D7%99%D7%A9%D7%9C/","58","מסע הקשבה לקהילות מגוונות מחזק התמודדות עם פחדים וחוסר אמון, אך המקור כללי."
"מורן מישל","דעות","ביטחון, פלסטינים והסדר מדיני","D-037","תמיכה בנתיב מדיני ארוך טווח מול הפלסטינים, גם לאחר שבעה באוקטובר","mixed","https://hagush.org.il/candidates.html; https://www.davar1.co.il/648231/; https://he.wikipedia.org/wiki/%D7%9E%D7%95%D7%A8%D7%9F_%D7%9E%D7%99%D7%A9%D7%9C; https://www.ogen-laatid.com/; https://moranmichel.co.il/; https://www.atmag.co.il/%D7%98%D7%95%D7%A8-%D7%9C%D7%99%D7%95%D7%9D-%D7%94%D7%90%D7%99%D7%A9%D7%94-%D7%9E%D7%95%D7%A8%D7%9F-%D7%9E%D7%99%D7%A9%D7%9C/","50","נמצא קשר לתוכן נגד סיפוח דרך עוגן לעתיד, אך לא עמדה מדינית אישית סדורה."
"מורן מישל","דעות","ביטחון, פלסטינים והסדר מדיני","D-038","העדפה להיפרדות מדינית וביטחונית מהפלסטינים כדי לשמור על ישראל יהודית ודמוקרטית","unknown","לא נמצא מקור מספיק","0","לא נמצא מקור מספיק על היפרדות מדינית־ביטחונית מהפלסטינים."
"מורן מישל","דעות","ביטחון, פלסטינים והסדר מדיני","D-039","תמיכה בפתרון שתי מדינות או במודל קרוב לו כיעד אסטרטגי","unknown","לא נמצא מקור מספיק","0","לא נמצא מקור מספיק לתמיכה מפורשת בפתרון שתי מדינות."
"מורן מישל","דעות","ביטחון, פלסטינים והסדר מדיני","D-040","פתיחות למודלים מדיניים מורכבים כגון קונפדרציה, גבולות פתוחים או הסדר אזורי","unknown","לא נמצא מקור מספיק","0","לא נמצא מקור מספיק למודלים מדיניים מורכבים."
"מורן מישל","דעות","ביטחון, פלסטינים והסדר מדיני","D-041","התנגדות להמשך שליטה ישראלית קבועה על אוכלוסייה פלסטינית ללא זכויות אזר מלאות","mixed","https://hagush.org.il/candidates.html; https://www.davar1.co.il/648231/; https://he.wikipedia.org/wiki/%D7%9E%D7%95%D7%A8%D7%9F_%D7%9E%D7%99%D7%A9%D7%9C; https://www.ogen-laatid.com/; https://moranmichel.co.il/; https://www.atmag.co.il/%D7%98%D7%95%D7%A8-%D7%9C%D7%99%D7%95%D7%9D-%D7%94%D7%90%D7%99%D7%A9%D7%94-%D7%9E%D7%95%D7%A8%D7%9F-%D7%9E%D7%99%D7%A9%D7%9C/","50","קשר להפקה בנושא סיפוח נותן בסיס חלקי להתנגדות לסיפוח/שליטה, אך לא עמדה מלאה."
"מורן מישל","דעות","ביטחון, פלסטינים והסדר מדיני","D-042","ראיית הסדר אזורי עם מדינות ערביות מתונות כחלק מרכזי מהעתיד הביטחוני של ישראל","unknown","לא נמצא מקור מספיק","0","לא נמצא מקור מספיק על הסדר אזורי עם מדינות ערביות."
"מורן מישל","דעות","שבעה באוקטובר, אחריות, חטופים וזיכרון לאומי","D-043","ראיית שבעה באוקטובר כאירוע שמחייב חשבון נפש מדינתי, מוסדי וחברתי עמוק","supports","https://hagush.org.il/candidates.html; https://www.davar1.co.il/648231/; https://he.wikipedia.org/wiki/%D7%9E%D7%95%D7%A8%D7%9F_%D7%9E%D7%99%D7%A9%D7%9C; https://www.ogen-laatid.com/; https://moranmichel.co.il/; https://www.atmag.co.il/%D7%98%D7%95%D7%A8-%D7%9C%D7%99%D7%95%D7%9D-%D7%94%D7%90%D7%99%D7%A9%D7%94-%D7%9E%D7%95%D7%A8%D7%9F-%D7%9E%D7%99%D7%A9%D7%9C/","62","המחאה לאחר המשבר והצטרפות מובילי מחאה לדמוקרטים מצביעות על חשבון נפש דמוקרטי־חברתי."
"מורן מישל","דעות","שבעה באוקטובר, אחריות, חטופים וזיכרון לאומי","D-044","תמיכה בוועדת חקירה ממלכתית ובאחריות אישית של הדרג המדיני והביטחוני","mixed","https://hagush.org.il/candidates.html; https://www.davar1.co.il/648231/; https://he.wikipedia.org/wiki/%D7%9E%D7%95%D7%A8%D7%9F_%D7%9E%D7%99%D7%A9%D7%9C; https://www.ogen-laatid.com/; https://moranmichel.co.il/; https://www.atmag.co.il/%D7%98%D7%95%D7%A8-%D7%9C%D7%99%D7%95%D7%9D-%D7%94%D7%90%D7%99%D7%A9%D7%94-%D7%9E%D7%95%D7%A8%D7%9F-%D7%9E%D7%99%D7%A9%D7%9C/","55","הקו נגד הממשלה תומך באחריות, אך לא נמצא מקור ישיר על ועדת חקירה ממלכתית."
"מורן מישל","דעות","שבעה באוקטובר, אחריות, חטופים וזיכרון לאומי","D-045","ראיית החטופים והמשפחות כסמל מוסרי מרכזי של אחריות המדינה לאזרחיה","mixed","https://hagush.org.il/candidates.html; https://www.davar1.co.il/648231/; https://he.wikipedia.org/wiki/%D7%9E%D7%95%D7%A8%D7%9F_%D7%9E%D7%99%D7%A9%D7%9C; https://www.ogen-laatid.com/; https://moranmichel.co.il/; https://www.atmag.co.il/%D7%98%D7%95%D7%A8-%D7%9C%D7%99%D7%95%D7%9D-%D7%94%D7%90%D7%99%D7%A9%D7%94-%D7%9E%D7%95%D7%A8%D7%9F-%D7%9E%D7%99%D7%A9%D7%9C/","52","הצטרפה עם מובילי מחאה שחלקם במאבק החטופים, אך לא נמצא שזה ציר אישי מרכזי שלה."
"מורן מישל","דעות","שבעה באוקטובר, אחריות, חטופים וזיכרון לאומי","D-046","התנגדות לשימוש פוליטי ציני בכאב של משפחות, נפגעים או קהילות שנפגעו במלחמה","supports","https://hagush.org.il/candidates.html; https://www.davar1.co.il/648231/; https://he.wikipedia.org/wiki/%D7%9E%D7%95%D7%A8%D7%9F_%D7%9E%D7%99%D7%A9%D7%9C; https://www.ogen-laatid.com/; https://moranmichel.co.il/; https://www.atmag.co.il/%D7%98%D7%95%D7%A8-%D7%9C%D7%99%D7%95%D7%9D-%D7%94%D7%90%D7%99%D7%A9%D7%94-%D7%9E%D7%95%D7%A8%D7%9F-%D7%9E%D7%99%D7%A9%D7%9C/","58","פעילותה הפמיניסטית והמחאתית תומכת בהתנגדות לניצול פוליטי של כאב, אך המקור עקיף."
"מורן מישל","דעות","שבעה באוקטובר, אחריות, חטופים וזיכרון לאומי","D-047","תמיכה בשיקום העוטף והקהילות שנפגעו כחלק מהחוזה הבסיסי בין המדינה לאזרחיה","unknown","לא נמצא מקור מספיק","0","לא נמצא מקור מספיק על שיקום העוטף."
"מורן מישל","דעות","שבעה באוקטובר, אחריות, חטופים וזיכרון לאומי","D-048","ראיית הטראומה של שבעה באוקטובר כבסיס לבניית מדיניות חדשה, לא רק כהצדקה להמשך מלחמה","mixed","https://hagush.org.il/candidates.html; https://www.davar1.co.il/648231/; https://he.wikipedia.org/wiki/%D7%9E%D7%95%D7%A8%D7%9F_%D7%9E%D7%99%D7%A9%D7%9C; https://www.ogen-laatid.com/; https://moranmichel.co.il/; https://www.atmag.co.il/%D7%98%D7%95%D7%A8-%D7%9C%D7%99%D7%95%D7%9D-%D7%94%D7%90%D7%99%D7%A9%D7%94-%D7%9E%D7%95%D7%A8%D7%9F-%D7%9E%D7%99%D7%A9%D7%9C/","55","היא מציגה צורך בשינוי פוליטי אחרי המשבר, אך לא מדיניות 7.10 מפורטת."
"מורן מישל","דעות","חברה, כלכלה, רווחה ופריפריה","D-049","הצבת צמצום אי־שוויון חברתי־כלכלי כנושא מרכזי בזהות הפוליטית","supports","https://hagush.org.il/candidates.html; https://www.davar1.co.il/648231/; https://he.wikipedia.org/wiki/%D7%9E%D7%95%D7%A8%D7%9F_%D7%9E%D7%99%D7%A9%D7%9C; https://www.ogen-laatid.com/; https://moranmichel.co.il/; https://www.atmag.co.il/%D7%98%D7%95%D7%A8-%D7%9C%D7%99%D7%95%D7%9D-%D7%94%D7%90%D7%99%D7%A9%D7%94-%D7%9E%D7%95%D7%A8%D7%9F-%D7%9E%D7%99%D7%A9%D7%9C/","72","פעילותה בזכויות עצמאים, נשים וחינוך מצביעה על רגישות לאי־שוויון חברתי־כלכלי."
"מורן מישל","דעות","חברה, כלכלה, רווחה ופריפריה","D-050","תמיכה בהרחבת אחריות המדינה בתחומי דיור, חינוך, בריאות ורווחה","supports","https://hagush.org.il/candidates.html; https://www.davar1.co.il/648231/; https://he.wikipedia.org/wiki/%D7%9E%D7%95%D7%A8%D7%9F_%D7%9E%D7%99%D7%A9%D7%9C; https://www.ogen-laatid.com/; https://moranmichel.co.il/; https://www.atmag.co.il/%D7%98%D7%95%D7%A8-%D7%9C%D7%99%D7%95%D7%9D-%D7%94%D7%90%D7%99%D7%A9%D7%94-%D7%9E%D7%95%D7%A8%D7%9F-%D7%9E%D7%99%D7%A9%D7%9C/","60","פעילות חברתית וחינוכית תומכת באחריות המדינה, אך אין מצע כלכלי מלא."
"מורן מישל","דעות","חברה, כלכלה, רווחה ופריפריה","D-051","תמיכה בזכויות עובדים, עבודה מאורגנת והגנה על שכבות מוחלשות","supports","https://hagush.org.il/candidates.html; https://www.davar1.co.il/648231/; https://he.wikipedia.org/wiki/%D7%9E%D7%95%D7%A8%D7%9F_%D7%9E%D7%99%D7%A9%D7%9C; https://www.ogen-laatid.com/; https://moranmichel.co.il/; https://www.atmag.co.il/%D7%98%D7%95%D7%A8-%D7%9C%D7%99%D7%95%D7%9D-%D7%94%D7%90%D7%99%D7%A9%D7%94-%D7%9E%D7%95%D7%A8%D7%9F-%D7%9E%D7%99%D7%A9%D7%9C/","72","כמייסדת ומנכ״לית לשעבר של הסתדרות העצמאים פעלה לזכויות עצמאים ועובדות עצמאיות."
"מורן מישל","דעות","חברה, כלכלה, רווחה ופריפריה","D-052","ראיית הפריפריה הגיאוגרפית והחברתית כשותפה אסטרטגית ולא כקהל יעד משני","mixed","https://hagush.org.il/candidates.html; https://www.davar1.co.il/648231/; https://he.wikipedia.org/wiki/%D7%9E%D7%95%D7%A8%D7%9F_%D7%9E%D7%99%D7%A9%D7%9C; https://www.ogen-laatid.com/; https://moranmichel.co.il/; https://www.atmag.co.il/%D7%98%D7%95%D7%A8-%D7%9C%D7%99%D7%95%D7%9D-%D7%94%D7%90%D7%99%D7%A9%D7%94-%D7%9E%D7%95%D7%A8%D7%9F-%D7%9E%D7%99%D7%A9%D7%9C/","58","עוגן לעתיד עוסקת בקהילות מגוונות, אך לא נמצא מוקד פריפריאלי אישי מובהק."
"מורן מישל","דעות","חברה, כלכלה, רווחה ופריפריה","D-053","תמיכה בהשקעה ארוכת טווח בנגב, בגליל, בעוטף ובערים מוחלשות","mixed","https://hagush.org.il/candidates.html; https://www.davar1.co.il/648231/; https://he.wikipedia.org/wiki/%D7%9E%D7%95%D7%A8%D7%9F_%D7%9E%D7%99%D7%A9%D7%9C; https://www.ogen-laatid.com/; https://moranmichel.co.il/; https://www.atmag.co.il/%D7%98%D7%95%D7%A8-%D7%9C%D7%99%D7%95%D7%9D-%D7%94%D7%90%D7%99%D7%A9%D7%94-%D7%9E%D7%95%D7%A8%D7%9F-%D7%9E%D7%99%D7%A9%D7%9C/","50","לא נמצא מקור מפורט על השקעה אזורית ארוכת טווח, אך קיימת גישה חברתית רחבה."
"מורן מישל","דעות","חברה, כלכלה, רווחה ופריפריה","D-054","חיבור בין צדק חברתי לבין בניית מחנה פוליטי חדש ורחב יותר","supports","https://hagush.org.il/candidates.html; https://www.davar1.co.il/648231/; https://he.wikipedia.org/wiki/%D7%9E%D7%95%D7%A8%D7%9F_%D7%9E%D7%99%D7%A9%D7%9C; https://www.ogen-laatid.com/; https://moranmichel.co.il/; https://www.atmag.co.il/%D7%98%D7%95%D7%A8-%D7%9C%D7%99%D7%95%D7%9D-%D7%94%D7%90%D7%99%D7%A9%D7%94-%D7%9E%D7%95%D7%A8%D7%9F-%D7%9E%D7%99%D7%A9%D7%9C/","70","החיבור בין צדק חברתי, נשים, עצמאים ודמוקרטיה מתאים לבניית מחנה רחב."
"מורן מישל","דעות","סגנון פשרה, גבולות ויכולת הסכמה","D-055","נכונות לפשרות פוליטיות רחבות כדי לשקם את המדינה גם במחיר ויתור אידיאולוגי חלקי","mixed","https://hagush.org.il/candidates.html; https://www.davar1.co.il/648231/; https://he.wikipedia.org/wiki/%D7%9E%D7%95%D7%A8%D7%9F_%D7%9E%D7%99%D7%A9%D7%9C; https://www.ogen-laatid.com/; https://moranmichel.co.il/; https://www.atmag.co.il/%D7%98%D7%95%D7%A8-%D7%9C%D7%99%D7%95%D7%9D-%D7%94%D7%90%D7%99%D7%A9%D7%94-%D7%9E%D7%95%D7%A8%D7%9F-%D7%9E%D7%99%D7%A9%D7%9C/","58","עוגן לעתיד מדגישה ערכים משותפים, אך כמובילת מחאה יש גם קווים אדומים חדים."
"מורן מישל","דעות","סגנון פשרה, גבולות ויכולת הסכמה","D-056","הצבת קווים אדומים ברורים שמעליהם אין מקום לפשרה עם יריבים פוליטיים","supports","https://hagush.org.il/candidates.html; https://www.davar1.co.il/648231/; https://he.wikipedia.org/wiki/%D7%9E%D7%95%D7%A8%D7%9F_%D7%9E%D7%99%D7%A9%D7%9C; https://www.ogen-laatid.com/; https://moranmichel.co.il/; https://www.atmag.co.il/%D7%98%D7%95%D7%A8-%D7%9C%D7%99%D7%95%D7%9D-%D7%94%D7%90%D7%99%D7%A9%D7%94-%D7%9E%D7%95%D7%A8%D7%9F-%D7%9E%D7%99%D7%A9%D7%9C/","76","מאבקה בדמוקרטיה וזכויות נשים מציב גבולות ברורים מול כוחות אנטי־דמוקרטיים."
"מורן מישל","דעות","סגנון פשרה, גבולות ויכולת הסכמה","D-057","העדפה להסכמות רחבות ולאיטיות על פני מהלכים חדים ומהירים","mixed","https://hagush.org.il/candidates.html; https://www.davar1.co.il/648231/; https://he.wikipedia.org/wiki/%D7%9E%D7%95%D7%A8%D7%9F_%D7%9E%D7%99%D7%A9%D7%9C; https://www.ogen-laatid.com/; https://moranmichel.co.il/; https://www.atmag.co.il/%D7%98%D7%95%D7%A8-%D7%9C%D7%99%D7%95%D7%9D-%D7%94%D7%90%D7%99%D7%A9%D7%94-%D7%9E%D7%95%D7%A8%D7%9F-%D7%9E%D7%99%D7%A9%D7%9C/","55","היא מחברת קהלים אך פועלת גם במחאה חריפה; אין העדפה חד־משמעית לאיטיות והסכמות."
"מורן מישל","דעות","סגנון פשרה, גבולות ויכולת הסכמה","D-058","העדפה למאבק חד וברור כאשר פשרה נתפסת ככניעה לכוחות אנטי־דמוקרטיים","supports","https://hagush.org.il/candidates.html; https://www.davar1.co.il/648231/; https://he.wikipedia.org/wiki/%D7%9E%D7%95%D7%A8%D7%9F_%D7%9E%D7%99%D7%A9%D7%9C; https://www.ogen-laatid.com/; https://moranmichel.co.il/; https://www.atmag.co.il/%D7%98%D7%95%D7%A8-%D7%9C%D7%99%D7%95%D7%9D-%D7%94%D7%90%D7%99%D7%A9%D7%94-%D7%9E%D7%95%D7%A8%D7%9F-%D7%9E%D7%99%D7%A9%D7%9C/","78","כמובילת מחאה נגד הרפורמה המשפטית מזוהה עם מאבק חד כאשר פשרה נתפסת כפגיעה בדמוקרטיה."
"מורן מישל","דעות","סגנון פשרה, גבולות ויכולת הסכמה","D-059","יכולת להבחין בין פשרה עניינית לבין טשטוש ערכי מסוכן","supports","https://hagush.org.il/candidates.html; https://www.davar1.co.il/648231/; https://he.wikipedia.org/wiki/%D7%9E%D7%95%D7%A8%D7%9F_%D7%9E%D7%99%D7%A9%D7%9C; https://www.ogen-laatid.com/; https://moranmichel.co.il/; https://www.atmag.co.il/%D7%98%D7%95%D7%A8-%D7%9C%D7%99%D7%95%D7%9D-%D7%94%D7%90%D7%99%D7%A9%D7%94-%D7%9E%D7%95%D7%A8%D7%9F-%D7%9E%D7%99%D7%A9%D7%9C/","66","פעילותה משלבת מחאה עם בניית ערכים משותפים, מה שמצביע על הבחנה בין פשרה לטשטוש."
"מורן מישל","דעות","סגנון פשרה, גבולות ויכולת הסכמה","D-060","נכונות לבנות קואליציות עתידיות עם גורמים שאינם שייכים למחנה הטבעי, אם הם מקבלים כללי משחק דמוקרטיים","supports","https://hagush.org.il/candidates.html; https://www.davar1.co.il/648231/; https://he.wikipedia.org/wiki/%D7%9E%D7%95%D7%A8%D7%9F_%D7%9E%D7%99%D7%A9%D7%9C; https://www.ogen-laatid.com/; https://moranmichel.co.il/; https://www.atmag.co.il/%D7%98%D7%95%D7%A8-%D7%9C%D7%99%D7%95%D7%9D-%D7%94%D7%90%D7%99%D7%A9%D7%94-%D7%9E%D7%95%D7%A8%D7%9F-%D7%9E%D7%99%D7%A9%D7%9C/","62","עוגן לעתיד מכוונת להשפעה על שחקנים פוליטיים מגוונים בתנאי ערכים דמוקרטיים."
"מורן מישל","יכולות","מומחיות מדינית, ביטחונית וממשלית","cap_001","ניסיון ישיר במערכות מדינה בכירות או במוקדי קבלת החלטות","unknown","לא נמצא מקור מספיק","0","לא נמצא ניסיון ישיר במערכות מדינה בכירות."
"מורן מישל","יכולות","מומחיות מדינית, ביטחונית וממשלית","cap_002","הבנה מוכחת של סוגיות מדיניות, ביטחוניות ואזוריות מורכבות","partial","https://hagush.org.il/candidates.html; https://www.davar1.co.il/648231/; https://he.wikipedia.org/wiki/%D7%9E%D7%95%D7%A8%D7%9F_%D7%9E%D7%99%D7%A9%D7%9C; https://www.ogen-laatid.com/; https://moranmichel.co.il/; https://www.atmag.co.il/%D7%98%D7%95%D7%A8-%D7%9C%D7%99%D7%95%D7%9D-%D7%94%D7%90%D7%99%D7%A9%D7%94-%D7%9E%D7%95%D7%A8%D7%9F-%D7%9E%D7%99%D7%A9%D7%9C/","55","יש הבנה פוליטית־אזרחית, אך לא מומחיות ביטחונית־מדינית מוכחת."
"מורן מישל","יכולות","מומחיות מדינית, ביטחונית וממשלית","cap_003","ניסיון במשא ומתן, דיאלוג אסטרטגי או קשרים בינלאומיים","partial","https://hagush.org.il/candidates.html; https://www.davar1.co.il/648231/; https://he.wikipedia.org/wiki/%D7%9E%D7%95%D7%A8%D7%9F_%D7%9E%D7%99%D7%A9%D7%9C; https://www.ogen-laatid.com/; https://moranmichel.co.il/; https://www.atmag.co.il/%D7%98%D7%95%D7%A8-%D7%9C%D7%99%D7%95%D7%9D-%D7%94%D7%90%D7%99%D7%A9%D7%94-%D7%9E%D7%95%D7%A8%D7%9F-%D7%9E%D7%99%D7%A9%D7%9C/","60","ניסיון קהילתי ואסטרטגי, אך לא דיאלוג אסטרטגי או בינלאומי קלאסי."
"מורן מישל","יכולות","מומחיות מדינית, ביטחונית וממשלית","cap_004","ניסיון צבאי, מודיעיני או ביטחוני בעל רלוונטיות לעבודה ציבורית","partial","https://hagush.org.il/candidates.html; https://www.davar1.co.il/648231/; https://he.wikipedia.org/wiki/%D7%9E%D7%95%D7%A8%D7%9F_%D7%9E%D7%99%D7%A9%D7%9C; https://www.ogen-laatid.com/; https://moranmichel.co.il/; https://www.atmag.co.il/%D7%98%D7%95%D7%A8-%D7%9C%D7%99%D7%95%D7%9D-%D7%94%D7%90%D7%99%D7%A9%D7%94-%D7%9E%D7%95%D7%A8%D7%9F-%D7%9E%D7%99%D7%A9%D7%9C/","50","שירתה כקצינת מבצעים בחיל הים, אך אין קריירה ביטחונית בכירה."
"מורן מישל","יכולות","מומחיות מדינית, ביטחונית וממשלית","cap_005","יכולת לגבש תפיסה מדינית־ביטחונית סדורה ולא רק עמדה ערכית כללית","unknown","לא נמצא מקור מספיק","0","לא נמצא מקור לתפיסה מדינית־ביטחונית סדורה."
"מורן מישל","יכולות","מומחיות מדינית, ביטחונית וממשלית","cap_006","יכולת לחבר בין יעדים ביטחוניים לבין יעדים מדיניים ארוכי טווח","unknown","לא נמצא מקור מספיק","0","לא נמצא מקור לחיבור יעדים ביטחוניים למדיניים ארוכי טווח."
"מורן מישל","יכולות","ארגון, ניהול וביצוע","cap_007","ניסיון בהקמה וניהול של ארגונים, חברות, תנועות או מטות פעולה","has","https://hagush.org.il/candidates.html; https://www.davar1.co.il/648231/; https://he.wikipedia.org/wiki/%D7%9E%D7%95%D7%A8%D7%9F_%D7%9E%D7%99%D7%A9%D7%9C; https://www.ogen-laatid.com/; https://moranmichel.co.il/; https://www.atmag.co.il/%D7%98%D7%95%D7%A8-%D7%9C%D7%99%D7%95%D7%9D-%D7%94%D7%90%D7%99%D7%A9%D7%94-%D7%9E%D7%95%D7%A8%D7%9F-%D7%9E%D7%99%D7%A9%D7%9C/","88","מייסדת/מנהלת בארגוני עצמאים, עוגן לעתיד ויוזמות מחאה."
"מורן מישל","יכולות","ארגון, ניהול וביצוע","cap_008","יכולת להוביל צוותים, תקציבים, קהילות או מערכות מורכבות","has","https://hagush.org.il/candidates.html; https://www.davar1.co.il/648231/; https://he.wikipedia.org/wiki/%D7%9E%D7%95%D7%A8%D7%9F_%D7%9E%D7%99%D7%A9%D7%9C; https://www.ogen-laatid.com/; https://moranmichel.co.il/; https://www.atmag.co.il/%D7%98%D7%95%D7%A8-%D7%9C%D7%99%D7%95%D7%9D-%D7%94%D7%90%D7%99%D7%A9%D7%94-%D7%9E%D7%95%D7%A8%D7%9F-%D7%9E%D7%99%D7%A9%D7%9C/","86","ניהלה קהילות, ארגונים ותוכן בקנה מידה ציבורי."
"מורן מישל","יכולות","ארגון, ניהול וביצוע","cap_009","הובלת מאבקים ציבוריים שהניבו תוצאות ממשיות","has","https://hagush.org.il/candidates.html; https://www.davar1.co.il/648231/; https://he.wikipedia.org/wiki/%D7%9E%D7%95%D7%A8%D7%9F_%D7%9E%D7%99%D7%A9%D7%9C; https://www.ogen-laatid.com/; https://moranmichel.co.il/; https://www.atmag.co.il/%D7%98%D7%95%D7%A8-%D7%9C%D7%99%D7%95%D7%9D-%D7%94%D7%90%D7%99%D7%A9%D7%94-%D7%9E%D7%95%D7%A8%D7%9F-%D7%9E%D7%99%D7%A9%D7%9C/","84","הובילה מאבקים ציבוריים, כולל זכויות עצמאים ומחאה דמוקרטית."
"מורן מישל","יכולות","ארגון, ניהול וביצוע","cap_010","יכולת להפוך רעיון כללי לתשתית פעולה מתמשכת","has","https://hagush.org.il/candidates.html; https://www.davar1.co.il/648231/; https://he.wikipedia.org/wiki/%D7%9E%D7%95%D7%A8%D7%9F_%D7%9E%D7%99%D7%A9%D7%9C; https://www.ogen-laatid.com/; https://moranmichel.co.il/; https://www.atmag.co.il/%D7%98%D7%95%D7%A8-%D7%9C%D7%99%D7%95%D7%9D-%D7%94%D7%90%D7%99%D7%A9%D7%94-%D7%9E%D7%95%D7%A8%D7%9F-%D7%9E%D7%99%D7%A9%D7%9C/","88","הפכה רעיונות לתנועות, קהילות, תוכן ופעולה מתמשכת."
"מורן מישל","יכולות","ארגון, ניהול וביצוע","cap_011","ניסיון בניהול משברים ציבוריים, פוליטיים או ארגוניים","has","https://hagush.org.il/candidates.html; https://www.davar1.co.il/648231/; https://he.wikipedia.org/wiki/%D7%9E%D7%95%D7%A8%D7%9F_%D7%9E%D7%99%D7%A9%D7%9C; https://www.ogen-laatid.com/; https://moranmichel.co.il/; https://www.atmag.co.il/%D7%98%D7%95%D7%A8-%D7%9C%D7%99%D7%95%D7%9D-%D7%94%D7%90%D7%99%D7%A9%D7%94-%D7%9E%D7%95%D7%A8%D7%9F-%D7%9E%D7%99%D7%A9%D7%9C/","72","פעלה בלב משברי מחאה ציבוריים וארגוניים."
"מורן מישל","יכולות","ארגון, ניהול וביצוע","cap_012","מוכנות לקחת אחריות אישית גבוהה על מהלך ציבורי או ארגוני","has","https://hagush.org.il/candidates.html; https://www.davar1.co.il/648231/; https://he.wikipedia.org/wiki/%D7%9E%D7%95%D7%A8%D7%9F_%D7%9E%D7%99%D7%A9%D7%9C; https://www.ogen-laatid.com/; https://moranmichel.co.il/; https://www.atmag.co.il/%D7%98%D7%95%D7%A8-%D7%9C%D7%99%D7%95%D7%9D-%D7%94%D7%90%D7%99%D7%A9%D7%94-%D7%9E%D7%95%D7%A8%D7%9F-%D7%9E%D7%99%D7%A9%D7%9C/","82","לקחה אחריות ציבורית גבוהה כמובילת מחאה וכמועמדת."
"מורן מישל","יכולות","חקיקה, פוליטיקה ומוסדות","cap_013","ניסיון בעבודה פרלמנטרית, ועדות כנסת, חקיקה או הצעות חוק","partial","https://hagush.org.il/candidates.html; https://www.davar1.co.il/648231/; https://he.wikipedia.org/wiki/%D7%9E%D7%95%D7%A8%D7%9F_%D7%9E%D7%99%D7%A9%D7%9C; https://www.ogen-laatid.com/; https://moranmichel.co.il/; https://www.atmag.co.il/%D7%98%D7%95%D7%A8-%D7%9C%D7%99%D7%95%D7%9D-%D7%94%D7%90%D7%99%D7%A9%D7%94-%D7%9E%D7%95%D7%A8%D7%9F-%D7%9E%D7%99%D7%A9%D7%9C/","60","הייתה מעורבת בקידום תיקון דמי לידה לעצמאיות, אך לא כח״כית."
"מורן מישל","יכולות","חקיקה, פוליטיקה ומוסדות","cap_014","היכרות מעשית עם מנגנוני מפלגות, פריימריז, רשימות וקואליציות","partial","https://hagush.org.il/candidates.html; https://www.davar1.co.il/648231/; https://he.wikipedia.org/wiki/%D7%9E%D7%95%D7%A8%D7%9F_%D7%9E%D7%99%D7%A9%D7%9C; https://www.ogen-laatid.com/; https://moranmichel.co.il/; https://www.atmag.co.il/%D7%98%D7%95%D7%A8-%D7%9C%D7%99%D7%95%D7%9D-%D7%94%D7%90%D7%99%D7%A9%D7%94-%D7%9E%D7%95%D7%A8%D7%9F-%D7%9E%D7%99%D7%A9%D7%9C/","55","כמועמדת בדמוקרטים יש היכרות חלקית עם פריימריז ומפלגה."
"מורן מישל","יכולות","חקיקה, פוליטיקה ומוסדות","cap_015","יכולת לפעול בתוך מוסדות קיימים ולא רק מחוץ להם","partial","https://hagush.org.il/candidates.html; https://www.davar1.co.il/648231/; https://he.wikipedia.org/wiki/%D7%9E%D7%95%D7%A8%D7%9F_%D7%9E%D7%99%D7%A9%D7%9C; https://www.ogen-laatid.com/; https://moranmichel.co.il/; https://www.atmag.co.il/%D7%98%D7%95%D7%A8-%D7%9C%D7%99%D7%95%D7%9D-%D7%94%D7%90%D7%99%D7%A9%D7%94-%D7%9E%D7%95%D7%A8%D7%9F-%D7%9E%D7%99%D7%A9%D7%9C/","60","פועלת להפוך מחאה לפוליטיקה מוסדית, אך ללא ניסיון מוסדי ארוך."
"מורן מישל","יכולות","חקיקה, פוליטיקה ומוסדות","cap_016","ניסיון בבניית תנועה פוליטית, מפלגה או אלטרנטיבה שלטונית","has","https://hagush.org.il/candidates.html; https://www.davar1.co.il/648231/; https://he.wikipedia.org/wiki/%D7%9E%D7%95%D7%A8%D7%9F_%D7%9E%D7%99%D7%A9%D7%9C; https://www.ogen-laatid.com/; https://moranmichel.co.il/; https://www.atmag.co.il/%D7%98%D7%95%D7%A8-%D7%9C%D7%99%D7%95%D7%9D-%D7%94%D7%90%D7%99%D7%A9%D7%94-%D7%9E%D7%95%D7%A8%D7%9F-%D7%9E%D7%99%D7%A9%D7%9C/","74","ממייסדות עוגן לעתיד ומובילת מסגרות חברתיות־פוליטיות."
"מורן מישל","יכולות","חקיקה, פוליטיקה ומוסדות","cap_017","יכולת לייצר שיתופי פעולה בין זרמים, מפלגות או קבוצות אינטרס","partial","https://hagush.org.il/candidates.html; https://www.davar1.co.il/648231/; https://he.wikipedia.org/wiki/%D7%9E%D7%95%D7%A8%D7%9F_%D7%9E%D7%99%D7%A9%D7%9C; https://www.ogen-laatid.com/; https://moranmichel.co.il/; https://www.atmag.co.il/%D7%98%D7%95%D7%A8-%D7%9C%D7%99%D7%95%D7%9D-%D7%94%D7%90%D7%99%D7%A9%D7%94-%D7%9E%D7%95%D7%A8%D7%9F-%D7%9E%D7%99%D7%A9%D7%9C/","68","עוגן לעתיד מחברת קבוצות וקהילות, אך ניסיון מפלגתי עדיין מתפתח."
"מורן מישל","יכולות","חקיקה, פוליטיקה ומוסדות","cap_018","יכולת לתרגם עמדות אידיאולוגיות לפעולות מוסדיות או חקיקתיות","partial","https://hagush.org.il/candidates.html; https://www.davar1.co.il/648231/; https://he.wikipedia.org/wiki/%D7%9E%D7%95%D7%A8%D7%9F_%D7%9E%D7%99%D7%A9%D7%9C; https://www.ogen-laatid.com/; https://moranmichel.co.il/; https://www.atmag.co.il/%D7%98%D7%95%D7%A8-%D7%9C%D7%99%D7%95%D7%9D-%D7%94%D7%90%D7%99%D7%A9%D7%94-%D7%9E%D7%95%D7%A8%D7%9F-%D7%9E%D7%99%D7%A9%D7%9C/","62","תרגמה ערכים ציבוריים לקמפיינים ויוזמות, פחות לחקיקה ישירה."
"מורן מישל","יכולות","תקשורת, הסברה והשפעה ציבורית","cap_019","יכולת ליצור מסרים חדים, ברורים וזכירים","has","https://hagush.org.il/candidates.html; https://www.davar1.co.il/648231/; https://he.wikipedia.org/wiki/%D7%9E%D7%95%D7%A8%D7%9F_%D7%9E%D7%99%D7%A9%D7%9C; https://www.ogen-laatid.com/; https://moranmichel.co.il/; https://www.atmag.co.il/%D7%98%D7%95%D7%A8-%D7%9C%D7%99%D7%95%D7%9D-%D7%94%D7%90%D7%99%D7%A9%D7%94-%D7%9E%D7%95%D7%A8%D7%9F-%D7%9E%D7%99%D7%A9%D7%9C/","90","מומחית סטוריטלינג, תוכן וקהילות עם מסרים ציבוריים ברורים."
"מורן מישל","יכולות","תקשורת, הסברה והשפעה ציבורית","cap_020","יכולת לייצר תוכן דיגיטלי, ויראלי או תקשורתי שמגיע לקהלים רחבים","has","https://hagush.org.il/candidates.html; https://www.davar1.co.il/648231/; https://he.wikipedia.org/wiki/%D7%9E%D7%95%D7%A8%D7%9F_%D7%9E%D7%99%D7%A9%D7%9C; https://www.ogen-laatid.com/; https://moranmichel.co.il/; https://www.atmag.co.il/%D7%98%D7%95%D7%A8-%D7%9C%D7%99%D7%95%D7%9D-%D7%94%D7%90%D7%99%D7%A9%D7%94-%D7%9E%D7%95%D7%A8%D7%9F-%D7%9E%D7%99%D7%A9%D7%9C/","86","יוצרת תוכן, מנהלת קהילות ומזוהה עם נוכחות דיגיטלית וציבורית."
"מורן מישל","יכולות","תקשורת, הסברה והשפעה ציבורית","cap_021","ניסיון בהופעה ציבורית, ראיונות, פודקאסטים, קולנוע, כתיבה או הרצאות","has","https://hagush.org.il/candidates.html; https://www.davar1.co.il/648231/; https://he.wikipedia.org/wiki/%D7%9E%D7%95%D7%A8%D7%9F_%D7%9E%D7%99%D7%A9%D7%9C; https://www.ogen-laatid.com/; https://moranmichel.co.il/; https://www.atmag.co.il/%D7%98%D7%95%D7%A8-%D7%9C%D7%99%D7%95%D7%9D-%D7%94%D7%90%D7%99%D7%A9%D7%94-%D7%9E%D7%95%D7%A8%D7%9F-%D7%9E%D7%99%D7%A9%D7%9C/","88","מפיקה, מרצה, פודקאסטרית ומנחת במה מרכזית בקפלן."
"מורן מישל","יכולות","תקשורת, הסברה והשפעה ציבורית","cap_022","יכולת להסביר נושאים מורכבים בשפה נגישה ולא טכנוקרטית","has","https://hagush.org.il/candidates.html; https://www.davar1.co.il/648231/; https://he.wikipedia.org/wiki/%D7%9E%D7%95%D7%A8%D7%9F_%D7%9E%D7%99%D7%A9%D7%9C; https://www.ogen-laatid.com/; https://moranmichel.co.il/; https://www.atmag.co.il/%D7%98%D7%95%D7%A8-%D7%9C%D7%99%D7%95%D7%9D-%D7%94%D7%90%D7%99%D7%A9%D7%94-%D7%9E%D7%95%D7%A8%D7%9F-%D7%9E%D7%99%D7%A9%D7%9C/","86","יכולת הנגשת נושאים מורכבים דרך תוכן, קהילות וסטוריטלינג."
"מורן מישל","יכולות","תקשורת, הסברה והשפעה ציבורית","cap_023","יכולת לנהל מאבק תודעתי מול יריבים פוליטיים או תקשורתיים","has","https://hagush.org.il/candidates.html; https://www.davar1.co.il/648231/; https://he.wikipedia.org/wiki/%D7%9E%D7%95%D7%A8%D7%9F_%D7%9E%D7%99%D7%A9%D7%9C; https://www.ogen-laatid.com/; https://moranmichel.co.il/; https://www.atmag.co.il/%D7%98%D7%95%D7%A8-%D7%9C%D7%99%D7%95%D7%9D-%D7%94%D7%90%D7%99%D7%A9%D7%94-%D7%9E%D7%95%D7%A8%D7%9F-%D7%9E%D7%99%D7%A9%D7%9C/","84","הובילה מאבק תודעתי במסגרת המחאה נגד הרפורמה."
"מורן מישל","יכולות","תקשורת, הסברה והשפעה ציבורית","cap_024","יכולת להפוך סיפור אישי או ערכי לכלי גיוס ציבורי","has","https://hagush.org.il/candidates.html; https://www.davar1.co.il/648231/; https://he.wikipedia.org/wiki/%D7%9E%D7%95%D7%A8%D7%9F_%D7%9E%D7%99%D7%A9%D7%9C; https://www.ogen-laatid.com/; https://moranmichel.co.il/; https://www.atmag.co.il/%D7%98%D7%95%D7%A8-%D7%9C%D7%99%D7%95%D7%9D-%D7%94%D7%90%D7%99%D7%A9%D7%94-%D7%9E%D7%95%D7%A8%D7%9F-%D7%9E%D7%99%D7%A9%D7%9C/","86","משתמשת בסיפור אישי־ערכי ופמיניסטי לגיוס ציבורי."
"מורן מישל","יכולות","חיבור בין קהלים ועולמות","cap_025","יכולת לחבר בין יהודים לערבים בתוך מסגרת פוליטית או אזרחית משותפת","partial","https://hagush.org.il/candidates.html; https://www.davar1.co.il/648231/; https://he.wikipedia.org/wiki/%D7%9E%D7%95%D7%A8%D7%9F_%D7%9E%D7%99%D7%A9%D7%9C; https://www.ogen-laatid.com/; https://moranmichel.co.il/; https://www.atmag.co.il/%D7%98%D7%95%D7%A8-%D7%9C%D7%99%D7%95%D7%9D-%D7%94%D7%90%D7%99%D7%A9%D7%94-%D7%9E%D7%95%D7%A8%D7%9F-%D7%9E%D7%99%D7%A9%D7%9C/","62","עוגן לעתיד עוסקת בקהילות מגוונות, אך היא לא הדמות המרכזית בחיבור יהודי־ערבי."
"מורן מישל","יכולות","חיבור בין קהלים ועולמות","cap_026","יכולת לחבר בין שמאל ליברלי לבין פריפריה מזרחית, מסורתית או גיאוגרפית","partial","https://hagush.org.il/candidates.html; https://www.davar1.co.il/648231/; https://he.wikipedia.org/wiki/%D7%9E%D7%95%D7%A8%D7%9F_%D7%9E%D7%99%D7%A9%D7%9C; https://www.ogen-laatid.com/; https://moranmichel.co.il/; https://www.atmag.co.il/%D7%98%D7%95%D7%A8-%D7%9C%D7%99%D7%95%D7%9D-%D7%94%D7%90%D7%99%D7%A9%D7%94-%D7%9E%D7%95%D7%A8%D7%9F-%D7%9E%D7%99%D7%A9%D7%9C/","60","מסע הקשבה וחיבור קהילות תומך בכך חלקית."
"מורן מישל","יכולות","חיבור בין קהלים ועולמות","cap_027","יכולת לחבר בין עולם המחאה לבין עבודה מפלגתית ומוסדית","has","https://hagush.org.il/candidates.html; https://www.davar1.co.il/648231/; https://he.wikipedia.org/wiki/%D7%9E%D7%95%D7%A8%D7%9F_%D7%9E%D7%99%D7%A9%D7%9C; https://www.ogen-laatid.com/; https://moranmichel.co.il/; https://www.atmag.co.il/%D7%98%D7%95%D7%A8-%D7%9C%D7%99%D7%95%D7%9D-%D7%94%D7%90%D7%99%D7%A9%D7%94-%D7%9E%D7%95%D7%A8%D7%9F-%D7%9E%D7%99%D7%A9%D7%9C/","88","זהו מוקד מרכזי: מעבר מעולם המחאה לעבודה מפלגתית."
"מורן מישל","יכולות","חיבור בין קהלים ועולמות","cap_028","יכולת לחבר בין היי־טק, חדשנות ודיגיטל לבין פוליטיקה ציבורית","partial","https://hagush.org.il/candidates.html; https://www.davar1.co.il/648231/; https://he.wikipedia.org/wiki/%D7%9E%D7%95%D7%A8%D7%9F_%D7%9E%D7%99%D7%A9%D7%9C; https://www.ogen-laatid.com/; https://moranmichel.co.il/; https://www.atmag.co.il/%D7%98%D7%95%D7%A8-%D7%9C%D7%99%D7%95%D7%9D-%D7%94%D7%90%D7%99%D7%A9%D7%94-%D7%9E%D7%95%D7%A8%D7%9F-%D7%9E%D7%99%D7%A9%D7%9C/","68","רקע במיקרוסופט, תוכן וקהילות נותן בסיס לחיבור דיגיטל ופוליטיקה, אך לא היי־טק מדיניות."
"מורן מישל","יכולות","חיבור בין קהלים ועולמות","cap_029","יכולת לחבר בין שפה מקצועית־ביטחונית לבין שפה אזרחית וערכית","unknown","לא נמצא מקור מספיק","0","לא נמצא מקור ליכולת לחבר שפה ביטחונית־מקצועית לשפה אזרחית."
"מורן מישל","יכולות","חיבור בין קהלים ועולמות","cap_030","אמינות מול קהילות שטח ולא רק מול קהל תקשורתי או אליטיסטי","has","https://hagush.org.il/candidates.html; https://www.davar1.co.il/648231/; https://he.wikipedia.org/wiki/%D7%9E%D7%95%D7%A8%D7%9F_%D7%9E%D7%99%D7%A9%D7%9C; https://www.ogen-laatid.com/; https://moranmichel.co.il/; https://www.atmag.co.il/%D7%98%D7%95%D7%A8-%D7%9C%D7%99%D7%95%D7%9D-%D7%94%D7%90%D7%99%D7%A9%D7%94-%D7%9E%D7%95%D7%A8%D7%9F-%D7%9E%D7%99%D7%A9%D7%9C/","76","אמינה מול קהילות מחאה, נשים, עצמאים וקהילות תוכן."
"מורן מישל","יכולות","חדשנות, למידה ושיתוף ציבור","cap_031","שימוש בטכנולוגיה, מידע או כלים דיגיטליים לשיתוף ציבור וארגון פוליטי","has","https://hagush.org.il/candidates.html; https://www.davar1.co.il/648231/; https://he.wikipedia.org/wiki/%D7%9E%D7%95%D7%A8%D7%9F_%D7%9E%D7%99%D7%A9%D7%9C; https://www.ogen-laatid.com/; https://moranmichel.co.il/; https://www.atmag.co.il/%D7%98%D7%95%D7%A8-%D7%9C%D7%99%D7%95%D7%9D-%D7%94%D7%90%D7%99%D7%A9%D7%94-%D7%9E%D7%95%D7%A8%D7%9F-%D7%9E%D7%99%D7%A9%D7%9C/","78","רקע תוכן, קהילות ודיגיטל תומך בשימוש בכלים דיגיטליים לארגון ציבורי."
"מורן מישל","יכולות","חדשנות, למידה ושיתוף ציבור","cap_032","חשיבה מערכתית שמזהה קשרים בין משבר פוליטי, כלכלה, ביטחון וחברה","has","https://hagush.org.il/candidates.html; https://www.davar1.co.il/648231/; https://he.wikipedia.org/wiki/%D7%9E%D7%95%D7%A8%D7%9F_%D7%9E%D7%99%D7%A9%D7%9C; https://www.ogen-laatid.com/; https://moranmichel.co.il/; https://www.atmag.co.il/%D7%98%D7%95%D7%A8-%D7%9C%D7%99%D7%95%D7%9D-%D7%94%D7%90%D7%99%D7%A9%D7%94-%D7%9E%D7%95%D7%A8%D7%9F-%D7%9E%D7%99%D7%A9%D7%9C/","76","עוגן לעתיד מחברת משבר פוליטי, חברה, חינוך וערכים משותפים."
"מורן מישל","יכולות","חדשנות, למידה ושיתוף ציבור","cap_033","יזמות בפתרונות לא שגרתיים לבעיות פוליטיות או חברתיות","has","https://hagush.org.il/candidates.html; https://www.davar1.co.il/648231/; https://he.wikipedia.org/wiki/%D7%9E%D7%95%D7%A8%D7%9F_%D7%9E%D7%99%D7%A9%D7%9C; https://www.ogen-laatid.com/; https://moranmichel.co.il/; https://www.atmag.co.il/%D7%98%D7%95%D7%A8-%D7%9C%D7%99%D7%95%D7%9D-%D7%94%D7%90%D7%99%D7%A9%D7%94-%D7%9E%D7%95%D7%A8%D7%9F-%D7%9E%D7%99%D7%A9%D7%9C/","78","יזמה פתרונות קהילתיים וציבוריים לא שגרתיים."
"מורן מישל","יכולות","חדשנות, למידה ושיתוף ציבור","cap_034","יכולת ללמוד תחומים חדשים ולהפוך אותם לשפה ציבורית ברורה","has","https://hagush.org.il/candidates.html; https://www.davar1.co.il/648231/; https://he.wikipedia.org/wiki/%D7%9E%D7%95%D7%A8%D7%9F_%D7%9E%D7%99%D7%A9%D7%9C; https://www.ogen-laatid.com/; https://moranmichel.co.il/; https://www.atmag.co.il/%D7%98%D7%95%D7%A8-%D7%9C%D7%99%D7%95%D7%9D-%D7%94%D7%90%D7%99%D7%A9%D7%94-%D7%9E%D7%95%D7%A8%D7%9F-%D7%9E%D7%99%D7%A9%D7%9C/","82","הקריירה שלה מעידה על למידה והנגשה של תחומים לציבור."
"מורן מישל","יכולות","חדשנות, למידה ושיתוף ציבור","cap_035","שילוב בין ידע מקצועי, ניסיון אישי וערכים פוליטיים","has","https://hagush.org.il/candidates.html; https://www.davar1.co.il/648231/; https://he.wikipedia.org/wiki/%D7%9E%D7%95%D7%A8%D7%9F_%D7%9E%D7%99%D7%A9%D7%9C; https://www.ogen-laatid.com/; https://moranmichel.co.il/; https://www.atmag.co.il/%D7%98%D7%95%D7%A8-%D7%9C%D7%99%D7%95%D7%9D-%D7%94%D7%90%D7%99%D7%A9%D7%94-%D7%9E%D7%95%D7%A8%D7%9F-%D7%9E%D7%99%D7%A9%D7%9C/","86","משלבת ניסיון אישי, ידע תוכן וערכים פוליטיים."
"מורן מישל","יכולות","חדשנות, למידה ושיתוף ציבור","cap_036","פתיחות לניסויים ארגוניים ודמוקרטיים חדשים ולא רק לשיטות פוליטיות קיימות","has","https://hagush.org.il/candidates.html; https://www.davar1.co.il/648231/; https://he.wikipedia.org/wiki/%D7%9E%D7%95%D7%A8%D7%9F_%D7%9E%D7%99%D7%A9%D7%9C; https://www.ogen-laatid.com/; https://moranmichel.co.il/; https://www.atmag.co.il/%D7%98%D7%95%D7%A8-%D7%9C%D7%99%D7%95%D7%9D-%D7%94%D7%90%D7%99%D7%A9%D7%94-%D7%9E%D7%95%D7%A8%D7%9F-%D7%9E%D7%99%D7%A9%D7%9C/","78","עוגן לעתיד ומחאות מאורגנות מצביעות על פתיחות לניסויים ארגוניים חדשים."
"מהרטה ברוך רון","דעות","דמוקרטיה, משילות ותיקון מוסדות המדינה","D-001","נטייה לתיקון חוקתי ומוסדי עמוק, ולא רק להחלפת ממשלה","mixed","https://hagush.org.il/candidates.html; https://he.wikipedia.org/wiki/%D7%9E%D7%94%D7%A8%D7%98%D7%94_%D7%91%D7%A8%D7%95%D7%9A-%D7%A8%D7%95%D7%9F; https://supersonas.com/personas/%D7%9E%D7%94%D7%A8%D7%98%D7%94-%D7%91%D7%A8%D7%95%D7%9A-%D7%A8%D7%95%D7%9F/; https://e.democrats.org.il/Democrats_OpenHouses/247031; https://www.globes.co.il/news/article.aspx?did=1001257858","55","ניסיונה העירוני והמפלגתי מצביע על תיקון מוסדי מעשי, אך לא מצע חוקתי עמוק."
"מהרטה ברוך רון","דעות","דמוקרטיה, משילות ותיקון מוסדות המדינה","D-002","ראיית המשבר הדמוקרטי כתוצאה של שיטה פוליטית פגומה ולא רק של אדם או ממשלה מסוימת","mixed","https://hagush.org.il/candidates.html; https://he.wikipedia.org/wiki/%D7%9E%D7%94%D7%A8%D7%98%D7%94_%D7%91%D7%A8%D7%95%D7%9A-%D7%A8%D7%95%D7%9F; https://supersonas.com/personas/%D7%9E%D7%94%D7%A8%D7%98%D7%94-%D7%91%D7%A8%D7%95%D7%9A-%D7%A8%D7%95%D7%9F/; https://e.democrats.org.il/Democrats_OpenHouses/247031; https://www.globes.co.il/news/article.aspx?did=1001257858","55","היא מדגישה שוויון, צמצום פערים וייצוג, אך לא נמצא ניתוח שיטתי של המשבר הדמוקרטי."
"מהרטה ברוך רון","דעות","דמוקרטיה, משילות ותיקון מוסדות המדינה","D-003","נכונות למאבק ציבורי חריף כאשר מוסדות המדינה נתפסים כמאוימים","supports","https://hagush.org.il/candidates.html; https://he.wikipedia.org/wiki/%D7%9E%D7%94%D7%A8%D7%98%D7%94_%D7%91%D7%A8%D7%95%D7%9A-%D7%A8%D7%95%D7%9F; https://supersonas.com/personas/%D7%9E%D7%94%D7%A8%D7%98%D7%94-%D7%91%D7%A8%D7%95%D7%9A-%D7%A8%D7%95%D7%9F/; https://e.democrats.org.il/Democrats_OpenHouses/247031; https://www.globes.co.il/news/article.aspx?did=1001257858","58","פעילותה במרחב הדמוקרטי והפוליטי תומכת במאבק ציבורי, אך לא כמובילת מחאה מרכזית."
"מהרטה ברוך רון","דעות","דמוקרטיה, משילות ותיקון מוסדות המדינה","D-004","העדפה לשיקום ממלכתי, זהיר ומוסדי של המדינה לאחר המשבר","supports","https://hagush.org.il/candidates.html; https://he.wikipedia.org/wiki/%D7%9E%D7%94%D7%A8%D7%98%D7%94_%D7%91%D7%A8%D7%95%D7%9A-%D7%A8%D7%95%D7%9F; https://supersonas.com/personas/%D7%9E%D7%94%D7%A8%D7%98%D7%94-%D7%91%D7%A8%D7%95%D7%9A-%D7%A8%D7%95%D7%9F/; https://e.democrats.org.il/Democrats_OpenHouses/247031; https://www.globes.co.il/news/article.aspx?did=1001257858","66","סגנונה וניסיונה העירוני מצביעים על שיקום ממלכתי ומוסדי דרך שירותים חברתיים ותרבות."
"מהרטה ברוך רון","דעות","דמוקרטיה, משילות ותיקון מוסדות המדינה","D-005","תמיכה בשיתוף ציבור, דמוקרטיה פנימית ושקיפות בתוך המפלגה ובמערכת הפוליטית","mixed","https://hagush.org.il/candidates.html; https://he.wikipedia.org/wiki/%D7%9E%D7%94%D7%A8%D7%98%D7%94_%D7%91%D7%A8%D7%95%D7%9A-%D7%A8%D7%95%D7%9F; https://supersonas.com/personas/%D7%9E%D7%94%D7%A8%D7%98%D7%94-%D7%91%D7%A8%D7%95%D7%9A-%D7%A8%D7%95%D7%9F/; https://e.democrats.org.il/Democrats_OpenHouses/247031; https://www.globes.co.il/news/article.aspx?did=1001257858","52","יש רקע מפלגתי וציבורי, אך לא מקור על שקיפות ודמוקרטיה פנימית."
"מהרטה ברוך רון","דעות","דמוקרטיה, משילות ותיקון מוסדות המדינה","D-006","נכונות להגביל כוח שלטוני גם כאשר הכוח נמצא בידי המחנה הקרוב אידיאולוגית","supports","https://hagush.org.il/candidates.html; https://he.wikipedia.org/wiki/%D7%9E%D7%94%D7%A8%D7%98%D7%94_%D7%91%D7%A8%D7%95%D7%9A-%D7%A8%D7%95%D7%9F; https://supersonas.com/personas/%D7%9E%D7%94%D7%A8%D7%98%D7%94-%D7%91%D7%A8%D7%95%D7%9A-%D7%A8%D7%95%D7%9F/; https://e.democrats.org.il/Democrats_OpenHouses/247031; https://www.globes.co.il/news/article.aspx?did=1001257858","62","תפיסת שוויון ללא קשר למוצא, דת, גזע, מין או נטייה מינית תומכת בהגבלת כוח מפלה."
"מהרטה ברוך רון","דעות","יחס למחנה השני ויכולת גישור","D-007","ראיית מצביעי המחנה השני כיריבים פוליטיים לגיטימיים ולא כאויבים","supports","https://hagush.org.il/candidates.html; https://he.wikipedia.org/wiki/%D7%9E%D7%94%D7%A8%D7%98%D7%94_%D7%91%D7%A8%D7%95%D7%9A-%D7%A8%D7%95%D7%9F; https://supersonas.com/personas/%D7%9E%D7%94%D7%A8%D7%98%D7%94-%D7%91%D7%A8%D7%95%D7%9A-%D7%A8%D7%95%D7%9F/; https://e.democrats.org.il/Democrats_OpenHouses/247031; https://www.globes.co.il/news/article.aspx?did=1001257858","62","המסר שלה על שוויון לכל אדם ועל ייצוג מגוון תומך בלגיטימציה של קהלים שונים."
"מהרטה ברוך רון","דעות","יחס למחנה השני ויכולת גישור","D-008","הבחנה בין הנהגת המחנה השני לבין הציבור הרחב שתומך בה","mixed","https://hagush.org.il/candidates.html; https://he.wikipedia.org/wiki/%D7%9E%D7%94%D7%A8%D7%98%D7%94_%D7%91%D7%A8%D7%95%D7%9A-%D7%A8%D7%95%D7%9F; https://supersonas.com/personas/%D7%9E%D7%94%D7%A8%D7%98%D7%94-%D7%91%D7%A8%D7%95%D7%9A-%D7%A8%D7%95%D7%9F/; https://e.democrats.org.il/Democrats_OpenHouses/247031; https://www.globes.co.il/news/article.aspx?did=1001257858","55","הרקע החברתי הרחב מאפשר הבחנה בין ציבור להנהגה, אך לא נמצא ניסוח מפורש."
"מהרטה ברוך רון","דעות","יחס למחנה השני ויכולת גישור","D-009","אמונה שאפשר לבנות גשר מחודש בין המחנה הדמוקרטי־ליברלי לבין חלקים מהימין המסורתי","mixed","https://hagush.org.il/candidates.html; https://he.wikipedia.org/wiki/%D7%9E%D7%94%D7%A8%D7%98%D7%94_%D7%91%D7%A8%D7%95%D7%9A-%D7%A8%D7%95%D7%9F; https://supersonas.com/personas/%D7%9E%D7%94%D7%A8%D7%98%D7%94-%D7%91%D7%A8%D7%95%D7%9A-%D7%A8%D7%95%D7%9F/; https://e.democrats.org.il/Democrats_OpenHouses/247031; https://www.globes.co.il/news/article.aspx?did=1001257858","55","הסיפור האישי והמוניציפלי מאפשר גשר לקהלים שונים, אך לא מקור ייעודי לימין מסורתי."
"מהרטה ברוך רון","דעות","יחס למחנה השני ויכולת גישור","D-010","העדפה להכרעה פוליטית ברורה על פני פיוס מוקדם עם המחנה השני","opposes","https://hagush.org.il/candidates.html; https://he.wikipedia.org/wiki/%D7%9E%D7%94%D7%A8%D7%98%D7%94_%D7%91%D7%A8%D7%95%D7%9A-%D7%A8%D7%95%D7%9F; https://supersonas.com/personas/%D7%9E%D7%94%D7%A8%D7%98%D7%94-%D7%91%D7%A8%D7%95%D7%9A-%D7%A8%D7%95%D7%9F/; https://e.democrats.org.il/Democrats_OpenHouses/247031; https://www.globes.co.il/news/article.aspx?did=1001257858","50","סגנונה הציבורי־ממלכתי והחברתי פחות מצביע על העדפת הכרעה חריפה לפני פיוס."
"מהרטה ברוך רון","דעות","יחס למחנה השני ויכולת גישור","D-011","נכונות לשיח עם דתיים, מסורתיים, חרדים וימנים גם כאשר קיימת מחלוקת ערכית עמוקה","supports","https://hagush.org.il/candidates.html; https://he.wikipedia.org/wiki/%D7%9E%D7%94%D7%A8%D7%98%D7%94_%D7%91%D7%A8%D7%95%D7%9A-%D7%A8%D7%95%D7%9F; https://supersonas.com/personas/%D7%9E%D7%94%D7%A8%D7%98%D7%94-%D7%91%D7%A8%D7%95%D7%9A-%D7%A8%D7%95%D7%9F/; https://e.democrats.org.il/Democrats_OpenHouses/247031; https://www.globes.co.il/news/article.aspx?did=1001257858","65","רקע דתי־חינוכי, עלייה מאתיופיה וניסיון עירוני תומכים בשיח עם קהלים מגוונים."
"מהרטה ברוך רון","דעות","יחס למחנה השני ויכולת גישור","D-012","ראיית חלק מהמחנה השני כשותף עתידי אפשרי לשיקום המדינה לאחר עידן נתניהו","mixed","https://hagush.org.il/candidates.html; https://he.wikipedia.org/wiki/%D7%9E%D7%94%D7%A8%D7%98%D7%94_%D7%91%D7%A8%D7%95%D7%9A-%D7%A8%D7%95%D7%9F; https://supersonas.com/personas/%D7%9E%D7%94%D7%A8%D7%98%D7%94-%D7%91%D7%A8%D7%95%D7%9A-%D7%A8%D7%95%D7%9F/; https://e.democrats.org.il/Democrats_OpenHouses/247031; https://www.globes.co.il/news/article.aspx?did=1001257858","55","יש יכולת גישור חברתית, אך לא מקור לשותפות פוליטית עתידית עם חלקים מהימין."
"מהרטה ברוך רון","דעות","שסעים פנימיים בחברה היהודית","D-013","ראיית השסע העדתי והפריפריאלי כמרכיב מרכזי במשבר הפוליטי בישראל","supports","https://hagush.org.il/candidates.html; https://he.wikipedia.org/wiki/%D7%9E%D7%94%D7%A8%D7%98%D7%94_%D7%91%D7%A8%D7%95%D7%9A-%D7%A8%D7%95%D7%9F; https://supersonas.com/personas/%D7%9E%D7%94%D7%A8%D7%98%D7%94-%D7%91%D7%A8%D7%95%D7%9A-%D7%A8%D7%95%D7%9F/; https://e.democrats.org.il/Democrats_OpenHouses/247031; https://www.globes.co.il/news/article.aspx?did=1001257858","82","כישראלית יוצאת אתיופיה וכמי שעוסקת בצמצום פערים, השסע העדתי־חברתי מרכזי בפרופילה."
"מהרטה ברוך רון","דעות","שסעים פנימיים בחברה היהודית","D-014","נכונות לדבר עם מצביעים מזרחים, מסורתיים ופריפריאליים בשפה שאינה מתנשאת ואינה רק ליברלית־אשכנזית","supports","https://hagush.org.il/candidates.html; https://he.wikipedia.org/wiki/%D7%9E%D7%94%D7%A8%D7%98%D7%94_%D7%91%D7%A8%D7%95%D7%9A-%D7%A8%D7%95%D7%9F; https://supersonas.com/personas/%D7%9E%D7%94%D7%A8%D7%98%D7%94-%D7%91%D7%A8%D7%95%D7%9A-%D7%A8%D7%95%D7%9F/; https://e.democrats.org.il/Democrats_OpenHouses/247031; https://www.globes.co.il/news/article.aspx?did=1001257858","76","סיפורה האישי וניסיונה החברתי מאפשרים שפה לא מתנשאת כלפי קהלים מודרים ופריפריאליים."
"מהרטה ברוך רון","דעות","שסעים פנימיים בחברה היהודית","D-015","ראיית השסע הדתי־חילוני כאיום מרכזי על הלכידות של החברה היהודית בישראל","mixed","https://hagush.org.il/candidates.html; https://he.wikipedia.org/wiki/%D7%9E%D7%94%D7%A8%D7%98%D7%94_%D7%91%D7%A8%D7%95%D7%9A-%D7%A8%D7%95%D7%9F; https://supersonas.com/personas/%D7%9E%D7%94%D7%A8%D7%98%D7%94-%D7%91%D7%A8%D7%95%D7%9A-%D7%A8%D7%95%D7%9F/; https://e.democrats.org.il/Democrats_OpenHouses/247031; https://www.globes.co.il/news/article.aspx?did=1001257858","55","למדה בפנימיות דתיות ויש לה רגישות לזהות דתית, אך לא נמצא מוקד מדיניות דת־מדינה."
"מהרטה ברוך רון","דעות","שסעים פנימיים בחברה היהודית","D-016","תמיכה בבניית ברית חדשה בין ליברלים, מסורתיים, דתיים מתונים ופריפריה חברתית","supports","https://hagush.org.il/candidates.html; https://he.wikipedia.org/wiki/%D7%9E%D7%94%D7%A8%D7%98%D7%94_%D7%91%D7%A8%D7%95%D7%9A-%D7%A8%D7%95%D7%9F; https://supersonas.com/personas/%D7%9E%D7%94%D7%A8%D7%98%D7%94-%D7%91%D7%A8%D7%95%D7%9A-%D7%A8%D7%95%D7%9F/; https://e.democrats.org.il/Democrats_OpenHouses/247031; https://www.globes.co.il/news/article.aspx?did=1001257858","66","תפיסת שוויון רחבה וניסיון חברתי מאפשרים ברית בין קהלים ליברליים, מסורתיים ופריפריאליים."
"מהרטה ברוך רון","דעות","שסעים פנימיים בחברה היהודית","D-017","ביקורת על מחנה המרכז־שמאל כאשר הוא נתפס כמנותק, אליטיסטי או חסר רגישות לפריפריה","supports","https://hagush.org.il/candidates.html; https://he.wikipedia.org/wiki/%D7%9E%D7%94%D7%A8%D7%98%D7%94_%D7%91%D7%A8%D7%95%D7%9A-%D7%A8%D7%95%D7%9F; https://supersonas.com/personas/%D7%9E%D7%94%D7%A8%D7%98%D7%94-%D7%91%D7%A8%D7%95%D7%9A-%D7%A8%D7%95%D7%9F/; https://e.democrats.org.il/Democrats_OpenHouses/247031; https://www.globes.co.il/news/article.aspx?did=1001257858","58","הדגש על הנגשת תרבות לפריפריה חברתית־גיאוגרפית מצביע על רגישות לביקורת ניתוק."
"מהרטה ברוך רון","דעות","שסעים פנימיים בחברה היהודית","D-018","העדפה לתיקון יחסי מרכז־פריפריה כחלק מבניית מחנה דמוקרטי רחב","supports","https://hagush.org.il/candidates.html; https://he.wikipedia.org/wiki/%D7%9E%D7%94%D7%A8%D7%98%D7%94_%D7%91%D7%A8%D7%95%D7%9A-%D7%A8%D7%95%D7%9F; https://supersonas.com/personas/%D7%9E%D7%94%D7%A8%D7%98%D7%94-%D7%91%D7%A8%D7%95%D7%9A-%D7%A8%D7%95%D7%9F/; https://e.democrats.org.il/Democrats_OpenHouses/247031; https://www.globes.co.il/news/article.aspx?did=1001257858","78","הנגשת תרבות וצמצום פערים חברתיים הם מוקד מפורש בפעילותה."
"מהרטה ברוך רון","דעות","מדינה יהודית ודמוקרטית, דת ומדינה","D-019","העדפה לזהות ישראלית שבה הרכיב הדמוקרטי קודם לרכיב הדתי־לאומי כאשר יש התנגשות ביניהם","supports","https://hagush.org.il/candidates.html; https://he.wikipedia.org/wiki/%D7%9E%D7%94%D7%A8%D7%98%D7%94_%D7%91%D7%A8%D7%95%D7%9A-%D7%A8%D7%95%D7%9F; https://supersonas.com/personas/%D7%9E%D7%94%D7%A8%D7%98%D7%94-%D7%91%D7%A8%D7%95%D7%9A-%D7%A8%D7%95%D7%9F/; https://e.democrats.org.il/Democrats_OpenHouses/247031; https://www.globes.co.il/news/article.aspx?did=1001257858","62","תפיסת שוויון ללא קשר לדת תומכת בהעדפת דמוקרטיה ושוויון במקרי התנגשות."
"מהרטה ברוך רון","דעות","מדינה יהודית ודמוקרטית, דת ומדינה","D-020","העדפה לזהות ישראלית שבה היהדות היא מקור תרבותי וערכי, אך אינה צריכה לשלוט במוסדות המדינה","mixed","https://hagush.org.il/candidates.html; https://he.wikipedia.org/wiki/%D7%9E%D7%94%D7%A8%D7%98%D7%94_%D7%91%D7%A8%D7%95%D7%9A-%D7%A8%D7%95%D7%9F; https://supersonas.com/personas/%D7%9E%D7%94%D7%A8%D7%98%D7%94-%D7%91%D7%A8%D7%95%D7%9A-%D7%A8%D7%95%D7%9F/; https://e.democrats.org.il/Democrats_OpenHouses/247031; https://www.globes.co.il/news/article.aspx?did=1001257858","55","היא מכבדת זהויות דתיות, אך לא נמצא מקור מפורש על היהדות כמקור תרבותי בלבד."
"מהרטה ברוך רון","דעות","מדינה יהודית ודמוקרטית, דת ומדינה","D-021","תמיכה בהפרדה ברורה יותר בין סמכות דתית לבין סמכות מדינתית","mixed","https://hagush.org.il/candidates.html; https://he.wikipedia.org/wiki/%D7%9E%D7%94%D7%A8%D7%98%D7%94_%D7%91%D7%A8%D7%95%D7%9A-%D7%A8%D7%95%D7%9F; https://supersonas.com/personas/%D7%9E%D7%94%D7%A8%D7%98%D7%94-%D7%91%D7%A8%D7%95%D7%9A-%D7%A8%D7%95%D7%9F/; https://e.democrats.org.il/Democrats_OpenHouses/247031; https://www.globes.co.il/news/article.aspx?did=1001257858","55","השוויון ללא קשר לדת תומך בכך חלקית, אך אין מקור מפורש על הפרדת דת ומדינה."
"מהרטה ברוך רון","דעות","מדינה יהודית ודמוקרטית, דת ומדינה","D-022","נכונות לשמר מרכיבים יהודיים־מסורתיים במרחב הציבורי כדי לאפשר שותפות עם ציבור מסורתי ודתי","supports","https://hagush.org.il/candidates.html; https://he.wikipedia.org/wiki/%D7%9E%D7%94%D7%A8%D7%98%D7%94_%D7%91%D7%A8%D7%95%D7%9A-%D7%A8%D7%95%D7%9F; https://supersonas.com/personas/%D7%9E%D7%94%D7%A8%D7%98%D7%94-%D7%91%D7%A8%D7%95%D7%9A-%D7%A8%D7%95%D7%9F/; https://e.democrats.org.il/Democrats_OpenHouses/247031; https://www.globes.co.il/news/article.aspx?did=1001257858","58","רקע בפנימיות דתיות וזהות יהודית־אתיופית מצביעים על נכונות לכבד מסורת במרחב ציבורי."
"מהרטה ברוך רון","דעות","מדינה יהודית ודמוקרטית, דת ומדינה","D-023","התנגדות לכפייה דתית בנושאי נישואין, שבת, חינוך, מעמד אישי או שירות ציבורי","supports","https://hagush.org.il/candidates.html; https://he.wikipedia.org/wiki/%D7%9E%D7%94%D7%A8%D7%98%D7%94_%D7%91%D7%A8%D7%95%D7%9A-%D7%A8%D7%95%D7%9F; https://supersonas.com/personas/%D7%9E%D7%94%D7%A8%D7%98%D7%94-%D7%91%D7%A8%D7%95%D7%9A-%D7%A8%D7%95%D7%9F/; https://e.democrats.org.il/Democrats_OpenHouses/247031; https://www.globes.co.il/news/article.aspx?did=1001257858","60","תפיסת שוויון ללא קשר לדת, מין או נטייה מינית תומכת בהתנגדות לכפייה והדרה."
"מהרטה ברוך רון","דעות","מדינה יהודית ודמוקרטית, דת ומדינה","D-024","תמיכה בשוויון חובות אזרחיות בין קבוצות, כולל שאלת גיוס חרדים או שירות אזרחי","mixed","https://hagush.org.il/candidates.html; https://he.wikipedia.org/wiki/%D7%9E%D7%94%D7%A8%D7%98%D7%94_%D7%91%D7%A8%D7%95%D7%9A-%D7%A8%D7%95%D7%9F; https://supersonas.com/personas/%D7%9E%D7%94%D7%A8%D7%98%D7%94-%D7%91%D7%A8%D7%95%D7%9A-%D7%A8%D7%95%D7%9F/; https://e.democrats.org.il/Democrats_OpenHouses/247031; https://www.globes.co.il/news/article.aspx?did=1001257858","55","תפיסת שוויון אזרחי תומכת בכך, אך לא נמצא מקור ממוקד על גיוס חרדים או שירות אזרחי."
"מהרטה ברוך רון","דעות","הפרדה, גישור או שתי מדינות לעם היהודי","D-025","אמונה שהפער בין ישראל ליברלית לבין ישראל שמרנית־דתית עדיין ניתן לגישור פוליטי וחברתי","supports","https://hagush.org.il/candidates.html; https://he.wikipedia.org/wiki/%D7%9E%D7%94%D7%A8%D7%98%D7%94_%D7%91%D7%A8%D7%95%D7%9A-%D7%A8%D7%95%D7%9F; https://supersonas.com/personas/%D7%9E%D7%94%D7%A8%D7%98%D7%94-%D7%91%D7%A8%D7%95%D7%9A-%D7%A8%D7%95%D7%9F/; https://e.democrats.org.il/Democrats_OpenHouses/247031; https://www.globes.co.il/news/article.aspx?did=1001257858","62","הסיפור האישי והחברתי שלה מצביע על אמונה בגישור בין קהילות וזהויות."
"מהרטה ברוך רון","דעות","הפרדה, גישור או שתי מדינות לעם היהודי","D-026","ראיית הפער בין המחנות כעמוק עד כדי צורך בהסדרים של אוטונומיה, ביזור או הפרדה חלקית","unknown","לא נמצא מקור מספיק","0","לא נמצא מקור לתמיכה באוטונומיה או הפרדה פנימית בין מחנות."
"מהרטה ברוך רון","דעות","הפרדה, גישור או שתי מדינות לעם היהודי","D-027","תמיכה בביזור סמכויות לשלטון מקומי כדי לאפשר לקהילות שונות לחיות לפי אורחות חיים שונים","supports","https://hagush.org.il/candidates.html; https://he.wikipedia.org/wiki/%D7%9E%D7%94%D7%A8%D7%98%D7%94_%D7%91%D7%A8%D7%95%D7%9A-%D7%A8%D7%95%D7%9F; https://supersonas.com/personas/%D7%9E%D7%94%D7%A8%D7%98%D7%94-%D7%91%D7%A8%D7%95%D7%9A-%D7%A8%D7%95%D7%9F/; https://e.democrats.org.il/Democrats_OpenHouses/247031; https://www.globes.co.il/news/article.aspx?did=1001257858","62","ניסיונה כסגנית ראש עיר תומך בהבנת חשיבות שלטון מקומי, אף שלא נמצא מודל ביזור מפורש."
"מהרטה ברוך רון","דעות","הפרדה, גישור או שתי מדינות לעם היהודי","D-028","התנגדות לרעיון של שתי מדינות לעם היהודי והעדפה למאבק על מסגרת מדינתית אחת משותפת","supports","https://hagush.org.il/candidates.html; https://he.wikipedia.org/wiki/%D7%9E%D7%94%D7%A8%D7%98%D7%94_%D7%91%D7%A8%D7%95%D7%9A-%D7%A8%D7%95%D7%9F; https://supersonas.com/personas/%D7%9E%D7%94%D7%A8%D7%98%D7%94-%D7%91%D7%A8%D7%95%D7%9A-%D7%A8%D7%95%D7%9F/; https://e.democrats.org.il/Democrats_OpenHouses/247031; https://www.globes.co.il/news/article.aspx?did=1001257858","56","תפיסתה החברתית הרחבה תומכת במסגרת אזרחית משותפת אחת ולא בהפרדה פנימית."
"מהרטה ברוך רון","דעות","הפרדה, גישור או שתי מדינות לעם היהודי","D-029","פתיחות לרעיון של הסדרים פנימיים חדשים בין חילונים, דתיים, חרדים, מסורתיים וליברלים","supports","https://hagush.org.il/candidates.html; https://he.wikipedia.org/wiki/%D7%9E%D7%94%D7%A8%D7%98%D7%94_%D7%91%D7%A8%D7%95%D7%9A-%D7%A8%D7%95%D7%9F; https://supersonas.com/personas/%D7%9E%D7%94%D7%A8%D7%98%D7%94-%D7%91%D7%A8%D7%95%D7%9A-%D7%A8%D7%95%D7%9F/; https://e.democrats.org.il/Democrats_OpenHouses/247031; https://www.globes.co.il/news/article.aspx?did=1001257858","62","רקע בין זהויות דתיות, עדתיות וחברתיות תומך בפתיחות להסדרים פנימיים חדשים."
"מהרטה ברוך רון","דעות","הפרדה, גישור או שתי מדינות לעם היהודי","D-030","ראיית המשבר הישראלי לא רק כמאבק ימין־שמאל אלא כמאבק בין מודלים שונים של חיים משותפים","supports","https://hagush.org.il/candidates.html; https://he.wikipedia.org/wiki/%D7%9E%D7%94%D7%A8%D7%98%D7%94_%D7%91%D7%A8%D7%95%D7%9A-%D7%A8%D7%95%D7%9F; https://supersonas.com/personas/%D7%9E%D7%94%D7%A8%D7%98%D7%94-%D7%91%D7%A8%D7%95%D7%9A-%D7%A8%D7%95%D7%9F/; https://e.democrats.org.il/Democrats_OpenHouses/247031; https://www.globes.co.il/news/article.aspx?did=1001257858","66","היא מדגישה מודלים של צמיחה, שוויון והשתייכות בין קבוצות, מעבר לשמאל־ימין."
"מהרטה ברוך רון","דעות","יהודים־ערבים, שוויון אזרחי וחיים משותפים","D-031","ראיית אזרחי ישראל הערבים כחלק מלא מהדיון על עתיד המדינה ולא כעניין נפרד או משני","supports","https://hagush.org.il/candidates.html; https://he.wikipedia.org/wiki/%D7%9E%D7%94%D7%A8%D7%98%D7%94_%D7%91%D7%A8%D7%95%D7%9A-%D7%A8%D7%95%D7%9F; https://supersonas.com/personas/%D7%9E%D7%94%D7%A8%D7%98%D7%94-%D7%91%D7%A8%D7%95%D7%9A-%D7%A8%D7%95%D7%9F/; https://e.democrats.org.il/Democrats_OpenHouses/247031; https://www.globes.co.il/news/article.aspx?did=1001257858","64","תפיסת שוויון ללא קשר לדת וגזע תומכת בשילוב אזרחים ערבים, אף שזה לא עיקר פעילותה."
"מהרטה ברוך רון","דעות","יהודים־ערבים, שוויון אזרחי וחיים משותפים","D-032","תמיכה בשוויון אזרחי גם כאשר הוא מחייב שינוי בחוקים, סמלים או חלוקת משאבים","supports","https://hagush.org.il/candidates.html; https://he.wikipedia.org/wiki/%D7%9E%D7%94%D7%A8%D7%98%D7%94_%D7%91%D7%A8%D7%95%D7%9A-%D7%A8%D7%95%D7%9F; https://supersonas.com/personas/%D7%9E%D7%94%D7%A8%D7%98%D7%94-%D7%91%D7%A8%D7%95%D7%9A-%D7%A8%D7%95%D7%9F/; https://e.democrats.org.il/Democrats_OpenHouses/247031; https://www.globes.co.il/news/article.aspx?did=1001257858","84","היא מצהירה על מתן בסיס שווה לכל אדם ללא קשר למוצא, דת, גזע, מין או נטייה מינית."
"מהרטה ברוך רון","דעות","יהודים־ערבים, שוויון אזרחי וחיים משותפים","D-033","תמיכה בשותפות פוליטית יהודית־ערבית כחלק מבניית מחנה דמוקרטי רחב","mixed","https://hagush.org.il/candidates.html; https://he.wikipedia.org/wiki/%D7%9E%D7%94%D7%A8%D7%98%D7%94_%D7%91%D7%A8%D7%95%D7%9A-%D7%A8%D7%95%D7%9F; https://supersonas.com/personas/%D7%9E%D7%94%D7%A8%D7%98%D7%94-%D7%91%D7%A8%D7%95%D7%9A-%D7%A8%D7%95%D7%9F/; https://e.democrats.org.il/Democrats_OpenHouses/247031; https://www.globes.co.il/news/article.aspx?did=1001257858","55","יש בסיס ערכי לשותפות אזרחית, אך לא נמצא מקור מפורש לשותפות פוליטית יהודית־ערבית."
"מהרטה ברוך רון","דעות","יהודים־ערבים, שוויון אזרחי וחיים משותפים","D-034","העדפה לשילוב אזרחים ערבים במוקדי קבלת החלטות, כולל בתחומים מדיניים וביטחוניים","unknown","לא נמצא מקור מספיק","0","לא נמצא מקור על שילוב אזרחים ערבים במוקדי החלטה מדיניים וביטחוניים."
"מהרטה ברוך רון","דעות","יהודים־ערבים, שוויון אזרחי וחיים משותפים","D-035","התנגדות לגזענות, הדרה או דה־לגיטימציה של הציבור הערבי בישראל","supports","https://hagush.org.il/candidates.html; https://he.wikipedia.org/wiki/%D7%9E%D7%94%D7%A8%D7%98%D7%94_%D7%91%D7%A8%D7%95%D7%9A-%D7%A8%D7%95%D7%9F; https://supersonas.com/personas/%D7%9E%D7%94%D7%A8%D7%98%D7%94-%D7%91%D7%A8%D7%95%D7%9A-%D7%A8%D7%95%D7%9F/; https://e.democrats.org.il/Democrats_OpenHouses/247031; https://www.globes.co.il/news/article.aspx?did=1001257858","82","תפיסת השוויון הרחבה והייצוג של קהילות מודרות מצביעים על התנגדות לגזענות והדרה."
"מהרטה ברוך רון","דעות","יהודים־ערבים, שוויון אזרחי וחיים משותפים","D-036","הכרה בכך שחיים משותפים מחייבים גם התמודדות עם פחדים, טראומות וחוסר אמון בשני הצדדים","mixed","https://hagush.org.il/candidates.html; https://he.wikipedia.org/wiki/%D7%9E%D7%94%D7%A8%D7%98%D7%94_%D7%91%D7%A8%D7%95%D7%9A-%D7%A8%D7%95%D7%9F; https://supersonas.com/personas/%D7%9E%D7%94%D7%A8%D7%98%D7%94-%D7%91%D7%A8%D7%95%D7%9A-%D7%A8%D7%95%D7%9F/; https://e.democrats.org.il/Democrats_OpenHouses/247031; https://www.globes.co.il/news/article.aspx?did=1001257858","58","הסיפור האישי והחברתי מצביע על הבנת חוסר אמון בין קבוצות, אך לא מקור יהודי־ערבי מפורט."
"מהרטה ברוך רון","דעות","ביטחון, פלסטינים והסדר מדיני","D-037","תמיכה בנתיב מדיני ארוך טווח מול הפלסטינים, גם לאחר שבעה באוקטובר","unknown","לא נמצא מקור מספיק","0","לא נמצא מקור מספיק לעמדה מדינית מול הפלסטינים לאחר שבעה באוקטובר."
"מהרטה ברוך רון","דעות","ביטחון, פלסטינים והסדר מדיני","D-038","העדפה להיפרדות מדינית וביטחונית מהפלסטינים כדי לשמור על ישראל יהודית ודמוקרטית","unknown","לא נמצא מקור מספיק","0","לא נמצא מקור מספיק על היפרדות מדינית־ביטחונית מהפלסטינים."
"מהרטה ברוך רון","דעות","ביטחון, פלסטינים והסדר מדיני","D-039","תמיכה בפתרון שתי מדינות או במודל קרוב לו כיעד אסטרטגי","unknown","לא נמצא מקור מספיק","0","לא נמצא מקור מספיק לתמיכה בפתרון שתי מדינות."
"מהרטה ברוך רון","דעות","ביטחון, פלסטינים והסדר מדיני","D-040","פתיחות למודלים מדיניים מורכבים כגון קונפדרציה, גבולות פתוחים או הסדר אזורי","unknown","לא נמצא מקור מספיק","0","לא נמצא מקור מספיק למודלים מדיניים מורכבים."
"מהרטה ברוך רון","דעות","ביטחון, פלסטינים והסדר מדיני","D-041","התנגדות להמשך שליטה ישראלית קבועה על אוכלוסייה פלסטינית ללא זכויות אזר מלאות","unknown","לא נמצא מקור מספיק","0","לא נמצא מקור מספיק על שליטה ישראלית קבועה באוכלוסייה פלסטינית."
"מהרטה ברוך רון","דעות","ביטחון, פלסטינים והסדר מדיני","D-042","ראיית הסדר אזורי עם מדינות ערביות מתונות כחלק מרכזי מהעתיד הביטחוני של ישראל","unknown","לא נמצא מקור מספיק","0","לא נמצא מקור מספיק על הסדר אזורי עם מדינות ערביות."
"מהרטה ברוך רון","דעות","שבעה באוקטובר, אחריות, חטופים וזיכרון לאומי","D-043","ראיית שבעה באוקטובר כאירוע שמחייב חשבון נפש מדינתי, מוסדי וחברתי עמוק","mixed","https://hagush.org.il/candidates.html; https://he.wikipedia.org/wiki/%D7%9E%D7%94%D7%A8%D7%98%D7%94_%D7%91%D7%A8%D7%95%D7%9A-%D7%A8%D7%95%D7%9F; https://supersonas.com/personas/%D7%9E%D7%94%D7%A8%D7%98%D7%94-%D7%91%D7%A8%D7%95%D7%9A-%D7%A8%D7%95%D7%9F/; https://e.democrats.org.il/Democrats_OpenHouses/247031; https://www.globes.co.il/news/article.aspx?did=1001257858","50","נמצאה פעילות דמוקרטית ומחאתית כללית, אך לא מקור ייעודי לחשבון נפש לאחר 7.10."
"מהרטה ברוך רון","דעות","שבעה באוקטובר, אחריות, חטופים וזיכרון לאומי","D-044","תמיכה בוועדת חקירה ממלכתית ובאחריות אישית של הדרג המדיני והביטחוני","mixed","https://hagush.org.il/candidates.html; https://he.wikipedia.org/wiki/%D7%9E%D7%94%D7%A8%D7%98%D7%94_%D7%91%D7%A8%D7%95%D7%9A-%D7%A8%D7%95%D7%9F; https://supersonas.com/personas/%D7%9E%D7%94%D7%A8%D7%98%D7%94-%D7%91%D7%A8%D7%95%D7%9A-%D7%A8%D7%95%D7%9F/; https://e.democrats.org.il/Democrats_OpenHouses/247031; https://www.globes.co.il/news/article.aspx?did=1001257858","50","הקו הדמוקרטי־מוסדי תומך באחריות, אך לא נמצא מקור מפורש לוועדת חקירה."
"מהרטה ברוך רון","דעות","שבעה באוקטובר, אחריות, חטופים וזיכרון לאומי","D-045","ראיית החטופים והמשפחות כסמל מוסרי מרכזי של אחריות המדינה לאזרחיה","mixed","https://hagush.org.il/candidates.html; https://he.wikipedia.org/wiki/%D7%9E%D7%94%D7%A8%D7%98%D7%94_%D7%91%D7%A8%D7%95%D7%9A-%D7%A8%D7%95%D7%9F; https://supersonas.com/personas/%D7%9E%D7%94%D7%A8%D7%98%D7%94-%D7%91%D7%A8%D7%95%D7%9A-%D7%A8%D7%95%D7%9F/; https://e.democrats.org.il/Democrats_OpenHouses/247031; https://www.globes.co.il/news/article.aspx?did=1001257858","50","בפרופיל הציבורי נמצאה הזדהות כללית עם החטופים, אך לא כציר מרכזי מפורט."
"מהרטה ברוך רון","דעות","שבעה באוקטובר, אחריות, חטופים וזיכרון לאומי","D-046","התנגדות לשימוש פוליטי ציני בכאב של משפחות, נפגעים או קהילות שנפגעו במלחמה","unknown","לא נמצא מקור מספיק","0","לא נמצא מקור מספיק על שימוש פוליטי ציני בכאב משפחות ונפגעים."
"מהרטה ברוך רון","דעות","שבעה באוקטובר, אחריות, חטופים וזיכרון לאומי","D-047","תמיכה בשיקום העוטף והקהילות שנפגעו כחלק מהחוזה הבסיסי בין המדינה לאזרחיה","unknown","לא נמצא מקור מספיק","0","לא נמצא מקור מספיק על שיקום העוטף."
"מהרטה ברוך רון","דעות","שבעה באוקטובר, אחריות, חטופים וזיכרון לאומי","D-048","ראיית הטראומה של שבעה באוקטובר כבסיס לבניית מדיניות חדשה, לא רק כהצדקה להמשך מלחמה","unknown","לא נמצא מקור מספיק","0","לא נמצא מקור מספיק על טראומת 7.10 כבסיס למדיניות חדשה."
"מהרטה ברוך רון","דעות","חברה, כלכלה, רווחה ופריפריה","D-049","הצבת צמצום אי־שוויון חברתי־כלכלי כנושא מרכזי בזהות הפוליטית","supports","https://hagush.org.il/candidates.html; https://he.wikipedia.org/wiki/%D7%9E%D7%94%D7%A8%D7%98%D7%94_%D7%91%D7%A8%D7%95%D7%9A-%D7%A8%D7%95%D7%9F; https://supersonas.com/personas/%D7%9E%D7%94%D7%A8%D7%98%D7%94-%D7%91%D7%A8%D7%95%D7%9A-%D7%A8%D7%95%D7%9F/; https://e.democrats.org.il/Democrats_OpenHouses/247031; https://www.globes.co.il/news/article.aspx?did=1001257858","88","צמצום פערים חברתיים הוא יעד מפורש בפרופיל Supersonas שלה."
"מהרטה ברוך רון","דעות","חברה, כלכלה, רווחה ופריפריה","D-050","תמיכה בהרחבת אחריות המדינה בתחומי דיור, חינוך, בריאות ורווחה","supports","https://hagush.org.il/candidates.html; https://he.wikipedia.org/wiki/%D7%9E%D7%94%D7%A8%D7%98%D7%94_%D7%91%D7%A8%D7%95%D7%9A-%D7%A8%D7%95%D7%9F; https://supersonas.com/personas/%D7%9E%D7%94%D7%A8%D7%98%D7%94-%D7%91%D7%A8%D7%95%D7%9A-%D7%A8%D7%95%D7%9F/; https://e.democrats.org.il/Democrats_OpenHouses/247031; https://www.globes.co.il/news/article.aspx?did=1001257858","78","כסגנית ראש עיר שהחזיקה תיק שירותים חברתיים, יש בסיס לאחריות מדינה/רשות ברווחה ותרבות."
"מהרטה ברוך רון","דעות","חברה, כלכלה, רווחה ופריפריה","D-051","תמיכה בזכויות עובדים, עבודה מאורגנת והגנה על שכבות מוחלשות","mixed","https://hagush.org.il/candidates.html; https://he.wikipedia.org/wiki/%D7%9E%D7%94%D7%A8%D7%98%D7%94_%D7%91%D7%A8%D7%95%D7%9A-%D7%A8%D7%95%D7%9F; https://supersonas.com/personas/%D7%9E%D7%94%D7%A8%D7%98%D7%94-%D7%91%D7%A8%D7%95%D7%9A-%D7%A8%D7%95%D7%9F/; https://e.democrats.org.il/Democrats_OpenHouses/247031; https://www.globes.co.il/news/article.aspx?did=1001257858","58","היא פועלת למען שכבות מוחלשות, אך לא נמצא מקור מובהק על עבודה מאורגנת."
"מהרטה ברוך רון","דעות","חברה, כלכלה, רווחה ופריפריה","D-052","ראיית הפריפריה הגיאוגרפית והחברתית כשותפה אסטרטגית ולא כקהל יעד משני","supports","https://hagush.org.il/candidates.html; https://he.wikipedia.org/wiki/%D7%9E%D7%94%D7%A8%D7%98%D7%94_%D7%91%D7%A8%D7%95%D7%9A-%D7%A8%D7%95%D7%9F; https://supersonas.com/personas/%D7%9E%D7%94%D7%A8%D7%98%D7%94-%D7%91%D7%A8%D7%95%D7%9A-%D7%A8%D7%95%D7%9F/; https://e.democrats.org.il/Democrats_OpenHouses/247031; https://www.globes.co.il/news/article.aspx?did=1001257858","86","הנגשת תרבות לפריפריה החברתית־גיאוגרפית היא יעד מפורש."
"מהרטה ברוך רון","דעות","חברה, כלכלה, רווחה ופריפריה","D-053","תמיכה בהשקעה ארוכת טווח בנגב, בגליל, בעוטף ובערים מוחלשות","supports","https://hagush.org.il/candidates.html; https://he.wikipedia.org/wiki/%D7%9E%D7%94%D7%A8%D7%98%D7%94_%D7%91%D7%A8%D7%95%D7%9A-%D7%A8%D7%95%D7%9F; https://supersonas.com/personas/%D7%9E%D7%94%D7%A8%D7%98%D7%94-%D7%91%D7%A8%D7%95%D7%9A-%D7%A8%D7%95%D7%9F/; https://e.democrats.org.il/Democrats_OpenHouses/247031; https://www.globes.co.il/news/article.aspx?did=1001257858","70","הדגש על פריפריה חברתית־גיאוגרפית וצמצום פערים תומך בהשקעה באזורים מוחלשים."
"מהרטה ברוך רון","דעות","חברה, כלכלה, רווחה ופריפריה","D-054","חיבור בין צדק חברתי לבין בניית מחנה פוליטי חדש ורחב יותר","supports","https://hagush.org.il/candidates.html; https://he.wikipedia.org/wiki/%D7%9E%D7%94%D7%A8%D7%98%D7%94_%D7%91%D7%A8%D7%95%D7%9A-%D7%A8%D7%95%D7%9F; https://supersonas.com/personas/%D7%9E%D7%94%D7%A8%D7%98%D7%94-%D7%91%D7%A8%D7%95%D7%9A-%D7%A8%D7%95%D7%9F/; https://e.democrats.org.il/Democrats_OpenHouses/247031; https://www.globes.co.il/news/article.aspx?did=1001257858","78","פעילותה מחברת צדק חברתי, ייצוג וזהות לבניית מחנה רחב."
"מהרטה ברוך רון","דעות","סגנון פשרה, גבולות ויכולת הסכמה","D-055","נכונות לפשרות פוליטיות רחבות כדי לשקם את המדינה גם במחיר ויתור אידיאולוגי חלקי","supports","https://hagush.org.il/candidates.html; https://he.wikipedia.org/wiki/%D7%9E%D7%94%D7%A8%D7%98%D7%94_%D7%91%D7%A8%D7%95%D7%9A-%D7%A8%D7%95%D7%9F; https://supersonas.com/personas/%D7%9E%D7%94%D7%A8%D7%98%D7%94-%D7%91%D7%A8%D7%95%D7%9A-%D7%A8%D7%95%D7%9F/; https://e.democrats.org.il/Democrats_OpenHouses/247031; https://www.globes.co.il/news/article.aspx?did=1001257858","58","סגנונה המוניציפלי־חברתי מצביע על נכונות לפשרות מעשיות."
"מהרטה ברוך רון","דעות","סגנון פשרה, גבולות ויכולת הסכמה","D-056","הצבת קווים אדומים ברורים שמעליהם אין מקום לפשרה עם יריבים פוליטיים","mixed","https://hagush.org.il/candidates.html; https://he.wikipedia.org/wiki/%D7%9E%D7%94%D7%A8%D7%98%D7%94_%D7%91%D7%A8%D7%95%D7%9A-%D7%A8%D7%95%D7%9F; https://supersonas.com/personas/%D7%9E%D7%94%D7%A8%D7%98%D7%94-%D7%91%D7%A8%D7%95%D7%9A-%D7%A8%D7%95%D7%9F/; https://e.democrats.org.il/Democrats_OpenHouses/247031; https://www.globes.co.il/news/article.aspx?did=1001257858","55","יש קו שוויוני ברור, אך לא נמצא ניסוח של קווים אדומים פוליטיים."
"מהרטה ברוך רון","דעות","סגנון פשרה, גבולות ויכולת הסכמה","D-057","העדפה להסכמות רחבות ולאיטיות על פני מהלכים חדים ומהירים","supports","https://hagush.org.il/candidates.html; https://he.wikipedia.org/wiki/%D7%9E%D7%94%D7%A8%D7%98%D7%94_%D7%91%D7%A8%D7%95%D7%9A-%D7%A8%D7%95%D7%9F; https://supersonas.com/personas/%D7%9E%D7%94%D7%A8%D7%98%D7%94-%D7%91%D7%A8%D7%95%D7%9A-%D7%A8%D7%95%D7%9F/; https://e.democrats.org.il/Democrats_OpenHouses/247031; https://www.globes.co.il/news/article.aspx?did=1001257858","60","ניסיון עירוני ושירותים חברתיים מצביעים על העדפת הסכמות ומעשיות."
"מהרטה ברוך רון","דעות","סגנון פשרה, גבולות ויכולת הסכמה","D-058","העדפה למאבק חד וברור כאשר פשרה נתפסת ככניעה לכוחות אנטי־דמוקרטיים","mixed","https://hagush.org.il/candidates.html; https://he.wikipedia.org/wiki/%D7%9E%D7%94%D7%A8%D7%98%D7%94_%D7%91%D7%A8%D7%95%D7%9A-%D7%A8%D7%95%D7%9F; https://supersonas.com/personas/%D7%9E%D7%94%D7%A8%D7%98%D7%94-%D7%91%D7%A8%D7%95%D7%9A-%D7%A8%D7%95%D7%9F/; https://e.democrats.org.il/Democrats_OpenHouses/247031; https://www.globes.co.il/news/article.aspx?did=1001257858","50","לא נמצא בסיס להעדפת מאבק חד על פני פשרה; יש גם ערכיות וגם מעשיות."
"מהרטה ברוך רון","דעות","סגנון פשרה, גבולות ויכולת הסכמה","D-059","יכולת להבחין בין פשרה עניינית לבין טשטוש ערכי מסוכן","supports","https://hagush.org.il/candidates.html; https://he.wikipedia.org/wiki/%D7%9E%D7%94%D7%A8%D7%98%D7%94_%D7%91%D7%A8%D7%95%D7%9A-%D7%A8%D7%95%D7%9F; https://supersonas.com/personas/%D7%9E%D7%94%D7%A8%D7%98%D7%94-%D7%91%D7%A8%D7%95%D7%9A-%D7%A8%D7%95%D7%9F/; https://e.democrats.org.il/Democrats_OpenHouses/247031; https://www.globes.co.il/news/article.aspx?did=1001257858","58","ניסיונה הציבורי מאפשר הבחנה בין פשרה מעשית לבין ויתור על שוויון."
"מהרטה ברוך רון","דעות","סגנון פשרה, גבולות ויכולת הסכמה","D-060","נכונות לבנות קואליציות עתידיות עם גורמים שאינם שייכים למחנה הטבעי, אם הם מקבלים כללי משחק דמוקרטיים","supports","https://hagush.org.il/candidates.html; https://he.wikipedia.org/wiki/%D7%9E%D7%94%D7%A8%D7%98%D7%94_%D7%91%D7%A8%D7%95%D7%9A-%D7%A8%D7%95%D7%9F; https://supersonas.com/personas/%D7%9E%D7%94%D7%A8%D7%98%D7%94-%D7%91%D7%A8%D7%95%D7%9A-%D7%A8%D7%95%D7%9F/; https://e.democrats.org.il/Democrats_OpenHouses/247031; https://www.globes.co.il/news/article.aspx?did=1001257858","64","רקע עירוני וקואליציוני תומך בבניית שיתופי פעולה רחבים תחת כללים דמוקרטיים."
"מהרטה ברוך רון","יכולות","מומחיות מדינית, ביטחונית וממשלית","cap_001","ניסיון ישיר במערכות מדינה בכירות או במוקדי קבלת החלטות","has","https://hagush.org.il/candidates.html; https://he.wikipedia.org/wiki/%D7%9E%D7%94%D7%A8%D7%98%D7%94_%D7%91%D7%A8%D7%95%D7%9A-%D7%A8%D7%95%D7%9F; https://supersonas.com/personas/%D7%9E%D7%94%D7%A8%D7%98%D7%94-%D7%91%D7%A8%D7%95%D7%9A-%D7%A8%D7%95%D7%9F/; https://e.democrats.org.il/Democrats_OpenHouses/247031; https://www.globes.co.il/news/article.aspx?did=1001257858","86","כיהנה כסגנית ראש עיריית תל אביב־יפו."
"מהרטה ברוך רון","יכולות","מומחיות מדינית, ביטחונית וממשלית","cap_002","הבנה מוכחת של סוגיות מדיניות, ביטחוניות ואזוריות מורכבות","partial","https://hagush.org.il/candidates.html; https://he.wikipedia.org/wiki/%D7%9E%D7%94%D7%A8%D7%98%D7%94_%D7%91%D7%A8%D7%95%D7%9A-%D7%A8%D7%95%D7%9F; https://supersonas.com/personas/%D7%9E%D7%94%D7%A8%D7%98%D7%94-%D7%91%D7%A8%D7%95%D7%9A-%D7%A8%D7%95%D7%9F/; https://e.democrats.org.il/Democrats_OpenHouses/247031; https://www.globes.co.il/news/article.aspx?did=1001257858","58","מומחיותה חברתית־מוניציפלית, לא מדינית־ביטחונית."
"מהרטה ברוך רון","יכולות","מומחיות מדינית, ביטחונית וממשלית","cap_003","ניסיון במשא ומתן, דיאלוג אסטרטגי או קשרים בינלאומיים","partial","https://hagush.org.il/candidates.html; https://he.wikipedia.org/wiki/%D7%9E%D7%94%D7%A8%D7%98%D7%94_%D7%91%D7%A8%D7%95%D7%9A-%D7%A8%D7%95%D7%9F; https://supersonas.com/personas/%D7%9E%D7%94%D7%A8%D7%98%D7%94-%D7%91%D7%A8%D7%95%D7%9A-%D7%A8%D7%95%D7%9F/; https://e.democrats.org.il/Democrats_OpenHouses/247031; https://www.globes.co.il/news/article.aspx?did=1001257858","62","ניסיון עירוני וחברתי כולל דיאלוג עם קהילות, אך לא קשרים בינלאומיים."
"מהרטה ברוך רון","יכולות","מומחיות מדינית, ביטחונית וממשלית","cap_004","ניסיון צבאי, מודיעיני או ביטחוני בעל רלוונטיות לעבודה ציבורית","unknown","לא נמצא מקור מספיק","0","לא נמצא מקור לניסיון צבאי, מודיעיני או ביטחוני."
"מהרטה ברוך רון","יכולות","מומחיות מדינית, ביטחונית וממשלית","cap_005","יכולת לגבש תפיסה מדינית־ביטחונית סדורה ולא רק עמדה ערכית כללית","unknown","לא נמצא מקור מספיק","0","לא נמצא מקור לתפיסה מדינית־ביטחונית סדורה."
"מהרטה ברוך רון","יכולות","מומחיות מדינית, ביטחונית וממשלית","cap_006","יכולת לחבר בין יעדים ביטחוניים לבין יעדים מדיניים ארוכי טווח","unknown","לא נמצא מקור מספיק","0","לא נמצא מקור לחיבור יעדים ביטחוניים למדיניים ארוכי טווח."
"מהרטה ברוך רון","יכולות","ארגון, ניהול וביצוע","cap_007","ניסיון בהקמה וניהול של ארגונים, חברות, תנועות או מטות פעולה","has","https://hagush.org.il/candidates.html; https://he.wikipedia.org/wiki/%D7%9E%D7%94%D7%A8%D7%98%D7%94_%D7%91%D7%A8%D7%95%D7%9A-%D7%A8%D7%95%D7%9F; https://supersonas.com/personas/%D7%9E%D7%94%D7%A8%D7%98%D7%94-%D7%91%D7%A8%D7%95%D7%9A-%D7%A8%D7%95%D7%9F/; https://e.democrats.org.il/Democrats_OpenHouses/247031; https://www.globes.co.il/news/article.aspx?did=1001257858","86","ניהלה תחומי שירותים חברתיים ותרבות בעירייה והובילה עמותות/פורומים."
"מהרטה ברוך רון","יכולות","ארגון, ניהול וביצוע","cap_008","יכולת להוביל צוותים, תקציבים, קהילות או מערכות מורכבות","has","https://hagush.org.il/candidates.html; https://he.wikipedia.org/wiki/%D7%9E%D7%94%D7%A8%D7%98%D7%94_%D7%91%D7%A8%D7%95%D7%9A-%D7%A8%D7%95%D7%9F; https://supersonas.com/personas/%D7%9E%D7%94%D7%A8%D7%98%D7%94-%D7%91%D7%A8%D7%95%D7%9A-%D7%A8%D7%95%D7%9F/; https://e.democrats.org.il/Democrats_OpenHouses/247031; https://www.globes.co.il/news/article.aspx?did=1001257858","86","ניסיון בניהול עירוני, תיקי רווחה ותרבות ויוזמות חברתיות."
"מהרטה ברוך רון","יכולות","ארגון, ניהול וביצוע","cap_009","הובלת מאבקים ציבוריים שהניבו תוצאות ממשיות","has","https://hagush.org.il/candidates.html; https://he.wikipedia.org/wiki/%D7%9E%D7%94%D7%A8%D7%98%D7%94_%D7%91%D7%A8%D7%95%D7%9A-%D7%A8%D7%95%D7%9F; https://supersonas.com/personas/%D7%9E%D7%94%D7%A8%D7%98%D7%94-%D7%91%D7%A8%D7%95%D7%9A-%D7%A8%D7%95%D7%9F/; https://e.democrats.org.il/Democrats_OpenHouses/247031; https://www.globes.co.il/news/article.aspx?did=1001257858","72","הובילה פעילות לצמצום פערים, ייצוג יוצאי אתיופיה והנגשת תרבות."
"מהרטה ברוך רון","יכולות","ארגון, ניהול וביצוע","cap_010","יכולת להפוך רעיון כללי לתשתית פעולה מתמשכת","has","https://hagush.org.il/candidates.html; https://he.wikipedia.org/wiki/%D7%9E%D7%94%D7%A8%D7%98%D7%94_%D7%91%D7%A8%D7%95%D7%9A-%D7%A8%D7%95%D7%9F; https://supersonas.com/personas/%D7%9E%D7%94%D7%A8%D7%98%D7%94-%D7%91%D7%A8%D7%95%D7%9A-%D7%A8%D7%95%D7%9F/; https://e.democrats.org.il/Democrats_OpenHouses/247031; https://www.globes.co.il/news/article.aspx?did=1001257858","78","תרגמה ערכי שוויון וצמיחה לתכניות חברתיות ותרבותיות."
"מהרטה ברוך רון","יכולות","ארגון, ניהול וביצוע","cap_011","ניסיון בניהול משברים ציבוריים, פוליטיים או ארגוניים","partial","https://hagush.org.il/candidates.html; https://he.wikipedia.org/wiki/%D7%9E%D7%94%D7%A8%D7%98%D7%94_%D7%91%D7%A8%D7%95%D7%9A-%D7%A8%D7%95%D7%9F; https://supersonas.com/personas/%D7%9E%D7%94%D7%A8%D7%98%D7%94-%D7%91%D7%A8%D7%95%D7%9A-%D7%A8%D7%95%D7%9F/; https://e.democrats.org.il/Democrats_OpenHouses/247031; https://www.globes.co.il/news/article.aspx?did=1001257858","66","ניסיון מוניציפלי מעניק יכולת ניהול משברים מקומית, אך אין מקור ספציפי."
"מהרטה ברוך רון","יכולות","ארגון, ניהול וביצוע","cap_012","מוכנות לקחת אחריות אישית גבוהה על מהלך ציבורי או ארגוני","has","https://hagush.org.il/candidates.html; https://he.wikipedia.org/wiki/%D7%9E%D7%94%D7%A8%D7%98%D7%94_%D7%91%D7%A8%D7%95%D7%9A-%D7%A8%D7%95%D7%9F; https://supersonas.com/personas/%D7%9E%D7%94%D7%A8%D7%98%D7%94-%D7%91%D7%A8%D7%95%D7%9A-%D7%A8%D7%95%D7%9F/; https://e.democrats.org.il/Democrats_OpenHouses/247031; https://www.globes.co.il/news/article.aspx?did=1001257858","80","תפקיד סגנית ראש עיר מחייב אחריות ציבורית גבוהה."
"מהרטה ברוך רון","יכולות","חקיקה, פוליטיקה ומוסדות","cap_013","ניסיון בעבודה פרלמנטרית, ועדות כנסת, חקיקה או הצעות חוק","partial","https://hagush.org.il/candidates.html; https://he.wikipedia.org/wiki/%D7%9E%D7%94%D7%A8%D7%98%D7%94_%D7%91%D7%A8%D7%95%D7%9A-%D7%A8%D7%95%D7%9F; https://supersonas.com/personas/%D7%9E%D7%94%D7%A8%D7%98%D7%94-%D7%91%D7%A8%D7%95%D7%9A-%D7%A8%D7%95%D7%9F/; https://e.democrats.org.il/Democrats_OpenHouses/247031; https://www.globes.co.il/news/article.aspx?did=1001257858","64","ניסיון במועצת עיר ולא בכנסת או חקיקה לאומית."
"מהרטה ברוך רון","יכולות","חקיקה, פוליטיקה ומוסדות","cap_014","היכרות מעשית עם מנגנוני מפלגות, פריימריז, רשימות וקואליציות","partial","https://hagush.org.il/candidates.html; https://he.wikipedia.org/wiki/%D7%9E%D7%94%D7%A8%D7%98%D7%94_%D7%91%D7%A8%D7%95%D7%9A-%D7%A8%D7%95%D7%9F; https://supersonas.com/personas/%D7%9E%D7%94%D7%A8%D7%98%D7%94-%D7%91%D7%A8%D7%95%D7%9A-%D7%A8%D7%95%D7%9F/; https://e.democrats.org.il/Democrats_OpenHouses/247031; https://www.globes.co.il/news/article.aspx?did=1001257858","62","רקע במרצ/עבודה ודמוקרטים נותן היכרות מפלגתית מסוימת."
"מהרטה ברוך רון","יכולות","חקיקה, פוליטיקה ומוסדות","cap_015","יכולת לפעול בתוך מוסדות קיימים ולא רק מחוץ להם","has","https://hagush.org.il/candidates.html; https://he.wikipedia.org/wiki/%D7%9E%D7%94%D7%A8%D7%98%D7%94_%D7%91%D7%A8%D7%95%D7%9A-%D7%A8%D7%95%D7%9F; https://supersonas.com/personas/%D7%9E%D7%94%D7%A8%D7%98%D7%94-%D7%91%D7%A8%D7%95%D7%9A-%D7%A8%D7%95%D7%9F/; https://e.democrats.org.il/Democrats_OpenHouses/247031; https://www.globes.co.il/news/article.aspx?did=1001257858","84","פעלה בתוך מוסדות עירוניים ומפלגתיים קיימים."
"מהרטה ברוך רון","יכולות","חקיקה, פוליטיקה ומוסדות","cap_016","ניסיון בבניית תנועה פוליטית, מפלגה או אלטרנטיבה שלטונית","partial","https://hagush.org.il/candidates.html; https://he.wikipedia.org/wiki/%D7%9E%D7%94%D7%A8%D7%98%D7%94_%D7%91%D7%A8%D7%95%D7%9A-%D7%A8%D7%95%D7%9F; https://supersonas.com/personas/%D7%9E%D7%94%D7%A8%D7%98%D7%94-%D7%91%D7%A8%D7%95%D7%9A-%D7%A8%D7%95%D7%9F/; https://e.democrats.org.il/Democrats_OpenHouses/247031; https://www.globes.co.il/news/article.aspx?did=1001257858","60","הייתה חלק ממפלגות ותנועות, אך לא הקימה מפלגה."
"מהרטה ברוך רון","יכולות","חקיקה, פוליטיקה ומוסדות","cap_017","יכולת לייצר שיתופי פעולה בין זרמים, מפלגות או קבוצות אינטרס","has","https://hagush.org.il/candidates.html; https://he.wikipedia.org/wiki/%D7%9E%D7%94%D7%A8%D7%98%D7%94_%D7%91%D7%A8%D7%95%D7%9A-%D7%A8%D7%95%D7%9F; https://supersonas.com/personas/%D7%9E%D7%94%D7%A8%D7%98%D7%94-%D7%91%D7%A8%D7%95%D7%9A-%D7%A8%D7%95%D7%9F/; https://e.democrats.org.il/Democrats_OpenHouses/247031; https://www.globes.co.il/news/article.aspx?did=1001257858","74","ניסיון עירוני וחברתי תומך בשיתופי פעולה בין קבוצות וקהילות."
"מהרטה ברוך רון","יכולות","חקיקה, פוליטיקה ומוסדות","cap_018","יכולת לתרגם עמדות אידיאולוגיות לפעולות מוסדיות או חקיקתיות","partial","https://hagush.org.il/candidates.html; https://he.wikipedia.org/wiki/%D7%9E%D7%94%D7%A8%D7%98%D7%94_%D7%91%D7%A8%D7%95%D7%9A-%D7%A8%D7%95%D7%9F; https://supersonas.com/personas/%D7%9E%D7%94%D7%A8%D7%98%D7%94-%D7%91%D7%A8%D7%95%D7%9A-%D7%A8%D7%95%D7%9F/; https://e.democrats.org.il/Democrats_OpenHouses/247031; https://www.globes.co.il/news/article.aspx?did=1001257858","66","תרגמה ערכי שוויון לתכניות עירוניות וחברתיות, לא לחקיקה לאומית."
"מהרטה ברוך רון","יכולות","תקשורת, הסברה והשפעה ציבורית","cap_019","יכולת ליצור מסרים חדים, ברורים וזכירים","partial","https://hagush.org.il/candidates.html; https://he.wikipedia.org/wiki/%D7%9E%D7%94%D7%A8%D7%98%D7%94_%D7%91%D7%A8%D7%95%D7%9A-%D7%A8%D7%95%D7%9F; https://supersonas.com/personas/%D7%9E%D7%94%D7%A8%D7%98%D7%94-%D7%91%D7%A8%D7%95%D7%9A-%D7%A8%D7%95%D7%9F/; https://e.democrats.org.il/Democrats_OpenHouses/247031; https://www.globes.co.il/news/article.aspx?did=1001257858","64","כמרצה וסיפור השראה יש לה מסרים ברורים, אך פחות קמפיין פוליטי חד."
"מהרטה ברוך רון","יכולות","תקשורת, הסברה והשפעה ציבורית","cap_020","יכולת לייצר תוכן דיגיטלי, ויראלי או תקשורתי שמגיע לקהלים רחבים","partial","https://hagush.org.il/candidates.html; https://he.wikipedia.org/wiki/%D7%9E%D7%94%D7%A8%D7%98%D7%94_%D7%91%D7%A8%D7%95%D7%9A-%D7%A8%D7%95%D7%9F; https://supersonas.com/personas/%D7%9E%D7%94%D7%A8%D7%98%D7%94-%D7%91%D7%A8%D7%95%D7%9A-%D7%A8%D7%95%D7%9F/; https://e.democrats.org.il/Democrats_OpenHouses/247031; https://www.globes.co.il/news/article.aspx?did=1001257858","55","יש נראות ציבורית, אך לא מקור על תוכן דיגיטלי רחב."
"מהרטה ברוך רון","יכולות","תקשורת, הסברה והשפעה ציבורית","cap_021","ניסיון בהופעה ציבורית, ראיונות, פודקאסטים, קולנוע, כתיבה או הרצאות","has","https://hagush.org.il/candidates.html; https://he.wikipedia.org/wiki/%D7%9E%D7%94%D7%A8%D7%98%D7%94_%D7%91%D7%A8%D7%95%D7%9A-%D7%A8%D7%95%D7%9F; https://supersonas.com/personas/%D7%9E%D7%94%D7%A8%D7%98%D7%94-%D7%91%D7%A8%D7%95%D7%9A-%D7%A8%D7%95%D7%9F/; https://e.democrats.org.il/Democrats_OpenHouses/247031; https://www.globes.co.il/news/article.aspx?did=1001257858","80","שחקנית, מנחת טלוויזיה ומרצה עם ניסיון הופעה."
"מהרטה ברוך רון","יכולות","תקשורת, הסברה והשפעה ציבורית","cap_022","יכולת להסביר נושאים מורכבים בשפה נגישה ולא טכנוקרטית","has","https://hagush.org.il/candidates.html; https://he.wikipedia.org/wiki/%D7%9E%D7%94%D7%A8%D7%98%D7%94_%D7%91%D7%A8%D7%95%D7%9A-%D7%A8%D7%95%D7%9F; https://supersonas.com/personas/%D7%9E%D7%94%D7%A8%D7%98%D7%94-%D7%91%D7%A8%D7%95%D7%9A-%D7%A8%D7%95%D7%9F/; https://e.democrats.org.il/Democrats_OpenHouses/247031; https://www.globes.co.il/news/article.aspx?did=1001257858","76","מרצה על סיפור חייה ומנגישה מסרים חברתיים."
"מהרטה ברוך רון","יכולות","תקשורת, הסברה והשפעה ציבורית","cap_023","יכולת לנהל מאבק תודעתי מול יריבים פוליטיים או תקשורתיים","partial","https://hagush.org.il/candidates.html; https://he.wikipedia.org/wiki/%D7%9E%D7%94%D7%A8%D7%98%D7%94_%D7%91%D7%A8%D7%95%D7%9A-%D7%A8%D7%95%D7%9F; https://supersonas.com/personas/%D7%9E%D7%94%D7%A8%D7%98%D7%94-%D7%91%D7%A8%D7%95%D7%9A-%D7%A8%D7%95%D7%9F/; https://e.democrats.org.il/Democrats_OpenHouses/247031; https://www.globes.co.il/news/article.aspx?did=1001257858","55","לא מזוהה בעיקר עם מאבק תודעתי פוליטי חריף."
"מהרטה ברוך רון","יכולות","תקשורת, הסברה והשפעה ציבורית","cap_024","יכולת להפוך סיפור אישי או ערכי לכלי גיוס ציבורי","has","https://hagush.org.il/candidates.html; https://he.wikipedia.org/wiki/%D7%9E%D7%94%D7%A8%D7%98%D7%94_%D7%91%D7%A8%D7%95%D7%9A-%D7%A8%D7%95%D7%9F; https://supersonas.com/personas/%D7%9E%D7%94%D7%A8%D7%98%D7%94-%D7%91%D7%A8%D7%95%D7%9A-%D7%A8%D7%95%D7%9F/; https://e.democrats.org.il/Democrats_OpenHouses/247031; https://www.globes.co.il/news/article.aspx?did=1001257858","84","סיפור העלייה מאתיופיה וההגעה לסגנות עירייה הוא כלי ציבורי חזק."
"מהרטה ברוך רון","יכולות","חיבור בין קהלים ועולמות","cap_025","יכולת לחבר בין יהודים לערבים בתוך מסגרת פוליטית או אזרחית משותפת","partial","https://hagush.org.il/candidates.html; https://he.wikipedia.org/wiki/%D7%9E%D7%94%D7%A8%D7%98%D7%94_%D7%91%D7%A8%D7%95%D7%9A-%D7%A8%D7%95%D7%9F; https://supersonas.com/personas/%D7%9E%D7%94%D7%A8%D7%98%D7%94-%D7%91%D7%A8%D7%95%D7%9A-%D7%A8%D7%95%D7%9F/; https://e.democrats.org.il/Democrats_OpenHouses/247031; https://www.globes.co.il/news/article.aspx?did=1001257858","60","יש יכולת ייצוג מיעוטים וחיבור קהילות, אך לא דווקא יהודי־ערבי כמוקד."
"מהרטה ברוך רון","יכולות","חיבור בין קהלים ועולמות","cap_026","יכולת לחבר בין שמאל ליברלי לבין פריפריה מזרחית, מסורתית או גיאוגרפית","has","https://hagush.org.il/candidates.html; https://he.wikipedia.org/wiki/%D7%9E%D7%94%D7%A8%D7%98%D7%94_%D7%91%D7%A8%D7%95%D7%9A-%D7%A8%D7%95%D7%9F; https://supersonas.com/personas/%D7%9E%D7%94%D7%A8%D7%98%D7%94-%D7%91%D7%A8%D7%95%D7%9A-%D7%A8%D7%95%D7%9F/; https://e.democrats.org.il/Democrats_OpenHouses/247031; https://www.globes.co.il/news/article.aspx?did=1001257858","80","רקע יוצאת אתיופיה, רווחה ופריפריה חברתית מחבר בין ליברלים לקהלים מודרים."
"מהרטה ברוך רון","יכולות","חיבור בין קהלים ועולמות","cap_027","יכולת לחבר בין עולם המחאה לבין עבודה מפלגתית ומוסדית","partial","https://hagush.org.il/candidates.html; https://he.wikipedia.org/wiki/%D7%9E%D7%94%D7%A8%D7%98%D7%94_%D7%91%D7%A8%D7%95%D7%9A-%D7%A8%D7%95%D7%9F; https://supersonas.com/personas/%D7%9E%D7%94%D7%A8%D7%98%D7%94-%D7%91%D7%A8%D7%95%D7%9A-%D7%A8%D7%95%D7%9F/; https://e.democrats.org.il/Democrats_OpenHouses/247031; https://www.globes.co.il/news/article.aspx?did=1001257858","58","יש חיבור מפלגתי וציבורי, אך לא מזוהה כמובילת מחאת קפלן."
"מהרטה ברוך רון","יכולות","חיבור בין קהלים ועולמות","cap_028","יכולת לחבר בין היי־טק, חדשנות ודיגיטל לבין פוליטיקה ציבורית","unknown","לא נמצא מקור מספיק","0","לא נמצא מקור לחיבור היי־טק/דיגיטל לפוליטיקה."
"מהרטה ברוך רון","יכולות","חיבור בין קהלים ועולמות","cap_029","יכולת לחבר בין שפה מקצועית־ביטחונית לבין שפה אזרחית וערכית","unknown","לא נמצא מקור מספיק","0","לא נמצא מקור לחיבור שפה ביטחונית־מקצועית לשפה אזרחית."
"מהרטה ברוך רון","יכולות","חיבור בין קהלים ועולמות","cap_030","אמינות מול קהילות שטח ולא רק מול קהל תקשורתי או אליטיסטי","has","https://hagush.org.il/candidates.html; https://he.wikipedia.org/wiki/%D7%9E%D7%94%D7%A8%D7%98%D7%94_%D7%91%D7%A8%D7%95%D7%9A-%D7%A8%D7%95%D7%9F; https://supersonas.com/personas/%D7%9E%D7%94%D7%A8%D7%98%D7%94-%D7%91%D7%A8%D7%95%D7%9A-%D7%A8%D7%95%D7%9F/; https://e.democrats.org.il/Democrats_OpenHouses/247031; https://www.globes.co.il/news/article.aspx?did=1001257858","80","אמינה מול קהילות יוצאי אתיופיה, רווחה ופריפריה חברתית."
"מהרטה ברוך רון","יכולות","חדשנות, למידה ושיתוף ציבור","cap_031","שימוש בטכנולוגיה, מידע או כלים דיגיטליים לשיתוף ציבור וארגון פוליטי","unknown","לא נמצא מקור מספיק","0","לא נמצא מקור לשימוש בכלים דיגיטליים לשיתוף ציבור."
"מהרטה ברוך רון","יכולות","חדשנות, למידה ושיתוף ציבור","cap_032","חשיבה מערכתית שמזהה קשרים בין משבר פוליטי, כלכלה, ביטחון וחברה","partial","https://hagush.org.il/candidates.html; https://he.wikipedia.org/wiki/%D7%9E%D7%94%D7%A8%D7%98%D7%94_%D7%91%D7%A8%D7%95%D7%9A-%D7%A8%D7%95%D7%9F; https://supersonas.com/personas/%D7%9E%D7%94%D7%A8%D7%98%D7%94-%D7%91%D7%A8%D7%95%D7%9A-%D7%A8%D7%95%D7%9F/; https://e.democrats.org.il/Democrats_OpenHouses/247031; https://www.globes.co.il/news/article.aspx?did=1001257858","68","חשיבתה מחברת חברה, רווחה, תרבות וזהות, פחות ביטחון."
"מהרטה ברוך רון","יכולות","חדשנות, למידה ושיתוף ציבור","cap_033","יזמות בפתרונות לא שגרתיים לבעיות פוליטיות או חברתיות","has","https://hagush.org.il/candidates.html; https://he.wikipedia.org/wiki/%D7%9E%D7%94%D7%A8%D7%98%D7%94_%D7%91%D7%A8%D7%95%D7%9A-%D7%A8%D7%95%D7%9F; https://supersonas.com/personas/%D7%9E%D7%94%D7%A8%D7%98%D7%94-%D7%91%D7%A8%D7%95%D7%9A-%D7%A8%D7%95%D7%9F/; https://e.democrats.org.il/Democrats_OpenHouses/247031; https://www.globes.co.il/news/article.aspx?did=1001257858","70","הובילה יוזמות חברתיות ותרבותיות בעירייה ובעמותות."
"מהרטה ברוך רון","יכולות","חדשנות, למידה ושיתוף ציבור","cap_034","יכולת ללמוד תחומים חדשים ולהפוך אותם לשפה ציבורית ברורה","has","https://hagush.org.il/candidates.html; https://he.wikipedia.org/wiki/%D7%9E%D7%94%D7%A8%D7%98%D7%94_%D7%91%D7%A8%D7%95%D7%9A-%D7%A8%D7%95%D7%9F; https://supersonas.com/personas/%D7%9E%D7%94%D7%A8%D7%98%D7%94-%D7%91%D7%A8%D7%95%D7%9A-%D7%A8%D7%95%D7%9F/; https://e.democrats.org.il/Democrats_OpenHouses/247031; https://www.globes.co.il/news/article.aspx?did=1001257858","76","סיפור חייה והשכלתה מצביעים על יכולת למידה והנגשה."
"מהרטה ברוך רון","יכולות","חדשנות, למידה ושיתוף ציבור","cap_035","שילוב בין ידע מקצועי, ניסיון אישי וערכים פוליטיים","has","https://hagush.org.il/candidates.html; https://he.wikipedia.org/wiki/%D7%9E%D7%94%D7%A8%D7%98%D7%94_%D7%91%D7%A8%D7%95%D7%9A-%D7%A8%D7%95%D7%9F; https://supersonas.com/personas/%D7%9E%D7%94%D7%A8%D7%98%D7%94-%D7%91%D7%A8%D7%95%D7%9A-%D7%A8%D7%95%D7%9F/; https://e.democrats.org.il/Democrats_OpenHouses/247031; https://www.globes.co.il/news/article.aspx?did=1001257858","84","משלבת ניסיון אישי, השכלה, ניהול ציבורי וערכי שוויון."
"מהרטה ברוך רון","יכולות","חדשנות, למידה ושיתוף ציבור","cap_036","פתיחות לניסויים ארגוניים ודמוקרטיים חדשים ולא רק לשיטות פוליטיות קיימות","partial","https://hagush.org.il/candidates.html; https://he.wikipedia.org/wiki/%D7%9E%D7%94%D7%A8%D7%98%D7%94_%D7%91%D7%A8%D7%95%D7%9A-%D7%A8%D7%95%D7%9F; https://supersonas.com/personas/%D7%9E%D7%94%D7%A8%D7%98%D7%94-%D7%91%D7%A8%D7%95%D7%9A-%D7%A8%D7%95%D7%9F/; https://e.democrats.org.il/Democrats_OpenHouses/247031; https://www.globes.co.il/news/article.aspx?did=1001257858","55","לא נמצא מקור מובהק לניסויים ארגוניים חדשים, אך יש פתיחות חברתית רחבה."
"איילת השחר סיידוף","תדמית","זהות וייצוג","T-001","המועמד מייצג את הקול הנשי בזירה הציבורית.","supports","https://hagush.org.il/candidates.html; https://www.ynet.co.il/news/article/bkl4uet2bl; https://www.israelhayom.co.il/news/politics/article/14643397; https://he.wikipedia.org/wiki/%D7%90%D7%99%D7%9E%D7%94%D7%95%D7%AA_%D7%91%D7%97%D7%96%D7%99%D7%AA; https://e.democrats.org.il/Democrats_OpenHouses/260416","86","אישה ומובילת תנועת אמהות בחזית; מייצגת קול נשי־אזרחי מובהק."
"איילת השחר סיידוף","תדמית","זהות וייצוג","T-002","המועמד נתפס בציבור הרחב כמי שמבין חסמים ייחודיים של נשים בפוליטיקה, בעבודה ובחברה.","supports","https://hagush.org.il/candidates.html; https://www.ynet.co.il/news/article/bkl4uet2bl; https://www.israelhayom.co.il/news/politics/article/14643397; https://he.wikipedia.org/wiki/%D7%90%D7%99%D7%9E%D7%94%D7%95%D7%AA_%D7%91%D7%97%D7%96%D7%99%D7%AA; https://e.democrats.org.il/Democrats_OpenHouses/260416","78","פעילותה כאם וכמובילת אמהות למשרתים מציגה הבנה של חסמים ומחירים ייחודיים לנשים ומשפחות."
"איילת השחר סיידוף","תדמית","זהות וייצוג","T-003","המועמד נתפס בציבור הרחב כמי שנותן מקום מכבד לקבוצות מיעוט בחברה הישראלית.","mixed","https://hagush.org.il/candidates.html; https://www.ynet.co.il/news/article/bkl4uet2bl; https://www.israelhayom.co.il/news/politics/article/14643397; https://he.wikipedia.org/wiki/%D7%90%D7%99%D7%9E%D7%94%D7%95%D7%AA_%D7%91%D7%97%D7%96%D7%99%D7%AA; https://e.democrats.org.il/Democrats_OpenHouses/260416","55","הקו השוויוני שלה כולל אזרחות שווה, אך ייצוג מיעוטים אינו ציר מרכזי."
"איילת השחר סיידוף","תדמית","זהות וייצוג","T-004","המועמד נתפס בציבור הרחב כמי שיכול לייצג את בני המיעוטים הלא יהודיים.","unknown","לא נמצא מקור מספיק","0","לא נמצא בסיס מספיק לכך שהיא נתפסת כמייצגת בני מיעוטים לא־יהודיים."
"איילת השחר סיידוף","תדמית","זהות וייצוג","T-005","המועמד נתפס בציבור הרחב כמי שמביא את קול הפריפריה או מבין לעומק את צרכיה.","mixed","https://hagush.org.il/candidates.html; https://www.ynet.co.il/news/article/bkl4uet2bl; https://www.israelhayom.co.il/news/politics/article/14643397; https://he.wikipedia.org/wiki/%D7%90%D7%99%D7%9E%D7%94%D7%95%D7%AA_%D7%91%D7%97%D7%96%D7%99%D7%AA; https://e.democrats.org.il/Democrats_OpenHouses/260416","52","נולדה במגדל העמק ופועלת מחוץ לאליטה המסורתית, אך אין מקור מובהק לפריפריה כציר תדמיתי."
"איילת השחר סיידוף","תדמית","זהות וייצוג","T-006","המועמד נתפס בציבור הרחב כמי שיכול לצמצם את הפער התדמיתי והמעשי בין המרכז לפריפריה.","mixed","https://hagush.org.il/candidates.html; https://www.ynet.co.il/news/article/bkl4uet2bl; https://www.israelhayom.co.il/news/politics/article/14643397; https://he.wikipedia.org/wiki/%D7%90%D7%99%D7%9E%D7%94%D7%95%D7%AA_%D7%91%D7%97%D7%96%D7%99%D7%AA; https://e.democrats.org.il/Democrats_OpenHouses/260416","50","יש נגישות ציבורית רחבה, אך לא תדמית מפורשת של צמצום פער מרכז־פריפריה."
"איילת השחר סיידוף","תדמית","זהות וייצוג","T-007","המועמד נתפס בציבור הרחב כמי שמביא גאווה בזהות מזרחית בלי להפוך אותה לשסע מפריד.","unknown","לא נמצא מקור מספיק","0","לא נמצא מקור מספיק על ייצוג זהות מזרחית."
"איילת השחר סיידוף","תדמית","זהות וייצוג","T-008","המועמד נתפס בציבור הרחב כמי שמכבד זהות דתית ומסורתית בתוך מרחב דמוקרטי וליברלי.","mixed","https://hagush.org.il/candidates.html; https://www.ynet.co.il/news/article/bkl4uet2bl; https://www.israelhayom.co.il/news/politics/article/14643397; https://he.wikipedia.org/wiki/%D7%90%D7%99%D7%9E%D7%94%D7%95%D7%AA_%D7%91%D7%97%D7%96%D7%99%D7%AA; https://e.democrats.org.il/Democrats_OpenHouses/260416","52","מצד אחד מאבק חריף מול חרדים; מצד שני מצהירה שאינה שונאת ומדברת עם בני ישיבות."
"איילת השחר סיידוף","תדמית","זהות וייצוג","T-009","המועמד נתפס בציבור הרחב כמי שיכול לגשר בין חילונים, מסורתיים ודתיים.","mixed","https://hagush.org.il/candidates.html; https://www.ynet.co.il/news/article/bkl4uet2bl; https://www.israelhayom.co.il/news/politics/article/14643397; https://he.wikipedia.org/wiki/%D7%90%D7%99%D7%9E%D7%94%D7%95%D7%AA_%D7%91%D7%97%D7%96%D7%99%D7%AA; https://e.democrats.org.il/Democrats_OpenHouses/260416","50","יש יכולת שיח מסוימת עם חרדים, אך התדמית הציבורית גם עימותית."
"איילת השחר סיידוף","תדמית","זהות וייצוג","T-010","המועמד נתפס בציבור הרחב כמי שנוכחותו ברשימה מרחיבה את תחושת הייצוג של קהלים מגוונים.","supports","https://hagush.org.il/candidates.html; https://www.ynet.co.il/news/article/bkl4uet2bl; https://www.israelhayom.co.il/news/politics/article/14643397; https://he.wikipedia.org/wiki/%D7%90%D7%99%D7%9E%D7%94%D7%95%D7%AA_%D7%91%D7%97%D7%96%D7%99%D7%AA; https://e.democrats.org.il/Democrats_OpenHouses/260416","72","נוכחותה מוסיפה ייצוג של נשים, אמהות למשרתים וקול אזרחי־מחאתי."
"איילת השחר סיידוף","תדמית","זהות וייצוג","T-011","המועמד נתפס בציבור הרחב כמי שמוסיף לרשימה עומק חברתי ולא רק ניסיון פוליטי או תקשורתי.","supports","https://hagush.org.il/candidates.html; https://www.ynet.co.il/news/article/bkl4uet2bl; https://www.israelhayom.co.il/news/politics/article/14643397; https://he.wikipedia.org/wiki/%D7%90%D7%99%D7%9E%D7%94%D7%95%D7%AA_%D7%91%D7%97%D7%96%D7%99%D7%AA; https://e.democrats.org.il/Democrats_OpenHouses/260416","72","מביאה עומק חברתי סביב משפחות משרתים ושוויון בנטל."
"איילת השחר סיידוף","תדמית","ממלכתיות ואחריות","T-012","המועמד נתפס בציבור הרחב כבעל עמוד שדרה ערכי.","supports","https://hagush.org.il/candidates.html; https://www.ynet.co.il/news/article/bkl4uet2bl; https://www.israelhayom.co.il/news/politics/article/14643397; https://he.wikipedia.org/wiki/%D7%90%D7%99%D7%9E%D7%94%D7%95%D7%AA_%D7%91%D7%97%D7%96%D7%99%D7%AA; https://e.democrats.org.il/Democrats_OpenHouses/260416","82","נתפסת כבעלת עמוד שדרה ערכי חזק סביב שוויון בגיוס."
"איילת השחר סיידוף","תדמית","ממלכתיות ואחריות","T-013","המועמד נתפס בציבור הרחב כדמות ממלכתית ואחראית.","mixed","https://hagush.org.il/candidates.html; https://www.ynet.co.il/news/article/bkl4uet2bl; https://www.israelhayom.co.il/news/politics/article/14643397; https://he.wikipedia.org/wiki/%D7%90%D7%99%D7%9E%D7%94%D7%95%D7%AA_%D7%91%D7%97%D7%96%D7%99%D7%AA; https://e.democrats.org.il/Democrats_OpenHouses/260416","58","יש אחריות ציבורית, אך הסגנון לעיתים חריף ולכן התדמית הממלכתית אינה חד־משמעית."
"איילת השחר סיידוף","תדמית","ממלכתיות ואחריות","T-014","המועמד נתפס בציבור הרחב כמי שמכבד מוסדות מדינה ושלטון חוק.","supports","https://hagush.org.il/candidates.html; https://www.ynet.co.il/news/article/bkl4uet2bl; https://www.israelhayom.co.il/news/politics/article/14643397; https://he.wikipedia.org/wiki/%D7%90%D7%99%D7%9E%D7%94%D7%95%D7%AA_%D7%91%D7%97%D7%96%D7%99%D7%AA; https://e.democrats.org.il/Democrats_OpenHouses/260416","70","פועלת דרך בג״ץ, כנסת ודרישה לאכיפת דין."
"איילת השחר סיידוף","תדמית","ממלכתיות ואחריות","T-015","המועמד נתפס בציבור הרחב כמי שמסוגל לפעול מתוך שיקול דעת ולא רק מתוך כעס.","mixed","https://hagush.org.il/candidates.html; https://www.ynet.co.il/news/article/bkl4uet2bl; https://www.israelhayom.co.il/news/politics/article/14643397; https://he.wikipedia.org/wiki/%D7%90%D7%99%D7%9E%D7%94%D7%95%D7%AA_%D7%91%D7%97%D7%96%D7%99%D7%AA; https://e.democrats.org.il/Democrats_OpenHouses/260416","56","מסוגלת לפעול משפטית ומוסדית, אך סגנונה הציבורי לעיתים כועס ומחאתי."
"איילת השחר סיידוף","תדמית","יושרה, אמינות וניסיון ","T-016","המועמד נתפס בציבור הרחב כמי שפועל מתוך שליחות ולא רק מתוך קריירה.","supports","https://hagush.org.il/candidates.html; https://www.ynet.co.il/news/article/bkl4uet2bl; https://www.israelhayom.co.il/news/politics/article/14643397; https://he.wikipedia.org/wiki/%D7%90%D7%99%D7%9E%D7%94%D7%95%D7%AA_%D7%91%D7%97%D7%96%D7%99%D7%AA; https://e.democrats.org.il/Democrats_OpenHouses/260416","82","פעילותה נראית כנובעת משליחות אישית־אזרחית כאם למשרתים."
"איילת השחר סיידוף","תדמית","יושרה, אמינות וניסיון ","T-017","המועמד נתפס בציבור הרחב כאדם אמין וישר.","mixed","https://hagush.org.il/candidates.html; https://www.ynet.co.il/news/article/bkl4uet2bl; https://www.israelhayom.co.il/news/politics/article/14643397; https://he.wikipedia.org/wiki/%D7%90%D7%99%D7%9E%D7%94%D7%95%D7%AA_%D7%91%D7%97%D7%96%D7%99%D7%AA; https://e.democrats.org.il/Democrats_OpenHouses/260416","55","אין מקור מספיק למדידת אמינות ציבורית רחבה; אין גם בסיס לקביעה שלילית."
"איילת השחר סיידוף","תדמית","יושרה, אמינות וניסיון ","T-018","המועמד נתפס בציבור הרחב כדמות רצינית ולא כגימיק תקשורתי.","supports","https://hagush.org.il/candidates.html; https://www.ynet.co.il/news/article/bkl4uet2bl; https://www.israelhayom.co.il/news/politics/article/14643397; https://he.wikipedia.org/wiki/%D7%90%D7%99%D7%9E%D7%94%D7%95%D7%AA_%D7%91%D7%97%D7%96%D7%99%D7%AA; https://e.democrats.org.il/Democrats_OpenHouses/260416","70","תנועה, עתירות ונוכחות בכנסת ובג״ץ מציגות רצינות ולא גימיק."
"איילת השחר סיידוף","תדמית","יושרה, אמינות וניסיון ","T-019","המועמד נתפס בציבור הרחב כמי שאפשר לסמוך עליו בתפקיד ציבורי.","mixed","https://hagush.org.il/candidates.html; https://www.ynet.co.il/news/article/bkl4uet2bl; https://www.israelhayom.co.il/news/politics/article/14643397; https://he.wikipedia.org/wiki/%D7%90%D7%99%D7%9E%D7%94%D7%95%D7%AA_%D7%91%D7%97%D7%96%D7%99%D7%AA; https://e.democrats.org.il/Democrats_OpenHouses/260416","60","יש בסיס ציבורי ומקצועי, אך טרם ניסיון נבחר ציבור רחב."
"איילת השחר סיידוף","תדמית","יושרה, אמינות וניסיון ","T-020","המועמד נתפס בציבור הרחב כבעל ניסיון ציבורי משמעותי.","supports","https://hagush.org.il/candidates.html; https://www.ynet.co.il/news/article/bkl4uet2bl; https://www.israelhayom.co.il/news/politics/article/14643397; https://he.wikipedia.org/wiki/%D7%90%D7%99%D7%9E%D7%94%D7%95%D7%AA_%D7%91%D7%97%D7%96%D7%99%D7%AA; https://e.democrats.org.il/Democrats_OpenHouses/260416","72","הובילה תנועה ציבורית ניכרת סביב גיוס ושוויון."
"איילת השחר סיידוף","תדמית","יושרה, אמינות וניסיון ","T-021","המועמד נתפס בציבור הרחב כמי שמבין איך פועלת מערכת פוליטית.","mixed","https://hagush.org.il/candidates.html; https://www.ynet.co.il/news/article/bkl4uet2bl; https://www.israelhayom.co.il/news/politics/article/14643397; https://he.wikipedia.org/wiki/%D7%90%D7%99%D7%9E%D7%94%D7%95%D7%AA_%D7%91%D7%97%D7%96%D7%99%D7%AA; https://e.democrats.org.il/Democrats_OpenHouses/260416","60","יש היכרות עם מוסדות דרך מאבקים ועתירות, אך אין ניסיון פוליטי מוסדי מלא."
"איילת השחר סיידוף","תדמית","תקשורתיות ונראות","T-022","המועמד נתפס בציבור הרחב כדמות תקשורתית חזקה.","supports","https://hagush.org.il/candidates.html; https://www.ynet.co.il/news/article/bkl4uet2bl; https://www.israelhayom.co.il/news/politics/article/14643397; https://he.wikipedia.org/wiki/%D7%90%D7%99%D7%9E%D7%94%D7%95%D7%AA_%D7%91%D7%97%D7%96%D7%99%D7%AA; https://e.democrats.org.il/Democrats_OpenHouses/260416","78","דמות תקשורתית בולטת סביב סוגיית הגיוס והשוויון."
"איילת השחר סיידוף","תדמית","תקשורתיות ונראות","T-023","המועמד נתפס בציבור הרחב כמי שיודע להעביר מסר ברור.","supports","https://hagush.org.il/candidates.html; https://www.ynet.co.il/news/article/bkl4uet2bl; https://www.israelhayom.co.il/news/politics/article/14643397; https://he.wikipedia.org/wiki/%D7%90%D7%99%D7%9E%D7%94%D7%95%D7%AA_%D7%91%D7%97%D7%96%D7%99%D7%AA; https://e.democrats.org.il/Democrats_OpenHouses/260416","82","מסר השוויון בגיוס חד וברור."
"איילת השחר סיידוף","תדמית","תקשורתיות ונראות","T-024","המועמד נתפס בציבור הרחב כמי שמסוגל לבלוט בקמפיין בחירות.","supports","https://hagush.org.il/candidates.html; https://www.ynet.co.il/news/article/bkl4uet2bl; https://www.israelhayom.co.il/news/politics/article/14643397; https://he.wikipedia.org/wiki/%D7%90%D7%99%D7%9E%D7%94%D7%95%D7%AA_%D7%91%D7%97%D7%96%D7%99%D7%AA; https://e.democrats.org.il/Democrats_OpenHouses/260416","72","הנראות התקשורתית והמחאתית מאפשרת בולטות בקמפיין."
"איילת השחר סיידוף","תדמית","תקשורתיות ונראות","T-025","המועמד נתפס בציבור הרחב כמי שמביא ייצוג חשוב לרשימה.","supports","https://hagush.org.il/candidates.html; https://www.ynet.co.il/news/article/bkl4uet2bl; https://www.israelhayom.co.il/news/politics/article/14643397; https://he.wikipedia.org/wiki/%D7%90%D7%99%D7%9E%D7%94%D7%95%D7%AA_%D7%91%D7%97%D7%96%D7%99%D7%AA; https://e.democrats.org.il/Democrats_OpenHouses/260416","76","מביאה ייצוג של אמהות למשרתים וקול אזרחי לוחם."
"איילת השחר סיידוף","תדמית","תקשורתיות ונראות","T-026","המועמד נתפס בציבור הרחב כמי שמרחיב את הדימוי של המפלגה.","supports","https://hagush.org.il/candidates.html; https://www.ynet.co.il/news/article/bkl4uet2bl; https://www.israelhayom.co.il/news/politics/article/14643397; https://he.wikipedia.org/wiki/%D7%90%D7%99%D7%9E%D7%94%D7%95%D7%AA_%D7%91%D7%97%D7%96%D7%99%D7%AA; https://e.democrats.org.il/Democrats_OpenHouses/260416","68","מרחיבה את דימוי הרשימה לכיוון מחאה אזרחית ושוויון בנטל."
"איילת השחר סיידוף","תדמית","אותנטיות וסיפור אישי","T-027","המועמד נתפס בציבור הרחב כמי שפועל מתוך שליחות ולא רק מתוך קריירה.","supports","https://hagush.org.il/candidates.html; https://www.ynet.co.il/news/article/bkl4uet2bl; https://www.israelhayom.co.il/news/politics/article/14643397; https://he.wikipedia.org/wiki/%D7%90%D7%99%D7%9E%D7%94%D7%95%D7%AA_%D7%91%D7%97%D7%96%D7%99%D7%AA; https://e.democrats.org.il/Democrats_OpenHouses/260416","82","הסיפור האישי כאם וכמובילת מאבק מצביע על שליחות יותר מקריירה."
"מאלק בדר","תדמית","זהות וייצוג","T-001","המועמד מייצג את הקול הנשי בזירה הציבורית.","opposes","https://hagush.org.il/candidates.html; https://e.democrats.org.il/Democrats_OpenHouses/249677; https://www.globes.co.il/news/article.aspx?did=1001393906; https://www.instagram.com/reel/DYKBgz1IHA8/; https://www.facebook.com/malik.bader.7/","80","אינו מייצג זהות נשית בעצמו, אף שאין בכך קביעה על עמדותיו כלפי נשים."
"מאלק בדר","תדמית","זהות וייצוג","T-002","המועמד נתפס בציבור הרחב כמי שמבין חסמים ייחודיים של נשים בפוליטיקה, בעבודה ובחברה.","unknown","לא נמצא מקור מספיק","0","לא נמצא מקור מספיק על הבנת חסמים ייחודיים של נשים."
"מאלק בדר","תדמית","זהות וייצוג","T-003","המועמד נתפס בציבור הרחב כמי שנותן מקום מכבד לקבוצות מיעוט בחברה הישראלית.","supports","https://hagush.org.il/candidates.html; https://e.democrats.org.il/Democrats_OpenHouses/249677; https://www.globes.co.il/news/article.aspx?did=1001393906; https://www.instagram.com/reel/DYKBgz1IHA8/; https://www.facebook.com/malik.bader.7/","86","כמועמד דרוזי וראש רשות לשעבר נתפס כמי שנותן מקום לקבוצות מיעוט."
"מאלק בדר","תדמית","זהות וייצוג","T-004","המועמד נתפס בציבור הרחב כמי שיכול לייצג את בני המיעוטים הלא יהודיים.","supports","https://hagush.org.il/candidates.html; https://e.democrats.org.il/Democrats_OpenHouses/249677; https://www.globes.co.il/news/article.aspx?did=1001393906; https://www.instagram.com/reel/DYKBgz1IHA8/; https://www.facebook.com/malik.bader.7/","92","זהו ציר מובהק בפרופיל שלו: ייצוג בני מיעוטים לא־יהודיים, בעיקר דרוזים."
"מאלק בדר","תדמית","זהות וייצוג","T-005","המועמד נתפס בציבור הרחב כמי שמביא את קול הפריפריה או מבין לעומק את צרכיה.","supports","https://hagush.org.il/candidates.html; https://e.democrats.org.il/Democrats_OpenHouses/249677; https://www.globes.co.il/news/article.aspx?did=1001393906; https://www.instagram.com/reel/DYKBgz1IHA8/; https://www.facebook.com/malik.bader.7/","82","מגיע מחורפיש והחברה הדרוזית בגליל, עם ניסיון ביישובי פריפריה."
"מאלק בדר","תדמית","זהות וייצוג","T-006","המועמד נתפס בציבור הרחב כמי שיכול לצמצם את הפער התדמיתי והמעשי בין המרכז לפריפריה.","supports","https://hagush.org.il/candidates.html; https://e.democrats.org.il/Democrats_OpenHouses/249677; https://www.globes.co.il/news/article.aspx?did=1001393906; https://www.instagram.com/reel/DYKBgz1IHA8/; https://www.facebook.com/malik.bader.7/","78","עוסק בסגירת פערים והעצמת יישובים דרוזיים."
"מאלק בדר","תדמית","זהות וייצוג","T-007","המועמד נתפס בציבור הרחב כמי שמביא גאווה בזהות מזרחית בלי להפוך אותה לשסע מפריד.","unknown","לא נמצא מקור מספיק","0","לא נמצא מקור לייצוג זהות מזרחית."
"מאלק בדר","תדמית","זהות וייצוג","T-008","המועמד נתפס בציבור הרחב כמי שמכבד זהות דתית ומסורתית בתוך מרחב דמוקרטי וליברלי.","supports","https://hagush.org.il/candidates.html; https://e.democrats.org.il/Democrats_OpenHouses/249677; https://www.globes.co.il/news/article.aspx?did=1001393906; https://www.instagram.com/reel/DYKBgz1IHA8/; https://www.facebook.com/malik.bader.7/","70","כדרוזי חילוני שמדבר על חילונים ודתיים בחברה הדרוזית, יש לו תדמית של כבוד לזהות דתית."
"מאלק בדר","תדמית","זהות וייצוג","T-009","המועמד נתפס בציבור הרחב כמי שיכול לגשר בין חילונים, מסורתיים ודתיים.","supports","https://hagush.org.il/candidates.html; https://e.democrats.org.il/Democrats_OpenHouses/249677; https://www.globes.co.il/news/article.aspx?did=1001393906; https://www.instagram.com/reel/DYKBgz1IHA8/; https://www.facebook.com/malik.bader.7/","68","הרקע שלו מאפשר גישור בין חילונים, דתיים ומסורתיים בחברות שונות."
"מאלק בדר","תדמית","זהות וייצוג","T-010","המועמד נתפס בציבור הרחב כמי שנוכחותו ברשימה מרחיבה את תחושת הייצוג של קהלים מגוונים.","supports","https://hagush.org.il/candidates.html; https://e.democrats.org.il/Democrats_OpenHouses/249677; https://www.globes.co.il/news/article.aspx?did=1001393906; https://www.instagram.com/reel/DYKBgz1IHA8/; https://www.facebook.com/malik.bader.7/","88","נוכחותו מרחיבה ייצוג של דרוזים, מיעוטים וצפון."
"מאלק בדר","תדמית","זהות וייצוג","T-011","המועמד נתפס בציבור הרחב כמי שמוסיף לרשימה עומק חברתי ולא רק ניסיון פוליטי או תקשורתי.","supports","https://hagush.org.il/candidates.html; https://e.democrats.org.il/Democrats_OpenHouses/249677; https://www.globes.co.il/news/article.aspx?did=1001393906; https://www.instagram.com/reel/DYKBgz1IHA8/; https://www.facebook.com/malik.bader.7/","78","מביא עומק חברתי־מוניציפלי ולא רק תדמית תקשורתית."
"מאלק בדר","תדמית","ממלכתיות ואחריות","T-012","המועמד נתפס בציבור הרחב כבעל עמוד שדרה ערכי.","supports","https://hagush.org.il/candidates.html; https://e.democrats.org.il/Democrats_OpenHouses/249677; https://www.globes.co.il/news/article.aspx?did=1001393906; https://www.instagram.com/reel/DYKBgz1IHA8/; https://www.facebook.com/malik.bader.7/","70","המאבק בשוויון וסגירת פערים משדר עמוד שדרה ערכי."
"מאלק בדר","תדמית","ממלכתיות ואחריות","T-013","המועמד נתפס בציבור הרחב כדמות ממלכתית ואחראית.","supports","https://hagush.org.il/candidates.html; https://e.democrats.org.il/Democrats_OpenHouses/249677; https://www.globes.co.il/news/article.aspx?did=1001393906; https://www.instagram.com/reel/DYKBgz1IHA8/; https://www.facebook.com/malik.bader.7/","74","ניסיון כראש מועצה תורם לתדמית ממלכתית ואחראית."
"מאלק בדר","תדמית","ממלכתיות ואחריות","T-014","המועמד נתפס בציבור הרחב כמי שמכבד מוסדות מדינה ושלטון חוק.","supports","https://hagush.org.il/candidates.html; https://e.democrats.org.il/Democrats_OpenHouses/249677; https://www.globes.co.il/news/article.aspx?did=1001393906; https://www.instagram.com/reel/DYKBgz1IHA8/; https://www.facebook.com/malik.bader.7/","74","רקע משפטי ומוניציפלי מצביע על כבוד למוסדות ושלטון חוק."
"מאלק בדר","תדמית","ממלכתיות ואחריות","T-015","המועמד נתפס בציבור הרחב כמי שמסוגל לפעול מתוך שיקול דעת ולא רק מתוך כעס.","supports","https://hagush.org.il/candidates.html; https://e.democrats.org.il/Democrats_OpenHouses/249677; https://www.globes.co.il/news/article.aspx?did=1001393906; https://www.instagram.com/reel/DYKBgz1IHA8/; https://www.facebook.com/malik.bader.7/","66","ניסיון ניהולי ומוניציפלי מצביע על שיקול דעת."
"מאלק בדר","תדמית","יושרה, אמינות וניסיון ","T-016","המועמד נתפס בציבור הרחב כמי שפועל מתוך שליחות ולא רק מתוך קריירה.","supports","https://hagush.org.il/candidates.html; https://e.democrats.org.il/Democrats_OpenHouses/249677; https://www.globes.co.il/news/article.aspx?did=1001393906; https://www.instagram.com/reel/DYKBgz1IHA8/; https://www.facebook.com/malik.bader.7/","68","פרופילו מצביע על שליחות ציבורית של ייצוג ושוויון מיעוטים."
"מאלק בדר","תדמית","יושרה, אמינות וניסיון ","T-017","המועמד נתפס בציבור הרחב כאדם אמין וישר.","mixed","https://hagush.org.il/candidates.html; https://e.democrats.org.il/Democrats_OpenHouses/249677; https://www.globes.co.il/news/article.aspx?did=1001393906; https://www.instagram.com/reel/DYKBgz1IHA8/; https://www.facebook.com/malik.bader.7/","55","לא נמצא מקור מספיק למדידת אמינות ציבורית רחבה מעבר לרקע התפקידים."
"מאלק בדר","תדמית","יושרה, אמינות וניסיון ","T-018","המועמד נתפס בציבור הרחב כדמות רצינית ולא כגימיק תקשורתי.","supports","https://hagush.org.il/candidates.html; https://e.democrats.org.il/Democrats_OpenHouses/249677; https://www.globes.co.il/news/article.aspx?did=1001393906; https://www.instagram.com/reel/DYKBgz1IHA8/; https://www.facebook.com/malik.bader.7/","72","ראש רשות לשעבר ועו״ד אינם פרופיל גימיקי."
"מאלק בדר","תדמית","יושרה, אמינות וניסיון ","T-019","המועמד נתפס בציבור הרחב כמי שאפשר לסמוך עליו בתפקיד ציבורי.","supports","https://hagush.org.il/candidates.html; https://e.democrats.org.il/Democrats_OpenHouses/249677; https://www.globes.co.il/news/article.aspx?did=1001393906; https://www.instagram.com/reel/DYKBgz1IHA8/; https://www.facebook.com/malik.bader.7/","74","ניסיון ניהולי־ציבורי תומך באפשרות לסמוך עליו בתפקיד ציבורי."
"מאלק בדר","תדמית","יושרה, אמינות וניסיון ","T-020","המועמד נתפס בציבור הרחב כבעל ניסיון ציבורי משמעותי.","supports","https://hagush.org.il/candidates.html; https://e.democrats.org.il/Democrats_OpenHouses/249677; https://www.globes.co.il/news/article.aspx?did=1001393906; https://www.instagram.com/reel/DYKBgz1IHA8/; https://www.facebook.com/malik.bader.7/","82","ניסיון כראש מועצה וכיו״ר פורום רשויות דרוזיות הוא ניסיון ציבורי משמעותי."
"מאלק בדר","תדמית","יושרה, אמינות וניסיון ","T-021","המועמד נתפס בציבור הרחב כמי שמבין איך פועלת מערכת פוליטית.","supports","https://hagush.org.il/candidates.html; https://e.democrats.org.il/Democrats_OpenHouses/249677; https://www.globes.co.il/news/article.aspx?did=1001393906; https://www.instagram.com/reel/DYKBgz1IHA8/; https://www.facebook.com/malik.bader.7/","76","ניסיון מוניציפלי ופוליטי מעיד על הבנת מערכת פוליטית."
"מאלק בדר","תדמית","תקשורתיות ונראות","T-022","המועמד נתפס בציבור הרחב כדמות תקשורתית חזקה.","mixed","https://hagush.org.il/candidates.html; https://e.democrats.org.il/Democrats_OpenHouses/249677; https://www.globes.co.il/news/article.aspx?did=1001393906; https://www.instagram.com/reel/DYKBgz1IHA8/; https://www.facebook.com/malik.bader.7/","58","יש נראות ציבורית וחוגי בית, אך לא דמות תקשורתית ארצית חזקה מאוד."
"מאלק בדר","תדמית","תקשורתיות ונראות","T-023","המועמד נתפס בציבור הרחב כמי שיודע להעביר מסר ברור.","supports","https://hagush.org.il/candidates.html; https://e.democrats.org.il/Democrats_OpenHouses/249677; https://www.globes.co.il/news/article.aspx?did=1001393906; https://www.instagram.com/reel/DYKBgz1IHA8/; https://www.facebook.com/malik.bader.7/","62","מסרי השוויון והשותפות שלו ברורים, אף שנראותו הארצית מוגבלת יותר."
"מאלק בדר","תדמית","תקשורתיות ונראות","T-024","המועמד נתפס בציבור הרחב כמי שמסוגל לבלוט בקמפיין בחירות.","mixed","https://hagush.org.il/candidates.html; https://e.democrats.org.il/Democrats_OpenHouses/249677; https://www.globes.co.il/news/article.aspx?did=1001393906; https://www.instagram.com/reel/DYKBgz1IHA8/; https://www.facebook.com/malik.bader.7/","58","יכול לבלוט כייצוג מיעוטים, אך נראותו התקשורתית הארצית עדיין מתונה."
"מאלק בדר","תדמית","תקשורתיות ונראות","T-025","המועמד נתפס בציבור הרחב כמי שמביא ייצוג חשוב לרשימה.","supports","https://hagush.org.il/candidates.html; https://e.democrats.org.il/Democrats_OpenHouses/249677; https://www.globes.co.il/news/article.aspx?did=1001393906; https://www.instagram.com/reel/DYKBgz1IHA8/; https://www.facebook.com/malik.bader.7/","90","מביא ייצוג חשוב של החברה הדרוזית והפריפריה הצפונית."
"מאלק בדר","תדמית","תקשורתיות ונראות","T-026","המועמד נתפס בציבור הרחב כמי שמרחיב את הדימוי של המפלגה.","supports","https://hagush.org.il/candidates.html; https://e.democrats.org.il/Democrats_OpenHouses/249677; https://www.globes.co.il/news/article.aspx?did=1001393906; https://www.instagram.com/reel/DYKBgz1IHA8/; https://www.facebook.com/malik.bader.7/","82","מרחיב את דימוי המפלגה לרשימה רב־זהותית ולא יהודית־מרכזית בלבד."
"מאלק בדר","תדמית","אותנטיות וסיפור אישי","T-027","המועמד נתפס בציבור הרחב כמי שפועל מתוך שליחות ולא רק מתוך קריירה.","supports","https://hagush.org.il/candidates.html; https://e.democrats.org.il/Democrats_OpenHouses/249677; https://www.globes.co.il/news/article.aspx?did=1001393906; https://www.instagram.com/reel/DYKBgz1IHA8/; https://www.facebook.com/malik.bader.7/","70","הסיפור הציבורי שלו משדר שליחות של שוויון וייצוג דרוזי."
"מוסי רז","תדמית","זהות וייצוג","T-001","המועמד מייצג את הקול הנשי בזירה הציבורית.","opposes","https://hagush.org.il/candidates.html; https://meretz.org.il/%D7%9E%D7%95%D7%A1%D7%99-%D7%A8%D7%96/; https://he.wikipedia.org/wiki/%D7%9E%D7%95%D7%A1%D7%99_%D7%A8%D7%96; https://heskem.org.il/2021/07/25/%D7%9E%D7%A4%D7%92%D7%A9-%D7%A7%D7%95%D7%90%D7%9C%D7%99%D7%A6%D7%99%D7%99%D7%AA-%D7%A9%D7%AA%D7%99-%D7%94%D7%9E%D7%93%D7%99%D7%A0%D7%95%D7%AA-%D7%99%D7%95%D7%9C%D7%99-2021/","80","אינו מייצג זהות נשית בעצמו."
"מוסי רז","תדמית","זהות וייצוג","T-002","המועמד נתפס בציבור הרחב כמי שמבין חסמים ייחודיים של נשים בפוליטיקה, בעבודה ובחברה.","mixed","https://hagush.org.il/candidates.html; https://meretz.org.il/%D7%9E%D7%95%D7%A1%D7%99-%D7%A8%D7%96/; https://he.wikipedia.org/wiki/%D7%9E%D7%95%D7%A1%D7%99_%D7%A8%D7%96; https://heskem.org.il/2021/07/25/%D7%9E%D7%A4%D7%92%D7%A9-%D7%A7%D7%95%D7%90%D7%9C%D7%99%D7%A6%D7%99%D7%99%D7%AA-%D7%A9%D7%AA%D7%99-%D7%94%D7%9E%D7%93%D7%99%D7%A0%D7%95%D7%AA-%D7%99%D7%95%D7%9C%D7%99-2021/","55","קידם חקיקה למניעת הטרדות מיניות בצבא, אך זה אינו ציר תדמיתי נשי מרכזי."
"מוסי רז","תדמית","זהות וייצוג","T-003","המועמד נתפס בציבור הרחב כמי שנותן מקום מכבד לקבוצות מיעוט בחברה הישראלית.","supports","https://hagush.org.il/candidates.html; https://meretz.org.il/%D7%9E%D7%95%D7%A1%D7%99-%D7%A8%D7%96/; https://he.wikipedia.org/wiki/%D7%9E%D7%95%D7%A1%D7%99_%D7%A8%D7%96; https://heskem.org.il/2021/07/25/%D7%9E%D7%A4%D7%92%D7%A9-%D7%A7%D7%95%D7%90%D7%9C%D7%99%D7%A6%D7%99%D7%99%D7%AA-%D7%A9%D7%AA%D7%99-%D7%94%D7%9E%D7%93%D7%99%D7%A0%D7%95%D7%AA-%D7%99%D7%95%D7%9C%D7%99-2021/","82","מזוהה עם זכויות אדם, שותפות יהודית־ערבית ומיעוטים."
"מוסי רז","תדמית","זהות וייצוג","T-004","המועמד נתפס בציבור הרחב כמי שיכול לייצג את בני המיעוטים הלא יהודיים.","mixed","https://hagush.org.il/candidates.html; https://meretz.org.il/%D7%9E%D7%95%D7%A1%D7%99-%D7%A8%D7%96/; https://he.wikipedia.org/wiki/%D7%9E%D7%95%D7%A1%D7%99_%D7%A8%D7%96; https://heskem.org.il/2021/07/25/%D7%9E%D7%A4%D7%92%D7%A9-%D7%A7%D7%95%D7%90%D7%9C%D7%99%D7%A6%D7%99%D7%99%D7%AA-%D7%A9%D7%AA%D7%99-%D7%94%D7%9E%D7%93%D7%99%D7%A0%D7%95%D7%AA-%D7%99%D7%95%D7%9C%D7%99-2021/","60","יכול לייצג שותפות עם מיעוטים, אך אינו בן מיעוט לא־יהודי."
"מוסי רז","תדמית","זהות וייצוג","T-005","המועמד נתפס בציבור הרחב כמי שמביא את קול הפריפריה או מבין לעומק את צרכיה.","mixed","https://hagush.org.il/candidates.html; https://meretz.org.il/%D7%9E%D7%95%D7%A1%D7%99-%D7%A8%D7%96/; https://he.wikipedia.org/wiki/%D7%9E%D7%95%D7%A1%D7%99_%D7%A8%D7%96; https://heskem.org.il/2021/07/25/%D7%9E%D7%A4%D7%92%D7%A9-%D7%A7%D7%95%D7%90%D7%9C%D7%99%D7%A6%D7%99%D7%99%D7%AA-%D7%A9%D7%AA%D7%99-%D7%94%D7%9E%D7%93%D7%99%D7%A0%D7%95%D7%AA-%D7%99%D7%95%D7%9C%D7%99-2021/","52","אין לו תדמית פריפריאלית מובהקת, אף שיש רגישות חברתית."
"מוסי רז","תדמית","זהות וייצוג","T-006","המועמד נתפס בציבור הרחב כמי שיכול לצמצם את הפער התדמיתי והמעשי בין המרכז לפריפריה.","mixed","https://hagush.org.il/candidates.html; https://meretz.org.il/%D7%9E%D7%95%D7%A1%D7%99-%D7%A8%D7%96/; https://he.wikipedia.org/wiki/%D7%9E%D7%95%D7%A1%D7%99_%D7%A8%D7%96; https://heskem.org.il/2021/07/25/%D7%9E%D7%A4%D7%92%D7%A9-%D7%A7%D7%95%D7%90%D7%9C%D7%99%D7%A6%D7%99%D7%99%D7%AA-%D7%A9%D7%AA%D7%99-%D7%94%D7%9E%D7%93%D7%99%D7%A0%D7%95%D7%AA-%D7%99%D7%95%D7%9C%D7%99-2021/","50","לא נמצא מיצוב מרכזי כמי שמצמצם פער מרכז־פריפריה."
"מוסי רז","תדמית","זהות וייצוג","T-007","המועמד נתפס בציבור הרחב כמי שמביא גאווה בזהות מזרחית בלי להפוך אותה לשסע מפריד.","unknown","לא נמצא מקור מספיק","0","לא נמצא מקור לייצוג זהות מזרחית."
"מוסי רז","תדמית","זהות וייצוג","T-008","המועמד נתפס בציבור הרחב כמי שמכבד זהות דתית ומסורתית בתוך מרחב דמוקרטי וליברלי.","mixed","https://hagush.org.il/candidates.html; https://meretz.org.il/%D7%9E%D7%95%D7%A1%D7%99-%D7%A8%D7%96/; https://he.wikipedia.org/wiki/%D7%9E%D7%95%D7%A1%D7%99_%D7%A8%D7%96; https://heskem.org.il/2021/07/25/%D7%9E%D7%A4%D7%92%D7%A9-%D7%A7%D7%95%D7%90%D7%9C%D7%99%D7%A6%D7%99%D7%99%D7%AA-%D7%A9%D7%AA%D7%99-%D7%94%D7%9E%D7%93%D7%99%D7%A0%D7%95%D7%AA-%D7%99%D7%95%D7%9C%D7%99-2021/","55","כחילוני־מרצ הוא מכבד זכויות דת, אך אינו מזוהה במיוחד עם זהות מסורתית."
"מוסי רז","תדמית","זהות וייצוג","T-009","המועמד נתפס בציבור הרחב כמי שיכול לגשר בין חילונים, מסורתיים ודתיים.","mixed","https://hagush.org.il/candidates.html; https://meretz.org.il/%D7%9E%D7%95%D7%A1%D7%99-%D7%A8%D7%96/; https://he.wikipedia.org/wiki/%D7%9E%D7%95%D7%A1%D7%99_%D7%A8%D7%96; https://heskem.org.il/2021/07/25/%D7%9E%D7%A4%D7%92%D7%A9-%D7%A7%D7%95%D7%90%D7%9C%D7%99%D7%A6%D7%99%D7%99%D7%AA-%D7%A9%D7%AA%D7%99-%D7%94%D7%9E%D7%93%D7%99%D7%A0%D7%95%D7%AA-%D7%99%D7%95%D7%9C%D7%99-2021/","55","יכולת דיאלוג קיימת, אך לא תדמית מרכזית של גישור חילונים־דתיים."
"מוסי רז","תדמית","זהות וייצוג","T-010","המועמד נתפס בציבור הרחב כמי שנוכחותו ברשימה מרחיבה את תחושת הייצוג של קהלים מגוונים.","supports","https://hagush.org.il/candidates.html; https://meretz.org.il/%D7%9E%D7%95%D7%A1%D7%99-%D7%A8%D7%96/; https://he.wikipedia.org/wiki/%D7%9E%D7%95%D7%A1%D7%99_%D7%A8%D7%96; https://heskem.org.il/2021/07/25/%D7%9E%D7%A4%D7%92%D7%A9-%D7%A7%D7%95%D7%90%D7%9C%D7%99%D7%A6%D7%99%D7%99%D7%AA-%D7%A9%D7%AA%D7%99-%D7%94%D7%9E%D7%93%D7%99%D7%A0%D7%95%D7%AA-%D7%99%D7%95%D7%9C%D7%99-2021/","68","מוסיף עומק אידיאולוגי של שלום, זכויות אדם וסביבה."
"מוסי רז","תדמית","זהות וייצוג","T-011","המועמד נתפס בציבור הרחב כמי שמוסיף לרשימה עומק חברתי ולא רק ניסיון פוליטי או תקשורתי.","supports","https://hagush.org.il/candidates.html; https://meretz.org.il/%D7%9E%D7%95%D7%A1%D7%99-%D7%A8%D7%96/; https://he.wikipedia.org/wiki/%D7%9E%D7%95%D7%A1%D7%99_%D7%A8%D7%96; https://heskem.org.il/2021/07/25/%D7%9E%D7%A4%D7%92%D7%A9-%D7%A7%D7%95%D7%90%D7%9C%D7%99%D7%A6%D7%99%D7%99%D7%AA-%D7%A9%D7%AA%D7%99-%D7%94%D7%9E%D7%93%D7%99%D7%A0%D7%95%D7%AA-%D7%99%D7%95%D7%9C%D7%99-2021/","76","מביא ניסיון ותוכן ציבורי עמוק מעבר לתקשורת."
"מוסי רז","תדמית","ממלכתיות ואחריות","T-012","המועמד נתפס בציבור הרחב כבעל עמוד שדרה ערכי.","supports","https://hagush.org.il/candidates.html; https://meretz.org.il/%D7%9E%D7%95%D7%A1%D7%99-%D7%A8%D7%96/; https://he.wikipedia.org/wiki/%D7%9E%D7%95%D7%A1%D7%99_%D7%A8%D7%96; https://heskem.org.il/2021/07/25/%D7%9E%D7%A4%D7%92%D7%A9-%D7%A7%D7%95%D7%90%D7%9C%D7%99%D7%A6%D7%99%D7%99%D7%AA-%D7%A9%D7%AA%D7%99-%D7%94%D7%9E%D7%93%D7%99%D7%A0%D7%95%D7%AA-%D7%99%D7%95%D7%9C%D7%99-2021/","84","מזוהה כבעל עמוד שדרה אידיאולוגי עקבי."
"מוסי רז","תדמית","ממלכתיות ואחריות","T-013","המועמד נתפס בציבור הרחב כדמות ממלכתית ואחראית.","supports","https://hagush.org.il/candidates.html; https://meretz.org.il/%D7%9E%D7%95%D7%A1%D7%99-%D7%A8%D7%96/; https://he.wikipedia.org/wiki/%D7%9E%D7%95%D7%A1%D7%99_%D7%A8%D7%96; https://heskem.org.il/2021/07/25/%D7%9E%D7%A4%D7%92%D7%A9-%D7%A7%D7%95%D7%90%D7%9C%D7%99%D7%A6%D7%99%D7%99%D7%AA-%D7%A9%D7%AA%D7%99-%D7%94%D7%9E%D7%93%D7%99%D7%A0%D7%95%D7%AA-%D7%99%D7%95%D7%9C%D7%99-2021/","72","ניסיון פרלמנטרי ומוסדי תורם לתדמית אחראית."
"מוסי רז","תדמית","ממלכתיות ואחריות","T-014","המועמד נתפס בציבור הרחב כמי שמכבד מוסדות מדינה ושלטון חוק.","supports","https://hagush.org.il/candidates.html; https://meretz.org.il/%D7%9E%D7%95%D7%A1%D7%99-%D7%A8%D7%96/; https://he.wikipedia.org/wiki/%D7%9E%D7%95%D7%A1%D7%99_%D7%A8%D7%96; https://heskem.org.il/2021/07/25/%D7%9E%D7%A4%D7%92%D7%A9-%D7%A7%D7%95%D7%90%D7%9C%D7%99%D7%A6%D7%99%D7%99%D7%AA-%D7%A9%D7%AA%D7%99-%D7%94%D7%9E%D7%93%D7%99%D7%A0%D7%95%D7%AA-%D7%99%D7%95%D7%9C%D7%99-2021/","82","ח״כ לשעבר שפעל בחקיקה ובוועדות; מכבד מוסדות ושלטון חוק."
"מוסי רז","תדמית","ממלכתיות ואחריות","T-015","המועמד נתפס בציבור הרחב כמי שמסוגל לפעול מתוך שיקול דעת ולא רק מתוך כעס.","supports","https://hagush.org.il/candidates.html; https://meretz.org.il/%D7%9E%D7%95%D7%A1%D7%99-%D7%A8%D7%96/; https://he.wikipedia.org/wiki/%D7%9E%D7%95%D7%A1%D7%99_%D7%A8%D7%96; https://heskem.org.il/2021/07/25/%D7%9E%D7%A4%D7%92%D7%A9-%D7%A7%D7%95%D7%90%D7%9C%D7%99%D7%A6%D7%99%D7%99%D7%AA-%D7%A9%D7%AA%D7%99-%D7%94%D7%9E%D7%93%D7%99%D7%A0%D7%95%D7%AA-%D7%99%D7%95%D7%9C%D7%99-2021/","72","ניסיון ארוך בכנסת ובארגונים מצביע על שיקול דעת."
"מוסי רז","תדמית","יושרה, אמינות וניסיון ","T-016","המועמד נתפס בציבור הרחב כמי שפועל מתוך שליחות ולא רק מתוך קריירה.","supports","https://hagush.org.il/candidates.html; https://meretz.org.il/%D7%9E%D7%95%D7%A1%D7%99-%D7%A8%D7%96/; https://he.wikipedia.org/wiki/%D7%9E%D7%95%D7%A1%D7%99_%D7%A8%D7%96; https://heskem.org.il/2021/07/25/%D7%9E%D7%A4%D7%92%D7%A9-%D7%A7%D7%95%D7%90%D7%9C%D7%99%D7%A6%D7%99%D7%99%D7%AA-%D7%A9%D7%AA%D7%99-%D7%94%D7%9E%D7%93%D7%99%D7%A0%D7%95%D7%AA-%D7%99%D7%95%D7%9C%D7%99-2021/","78","פעילות שלום וזכויות אדם לאורך שנים משדרת שליחות."
"מוסי רז","תדמית","יושרה, אמינות וניסיון ","T-017","המועמד נתפס בציבור הרחב כאדם אמין וישר.","mixed","https://hagush.org.il/candidates.html; https://meretz.org.il/%D7%9E%D7%95%D7%A1%D7%99-%D7%A8%D7%96/; https://he.wikipedia.org/wiki/%D7%9E%D7%95%D7%A1%D7%99_%D7%A8%D7%96; https://heskem.org.il/2021/07/25/%D7%9E%D7%A4%D7%92%D7%A9-%D7%A7%D7%95%D7%90%D7%9C%D7%99%D7%A6%D7%99%D7%99%D7%AA-%D7%A9%D7%AA%D7%99-%D7%94%D7%9E%D7%93%D7%99%D7%A0%D7%95%D7%AA-%D7%99%D7%95%D7%9C%D7%99-2021/","60","נתפס עקבי ואידיאולוגי, אך אמינות ציבורית רחבה תלויה במחנה הפוליטי."
"מוסי רז","תדמית","יושרה, אמינות וניסיון ","T-018","המועמד נתפס בציבור הרחב כדמות רצינית ולא כגימיק תקשורתי.","supports","https://hagush.org.il/candidates.html; https://meretz.org.il/%D7%9E%D7%95%D7%A1%D7%99-%D7%A8%D7%96/; https://he.wikipedia.org/wiki/%D7%9E%D7%95%D7%A1%D7%99_%D7%A8%D7%96; https://heskem.org.il/2021/07/25/%D7%9E%D7%A4%D7%92%D7%A9-%D7%A7%D7%95%D7%90%D7%9C%D7%99%D7%A6%D7%99%D7%99%D7%AA-%D7%A9%D7%AA%D7%99-%D7%94%D7%9E%D7%93%D7%99%D7%A0%D7%95%D7%AA-%D7%99%D7%95%D7%9C%D7%99-2021/","82","ח״כ לשעבר ופעיל ותיק הוא דמות רצינית ולא גימיק."
"מוסי רז","תדמית","יושרה, אמינות וניסיון ","T-019","המועמד נתפס בציבור הרחב כמי שאפשר לסמוך עליו בתפקיד ציבורי.","supports","https://hagush.org.il/candidates.html; https://meretz.org.il/%D7%9E%D7%95%D7%A1%D7%99-%D7%A8%D7%96/; https://he.wikipedia.org/wiki/%D7%9E%D7%95%D7%A1%D7%99_%D7%A8%D7%96; https://heskem.org.il/2021/07/25/%D7%9E%D7%A4%D7%92%D7%A9-%D7%A7%D7%95%D7%90%D7%9C%D7%99%D7%A6%D7%99%D7%99%D7%AA-%D7%A9%D7%AA%D7%99-%D7%94%D7%9E%D7%93%D7%99%D7%A0%D7%95%D7%AA-%D7%99%D7%95%D7%9C%D7%99-2021/","78","ניסיון ציבורי ופרלמנטרי מאפשר לסמוך עליו בתפקיד ציבורי."
"מוסי רז","תדמית","יושרה, אמינות וניסיון ","T-020","המועמד נתפס בציבור הרחב כבעל ניסיון ציבורי משמעותי.","supports","https://hagush.org.il/candidates.html; https://meretz.org.il/%D7%9E%D7%95%D7%A1%D7%99-%D7%A8%D7%96/; https://he.wikipedia.org/wiki/%D7%9E%D7%95%D7%A1%D7%99_%D7%A8%D7%96; https://heskem.org.il/2021/07/25/%D7%9E%D7%A4%D7%92%D7%A9-%D7%A7%D7%95%D7%90%D7%9C%D7%99%D7%A6%D7%99%D7%99%D7%AA-%D7%A9%D7%AA%D7%99-%D7%94%D7%9E%D7%93%D7%99%D7%A0%D7%95%D7%AA-%D7%99%D7%95%D7%9C%D7%99-2021/","92","ניסיון ציבורי משמעותי מאוד."
"מוסי רז","תדמית","יושרה, אמינות וניסיון ","T-021","המועמד נתפס בציבור הרחב כמי שמבין איך פועלת מערכת פוליטית.","supports","https://hagush.org.il/candidates.html; https://meretz.org.il/%D7%9E%D7%95%D7%A1%D7%99-%D7%A8%D7%96/; https://he.wikipedia.org/wiki/%D7%9E%D7%95%D7%A1%D7%99_%D7%A8%D7%96; https://heskem.org.il/2021/07/25/%D7%9E%D7%A4%D7%92%D7%A9-%D7%A7%D7%95%D7%90%D7%9C%D7%99%D7%A6%D7%99%D7%99%D7%AA-%D7%A9%D7%AA%D7%99-%D7%94%D7%9E%D7%93%D7%99%D7%A0%D7%95%D7%AA-%D7%99%D7%95%D7%9C%D7%99-2021/","92","מכיר היטב את המערכת הפוליטית והפרלמנטרית."
"מוסי רז","תדמית","תקשורתיות ונראות","T-022","המועמד נתפס בציבור הרחב כדמות תקשורתית חזקה.","supports","https://hagush.org.il/candidates.html; https://meretz.org.il/%D7%9E%D7%95%D7%A1%D7%99-%D7%A8%D7%96/; https://he.wikipedia.org/wiki/%D7%9E%D7%95%D7%A1%D7%99_%D7%A8%D7%96; https://heskem.org.il/2021/07/25/%D7%9E%D7%A4%D7%92%D7%A9-%D7%A7%D7%95%D7%90%D7%9C%D7%99%D7%A6%D7%99%D7%99%D7%AA-%D7%A9%D7%AA%D7%99-%D7%94%D7%9E%D7%93%D7%99%D7%A0%D7%95%D7%AA-%D7%99%D7%95%D7%9C%D7%99-2021/","66","דמות ציבורית מוכרת במחנה השמאל, אך לא בהכרח תקשורתית־המונית."
"מוסי רז","תדמית","תקשורתיות ונראות","T-023","המועמד נתפס בציבור הרחב כמי שיודע להעביר מסר ברור.","supports","https://hagush.org.il/candidates.html; https://meretz.org.il/%D7%9E%D7%95%D7%A1%D7%99-%D7%A8%D7%96/; https://he.wikipedia.org/wiki/%D7%9E%D7%95%D7%A1%D7%99_%D7%A8%D7%96; https://heskem.org.il/2021/07/25/%D7%9E%D7%A4%D7%92%D7%A9-%D7%A7%D7%95%D7%90%D7%9C%D7%99%D7%A6%D7%99%D7%99%D7%AA-%D7%A9%D7%AA%D7%99-%D7%94%D7%9E%D7%93%D7%99%D7%A0%D7%95%D7%AA-%D7%99%D7%95%D7%9C%D7%99-2021/","78","יודע להעביר מסר אידיאולוגי ברור ועקבי."
"מוסי רז","תדמית","תקשורתיות ונראות","T-024","המועמד נתפס בציבור הרחב כמי שמסוגל לבלוט בקמפיין בחירות.","mixed","https://hagush.org.il/candidates.html; https://meretz.org.il/%D7%9E%D7%95%D7%A1%D7%99-%D7%A8%D7%96/; https://he.wikipedia.org/wiki/%D7%9E%D7%95%D7%A1%D7%99_%D7%A8%D7%96; https://heskem.org.il/2021/07/25/%D7%9E%D7%A4%D7%92%D7%A9-%D7%A7%D7%95%D7%90%D7%9C%D7%99%D7%A6%D7%99%D7%99%D7%AA-%D7%A9%D7%AA%D7%99-%D7%94%D7%9E%D7%93%D7%99%D7%A0%D7%95%D7%AA-%D7%99%D7%95%D7%9C%D7%99-2021/","62","יכול לבלוט בקרב קהל שמאל־מרצ, אך פחות ככוכב קמפיין רחב."
"מוסי רז","תדמית","תקשורתיות ונראות","T-025","המועמד נתפס בציבור הרחב כמי שמביא ייצוג חשוב לרשימה.","supports","https://hagush.org.il/candidates.html; https://meretz.org.il/%D7%9E%D7%95%D7%A1%D7%99-%D7%A8%D7%96/; https://he.wikipedia.org/wiki/%D7%9E%D7%95%D7%A1%D7%99_%D7%A8%D7%96; https://heskem.org.il/2021/07/25/%D7%9E%D7%A4%D7%92%D7%A9-%D7%A7%D7%95%D7%90%D7%9C%D7%99%D7%A6%D7%99%D7%99%D7%AA-%D7%A9%D7%AA%D7%99-%D7%94%D7%9E%D7%93%D7%99%D7%A0%D7%95%D7%AA-%D7%99%D7%95%D7%9C%D7%99-2021/","76","מביא ייצוג חשוב של מחנה שלום, זכויות אדם וסביבה."
"מוסי רז","תדמית","תקשורתיות ונראות","T-026","המועמד נתפס בציבור הרחב כמי שמרחיב את הדימוי של המפלגה.","supports","https://hagush.org.il/candidates.html; https://meretz.org.il/%D7%9E%D7%95%D7%A1%D7%99-%D7%A8%D7%96/; https://he.wikipedia.org/wiki/%D7%9E%D7%95%D7%A1%D7%99_%D7%A8%D7%96; https://heskem.org.il/2021/07/25/%D7%9E%D7%A4%D7%92%D7%A9-%D7%A7%D7%95%D7%90%D7%9C%D7%99%D7%A6%D7%99%D7%99%D7%AA-%D7%A9%D7%AA%D7%99-%D7%94%D7%9E%D7%93%D7%99%D7%A0%D7%95%D7%AA-%D7%99%D7%95%D7%9C%D7%99-2021/","68","מרחיב את הדימוי לכיוון ניסיון, אידיאולוגיה ומרצ ההיסטורית."
"מוסי רז","תדמית","אותנטיות וסיפור אישי","T-027","המועמד נתפס בציבור הרחב כמי שפועל מתוך שליחות ולא רק מתוך קריירה.","supports","https://hagush.org.il/candidates.html; https://meretz.org.il/%D7%9E%D7%95%D7%A1%D7%99-%D7%A8%D7%96/; https://he.wikipedia.org/wiki/%D7%9E%D7%95%D7%A1%D7%99_%D7%A8%D7%96; https://heskem.org.il/2021/07/25/%D7%9E%D7%A4%D7%92%D7%A9-%D7%A7%D7%95%D7%90%D7%9C%D7%99%D7%A6%D7%99%D7%99%D7%AA-%D7%A9%D7%AA%D7%99-%D7%94%D7%9E%D7%93%D7%99%D7%A0%D7%95%D7%AA-%D7%99%D7%95%D7%9C%D7%99-2021/","78","פעילותו הארוכה נראית כשליחות אידיאולוגית ולא רק קריירה."
"מיכל רוזין","תדמית","זהות וייצוג","T-001","המועמד מייצג את הקול הנשי בזירה הציבורית.","supports","https://hagush.org.il/candidates.html; https://he.wikiquote.org/wiki/%D7%9E%D7%99%D7%9B%D7%9C_%D7%A8%D7%95%D7%96%D7%99%D7%9F; https://www.mekomit.co.il/%D7%9E%D7%99%D7%9B%D7%9C-%D7%A8%D7%95%D7%96%D7%99%D7%9F/; https://oknesset.org/meetings/2/1/2166007.html; https://video.tau.ac.il/events/index.php?Itemid=560&id=4289%3Abetween-separation-and-cooperation-06&option=com_k2&view=item","86","אישה וח״כית לשעבר המזוהה עם זכויות נשים."
"מיכל רוזין","תדמית","זהות וייצוג","T-002","המועמד נתפס בציבור הרחב כמי שמבין חסמים ייחודיים של נשים בפוליטיקה, בעבודה ובחברה.","supports","https://hagush.org.il/candidates.html; https://he.wikiquote.org/wiki/%D7%9E%D7%99%D7%9B%D7%9C_%D7%A8%D7%95%D7%96%D7%99%D7%9F; https://www.mekomit.co.il/%D7%9E%D7%99%D7%9B%D7%9C-%D7%A8%D7%95%D7%96%D7%99%D7%9F/; https://oknesset.org/meetings/2/1/2166007.html; https://video.tau.ac.il/events/index.php?Itemid=560&id=4289%3Abetween-separation-and-cooperation-06&option=com_k2&view=item","88","מנכ״לית לשעבר של איגוד מרכזי הסיוע ופעילת זכויות נשים מובהקת."
"מיכל רוזין","תדמית","זהות וייצוג","T-003","המועמד נתפס בציבור הרחב כמי שנותן מקום מכבד לקבוצות מיעוט בחברה הישראלית.","supports","https://hagush.org.il/candidates.html; https://he.wikiquote.org/wiki/%D7%9E%D7%99%D7%9B%D7%9C_%D7%A8%D7%95%D7%96%D7%99%D7%9F; https://www.mekomit.co.il/%D7%9E%D7%99%D7%9B%D7%9C-%D7%A8%D7%95%D7%96%D7%99%D7%9F/; https://oknesset.org/meetings/2/1/2166007.html; https://video.tau.ac.il/events/index.php?Itemid=560&id=4289%3Abetween-separation-and-cooperation-06&option=com_k2&view=item","78","פעילותה בזכויות אדם, מבקשי מקלט ושוויון נותנת מקום לקבוצות מיעוט."
"מיכל רוזין","תדמית","זהות וייצוג","T-004","המועמד נתפס בציבור הרחב כמי שיכול לייצג את בני המיעוטים הלא יהודיים.","mixed","https://hagush.org.il/candidates.html; https://he.wikiquote.org/wiki/%D7%9E%D7%99%D7%9B%D7%9C_%D7%A8%D7%95%D7%96%D7%99%D7%9F; https://www.mekomit.co.il/%D7%9E%D7%99%D7%9B%D7%9C-%D7%A8%D7%95%D7%96%D7%99%D7%9F/; https://oknesset.org/meetings/2/1/2166007.html; https://video.tau.ac.il/events/index.php?Itemid=560&id=4289%3Abetween-separation-and-cooperation-06&option=com_k2&view=item","60","אינה בת מיעוט לא־יהודי, אך מזוהה עם זכויות מיעוטים ומבקשי מקלט."
"מיכל רוזין","תדמית","זהות וייצוג","T-005","המועמד נתפס בציבור הרחב כמי שמביא את קול הפריפריה או מבין לעומק את צרכיה.","mixed","https://hagush.org.il/candidates.html; https://he.wikiquote.org/wiki/%D7%9E%D7%99%D7%9B%D7%9C_%D7%A8%D7%95%D7%96%D7%99%D7%9F; https://www.mekomit.co.il/%D7%9E%D7%99%D7%9B%D7%9C-%D7%A8%D7%95%D7%96%D7%99%D7%9F/; https://oknesset.org/meetings/2/1/2166007.html; https://video.tau.ac.il/events/index.php?Itemid=560&id=4289%3Abetween-separation-and-cooperation-06&option=com_k2&view=item","52","אין תדמית פריפריאלית מובהקת, אך יש רגישות לשוויון והדרה."
"מיכל רוזין","תדמית","זהות וייצוג","T-006","המועמד נתפס בציבור הרחב כמי שיכול לצמצם את הפער התדמיתי והמעשי בין המרכז לפריפריה.","mixed","https://hagush.org.il/candidates.html; https://he.wikiquote.org/wiki/%D7%9E%D7%99%D7%9B%D7%9C_%D7%A8%D7%95%D7%96%D7%99%D7%9F; https://www.mekomit.co.il/%D7%9E%D7%99%D7%9B%D7%9C-%D7%A8%D7%95%D7%96%D7%99%D7%9F/; https://oknesset.org/meetings/2/1/2166007.html; https://video.tau.ac.il/events/index.php?Itemid=560&id=4289%3Abetween-separation-and-cooperation-06&option=com_k2&view=item","50","אין מקור מרכזי על צמצום פער מרכז־פריפריה."
"מיכל רוזין","תדמית","זהות וייצוג","T-007","המועמד נתפס בציבור הרחב כמי שמביא גאווה בזהות מזרחית בלי להפוך אותה לשסע מפריד.","unknown","לא נמצא מקור מספיק","0","לא נמצא מקור לייצוג זהות מזרחית."
"מיכל רוזין","תדמית","זהות וייצוג","T-008","המועמד נתפס בציבור הרחב כמי שמכבד זהות דתית ומסורתית בתוך מרחב דמוקרטי וליברלי.","mixed","https://hagush.org.il/candidates.html; https://he.wikiquote.org/wiki/%D7%9E%D7%99%D7%9B%D7%9C_%D7%A8%D7%95%D7%96%D7%99%D7%9F; https://www.mekomit.co.il/%D7%9E%D7%99%D7%9B%D7%9C-%D7%A8%D7%95%D7%96%D7%99%D7%9F/; https://oknesset.org/meetings/2/1/2166007.html; https://video.tau.ac.il/events/index.php?Itemid=560&id=4289%3Abetween-separation-and-cooperation-06&option=com_k2&view=item","58","מוכנה לשיח עם חרדים ומכירה בשייכות יהודית, אך מזוהה עם חילוניות ליברלית."
"מיכל רוזין","תדמית","זהות וייצוג","T-009","המועמד נתפס בציבור הרחב כמי שיכול לגשר בין חילונים, מסורתיים ודתיים.","supports","https://hagush.org.il/candidates.html; https://he.wikiquote.org/wiki/%D7%9E%D7%99%D7%9B%D7%9C_%D7%A8%D7%95%D7%96%D7%99%D7%9F; https://www.mekomit.co.il/%D7%9E%D7%99%D7%9B%D7%9C-%D7%A8%D7%95%D7%96%D7%99%D7%9F/; https://oknesset.org/meetings/2/1/2166007.html; https://video.tau.ac.il/events/index.php?Itemid=560&id=4289%3Abetween-separation-and-cooperation-06&option=com_k2&view=item","62","דיברה על הצורך של מרצ לפעול לצד חרדים ולשנות תדמית."
"מיכל רוזין","תדמית","זהות וייצוג","T-010","המועמד נתפס בציבור הרחב כמי שנוכחותו ברשימה מרחיבה את תחושת הייצוג של קהלים מגוונים.","supports","https://hagush.org.il/candidates.html; https://he.wikiquote.org/wiki/%D7%9E%D7%99%D7%9B%D7%9C_%D7%A8%D7%95%D7%96%D7%99%D7%9F; https://www.mekomit.co.il/%D7%9E%D7%99%D7%9B%D7%9C-%D7%A8%D7%95%D7%96%D7%99%D7%9F/; https://oknesset.org/meetings/2/1/2166007.html; https://video.tau.ac.il/events/index.php?Itemid=560&id=4289%3Abetween-separation-and-cooperation-06&option=com_k2&view=item","74","מרחיבה ייצוג נשים, זכויות אדם ומבקשי מקלט."
"מיכל רוזין","תדמית","זהות וייצוג","T-011","המועמד נתפס בציבור הרחב כמי שמוסיף לרשימה עומק חברתי ולא רק ניסיון פוליטי או תקשורתי.","supports","https://hagush.org.il/candidates.html; https://he.wikiquote.org/wiki/%D7%9E%D7%99%D7%9B%D7%9C_%D7%A8%D7%95%D7%96%D7%99%D7%9F; https://www.mekomit.co.il/%D7%9E%D7%99%D7%9B%D7%9C-%D7%A8%D7%95%D7%96%D7%99%D7%9F/; https://oknesset.org/meetings/2/1/2166007.html; https://video.tau.ac.il/events/index.php?Itemid=560&id=4289%3Abetween-separation-and-cooperation-06&option=com_k2&view=item","78","מביאה עומק זכויותי, פמיניסטי ופרלמנטרי."
"מיכל רוזין","תדמית","ממלכתיות ואחריות","T-012","המועמד נתפס בציבור הרחב כבעל עמוד שדרה ערכי.","supports","https://hagush.org.il/candidates.html; https://he.wikiquote.org/wiki/%D7%9E%D7%99%D7%9B%D7%9C_%D7%A8%D7%95%D7%96%D7%99%D7%9F; https://www.mekomit.co.il/%D7%9E%D7%99%D7%9B%D7%9C-%D7%A8%D7%95%D7%96%D7%99%D7%9F/; https://oknesset.org/meetings/2/1/2166007.html; https://video.tau.ac.il/events/index.php?Itemid=560&id=4289%3Abetween-separation-and-cooperation-06&option=com_k2&view=item","82","מזוהה עם עמוד שדרה ערכי סביב נשים וזכויות אדם."
"מיכל רוזין","תדמית","ממלכתיות ואחריות","T-013","המועמד נתפס בציבור הרחב כדמות ממלכתית ואחראית.","supports","https://hagush.org.il/candidates.html; https://he.wikiquote.org/wiki/%D7%9E%D7%99%D7%9B%D7%9C_%D7%A8%D7%95%D7%96%D7%99%D7%9F; https://www.mekomit.co.il/%D7%9E%D7%99%D7%9B%D7%9C-%D7%A8%D7%95%D7%96%D7%99%D7%9F/; https://oknesset.org/meetings/2/1/2166007.html; https://video.tau.ac.il/events/index.php?Itemid=560&id=4289%3Abetween-separation-and-cooperation-06&option=com_k2&view=item","74","ניסיון פרלמנטרי ומוסדי תורם לתדמית ממלכתית."
"מיכל רוזין","תדמית","ממלכתיות ואחריות","T-014","המועמד נתפס בציבור הרחב כמי שמכבד מוסדות מדינה ושלטון חוק.","supports","https://hagush.org.il/candidates.html; https://he.wikiquote.org/wiki/%D7%9E%D7%99%D7%9B%D7%9C_%D7%A8%D7%95%D7%96%D7%99%D7%9F; https://www.mekomit.co.il/%D7%9E%D7%99%D7%9B%D7%9C-%D7%A8%D7%95%D7%96%D7%99%D7%9F/; https://oknesset.org/meetings/2/1/2166007.html; https://video.tau.ac.il/events/index.php?Itemid=560&id=4289%3Abetween-separation-and-cooperation-06&option=com_k2&view=item","82","כח״כית לשעבר שפעלה בחקיקה, מכבדת מוסדות ושלטון חוק."
"מיכל רוזין","תדמית","ממלכתיות ואחריות","T-015","המועמד נתפס בציבור הרחב כמי שמסוגל לפעול מתוך שיקול דעת ולא רק מתוך כעס.","supports","https://hagush.org.il/candidates.html; https://he.wikiquote.org/wiki/%D7%9E%D7%99%D7%9B%D7%9C_%D7%A8%D7%95%D7%96%D7%99%D7%9F; https://www.mekomit.co.il/%D7%9E%D7%99%D7%9B%D7%9C-%D7%A8%D7%95%D7%96%D7%99%D7%9F/; https://oknesset.org/meetings/2/1/2166007.html; https://video.tau.ac.il/events/index.php?Itemid=560&id=4289%3Abetween-separation-and-cooperation-06&option=com_k2&view=item","72","ניסיון פוליטי ועמותתי מצביע על שיקול דעת."
"מיכל רוזין","תדמית","יושרה, אמינות וניסיון ","T-016","המועמד נתפס בציבור הרחב כמי שפועל מתוך שליחות ולא רק מתוך קריירה.","supports","https://hagush.org.il/candidates.html; https://he.wikiquote.org/wiki/%D7%9E%D7%99%D7%9B%D7%9C_%D7%A8%D7%95%D7%96%D7%99%D7%9F; https://www.mekomit.co.il/%D7%9E%D7%99%D7%9B%D7%9C-%D7%A8%D7%95%D7%96%D7%99%D7%9F/; https://oknesset.org/meetings/2/1/2166007.html; https://video.tau.ac.il/events/index.php?Itemid=560&id=4289%3Abetween-separation-and-cooperation-06&option=com_k2&view=item","78","פעילותה בתחום זכויות נשים ואדם נתפסת כשליחות ציבורית."
"מיכל רוזין","תדמית","יושרה, אמינות וניסיון ","T-017","המועמד נתפס בציבור הרחב כאדם אמין וישר.","mixed","https://hagush.org.il/candidates.html; https://he.wikiquote.org/wiki/%D7%9E%D7%99%D7%9B%D7%9C_%D7%A8%D7%95%D7%96%D7%99%D7%9F; https://www.mekomit.co.il/%D7%9E%D7%99%D7%9B%D7%9C-%D7%A8%D7%95%D7%96%D7%99%D7%9F/; https://oknesset.org/meetings/2/1/2166007.html; https://video.tau.ac.il/events/index.php?Itemid=560&id=4289%3Abetween-separation-and-cooperation-06&option=com_k2&view=item","60","אמינותה נתפסת חזק במחנה שלה, אך אין מדד רחב; לכן Mixed."
"מיכל רוזין","תדמית","יושרה, אמינות וניסיון ","T-018","המועמד נתפס בציבור הרחב כדמות רצינית ולא כגימיק תקשורתי.","supports","https://hagush.org.il/candidates.html; https://he.wikiquote.org/wiki/%D7%9E%D7%99%D7%9B%D7%9C_%D7%A8%D7%95%D7%96%D7%99%D7%9F; https://www.mekomit.co.il/%D7%9E%D7%99%D7%9B%D7%9C-%D7%A8%D7%95%D7%96%D7%99%D7%9F/; https://oknesset.org/meetings/2/1/2166007.html; https://video.tau.ac.il/events/index.php?Itemid=560&id=4289%3Abetween-separation-and-cooperation-06&option=com_k2&view=item","82","ח״כית ופעילת זכויות ותיקה היא דמות רצינית."
"מיכל רוזין","תדמית","יושרה, אמינות וניסיון ","T-019","המועמד נתפס בציבור הרחב כמי שאפשר לסמוך עליו בתפקיד ציבורי.","supports","https://hagush.org.il/candidates.html; https://he.wikiquote.org/wiki/%D7%9E%D7%99%D7%9B%D7%9C_%D7%A8%D7%95%D7%96%D7%99%D7%9F; https://www.mekomit.co.il/%D7%9E%D7%99%D7%9B%D7%9C-%D7%A8%D7%95%D7%96%D7%99%D7%9F/; https://oknesset.org/meetings/2/1/2166007.html; https://video.tau.ac.il/events/index.php?Itemid=560&id=4289%3Abetween-separation-and-cooperation-06&option=com_k2&view=item","78","ניסיון פרלמנטרי וניהולי מאפשר לסמוך עליה בתפקיד ציבורי."
"מיכל רוזין","תדמית","יושרה, אמינות וניסיון ","T-020","המועמד נתפס בציבור הרחב כבעל ניסיון ציבורי משמעותי.","supports","https://hagush.org.il/candidates.html; https://he.wikiquote.org/wiki/%D7%9E%D7%99%D7%9B%D7%9C_%D7%A8%D7%95%D7%96%D7%99%D7%9F; https://www.mekomit.co.il/%D7%9E%D7%99%D7%9B%D7%9C-%D7%A8%D7%95%D7%96%D7%99%D7%9F/; https://oknesset.org/meetings/2/1/2166007.html; https://video.tau.ac.il/events/index.php?Itemid=560&id=4289%3Abetween-separation-and-cooperation-06&option=com_k2&view=item","90","ניסיון ציבורי משמעותי בכנסת, מפלגה ועמותות."
"מיכל רוזין","תדמית","יושרה, אמינות וניסיון ","T-021","המועמד נתפס בציבור הרחב כמי שמבין איך פועלת מערכת פוליטית.","supports","https://hagush.org.il/candidates.html; https://he.wikiquote.org/wiki/%D7%9E%D7%99%D7%9B%D7%9C_%D7%A8%D7%95%D7%96%D7%99%D7%9F; https://www.mekomit.co.il/%D7%9E%D7%99%D7%9B%D7%9C-%D7%A8%D7%95%D7%96%D7%99%D7%9F/; https://oknesset.org/meetings/2/1/2166007.html; https://video.tau.ac.il/events/index.php?Itemid=560&id=4289%3Abetween-separation-and-cooperation-06&option=com_k2&view=item","90","מכירה היטב מערכת פוליטית ופרלמנטרית."
"מיכל רוזין","תדמית","תקשורתיות ונראות","T-022","המועמד נתפס בציבור הרחב כדמות תקשורתית חזקה.","supports","https://hagush.org.il/candidates.html; https://he.wikiquote.org/wiki/%D7%9E%D7%99%D7%9B%D7%9C_%D7%A8%D7%95%D7%96%D7%99%D7%9F; https://www.mekomit.co.il/%D7%9E%D7%99%D7%9B%D7%9C-%D7%A8%D7%95%D7%96%D7%99%D7%9F/; https://oknesset.org/meetings/2/1/2166007.html; https://video.tau.ac.il/events/index.php?Itemid=560&id=4289%3Abetween-separation-and-cooperation-06&option=com_k2&view=item","66","דמות ציבורית מוכרת במחנה זכויות האדם ומרצ, אך לא בהכרח תקשורתית־המונית."
"מיכל רוזין","תדמית","תקשורתיות ונראות","T-023","המועמד נתפס בציבור הרחב כמי שיודע להעביר מסר ברור.","supports","https://hagush.org.il/candidates.html; https://he.wikiquote.org/wiki/%D7%9E%D7%99%D7%9B%D7%9C_%D7%A8%D7%95%D7%96%D7%99%D7%9F; https://www.mekomit.co.il/%D7%9E%D7%99%D7%9B%D7%9C-%D7%A8%D7%95%D7%96%D7%99%D7%9F/; https://oknesset.org/meetings/2/1/2166007.html; https://video.tau.ac.il/events/index.php?Itemid=560&id=4289%3Abetween-separation-and-cooperation-06&option=com_k2&view=item","76","מעבירה מסרים ברורים בנושאי שוויון וזכויות."
"מיכל רוזין","תדמית","תקשורתיות ונראות","T-024","המועמד נתפס בציבור הרחב כמי שמסוגל לבלוט בקמפיין בחירות.","mixed","https://hagush.org.il/candidates.html; https://he.wikiquote.org/wiki/%D7%9E%D7%99%D7%9B%D7%9C_%D7%A8%D7%95%D7%96%D7%99%D7%9F; https://www.mekomit.co.il/%D7%9E%D7%99%D7%9B%D7%9C-%D7%A8%D7%95%D7%96%D7%99%D7%9F/; https://oknesset.org/meetings/2/1/2166007.html; https://video.tau.ac.il/events/index.php?Itemid=560&id=4289%3Abetween-separation-and-cooperation-06&option=com_k2&view=item","62","יכולה לבלוט בנושאי נשים וזכויות, אך פחות כדמות קמפיין פופולרית רחבה."
"מיכל רוזין","תדמית","תקשורתיות ונראות","T-025","המועמד נתפס בציבור הרחב כמי שמביא ייצוג חשוב לרשימה.","supports","https://hagush.org.il/candidates.html; https://he.wikiquote.org/wiki/%D7%9E%D7%99%D7%9B%D7%9C_%D7%A8%D7%95%D7%96%D7%99%D7%9F; https://www.mekomit.co.il/%D7%9E%D7%99%D7%9B%D7%9C-%D7%A8%D7%95%D7%96%D7%99%D7%9F/; https://oknesset.org/meetings/2/1/2166007.html; https://video.tau.ac.il/events/index.php?Itemid=560&id=4289%3Abetween-separation-and-cooperation-06&option=com_k2&view=item","78","מביאה ייצוג חשוב של נשים, זכויות אדם וניסיון פרלמנטרי."
"מיכל רוזין","תדמית","תקשורתיות ונראות","T-026","המועמד נתפס בציבור הרחב כמי שמרחיב את הדימוי של המפלגה.","supports","https://hagush.org.il/candidates.html; https://he.wikiquote.org/wiki/%D7%9E%D7%99%D7%9B%D7%9C_%D7%A8%D7%95%D7%96%D7%99%D7%9F; https://www.mekomit.co.il/%D7%9E%D7%99%D7%9B%D7%9C-%D7%A8%D7%95%D7%96%D7%99%D7%9F/; https://oknesset.org/meetings/2/1/2166007.html; https://video.tau.ac.il/events/index.php?Itemid=560&id=4289%3Abetween-separation-and-cooperation-06&option=com_k2&view=item","70","מרחיבה את דימוי הרשימה לכיוון ניסיון פרלמנטרי ופמיניזם זכויותי."
"מיכל רוזין","תדמית","אותנטיות וסיפור אישי","T-027","המועמד נתפס בציבור הרחב כמי שפועל מתוך שליחות ולא רק מתוך קריירה.","supports","https://hagush.org.il/candidates.html; https://he.wikiquote.org/wiki/%D7%9E%D7%99%D7%9B%D7%9C_%D7%A8%D7%95%D7%96%D7%99%D7%9F; https://www.mekomit.co.il/%D7%9E%D7%99%D7%9B%D7%9C-%D7%A8%D7%95%D7%96%D7%99%D7%9F/; https://oknesset.org/meetings/2/1/2166007.html; https://video.tau.ac.il/events/index.php?Itemid=560&id=4289%3Abetween-separation-and-cooperation-06&option=com_k2&view=item","78","היסטוריית הפעילות מעידה על שליחות ערכית מתמשכת."
"מורן מישל","תדמית","זהות וייצוג","T-001","המועמד מייצג את הקול הנשי בזירה הציבורית.","supports","https://hagush.org.il/candidates.html; https://www.davar1.co.il/648231/; https://he.wikipedia.org/wiki/%D7%9E%D7%95%D7%A8%D7%9F_%D7%9E%D7%99%D7%A9%D7%9C; https://www.ogen-laatid.com/; https://moranmichel.co.il/; https://www.atmag.co.il/%D7%98%D7%95%D7%A8-%D7%9C%D7%99%D7%95%D7%9D-%D7%94%D7%90%D7%99%D7%A9%D7%94-%D7%9E%D7%95%D7%A8%D7%9F-%D7%9E%D7%99%D7%A9%D7%9C/","88","אישה ומובילת מחאה פמיניסטית וציבורית."
"מורן מישל","תדמית","זהות וייצוג","T-002","המועמד נתפס בציבור הרחב כמי שמבין חסמים ייחודיים של נשים בפוליטיקה, בעבודה ובחברה.","supports","https://hagush.org.il/candidates.html; https://www.davar1.co.il/648231/; https://he.wikipedia.org/wiki/%D7%9E%D7%95%D7%A8%D7%9F_%D7%9E%D7%99%D7%A9%D7%9C; https://www.ogen-laatid.com/; https://moranmichel.co.il/; https://www.atmag.co.il/%D7%98%D7%95%D7%A8-%D7%9C%D7%99%D7%95%D7%9D-%D7%94%D7%90%D7%99%D7%A9%D7%94-%D7%9E%D7%95%D7%A8%D7%9F-%D7%9E%D7%99%D7%A9%D7%9C/","86","פעילה בתחומי מניעת פגיעות מיניות, שוויון נשים וזכויות נשים עצמאיות."
"מורן מישל","תדמית","זהות וייצוג","T-003","המועמד נתפס בציבור הרחב כמי שנותן מקום מכבד לקבוצות מיעוט בחברה הישראלית.","supports","https://hagush.org.il/candidates.html; https://www.davar1.co.il/648231/; https://he.wikipedia.org/wiki/%D7%9E%D7%95%D7%A8%D7%9F_%D7%9E%D7%99%D7%A9%D7%9C; https://www.ogen-laatid.com/; https://moranmichel.co.il/; https://www.atmag.co.il/%D7%98%D7%95%D7%A8-%D7%9C%D7%99%D7%95%D7%9D-%D7%94%D7%90%D7%99%D7%A9%D7%94-%D7%9E%D7%95%D7%A8%D7%9F-%D7%9E%D7%99%D7%A9%D7%9C/","62","עוגן לעתיד ומסע הקשבה נותנים מקום לקבוצות מגוונות, אם כי לא זה עיקר תדמיתה."
"מורן מישל","תדמית","זהות וייצוג","T-004","המועמד נתפס בציבור הרחב כמי שיכול לייצג את בני המיעוטים הלא יהודיים.","mixed","https://hagush.org.il/candidates.html; https://www.davar1.co.il/648231/; https://he.wikipedia.org/wiki/%D7%9E%D7%95%D7%A8%D7%9F_%D7%9E%D7%99%D7%A9%D7%9C; https://www.ogen-laatid.com/; https://moranmichel.co.il/; https://www.atmag.co.il/%D7%98%D7%95%D7%A8-%D7%9C%D7%99%D7%95%D7%9D-%D7%94%D7%90%D7%99%D7%A9%D7%94-%D7%9E%D7%95%D7%A8%D7%9F-%D7%9E%D7%99%D7%A9%D7%9C/","50","אינה בת מיעוט לא־יהודי; קיימת רגישות לקבוצות אך לא ייצוג אישי."
"מורן מישל","תדמית","זהות וייצוג","T-005","המועמד נתפס בציבור הרחב כמי שמביא את קול הפריפריה או מבין לעומק את צרכיה.","mixed","https://hagush.org.il/candidates.html; https://www.davar1.co.il/648231/; https://he.wikipedia.org/wiki/%D7%9E%D7%95%D7%A8%D7%9F_%D7%9E%D7%99%D7%A9%D7%9C; https://www.ogen-laatid.com/; https://moranmichel.co.il/; https://www.atmag.co.il/%D7%98%D7%95%D7%A8-%D7%9C%D7%99%D7%95%D7%9D-%D7%94%D7%90%D7%99%D7%A9%D7%94-%D7%9E%D7%95%D7%A8%D7%9F-%D7%9E%D7%99%D7%A9%D7%9C/","55","פועלת עם קהילות ומסע הקשבה, אך אין תדמית פריפריאלית אישית מובהקת."
"מורן מישל","תדמית","זהות וייצוג","T-006","המועמד נתפס בציבור הרחב כמי שיכול לצמצם את הפער התדמיתי והמעשי בין המרכז לפריפריה.","mixed","https://hagush.org.il/candidates.html; https://www.davar1.co.il/648231/; https://he.wikipedia.org/wiki/%D7%9E%D7%95%D7%A8%D7%9F_%D7%9E%D7%99%D7%A9%D7%9C; https://www.ogen-laatid.com/; https://moranmichel.co.il/; https://www.atmag.co.il/%D7%98%D7%95%D7%A8-%D7%9C%D7%99%D7%95%D7%9D-%D7%94%D7%90%D7%99%D7%A9%D7%94-%D7%9E%D7%95%D7%A8%D7%9F-%D7%9E%D7%99%D7%A9%D7%9C/","55","יש יכולת קהילתית, אך לא תדמית מרכזית של צמצום מרכז־פריפריה."
"מורן מישל","תדמית","זהות וייצוג","T-007","המועמד נתפס בציבור הרחב כמי שמביא גאווה בזהות מזרחית בלי להפוך אותה לשסע מפריד.","unknown","לא נמצא מקור מספיק","0","לא נמצא מקור לייצוג זהות מזרחית."
"מורן מישל","תדמית","זהות וייצוג","T-008","המועמד נתפס בציבור הרחב כמי שמכבד זהות דתית ומסורתית בתוך מרחב דמוקרטי וליברלי.","mixed","https://hagush.org.il/candidates.html; https://www.davar1.co.il/648231/; https://he.wikipedia.org/wiki/%D7%9E%D7%95%D7%A8%D7%9F_%D7%9E%D7%99%D7%A9%D7%9C; https://www.ogen-laatid.com/; https://moranmichel.co.il/; https://www.atmag.co.il/%D7%98%D7%95%D7%A8-%D7%9C%D7%99%D7%95%D7%9D-%D7%94%D7%90%D7%99%D7%A9%D7%94-%D7%9E%D7%95%D7%A8%D7%9F-%D7%9E%D7%99%D7%A9%D7%9C/","55","תפיסה ליברלית כוללת כבוד לקהילות, אך אין תדמית דתית־מסורתית חזקה."
"מורן מישל","תדמית","זהות וייצוג","T-009","המועמד נתפס בציבור הרחב כמי שיכול לגשר בין חילונים, מסורתיים ודתיים.","mixed","https://hagush.org.il/candidates.html; https://www.davar1.co.il/648231/; https://he.wikipedia.org/wiki/%D7%9E%D7%95%D7%A8%D7%9F_%D7%9E%D7%99%D7%A9%D7%9C; https://www.ogen-laatid.com/; https://moranmichel.co.il/; https://www.atmag.co.il/%D7%98%D7%95%D7%A8-%D7%9C%D7%99%D7%95%D7%9D-%D7%94%D7%90%D7%99%D7%A9%D7%94-%D7%9E%D7%95%D7%A8%D7%9F-%D7%9E%D7%99%D7%A9%D7%9C/","55","מסע הקשבה וחיבור קהילות מסייעים בגישור, אך לא ציר תדמיתי מובהק."
"מורן מישל","תדמית","זהות וייצוג","T-010","המועמד נתפס בציבור הרחב כמי שנוכחותו ברשימה מרחיבה את תחושת הייצוג של קהלים מגוונים.","supports","https://hagush.org.il/candidates.html; https://www.davar1.co.il/648231/; https://he.wikipedia.org/wiki/%D7%9E%D7%95%D7%A8%D7%9F_%D7%9E%D7%99%D7%A9%D7%9C; https://www.ogen-laatid.com/; https://moranmichel.co.il/; https://www.atmag.co.il/%D7%98%D7%95%D7%A8-%D7%9C%D7%99%D7%95%D7%9D-%D7%94%D7%90%D7%99%D7%A9%D7%94-%D7%9E%D7%95%D7%A8%D7%9F-%D7%9E%D7%99%D7%A9%D7%9C/","74","מרחיבה ייצוג של נשים, עצמאים, מחאה ותוכן ציבורי."
"מורן מישל","תדמית","זהות וייצוג","T-011","המועמד נתפס בציבור הרחב כמי שמוסיף לרשימה עומק חברתי ולא רק ניסיון פוליטי או תקשורתי.","supports","https://hagush.org.il/candidates.html; https://www.davar1.co.il/648231/; https://he.wikipedia.org/wiki/%D7%9E%D7%95%D7%A8%D7%9F_%D7%9E%D7%99%D7%A9%D7%9C; https://www.ogen-laatid.com/; https://moranmichel.co.il/; https://www.atmag.co.il/%D7%98%D7%95%D7%A8-%D7%9C%D7%99%D7%95%D7%9D-%D7%94%D7%90%D7%99%D7%A9%D7%94-%D7%9E%D7%95%D7%A8%D7%9F-%D7%9E%D7%99%D7%A9%D7%9C/","76","מביאה עומק חברתי של פמיניזם, עצמאים, קהילות וחינוך."
"מורן מישל","תדמית","ממלכתיות ואחריות","T-012","המועמד נתפס בציבור הרחב כבעל עמוד שדרה ערכי.","supports","https://hagush.org.il/candidates.html; https://www.davar1.co.il/648231/; https://he.wikipedia.org/wiki/%D7%9E%D7%95%D7%A8%D7%9F_%D7%9E%D7%99%D7%A9%D7%9C; https://www.ogen-laatid.com/; https://moranmichel.co.il/; https://www.atmag.co.il/%D7%98%D7%95%D7%A8-%D7%9C%D7%99%D7%95%D7%9D-%D7%94%D7%90%D7%99%D7%A9%D7%94-%D7%9E%D7%95%D7%A8%D7%9F-%D7%9E%D7%99%D7%A9%D7%9C/","82","מזוהה עם עמוד שדרה מחאתי וערכי."
"מורן מישל","תדמית","ממלכתיות ואחריות","T-013","המועמד נתפס בציבור הרחב כדמות ממלכתית ואחראית.","mixed","https://hagush.org.il/candidates.html; https://www.davar1.co.il/648231/; https://he.wikipedia.org/wiki/%D7%9E%D7%95%D7%A8%D7%9F_%D7%9E%D7%99%D7%A9%D7%9C; https://www.ogen-laatid.com/; https://moranmichel.co.il/; https://www.atmag.co.il/%D7%98%D7%95%D7%A8-%D7%9C%D7%99%D7%95%D7%9D-%D7%94%D7%90%D7%99%D7%A9%D7%94-%D7%9E%D7%95%D7%A8%D7%9F-%D7%9E%D7%99%D7%A9%D7%9C/","60","פעילה אחראית ומאורגנת, אך תדמיתה יותר מחאתית מאשר ממלכתית קלאסית."
"מורן מישל","תדמית","ממלכתיות ואחריות","T-014","המועמד נתפס בציבור הרחב כמי שמכבד מוסדות מדינה ושלטון חוק.","supports","https://hagush.org.il/candidates.html; https://www.davar1.co.il/648231/; https://he.wikipedia.org/wiki/%D7%9E%D7%95%D7%A8%D7%9F_%D7%9E%D7%99%D7%A9%D7%9C; https://www.ogen-laatid.com/; https://moranmichel.co.il/; https://www.atmag.co.il/%D7%98%D7%95%D7%A8-%D7%9C%D7%99%D7%95%D7%9D-%D7%94%D7%90%D7%99%D7%A9%D7%94-%D7%9E%D7%95%D7%A8%D7%9F-%D7%9E%D7%99%D7%A9%D7%9C/","66","המאבק למען דמוקרטיה ושלטון חוק תומך בכך."
"מורן מישל","תדמית","ממלכתיות ואחריות","T-015","המועמד נתפס בציבור הרחב כמי שמסוגל לפעול מתוך שיקול דעת ולא רק מתוך כעס.","supports","https://hagush.org.il/candidates.html; https://www.davar1.co.il/648231/; https://he.wikipedia.org/wiki/%D7%9E%D7%95%D7%A8%D7%9F_%D7%9E%D7%99%D7%A9%D7%9C; https://www.ogen-laatid.com/; https://moranmichel.co.il/; https://www.atmag.co.il/%D7%98%D7%95%D7%A8-%D7%9C%D7%99%D7%95%D7%9D-%D7%94%D7%90%D7%99%D7%A9%D7%94-%D7%9E%D7%95%D7%A8%D7%9F-%D7%9E%D7%99%D7%A9%D7%9C/","66","רקע ניהולי וקהילתי מצביע על שיקול דעת, לצד סגנון מחאתי."
"מורן מישל","תדמית","יושרה, אמינות וניסיון ","T-016","המועמד נתפס בציבור הרחב כמי שפועל מתוך שליחות ולא רק מתוך קריירה.","supports","https://hagush.org.il/candidates.html; https://www.davar1.co.il/648231/; https://he.wikipedia.org/wiki/%D7%9E%D7%95%D7%A8%D7%9F_%D7%9E%D7%99%D7%A9%D7%9C; https://www.ogen-laatid.com/; https://moranmichel.co.il/; https://www.atmag.co.il/%D7%98%D7%95%D7%A8-%D7%9C%D7%99%D7%95%D7%9D-%D7%94%D7%90%D7%99%D7%A9%D7%94-%D7%9E%D7%95%D7%A8%D7%9F-%D7%9E%D7%99%D7%A9%D7%9C/","84","פעילותה נראית כשליחות חברתית ופוליטית."
"מורן מישל","תדמית","יושרה, אמינות וניסיון ","T-017","המועמד נתפס בציבור הרחב כאדם אמין וישר.","mixed","https://hagush.org.il/candidates.html; https://www.davar1.co.il/648231/; https://he.wikipedia.org/wiki/%D7%9E%D7%95%D7%A8%D7%9F_%D7%9E%D7%99%D7%A9%D7%9C; https://www.ogen-laatid.com/; https://moranmichel.co.il/; https://www.atmag.co.il/%D7%98%D7%95%D7%A8-%D7%9C%D7%99%D7%95%D7%9D-%D7%94%D7%90%D7%99%D7%A9%D7%94-%D7%9E%D7%95%D7%A8%D7%9F-%D7%9E%D7%99%D7%A9%D7%9C/","60","נתפסת אמינה בקהילות מחאה ותוכן, אך אין מדד ציבורי כללי."
"מורן מישל","תדמית","יושרה, אמינות וניסיון ","T-018","המועמד נתפס בציבור הרחב כדמות רצינית ולא כגימיק תקשורתי.","supports","https://hagush.org.il/candidates.html; https://www.davar1.co.il/648231/; https://he.wikipedia.org/wiki/%D7%9E%D7%95%D7%A8%D7%9F_%D7%9E%D7%99%D7%A9%D7%9C; https://www.ogen-laatid.com/; https://moranmichel.co.il/; https://www.atmag.co.il/%D7%98%D7%95%D7%A8-%D7%9C%D7%99%D7%95%D7%9D-%D7%94%D7%90%D7%99%D7%A9%D7%94-%D7%9E%D7%95%D7%A8%D7%9F-%D7%9E%D7%99%D7%A9%D7%9C/","76","רקע ניהולי, מחאתי ותוכני מציג רצינות ולא גימיק."
"מורן מישל","תדמית","יושרה, אמינות וניסיון ","T-019","המועמד נתפס בציבור הרחב כמי שאפשר לסמוך עליו בתפקיד ציבורי.","mixed","https://hagush.org.il/candidates.html; https://www.davar1.co.il/648231/; https://he.wikipedia.org/wiki/%D7%9E%D7%95%D7%A8%D7%9F_%D7%9E%D7%99%D7%A9%D7%9C; https://www.ogen-laatid.com/; https://moranmichel.co.il/; https://www.atmag.co.il/%D7%98%D7%95%D7%A8-%D7%9C%D7%99%D7%95%D7%9D-%D7%94%D7%90%D7%99%D7%A9%D7%94-%D7%9E%D7%95%D7%A8%D7%9F-%D7%9E%D7%99%D7%A9%D7%9C/","66","יש ניסיון ציבורי וארגוני, אך עדיין אין ניסיון נבחרת ציבור."
"מורן מישל","תדמית","יושרה, אמינות וניסיון ","T-020","המועמד נתפס בציבור הרחב כבעל ניסיון ציבורי משמעותי.","supports","https://hagush.org.il/candidates.html; https://www.davar1.co.il/648231/; https://he.wikipedia.org/wiki/%D7%9E%D7%95%D7%A8%D7%9F_%D7%9E%D7%99%D7%A9%D7%9C; https://www.ogen-laatid.com/; https://moranmichel.co.il/; https://www.atmag.co.il/%D7%98%D7%95%D7%A8-%D7%9C%D7%99%D7%95%D7%9D-%D7%94%D7%90%D7%99%D7%A9%D7%94-%D7%9E%D7%95%D7%A8%D7%9F-%D7%9E%D7%99%D7%A9%D7%9C/","78","ניסיון ציבורי משמעותי במחאה, עצמאים ותוכן."
"מורן מישל","תדמית","יושרה, אמינות וניסיון ","T-021","המועמד נתפס בציבור הרחב כמי שמבין איך פועלת מערכת פוליטית.","mixed","https://hagush.org.il/candidates.html; https://www.davar1.co.il/648231/; https://he.wikipedia.org/wiki/%D7%9E%D7%95%D7%A8%D7%9F_%D7%9E%D7%99%D7%A9%D7%9C; https://www.ogen-laatid.com/; https://moranmichel.co.il/; https://www.atmag.co.il/%D7%98%D7%95%D7%A8-%D7%9C%D7%99%D7%95%D7%9D-%D7%94%D7%90%D7%99%D7%A9%D7%94-%D7%9E%D7%95%D7%A8%D7%9F-%D7%9E%D7%99%D7%A9%D7%9C/","58","מבינה תהליכים פוליטיים דרך מחאה ועוגן לעתיד, אך אין ניסיון פוליטי מוסדי ארוך."
"מורן מישל","תדמית","תקשורתיות ונראות","T-022","המועמד נתפס בציבור הרחב כדמות תקשורתית חזקה.","supports","https://hagush.org.il/candidates.html; https://www.davar1.co.il/648231/; https://he.wikipedia.org/wiki/%D7%9E%D7%95%D7%A8%D7%9F_%D7%9E%D7%99%D7%A9%D7%9C; https://www.ogen-laatid.com/; https://moranmichel.co.il/; https://www.atmag.co.il/%D7%98%D7%95%D7%A8-%D7%9C%D7%99%D7%95%D7%9D-%D7%94%D7%90%D7%99%D7%A9%D7%94-%D7%9E%D7%95%D7%A8%D7%9F-%D7%9E%D7%99%D7%A9%D7%9C/","84","מנחת במה, יוצרת תוכן ומובילת מחאה בעלת נראות ציבורית גבוהה."
"מורן מישל","תדמית","תקשורתיות ונראות","T-023","המועמד נתפס בציבור הרחב כמי שיודע להעביר מסר ברור.","supports","https://hagush.org.il/candidates.html; https://www.davar1.co.il/648231/; https://he.wikipedia.org/wiki/%D7%9E%D7%95%D7%A8%D7%9F_%D7%9E%D7%99%D7%A9%D7%9C; https://www.ogen-laatid.com/; https://moranmichel.co.il/; https://www.atmag.co.il/%D7%98%D7%95%D7%A8-%D7%9C%D7%99%D7%95%D7%9D-%D7%94%D7%90%D7%99%D7%A9%D7%94-%D7%9E%D7%95%D7%A8%D7%9F-%D7%9E%D7%99%D7%A9%D7%9C/","88","סטוריטלינג ותוכן הם תחום מומחיותה."
"מורן מישל","תדמית","תקשורתיות ונראות","T-024","המועמד נתפס בציבור הרחב כמי שמסוגל לבלוט בקמפיין בחירות.","supports","https://hagush.org.il/candidates.html; https://www.davar1.co.il/648231/; https://he.wikipedia.org/wiki/%D7%9E%D7%95%D7%A8%D7%9F_%D7%9E%D7%99%D7%A9%D7%9C; https://www.ogen-laatid.com/; https://moranmichel.co.il/; https://www.atmag.co.il/%D7%98%D7%95%D7%A8-%D7%9C%D7%99%D7%95%D7%9D-%D7%94%D7%90%D7%99%D7%A9%D7%94-%D7%9E%D7%95%D7%A8%D7%9F-%D7%9E%D7%99%D7%A9%D7%9C/","82","נראותה, יכולת ההופעה והמסרים מאפשרים בולטות בקמפיין."
"מורן מישל","תדמית","תקשורתיות ונראות","T-025","המועמד נתפס בציבור הרחב כמי שמביא ייצוג חשוב לרשימה.","supports","https://hagush.org.il/candidates.html; https://www.davar1.co.il/648231/; https://he.wikipedia.org/wiki/%D7%9E%D7%95%D7%A8%D7%9F_%D7%9E%D7%99%D7%A9%D7%9C; https://www.ogen-laatid.com/; https://moranmichel.co.il/; https://www.atmag.co.il/%D7%98%D7%95%D7%A8-%D7%9C%D7%99%D7%95%D7%9D-%D7%94%D7%90%D7%99%D7%A9%D7%94-%D7%9E%D7%95%D7%A8%D7%9F-%D7%9E%D7%99%D7%A9%D7%9C/","78","מביאה ייצוג חשוב של נשים, מחאה, עצמאים וקהילות."
"מורן מישל","תדמית","תקשורתיות ונראות","T-026","המועמד נתפס בציבור הרחב כמי שמרחיב את הדימוי של המפלגה.","supports","https://hagush.org.il/candidates.html; https://www.davar1.co.il/648231/; https://he.wikipedia.org/wiki/%D7%9E%D7%95%D7%A8%D7%9F_%D7%9E%D7%99%D7%A9%D7%9C; https://www.ogen-laatid.com/; https://moranmichel.co.il/; https://www.atmag.co.il/%D7%98%D7%95%D7%A8-%D7%9C%D7%99%D7%95%D7%9D-%D7%94%D7%90%D7%99%D7%A9%D7%94-%D7%9E%D7%95%D7%A8%D7%9F-%D7%9E%D7%99%D7%A9%D7%9C/","76","מרחיבה את דימוי המפלגה לעולם מחאה, תוכן וקהילות."
"מורן מישל","תדמית","אותנטיות וסיפור אישי","T-027","המועמד נתפס בציבור הרחב כמי שפועל מתוך שליחות ולא רק מתוך קריירה.","supports","https://hagush.org.il/candidates.html; https://www.davar1.co.il/648231/; https://he.wikipedia.org/wiki/%D7%9E%D7%95%D7%A8%D7%9F_%D7%9E%D7%99%D7%A9%D7%9C; https://www.ogen-laatid.com/; https://moranmichel.co.il/; https://www.atmag.co.il/%D7%98%D7%95%D7%A8-%D7%9C%D7%99%D7%95%D7%9D-%D7%94%D7%90%D7%99%D7%A9%D7%94-%D7%9E%D7%95%D7%A8%D7%9F-%D7%9E%D7%99%D7%A9%D7%9C/","84","הסיפור הציבורי שלה מבוסס על שליחות חברתית ולא רק קריירה."
"מהרטה ברוך רון","תדמית","זהות וייצוג","T-001","המועמד מייצג את הקול הנשי בזירה הציבורית.","supports","https://hagush.org.il/candidates.html; https://he.wikipedia.org/wiki/%D7%9E%D7%94%D7%A8%D7%98%D7%94_%D7%91%D7%A8%D7%95%D7%9A-%D7%A8%D7%95%D7%9F; https://supersonas.com/personas/%D7%9E%D7%94%D7%A8%D7%98%D7%94-%D7%91%D7%A8%D7%95%D7%9A-%D7%A8%D7%95%D7%9F/; https://e.democrats.org.il/Democrats_OpenHouses/247031; https://www.globes.co.il/news/article.aspx?did=1001257858","86","אישה שכיהנה כסגנית ראש עיר ומביאה קול נשי ציבורי."
"מהרטה ברוך רון","תדמית","זהות וייצוג","T-002","המועמד נתפס בציבור הרחב כמי שמבין חסמים ייחודיים של נשים בפוליטיקה, בעבודה ובחברה.","supports","https://hagush.org.il/candidates.html; https://he.wikipedia.org/wiki/%D7%9E%D7%94%D7%A8%D7%98%D7%94_%D7%91%D7%A8%D7%95%D7%9A-%D7%A8%D7%95%D7%9F; https://supersonas.com/personas/%D7%9E%D7%94%D7%A8%D7%98%D7%94-%D7%91%D7%A8%D7%95%D7%9A-%D7%A8%D7%95%D7%9F/; https://e.democrats.org.il/Democrats_OpenHouses/247031; https://www.globes.co.il/news/article.aspx?did=1001257858","70","פעילותה החברתית ונוכחותה בארגוני נשים/סופרסונס תומכות בהבנת חסמים."
"מהרטה ברוך רון","תדמית","זהות וייצוג","T-003","המועמד נתפס בציבור הרחב כמי שנותן מקום מכבד לקבוצות מיעוט בחברה הישראלית.","supports","https://hagush.org.il/candidates.html; https://he.wikipedia.org/wiki/%D7%9E%D7%94%D7%A8%D7%98%D7%94_%D7%91%D7%A8%D7%95%D7%9A-%D7%A8%D7%95%D7%9F; https://supersonas.com/personas/%D7%9E%D7%94%D7%A8%D7%98%D7%94-%D7%91%D7%A8%D7%95%D7%9A-%D7%A8%D7%95%D7%9F/; https://e.democrats.org.il/Democrats_OpenHouses/247031; https://www.globes.co.il/news/article.aspx?did=1001257858","90","כישראלית יוצאת אתיופיה ופעילה חברתית, מייצגת קבוצות מיעוט והדרה."
"מהרטה ברוך רון","תדמית","זהות וייצוג","T-004","המועמד נתפס בציבור הרחב כמי שיכול לייצג את בני המיעוטים הלא יהודיים.","mixed","https://hagush.org.il/candidates.html; https://he.wikipedia.org/wiki/%D7%9E%D7%94%D7%A8%D7%98%D7%94_%D7%91%D7%A8%D7%95%D7%9A-%D7%A8%D7%95%D7%9F; https://supersonas.com/personas/%D7%9E%D7%94%D7%A8%D7%98%D7%94-%D7%91%D7%A8%D7%95%D7%9A-%D7%A8%D7%95%D7%9F/; https://e.democrats.org.il/Democrats_OpenHouses/247031; https://www.globes.co.il/news/article.aspx?did=1001257858","55","אינה בת מיעוט לא־יהודי, אך מייצגת מיעוט אתני ורגישות לקבוצות מודרות."
"מהרטה ברוך רון","תדמית","זהות וייצוג","T-005","המועמד נתפס בציבור הרחב כמי שמביא את קול הפריפריה או מבין לעומק את צרכיה.","supports","https://hagush.org.il/candidates.html; https://he.wikipedia.org/wiki/%D7%9E%D7%94%D7%A8%D7%98%D7%94_%D7%91%D7%A8%D7%95%D7%9A-%D7%A8%D7%95%D7%9F; https://supersonas.com/personas/%D7%9E%D7%94%D7%A8%D7%98%D7%94-%D7%91%D7%A8%D7%95%D7%9A-%D7%A8%D7%95%D7%9F/; https://e.democrats.org.il/Democrats_OpenHouses/247031; https://www.globes.co.il/news/article.aspx?did=1001257858","86","סיפור חייה ועיסוקה בפריפריה חברתית־גיאוגרפית נותנים בסיס חזק."
"מהרטה ברוך רון","תדמית","זהות וייצוג","T-006","המועמד נתפס בציבור הרחב כמי שיכול לצמצם את הפער התדמיתי והמעשי בין המרכז לפריפריה.","supports","https://hagush.org.il/candidates.html; https://he.wikipedia.org/wiki/%D7%9E%D7%94%D7%A8%D7%98%D7%94_%D7%91%D7%A8%D7%95%D7%9A-%D7%A8%D7%95%D7%9F; https://supersonas.com/personas/%D7%9E%D7%94%D7%A8%D7%98%D7%94-%D7%91%D7%A8%D7%95%D7%9A-%D7%A8%D7%95%D7%9F/; https://e.democrats.org.il/Democrats_OpenHouses/247031; https://www.globes.co.il/news/article.aspx?did=1001257858","84","הנגשת תרבות לפריפריה וצמצום פערים הם חלק מתדמיתה."
"מהרטה ברוך רון","תדמית","זהות וייצוג","T-007","המועמד נתפס בציבור הרחב כמי שמביא גאווה בזהות מזרחית בלי להפוך אותה לשסע מפריד.","unknown","לא נמצא מקור מספיק","0","לא נמצא מקור לייצוג זהות מזרחית; זהותה המרכזית היא אתיופית־ישראלית."
"מהרטה ברוך רון","תדמית","זהות וייצוג","T-008","המועמד נתפס בציבור הרחב כמי שמכבד זהות דתית ומסורתית בתוך מרחב דמוקרטי וליברלי.","supports","https://hagush.org.il/candidates.html; https://he.wikipedia.org/wiki/%D7%9E%D7%94%D7%A8%D7%98%D7%94_%D7%91%D7%A8%D7%95%D7%9A-%D7%A8%D7%95%D7%9F; https://supersonas.com/personas/%D7%9E%D7%94%D7%A8%D7%98%D7%94-%D7%91%D7%A8%D7%95%D7%9A-%D7%A8%D7%95%D7%9F/; https://e.democrats.org.il/Democrats_OpenHouses/247031; https://www.globes.co.il/news/article.aspx?did=1001257858","66","רקע בפנימיות דתיות ותפיסת שוויון לכל דת תומכים בכבוד לזהות דתית."
"מהרטה ברוך רון","תדמית","זהות וייצוג","T-009","המועמד נתפס בציבור הרחב כמי שיכול לגשר בין חילונים, מסורתיים ודתיים.","supports","https://hagush.org.il/candidates.html; https://he.wikipedia.org/wiki/%D7%9E%D7%94%D7%A8%D7%98%D7%94_%D7%91%D7%A8%D7%95%D7%9A-%D7%A8%D7%95%D7%9F; https://supersonas.com/personas/%D7%9E%D7%94%D7%A8%D7%98%D7%94-%D7%91%D7%A8%D7%95%D7%9A-%D7%A8%D7%95%D7%9F/; https://e.democrats.org.il/Democrats_OpenHouses/247031; https://www.globes.co.il/news/article.aspx?did=1001257858","62","סיפורה האישי בין עולמות וניסיון עירוני מחזקים תדמית מגשרת."
"מהרטה ברוך רון","תדמית","זהות וייצוג","T-010","המועמד נתפס בציבור הרחב כמי שנוכחותו ברשימה מרחיבה את תחושת הייצוג של קהלים מגוונים.","supports","https://hagush.org.il/candidates.html; https://he.wikipedia.org/wiki/%D7%9E%D7%94%D7%A8%D7%98%D7%94_%D7%91%D7%A8%D7%95%D7%9A-%D7%A8%D7%95%D7%9F; https://supersonas.com/personas/%D7%9E%D7%94%D7%A8%D7%98%D7%94-%D7%91%D7%A8%D7%95%D7%9A-%D7%A8%D7%95%D7%9F/; https://e.democrats.org.il/Democrats_OpenHouses/247031; https://www.globes.co.il/news/article.aspx?did=1001257858","88","נוכחותה מרחיבה ייצוג נשים, יוצאי אתיופיה ופריפריה חברתית."
"מהרטה ברוך רון","תדמית","זהות וייצוג","T-011","המועמד נתפס בציבור הרחב כמי שמוסיף לרשימה עומק חברתי ולא רק ניסיון פוליטי או תקשורתי.","supports","https://hagush.org.il/candidates.html; https://he.wikipedia.org/wiki/%D7%9E%D7%94%D7%A8%D7%98%D7%94_%D7%91%D7%A8%D7%95%D7%9A-%D7%A8%D7%95%D7%9F; https://supersonas.com/personas/%D7%9E%D7%94%D7%A8%D7%98%D7%94-%D7%91%D7%A8%D7%95%D7%9A-%D7%A8%D7%95%D7%9F/; https://e.democrats.org.il/Democrats_OpenHouses/247031; https://www.globes.co.il/news/article.aspx?did=1001257858","86","מביאה עומק חברתי מובהק של רווחה, תרבות, עלייה ושוויון."
"מהרטה ברוך רון","תדמית","ממלכתיות ואחריות","T-012","המועמד נתפס בציבור הרחב כבעל עמוד שדרה ערכי.","supports","https://hagush.org.il/candidates.html; https://he.wikipedia.org/wiki/%D7%9E%D7%94%D7%A8%D7%98%D7%94_%D7%91%D7%A8%D7%95%D7%9A-%D7%A8%D7%95%D7%9F; https://supersonas.com/personas/%D7%9E%D7%94%D7%A8%D7%98%D7%94-%D7%91%D7%A8%D7%95%D7%9A-%D7%A8%D7%95%D7%9F/; https://e.democrats.org.il/Democrats_OpenHouses/247031; https://www.globes.co.il/news/article.aspx?did=1001257858","80","הסיפור האישי והפעילות הציבורית משדרים עמוד שדרה ערכי."
"מהרטה ברוך רון","תדמית","ממלכתיות ואחריות","T-013","המועמד נתפס בציבור הרחב כדמות ממלכתית ואחראית.","supports","https://hagush.org.il/candidates.html; https://he.wikipedia.org/wiki/%D7%9E%D7%94%D7%A8%D7%98%D7%94_%D7%91%D7%A8%D7%95%D7%9A-%D7%A8%D7%95%D7%9F; https://supersonas.com/personas/%D7%9E%D7%94%D7%A8%D7%98%D7%94-%D7%91%D7%A8%D7%95%D7%9A-%D7%A8%D7%95%D7%9F/; https://e.democrats.org.il/Democrats_OpenHouses/247031; https://www.globes.co.il/news/article.aspx?did=1001257858","82","ניסיון כסגנית ראש עיר תורם לתדמית ממלכתית ואחראית."
"מהרטה ברוך רון","תדמית","ממלכתיות ואחריות","T-014","המועמד נתפס בציבור הרחב כמי שמכבד מוסדות מדינה ושלטון חוק.","supports","https://hagush.org.il/candidates.html; https://he.wikipedia.org/wiki/%D7%9E%D7%94%D7%A8%D7%98%D7%94_%D7%91%D7%A8%D7%95%D7%9A-%D7%A8%D7%95%D7%9F; https://supersonas.com/personas/%D7%9E%D7%94%D7%A8%D7%98%D7%94-%D7%91%D7%A8%D7%95%D7%9A-%D7%A8%D7%95%D7%9F/; https://e.democrats.org.il/Democrats_OpenHouses/247031; https://www.globes.co.il/news/article.aspx?did=1001257858","82","פעלה בתוך עירייה ומפלגות, ומזוהה עם פעולה מוסדית."
"מהרטה ברוך רון","תדמית","ממלכתיות ואחריות","T-015","המועמד נתפס בציבור הרחב כמי שמסוגל לפעול מתוך שיקול דעת ולא רק מתוך כעס.","supports","https://hagush.org.il/candidates.html; https://he.wikipedia.org/wiki/%D7%9E%D7%94%D7%A8%D7%98%D7%94_%D7%91%D7%A8%D7%95%D7%9A-%D7%A8%D7%95%D7%9F; https://supersonas.com/personas/%D7%9E%D7%94%D7%A8%D7%98%D7%94-%D7%91%D7%A8%D7%95%D7%9A-%D7%A8%D7%95%D7%9F/; https://e.democrats.org.il/Democrats_OpenHouses/247031; https://www.globes.co.il/news/article.aspx?did=1001257858","78","ניסיון ניהולי־עירוני מצביע על שיקול דעת."
"מהרטה ברוך רון","תדמית","יושרה, אמינות וניסיון ","T-016","המועמד נתפס בציבור הרחב כמי שפועל מתוך שליחות ולא רק מתוך קריירה.","supports","https://hagush.org.il/candidates.html; https://he.wikipedia.org/wiki/%D7%9E%D7%94%D7%A8%D7%98%D7%94_%D7%91%D7%A8%D7%95%D7%9A-%D7%A8%D7%95%D7%9F; https://supersonas.com/personas/%D7%9E%D7%94%D7%A8%D7%98%D7%94-%D7%91%D7%A8%D7%95%D7%9A-%D7%A8%D7%95%D7%9F/; https://e.democrats.org.il/Democrats_OpenHouses/247031; https://www.globes.co.il/news/article.aspx?did=1001257858","86","סיפור חייה ופעילותה החברתית מצביעים על שליחות."
"מהרטה ברוך רון","תדמית","יושרה, אמינות וניסיון ","T-017","המועמד נתפס בציבור הרחב כאדם אמין וישר.","mixed","https://hagush.org.il/candidates.html; https://he.wikipedia.org/wiki/%D7%9E%D7%94%D7%A8%D7%98%D7%94_%D7%91%D7%A8%D7%95%D7%9A-%D7%A8%D7%95%D7%9F; https://supersonas.com/personas/%D7%9E%D7%94%D7%A8%D7%98%D7%94-%D7%91%D7%A8%D7%95%D7%9A-%D7%A8%D7%95%D7%9F/; https://e.democrats.org.il/Democrats_OpenHouses/247031; https://www.globes.co.il/news/article.aspx?did=1001257858","60","אין מדד ציבורי רחב לאמינות, אך הרקע הציבורי תומך בתדמית חיובית."
"מהרטה ברוך רון","תדמית","יושרה, אמינות וניסיון ","T-018","המועמד נתפס בציבור הרחב כדמות רצינית ולא כגימיק תקשורתי.","supports","https://hagush.org.il/candidates.html; https://he.wikipedia.org/wiki/%D7%9E%D7%94%D7%A8%D7%98%D7%94_%D7%91%D7%A8%D7%95%D7%9A-%D7%A8%D7%95%D7%9F; https://supersonas.com/personas/%D7%9E%D7%94%D7%A8%D7%98%D7%94-%D7%91%D7%A8%D7%95%D7%9A-%D7%A8%D7%95%D7%9F/; https://e.democrats.org.il/Democrats_OpenHouses/247031; https://www.globes.co.il/news/article.aspx?did=1001257858","82","סגנית ראש עיר לשעבר ופעילה חברתית היא דמות רצינית."
"מהרטה ברוך רון","תדמית","יושרה, אמינות וניסיון ","T-019","המועמד נתפס בציבור הרחב כמי שאפשר לסמוך עליו בתפקיד ציבורי.","supports","https://hagush.org.il/candidates.html; https://he.wikipedia.org/wiki/%D7%9E%D7%94%D7%A8%D7%98%D7%94_%D7%91%D7%A8%D7%95%D7%9A-%D7%A8%D7%95%D7%9F; https://supersonas.com/personas/%D7%9E%D7%94%D7%A8%D7%98%D7%94-%D7%91%D7%A8%D7%95%D7%9A-%D7%A8%D7%95%D7%9F/; https://e.democrats.org.il/Democrats_OpenHouses/247031; https://www.globes.co.il/news/article.aspx?did=1001257858","82","ניסיון עירוני וציבורי מאפשר לסמוך עליה בתפקיד ציבורי."
"מהרטה ברוך רון","תדמית","יושרה, אמינות וניסיון ","T-020","המועמד נתפס בציבור הרחב כבעל ניסיון ציבורי משמעותי.","supports","https://hagush.org.il/candidates.html; https://he.wikipedia.org/wiki/%D7%9E%D7%94%D7%A8%D7%98%D7%94_%D7%91%D7%A8%D7%95%D7%9A-%D7%A8%D7%95%D7%9F; https://supersonas.com/personas/%D7%9E%D7%94%D7%A8%D7%98%D7%94-%D7%91%D7%A8%D7%95%D7%9A-%D7%A8%D7%95%D7%9F/; https://e.democrats.org.il/Democrats_OpenHouses/247031; https://www.globes.co.il/news/article.aspx?did=1001257858","88","ניסיון ציבורי משמעותי כסגנית ראש עיר ובתפקידים חברתיים."
"מהרטה ברוך רון","תדמית","יושרה, אמינות וניסיון ","T-021","המועמד נתפס בציבור הרחב כמי שמבין איך פועלת מערכת פוליטית.","supports","https://hagush.org.il/candidates.html; https://he.wikipedia.org/wiki/%D7%9E%D7%94%D7%A8%D7%98%D7%94_%D7%91%D7%A8%D7%95%D7%9A-%D7%A8%D7%95%D7%9F; https://supersonas.com/personas/%D7%9E%D7%94%D7%A8%D7%98%D7%94-%D7%91%D7%A8%D7%95%D7%9A-%D7%A8%D7%95%D7%9F/; https://e.democrats.org.il/Democrats_OpenHouses/247031; https://www.globes.co.il/news/article.aspx?did=1001257858","78","ניסיון מוניציפלי ומפלגתי מעיד על הבנת מערכת פוליטית."
"מהרטה ברוך רון","תדמית","תקשורתיות ונראות","T-022","המועמד נתפס בציבור הרחב כדמות תקשורתית חזקה.","mixed","https://hagush.org.il/candidates.html; https://he.wikipedia.org/wiki/%D7%9E%D7%94%D7%A8%D7%98%D7%94_%D7%91%D7%A8%D7%95%D7%9A-%D7%A8%D7%95%D7%9F; https://supersonas.com/personas/%D7%9E%D7%94%D7%A8%D7%98%D7%94-%D7%91%D7%A8%D7%95%D7%9A-%D7%A8%D7%95%D7%9F/; https://e.democrats.org.il/Democrats_OpenHouses/247031; https://www.globes.co.il/news/article.aspx?did=1001257858","60","יש נראות כמרצה ואשת ציבור, אך לא דמות תקשורתית ארצית חזקה במיוחד."
"מהרטה ברוך רון","תדמית","תקשורתיות ונראות","T-023","המועמד נתפס בציבור הרחב כמי שיודע להעביר מסר ברור.","supports","https://hagush.org.il/candidates.html; https://he.wikipedia.org/wiki/%D7%9E%D7%94%D7%A8%D7%98%D7%94_%D7%91%D7%A8%D7%95%D7%9A-%D7%A8%D7%95%D7%9F; https://supersonas.com/personas/%D7%9E%D7%94%D7%A8%D7%98%D7%94-%D7%91%D7%A8%D7%95%D7%9A-%D7%A8%D7%95%D7%9F/; https://e.democrats.org.il/Democrats_OpenHouses/247031; https://www.globes.co.il/news/article.aspx?did=1001257858","72","סיפור ההשראה וההרצאות מצביעים על יכולת מסר ברור."
"מהרטה ברוך רון","תדמית","תקשורתיות ונראות","T-024","המועמד נתפס בציבור הרחב כמי שמסוגל לבלוט בקמפיין בחירות.","supports","https://hagush.org.il/candidates.html; https://he.wikipedia.org/wiki/%D7%9E%D7%94%D7%A8%D7%98%D7%94_%D7%91%D7%A8%D7%95%D7%9A-%D7%A8%D7%95%D7%9F; https://supersonas.com/personas/%D7%9E%D7%94%D7%A8%D7%98%D7%94-%D7%91%D7%A8%D7%95%D7%9A-%D7%A8%D7%95%D7%9F/; https://e.democrats.org.il/Democrats_OpenHouses/247031; https://www.globes.co.il/news/article.aspx?did=1001257858","68","יכולה לבלוט בקמפיין דרך סיפור אישי וייצוג מגוון."
"מהרטה ברוך רון","תדמית","תקשורתיות ונראות","T-025","המועמד נתפס בציבור הרחב כמי שמביא ייצוג חשוב לרשימה.","supports","https://hagush.org.il/candidates.html; https://he.wikipedia.org/wiki/%D7%9E%D7%94%D7%A8%D7%98%D7%94_%D7%91%D7%A8%D7%95%D7%9A-%D7%A8%D7%95%D7%9F; https://supersonas.com/personas/%D7%9E%D7%94%D7%A8%D7%98%D7%94-%D7%91%D7%A8%D7%95%D7%9A-%D7%A8%D7%95%D7%9F/; https://e.democrats.org.il/Democrats_OpenHouses/247031; https://www.globes.co.il/news/article.aspx?did=1001257858","90","מביאה ייצוג חשוב של נשים, יוצאי אתיופיה ופריפריה חברתית."
"מהרטה ברוך רון","תדמית","תקשורתיות ונראות","T-026","המועמד נתפס בציבור הרחב כמי שמרחיב את הדימוי של המפלגה.","supports","https://hagush.org.il/candidates.html; https://he.wikipedia.org/wiki/%D7%9E%D7%94%D7%A8%D7%98%D7%94_%D7%91%D7%A8%D7%95%D7%9A-%D7%A8%D7%95%D7%9F; https://supersonas.com/personas/%D7%9E%D7%94%D7%A8%D7%98%D7%94-%D7%91%D7%A8%D7%95%D7%9A-%D7%A8%D7%95%D7%9F/; https://e.democrats.org.il/Democrats_OpenHouses/247031; https://www.globes.co.il/news/article.aspx?did=1001257858","86","מרחיבה את דימוי המפלגה לגיוון אתני, חברתי ומוניציפלי."
"מהרטה ברוך רון","תדמית","אותנטיות וסיפור אישי","T-027","המועמד נתפס בציבור הרחב כמי שפועל מתוך שליחות ולא רק מתוך קריירה.","supports","https://hagush.org.il/candidates.html; https://he.wikipedia.org/wiki/%D7%9E%D7%94%D7%A8%D7%98%D7%94_%D7%91%D7%A8%D7%95%D7%9A-%D7%A8%D7%95%D7%9F; https://supersonas.com/personas/%D7%9E%D7%94%D7%A8%D7%98%D7%94-%D7%91%D7%A8%D7%95%D7%9A-%D7%A8%D7%95%D7%9F/; https://e.democrats.org.il/Democrats_OpenHouses/247031; https://www.globes.co.il/news/article.aspx?did=1001257858","86","סיפור העלייה והעשייה החברתית מצביעים על שליחות ולא רק קריירה."
