"candidate_id","axis","category","statement_id","statement_text","value","source","confidence","justification"
"איילת השחר סיידוף","דעות","דמוקרטיה, משילות ותיקון מוסדות המדינה","D-001","נטייה לתיקון חוקתי ומוסדי עמוק, ולא רק להחלפת ממשלה","supports","https://hagush.org.il/candidates.html; https://www.ynet.co.il/news/article/bkl4uet2bl; https://www.israelhayom.co.il/news/politics/article/14643397; https://he.wikipedia.org/wiki/%D7%90%D7%99%D7%9E%D7%94%D7%95%D7%AA_%D7%91%D7%97%D7%96%D7%99%D7%AA; https://e.democrats.org.il/Democrats_OpenHouses/260416","70","השתתפות בנושא חוקה וארבע הרשויות ומאבק לשוויון חוקתי מצביעים על נטייה לתיקון מוסדי."
"איילת השחר סיידוף","דעות","דמוקרטיה, משילות ותיקון מוסדות המדינה","D-002","ראיית המשבר הדמוקרטי כתוצאה של שיטה פוליטית פגומה ולא רק של אדם או ממשלה מסוימת","mixed","https://hagush.org.il/candidates.html; https://www.ynet.co.il/news/article/bkl4uet2bl; https://www.israelhayom.co.il/news/politics/article/14643397; https://he.wikipedia.org/wiki/%D7%90%D7%99%D7%9E%D7%94%D7%95%D7%AA_%D7%91%D7%97%D7%96%D7%99%D7%AA; https://e.democrats.org.il/Democrats_OpenHouses/260416","55","העיסוק המרכזי הוא כשל מוסדי סביב גיוס ושוויון; אין מצע רחב על כלל השיטה הפוליטית."
"איילת השחר סיידוף","דעות","דמוקרטיה, משילות ותיקון מוסדות המדינה","D-003","נכונות למאבק ציבורי חריף כאשר מוסדות המדינה נתפסים כמאוימים","supports","https://hagush.org.il/candidates.html; https://www.ynet.co.il/news/article/bkl4uet2bl; https://www.israelhayom.co.il/news/politics/article/14643397; https://he.wikipedia.org/wiki/%D7%90%D7%99%D7%9E%D7%94%D7%95%D7%AA_%D7%91%D7%97%D7%96%D7%99%D7%AA; https://e.democrats.org.il/Democrats_OpenHouses/260416","90","פעילותה כוללת מחאה ציבורית, עתירות, הופעות בכנסת ובג״ץ סביב איום נתפס על שוויון וזכויות משרתים."
"איילת השחר סיידוף","דעות","דמוקרטיה, משילות ותיקון מוסדות המדינה","D-004","העדפה לשיקום ממלכתי, זהיר ומוסדי של המדינה לאחר המשבר","mixed","https://hagush.org.il/candidates.html; https://www.ynet.co.il/news/article/bkl4uet2bl; https://www.israelhayom.co.il/news/politics/article/14643397; https://he.wikipedia.org/wiki/%D7%90%D7%99%D7%9E%D7%94%D7%95%D7%AA_%D7%91%D7%97%D7%96%D7%99%D7%AA; https://e.democrats.org.il/Democrats_OpenHouses/260416","55","יש חתירה לתיקון מוסדי, אך הסגנון הציבורי חריף ולא בעיקר ממלכתי־זהיר."
"איילת השחר סיידוף","דעות","דמוקרטיה, משילות ותיקון מוסדות המדינה","D-005","תמיכה בשיתוף ציבור, דמוקרטיה פנימית ושקיפות בתוך המפלגה ובמערכת הפוליטית","unknown","לא נמצא מקור מספיק","0","לא נמצא מקור מספיק לעמדה על דמוקרטיה פנימית ושיתוף ציבור בתוך מפלגות."
"איילת השחר סיידוף","דעות","דמוקרטיה, משילות ותיקון מוסדות המדינה","D-006","נכונות להגביל כוח שלטוני גם כאשר הכוח נמצא בידי המחנה הקרוב אידיאולוגית","supports","https://hagush.org.il/candidates.html; https://www.ynet.co.il/news/article/bkl4uet2bl; https://www.israelhayom.co.il/news/politics/article/14643397; https://he.wikipedia.org/wiki/%D7%90%D7%99%D7%9E%D7%94%D7%95%D7%AA_%D7%91%D7%97%D7%96%D7%99%D7%AA; https://e.democrats.org.il/Democrats_OpenHouses/260416","72","המאבק דורש אכיפת שוויון וחוק גם מול החלטות ממשלה ומול קבוצות כוח פוליטיות."
"איילת השחר סיידוף","דעות","יחס למחנה השני ויכולת גישור","D-007","ראיית מצביעי המחנה השני כיריבים פוליטיים לגיטימיים ולא כאויבים","mixed","https://hagush.org.il/candidates.html; https://www.ynet.co.il/news/article/bkl4uet2bl; https://www.israelhayom.co.il/news/politics/article/14643397; https://he.wikipedia.org/wiki/%D7%90%D7%99%D7%9E%D7%94%D7%95%D7%AA_%D7%91%D7%97%D7%96%D7%99%D7%AA; https://e.democrats.org.il/Democrats_OpenHouses/260416","58","היא מציינת שאינה שונאת חרדים וישבה עם בני ישיבות, אך מאבקה מנוסח לעיתים בעימות חריף."
"איילת השחר סיידוף","דעות","יחס למחנה השני ויכולת גישור","D-008","הבחנה בין הנהגת המחנה השני לבין הציבור הרחב שתומך בה","supports","https://hagush.org.il/candidates.html; https://www.ynet.co.il/news/article/bkl4uet2bl; https://www.israelhayom.co.il/news/politics/article/14643397; https://he.wikipedia.org/wiki/%D7%90%D7%99%D7%9E%D7%94%D7%95%D7%AA_%D7%91%D7%97%D7%96%D7%99%D7%AA; https://e.democrats.org.il/Democrats_OpenHouses/260416","62","הבחנה מסוימת קיימת בין הציבור החרדי לבין הנהגה ומנגנוני פטור, אך לא כקו מרכזי מפורט."
"איילת השחר סיידוף","דעות","יחס למחנה השני ויכולת גישור","D-009","אמונה שאפשר לבנות גשר מחודש בין המחנה הדמוקרטי־ליברלי לבין חלקים מהימין המסורתי","mixed","https://hagush.org.il/candidates.html; https://www.ynet.co.il/news/article/bkl4uet2bl; https://www.israelhayom.co.il/news/politics/article/14643397; https://he.wikipedia.org/wiki/%D7%90%D7%99%D7%9E%D7%94%D7%95%D7%AA_%D7%91%D7%97%D7%96%D7%99%D7%AA; https://e.democrats.org.il/Democrats_OpenHouses/260416","50","יש ניסיון לדבר עם חרדים ובני ישיבות, אך אין מקור מספיק לחיבור ימין מסורתי רחב."
"איילת השחר סיידוף","דעות","יחס למחנה השני ויכולת גישור","D-010","העדפה להכרעה פוליטית ברורה על פני פיוס מוקדם עם המחנה השני","mixed","https://hagush.org.il/candidates.html; https://www.ynet.co.il/news/article/bkl4uet2bl; https://www.israelhayom.co.il/news/politics/article/14643397; https://he.wikipedia.org/wiki/%D7%90%D7%99%D7%9E%D7%94%D7%95%D7%AA_%D7%91%D7%97%D7%96%D7%99%D7%AA; https://e.democrats.org.il/Democrats_OpenHouses/260416","60","סגנון המחאה מעדיף הכרעה בסוגיית השוויון בגיוס, אך לא נמצא ניסוח עקרוני נגד פיוס."
"איילת השחר סיידוף","דעות","יחס למחנה השני ויכולת גישור","D-011","נכונות לשיח עם דתיים, מסורתיים, חרדים וימנים גם כאשר קיימת מחלוקת ערכית עמוקה","supports","https://hagush.org.il/candidates.html; https://www.ynet.co.il/news/article/bkl4uet2bl; https://www.israelhayom.co.il/news/politics/article/14643397; https://he.wikipedia.org/wiki/%D7%90%D7%99%D7%9E%D7%94%D7%95%D7%AA_%D7%91%D7%97%D7%96%D7%99%D7%AA; https://e.democrats.org.il/Democrats_OpenHouses/260416","68","המקורות מתארים כניסה לשיח גם עם בני ישיבות ופעילות סביב סוגיית חרדים ושירות."
"איילת השחר סיידוף","דעות","יחס למחנה השני ויכולת גישור","D-012","ראיית חלק מהמחנה השני כשותף עתידי אפשרי לשיקום המדינה לאחר עידן נתניהו","mixed","https://hagush.org.il/candidates.html; https://www.ynet.co.il/news/article/bkl4uet2bl; https://www.israelhayom.co.il/news/politics/article/14643397; https://he.wikipedia.org/wiki/%D7%90%D7%99%D7%9E%D7%94%D7%95%D7%AA_%D7%91%D7%97%D7%96%D7%99%D7%AA; https://e.democrats.org.il/Democrats_OpenHouses/260416","50","יש פתח לשיח עם חלקים מהחברה החרדית, אך לא מקור מפורש לשותפות פוליטית עתידית."
"איילת השחר סיידוף","דעות","שסעים פנימיים בחברה היהודית","D-013","ראיית השסע העדתי והפריפריאלי כמרכיב מרכזי במשבר הפוליטי בישראל","unknown","לא נמצא מקור מספיק","0","לא נמצא מקור מספיק לעמדה על השסע העדתי והפריפריאלי כמרכיב מרכזי במשבר."
"איילת השחר סיידוף","דעות","שסעים פנימיים בחברה היהודית","D-014","נכונות לדבר עם מצביעים מזרחים, מסורתיים ופריפריאליים בשפה שאינה מתנשאת ואינה רק ליברלית־אשכנזית","unknown","לא נמצא מקור מספיק","0","לא נמצא בסיס מספיק לקבוע סגנון פנייה למזרחים, מסורתיים ופריפריה."
"איילת השחר סיידוף","דעות","שסעים פנימיים בחברה היהודית","D-015","ראיית השסע הדתי־חילוני כאיום מרכזי על הלכידות של החברה היהודית בישראל","supports","https://hagush.org.il/candidates.html; https://www.ynet.co.il/news/article/bkl4uet2bl; https://www.israelhayom.co.il/news/politics/article/14643397; https://he.wikipedia.org/wiki/%D7%90%D7%99%D7%9E%D7%94%D7%95%D7%AA_%D7%91%D7%97%D7%96%D7%99%D7%AA; https://e.democrats.org.il/Democrats_OpenHouses/260416","78","מאבק הגיוס והשוויון מציב את יחסי דת־מדינה והשסע חילונים־חרדים בלב פעילותה."
"איילת השחר סיידוף","דעות","שסעים פנימיים בחברה היהודית","D-016","תמיכה בבניית ברית חדשה בין ליברלים, מסורתיים, דתיים מתונים ופריפריה חברתית","mixed","https://hagush.org.il/candidates.html; https://www.ynet.co.il/news/article/bkl4uet2bl; https://www.israelhayom.co.il/news/politics/article/14643397; https://he.wikipedia.org/wiki/%D7%90%D7%99%D7%9E%D7%94%D7%95%D7%AA_%D7%91%D7%97%D7%96%D7%99%D7%AA; https://e.democrats.org.il/Democrats_OpenHouses/260416","52","יש עיסוק בשיח עם חרדים ובשוויון, אך לא נמצא מקור לברית רחבה עם דתיים מתונים ופריפריה."
"איילת השחר סיידוף","דעות","שסעים פנימיים בחברה היהודית","D-017","ביקורת על מחנה המרכז־שמאל כאשר הוא נתפס כמנותק, אליטיסטי או חסר רגישות לפריפריה","mixed","https://hagush.org.il/candidates.html; https://www.ynet.co.il/news/article/bkl4uet2bl; https://www.israelhayom.co.il/news/politics/article/14643397; https://he.wikipedia.org/wiki/%D7%90%D7%99%D7%9E%D7%94%D7%95%D7%AA_%D7%91%D7%97%D7%96%D7%99%D7%AA; https://e.democrats.org.il/Democrats_OpenHouses/260416","48","נמצאה ביקורת על מחנה המחאה בהקשר אפקטיביות, אך לא ביקורת סדורה על אליטיזם או פריפריה."
"איילת השחר סיידוף","דעות","שסעים פנימיים בחברה היהודית","D-018","העדפה לתיקון יחסי מרכז־פריפריה כחלק מבניית מחנה דמוקרטי רחב","unknown","לא נמצא מקור מספיק","0","לא נמצא מקור מספיק לתיקון יחסי מרכז־פריפריה כעמדה פוליטית."
"איילת השחר סיידוף","דעות","מדינה יהודית ודמוקרטית, דת ומדינה","D-019","העדפה לזהות ישראלית שבה הרכיב הדמוקרטי קודם לרכיב הדתי־לאומי כאשר יש התנגשות ביניהם","supports","https://hagush.org.il/candidates.html; https://www.ynet.co.il/news/article/bkl4uet2bl; https://www.israelhayom.co.il/news/politics/article/14643397; https://he.wikipedia.org/wiki/%D7%90%D7%99%D7%9E%D7%94%D7%95%D7%AA_%D7%91%D7%97%D7%96%D7%99%D7%AA; https://e.democrats.org.il/Democrats_OpenHouses/260416","74","המאבק מציב שוויון אזרחי וחוקתי מעל הסדרים דתיים־פוליטיים של פטור מגיוס."
"איילת השחר סיידוף","דעות","מדינה יהודית ודמוקרטית, דת ומדינה","D-020","העדפה לזהות ישראלית שבה היהדות היא מקור תרבותי וערכי, אך אינה צריכה לשלוט במוסדות המדינה","mixed","https://hagush.org.il/candidates.html; https://www.ynet.co.il/news/article/bkl4uet2bl; https://www.israelhayom.co.il/news/politics/article/14643397; https://he.wikipedia.org/wiki/%D7%90%D7%99%D7%9E%D7%94%D7%95%D7%AA_%D7%91%D7%97%D7%96%D7%99%D7%AA; https://e.democrats.org.il/Democrats_OpenHouses/260416","46","יש קו חילוני־דמוקרטי מובהק, אך אין מקור מפורש על היהדות כמקור תרבותי שאינו שולט במדינה."
"איילת השחר סיידוף","דעות","מדינה יהודית ודמוקרטית, דת ומדינה","D-021","תמיכה בהפרדה ברורה יותר בין סמכות דתית לבין סמכות מדינתית","supports","https://hagush.org.il/candidates.html; https://www.ynet.co.il/news/article/bkl4uet2bl; https://www.israelhayom.co.il/news/politics/article/14643397; https://he.wikipedia.org/wiki/%D7%90%D7%99%D7%9E%D7%94%D7%95%D7%AA_%D7%91%D7%97%D7%96%D7%99%D7%AA; https://e.democrats.org.il/Democrats_OpenHouses/260416","78","ההתנגדות לפטור חרדי והדיבור על שוויון חוקתי מעידים על העדפת סמכות מדינתית על פני סמכות דתית."
"איילת השחר סיידוף","דעות","מדינה יהודית ודמוקרטית, דת ומדינה","D-022","נכונות לשמר מרכיבים יהודיים־מסורתיים במרחב הציבורי כדי לאפשר שותפות עם ציבור מסורתי ודתי","unknown","לא נמצא מקור מספיק","0","לא נמצא מקור מספיק על שימור מרכיבים יהודיים־מסורתיים לשם שותפות."
"איילת השחר סיידוף","דעות","מדינה יהודית ודמוקרטית, דת ומדינה","D-023","התנגדות לכפייה דתית בנושאי נישואין, שבת, חינוך, מעמד אישי או שירות ציבורי","supports","https://hagush.org.il/candidates.html; https://www.ynet.co.il/news/article/bkl4uet2bl; https://www.israelhayom.co.il/news/politics/article/14643397; https://he.wikipedia.org/wiki/%D7%90%D7%99%D7%9E%D7%94%D7%95%D7%AA_%D7%91%D7%97%D7%96%D7%99%D7%AA; https://e.democrats.org.il/Democrats_OpenHouses/260416","70","המאבק בפטור מגיוס חרדים מצביע על התנגדות להסדרי כפייה/העדפה דתית לפחות בתחום השירות."
"איילת השחר סיידוף","דעות","מדינה יהודית ודמוקרטית, דת ומדינה","D-024","תמיכה בשוויון חובות אזרחיות בין קבוצות, כולל שאלת גיוס חרדים או שירות אזרחי","supports","https://hagush.org.il/candidates.html; https://www.ynet.co.il/news/article/bkl4uet2bl; https://www.israelhayom.co.il/news/politics/article/14643397; https://he.wikipedia.org/wiki/%D7%90%D7%99%D7%9E%D7%94%D7%95%D7%AA_%D7%91%D7%97%D7%96%D7%99%D7%AA; https://e.democrats.org.il/Democrats_OpenHouses/260416","95","זהו לב פעילותה: שוויון חובות אזרחיות וגיוס חרדים או שירות לכולם."
"איילת השחר סיידוף","דעות","הפרדה, גישור או שתי מדינות לעם היהודי","D-025","אמונה שהפער בין ישראל ליברלית לבין ישראל שמרנית־דתית עדיין ניתן לגישור פוליטי וחברתי","mixed","https://hagush.org.il/candidates.html; https://www.ynet.co.il/news/article/bkl4uet2bl; https://www.israelhayom.co.il/news/politics/article/14643397; https://he.wikipedia.org/wiki/%D7%90%D7%99%D7%9E%D7%94%D7%95%D7%AA_%D7%91%D7%97%D7%96%D7%99%D7%AA; https://e.democrats.org.il/Democrats_OpenHouses/260416","50","יש אמונה מסוימת בשיח עם חרדים, אך לא נמצא בסיס רחב על גישור בין ישראל ליברלית ושמרנית."
"איילת השחר סיידוף","דעות","הפרדה, גישור או שתי מדינות לעם היהודי","D-026","ראיית הפער בין המחנות כעמוק עד כדי צורך בהסדרים של אוטונומיה, ביזור או הפרדה חלקית","unknown","לא נמצא מקור מספיק","0","לא נמצא מקור לתמיכה בהפרדה פנימית או אוטונומיה בין מחנות."
"איילת השחר סיידוף","דעות","הפרדה, גישור או שתי מדינות לעם היהודי","D-027","תמיכה בביזור סמכויות לשלטון מקומי כדי לאפשר לקהילות שונות לחיות לפי אורחות חיים שונים","unknown","לא נמצא מקור מספיק","0","לא נמצא מקור לתמיכה בביזור סמכויות לשלטון מקומי."
"איילת השחר סיידוף","דעות","הפרדה, גישור או שתי מדינות לעם היהודי","D-028","התנגדות לרעיון של שתי מדינות לעם היהודי והעדפה למאבק על מסגרת מדינתית אחת משותפת","unknown","לא נמצא מקור מספיק","0","לא נמצא מקור מספיק לעמדה על רעיון שתי מדינות לעם היהודי."
"איילת השחר סיידוף","דעות","הפרדה, גישור או שתי מדינות לעם היהודי","D-029","פתיחות לרעיון של הסדרים פנימיים חדשים בין חילונים, דתיים, חרדים, מסורתיים וליברלים","mixed","https://hagush.org.il/candidates.html; https://www.ynet.co.il/news/article/bkl4uet2bl; https://www.israelhayom.co.il/news/politics/article/14643397; https://he.wikipedia.org/wiki/%D7%90%D7%99%D7%9E%D7%94%D7%95%D7%AA_%D7%91%D7%97%D7%96%D7%99%D7%AA; https://e.democrats.org.il/Democrats_OpenHouses/260416","50","העיסוק בחילונים־חרדים ושוויון מצביע על פתיחות חלקית להסדרים חדשים, לא על מודל מלא."
"איילת השחר סיידוף","דעות","הפרדה, גישור או שתי מדינות לעם היהודי","D-030","ראיית המשבר הישראלי לא רק כמאבק ימין־שמאל אלא כמאבק בין מודלים שונים של חיים משותפים","supports","https://hagush.org.il/candidates.html; https://www.ynet.co.il/news/article/bkl4uet2bl; https://www.israelhayom.co.il/news/politics/article/14643397; https://he.wikipedia.org/wiki/%D7%90%D7%99%D7%9E%D7%94%D7%95%D7%AA_%D7%91%D7%97%D7%96%D7%99%D7%AA; https://e.democrats.org.il/Democrats_OpenHouses/260416","58","פעילותה ממסגרת את המשבר גם כמאבק על מודל אזרחי־שוויוני מול הסדרים דתיים־פוליטיים."
"איילת השחר סיידוף","דעות","יהודים־ערבים, שוויון אזרחי וחיים משותפים","D-031","ראיית אזרחי ישראל הערבים כחלק מלא מהדיון על עתיד המדינה ולא כעניין נפרד או משני","mixed","https://hagush.org.il/candidates.html; https://www.ynet.co.il/news/article/bkl4uet2bl; https://www.israelhayom.co.il/news/politics/article/14643397; https://he.wikipedia.org/wiki/%D7%90%D7%99%D7%9E%D7%94%D7%95%D7%AA_%D7%91%D7%97%D7%96%D7%99%D7%AA; https://e.democrats.org.il/Democrats_OpenHouses/260416","52","השתתפה בשיח על אזרחות שווה, אך עיקר פעילותה אינו סביב אזרחי ישראל הערבים."
"איילת השחר סיידוף","דעות","יהודים־ערבים, שוויון אזרחי וחיים משותפים","D-032","תמיכה בשוויון אזרחי גם כאשר הוא מחייב שינוי בחוקים, סמלים או חלוקת משאבים","supports","https://hagush.org.il/candidates.html; https://www.ynet.co.il/news/article/bkl4uet2bl; https://www.israelhayom.co.il/news/politics/article/14643397; https://he.wikipedia.org/wiki/%D7%90%D7%99%D7%9E%D7%94%D7%95%D7%AA_%D7%91%D7%97%D7%96%D7%99%D7%AA; https://e.democrats.org.il/Democrats_OpenHouses/260416","70","הדגש על שוויון חוקתי ואזרחי תומך בקו של שוויון אזרחי, גם אם לא פורט בהקשר ערבים."
"איילת השחר סיידוף","דעות","יהודים־ערבים, שוויון אזרחי וחיים משותפים","D-033","תמיכה בשותפות פוליטית יהודית־ערבית כחלק מבניית מחנה דמוקרטי רחב","mixed","https://hagush.org.il/candidates.html; https://www.ynet.co.il/news/article/bkl4uet2bl; https://www.israelhayom.co.il/news/politics/article/14643397; https://he.wikipedia.org/wiki/%D7%90%D7%99%D7%9E%D7%94%D7%95%D7%AA_%D7%91%D7%97%D7%96%D7%99%D7%AA; https://e.democrats.org.il/Democrats_OpenHouses/260416","50","יש נגיעה לשיח אזרחות שווה עם דוברים דרוזים, אך לא מקור למדיניות שותפות פוליטית יהודית־ערבית."
"איילת השחר סיידוף","דעות","יהודים־ערבים, שוויון אזרחי וחיים משותפים","D-034","העדפה לשילוב אזרחים ערבים במוקדי קבלת החלטות, כולל בתחומים מדיניים וביטחוניים","unknown","לא נמצא מקור מספיק","0","לא נמצא מקור על שילוב אזרחים ערבים במוקדי קבלת החלטות מדיניים וביטחוניים."
"איילת השחר סיידוף","דעות","יהודים־ערבים, שוויון אזרחי וחיים משותפים","D-035","התנגדות לגזענות, הדרה או דה־לגיטימציה של הציבור הערבי בישראל","supports","https://hagush.org.il/candidates.html; https://www.ynet.co.il/news/article/bkl4uet2bl; https://www.israelhayom.co.il/news/politics/article/14643397; https://he.wikipedia.org/wiki/%D7%90%D7%99%D7%9E%D7%94%D7%95%D7%AA_%D7%91%D7%97%D7%96%D7%99%D7%AA; https://e.democrats.org.il/Democrats_OpenHouses/260416","62","קו השוויון האזרחי תומך בהתנגדות להדרה, אך אין מקור ייעודי על גזענות כלפי ערבים."
"איילת השחר סיידוף","דעות","יהודים־ערבים, שוויון אזרחי וחיים משותפים","D-036","הכרה בכך שחיים משותפים מחייבים גם התמודדות עם פחדים, טראומות וחוסר אמון בשני הצדדים","unknown","לא נמצא מקור מספיק","0","לא נמצא בסיס מספיק לעמדה על פחדים וטראומות בשני הצדדים היהודי־ערבי."
"איילת השחר סיידוף","דעות","ביטחון, פלסטינים והסדר מדיני","D-037","תמיכה בנתיב מדיני ארוך טווח מול הפלסטינים, גם לאחר שבעה באוקטובר","unknown","לא נמצא מקור מספיק","0","לא נמצא מקור מספיק לעמדה מדינית מול הפלסטינים לאחר שבעה באוקטובר."
"איילת השחר סיידוף","דעות","ביטחון, פלסטינים והסדר מדיני","D-038","העדפה להיפרדות מדינית וביטחונית מהפלסטינים כדי לשמור על ישראל יהודית ודמוקרטית","unknown","לא נמצא מקור מספיק","0","לא נמצא מקור מספיק על היפרדות מדינית־ביטחונית מהפלסטינים."
"איילת השחר סיידוף","דעות","ביטחון, פלסטינים והסדר מדיני","D-039","תמיכה בפתרון שתי מדינות או במודל קרוב לו כיעד אסטרטגי","unknown","לא נמצא מקור מספיק","0","לא נמצא מקור מספיק לתמיכה בפתרון שתי מדינות."
"איילת השחר סיידוף","דעות","ביטחון, פלסטינים והסדר מדיני","D-040","פתיחות למודלים מדיניים מורכבים כגון קונפדרציה, גבולות פתוחים או הסדר אזורי","unknown","לא נמצא מקור מספיק","0","לא נמצא מקור מספיק למודלים מדיניים מורכבים."
"איילת השחר סיידוף","דעות","ביטחון, פלסטינים והסדר מדיני","D-041","התנגדות להמשך שליטה ישראלית קבועה על אוכלוסייה פלסטינית ללא זכויות אזר מלאות","unknown","לא נמצא מקור מספיק","0","לא נמצא מקור מספיק על שליטה ישראלית קבועה באוכלוסייה פלסטינית."
"איילת השחר סיידוף","דעות","ביטחון, פלסטינים והסדר מדיני","D-042","ראיית הסדר אזורי עם מדינות ערביות מתונות כחלק מרכזי מהעתיד הביטחוני של ישראל","unknown","לא נמצא מקור מספיק","0","לא נמצא מקור מספיק על הסדר אזורי עם מדינות ערביות."
"איילת השחר סיידוף","דעות","שבעה באוקטובר, אחריות, חטופים וזיכרון לאומי","D-043","ראיית שבעה באוקטובר כאירוע שמחייב חשבון נפש מדינתי, מוסדי וחברתי עמוק","mixed","https://hagush.org.il/candidates.html; https://www.ynet.co.il/news/article/bkl4uet2bl; https://www.israelhayom.co.il/news/politics/article/14643397; https://he.wikipedia.org/wiki/%D7%90%D7%99%D7%9E%D7%94%D7%95%D7%AA_%D7%91%D7%97%D7%96%D7%99%D7%AA; https://e.democrats.org.il/Democrats_OpenHouses/260416","55","פעילותה מתבססת על שחיקת המשרתים לאחר המלחמה, אך לא נמצא ניסוח מלא של חשבון נפש מדינתי־חברתי."
"איילת השחר סיידוף","דעות","שבעה באוקטובר, אחריות, חטופים וזיכרון לאומי","D-044","תמיכה בוועדת חקירה ממלכתית ובאחריות אישית של הדרג המדיני והביטחוני","mixed","https://hagush.org.il/candidates.html; https://www.ynet.co.il/news/article/bkl4uet2bl; https://www.israelhayom.co.il/news/politics/article/14643397; https://he.wikipedia.org/wiki/%D7%90%D7%99%D7%9E%D7%94%D7%95%D7%AA_%D7%91%D7%97%D7%96%D7%99%D7%AA; https://e.democrats.org.il/Democrats_OpenHouses/260416","58","העתירות והביקורת על הממשלה מצביעות על דרישת אחריות, אך לא נמצא מקור מפורש לוועדת חקירה ממלכתית."
"איילת השחר סיידוף","דעות","שבעה באוקטובר, אחריות, חטופים וזיכרון לאומי","D-045","ראיית החטופים והמשפחות כסמל מוסרי מרכזי של אחריות המדינה לאזרחיה","unknown","לא נמצא מקור מספיק","0","לא נמצא מקור מספיק על החטופים ומשפחותיהם כסמל מוסרי מרכזי."
"איילת השחר סיידוף","דעות","שבעה באוקטובר, אחריות, חטופים וזיכרון לאומי","D-046","התנגדות לשימוש פוליטי ציני בכאב של משפחות, נפגעים או קהילות שנפגעו במלחמה","unknown","לא נמצא מקור מספיק","0","לא נמצא מקור מספיק על שימוש פוליטי בכאב משפחות ונפגעים."
"איילת השחר סיידוף","דעות","שבעה באוקטובר, אחריות, חטופים וזיכרון לאומי","D-047","תמיכה בשיקום העוטף והקהילות שנפגעו כחלק מהחוזה הבסיסי בין המדינה לאזרחיה","mixed","https://hagush.org.il/candidates.html; https://www.ynet.co.il/news/article/bkl4uet2bl; https://www.israelhayom.co.il/news/politics/article/14643397; https://he.wikipedia.org/wiki/%D7%90%D7%99%D7%9E%D7%94%D7%95%D7%AA_%D7%91%D7%97%D7%96%D7%99%D7%AA; https://e.democrats.org.il/Democrats_OpenHouses/260416","48","קיים עיסוק באחריות המדינה למשרתים, אך לא נמצא מקור ישיר על שיקום העוטף."
"איילת השחר סיידוף","דעות","שבעה באוקטובר, אחריות, חטופים וזיכרון לאומי","D-048","ראיית הטראומה של שבעה באוקטובר כבסיס לבניית מדיניות חדשה, לא רק כהצדקה להמשך מלחמה","mixed","https://hagush.org.il/candidates.html; https://www.ynet.co.il/news/article/bkl4uet2bl; https://www.israelhayom.co.il/news/politics/article/14643397; https://he.wikipedia.org/wiki/%D7%90%D7%99%D7%9E%D7%94%D7%95%D7%AA_%D7%91%D7%97%D7%96%D7%99%D7%AA; https://e.democrats.org.il/Democrats_OpenHouses/260416","50","פעילותה מציעה מדיניות חדשה סביב גיוס ושחיקה לאחר המלחמה, לא תפיסה רחבה של טראומת 7.10."
"איילת השחר סיידוף","דעות","חברה, כלכלה, רווחה ופריפריה","D-049","הצבת צמצום אי־שוויון חברתי־כלכלי כנושא מרכזי בזהות הפוליטית","unknown","לא נמצא מקור מספיק","0","לא נמצא מקור מספיק על צמצום אי־שוויון חברתי־כלכלי כנושא מרכזי."
"איילת השחר סיידוף","דעות","חברה, כלכלה, רווחה ופריפריה","D-050","תמיכה בהרחבת אחריות המדינה בתחומי דיור, חינוך, בריאות ורווחה","unknown","לא נמצא מקור מספיק","0","לא נמצא מקור מספיק על הרחבת אחריות המדינה בדיור, חינוך, בריאות ורווחה."
"איילת השחר סיידוף","דעות","חברה, כלכלה, רווחה ופריפריה","D-051","תמיכה בזכויות עובדים, עבודה מאורגנת והגנה על שכבות מוחלשות","unknown","לא נמצא מקור מספיק","0","לא נמצא מקור מספיק על זכויות עובדים ועבודה מאורגנת."
"איילת השחר סיידוף","דעות","חברה, כלכלה, רווחה ופריפריה","D-052","ראיית הפריפריה הגיאוגרפית והחברתית כשותפה אסטרטגית ולא כקהל יעד משני","unknown","לא נמצא מקור מספיק","0","לא נמצא מקור מספיק על הפריפריה כשותפה אסטרטגית."
"איילת השחר סיידוף","דעות","חברה, כלכלה, רווחה ופריפריה","D-053","תמיכה בהשקעה ארוכת טווח בנגב, בגליל, בעוטף ובערים מוחלשות","unknown","לא נמצא מקור מספיק","0","לא נמצא מקור מספיק על השקעה ארוכת טווח בנגב, גליל, עוטף וערים מוחלשות."
"איילת השחר סיידוף","דעות","חברה, כלכלה, רווחה ופריפריה","D-054","חיבור בין צדק חברתי לבין בניית מחנה פוליטי חדש ורחב יותר","unknown","לא נמצא מקור מספיק","0","לא נמצא מקור מספיק לחיבור צדק חברתי לבניית מחנה פוליטי רחב."
"איילת השחר סיידוף","דעות","סגנון פשרה, גבולות ויכולת הסכמה","D-055","נכונות לפשרות פוליטיות רחבות כדי לשקם את המדינה גם במחיר ויתור אידיאולוגי חלקי","unknown","לא נמצא מקור מספיק","0","לא נמצא מקור מספיק על נכונות לפשרות פוליטיות רחבות."
"איילת השחר סיידוף","דעות","סגנון פשרה, גבולות ויכולת הסכמה","D-056","הצבת קווים אדומים ברורים שמעליהם אין מקום לפשרה עם יריבים פוליטיים","supports","https://hagush.org.il/candidates.html; https://www.ynet.co.il/news/article/bkl4uet2bl; https://www.israelhayom.co.il/news/politics/article/14643397; https://he.wikipedia.org/wiki/%D7%90%D7%99%D7%9E%D7%94%D7%95%D7%AA_%D7%91%D7%97%D7%96%D7%99%D7%AA; https://e.democrats.org.il/Democrats_OpenHouses/260416","70","מאבקה מציב קו אדום ברור סביב שוויון בחובות וזכויות משרתים."
"איילת השחר סיידוף","דעות","סגנון פשרה, גבולות ויכולת הסכמה","D-057","העדפה להסכמות רחבות ולאיטיות על פני מהלכים חדים ומהירים","mixed","https://hagush.org.il/candidates.html; https://www.ynet.co.il/news/article/bkl4uet2bl; https://www.israelhayom.co.il/news/politics/article/14643397; https://he.wikipedia.org/wiki/%D7%90%D7%99%D7%9E%D7%94%D7%95%D7%AA_%D7%91%D7%97%D7%96%D7%99%D7%AA; https://e.democrats.org.il/Democrats_OpenHouses/260416","45","לא נמצא מקור להעדפת הסכמות איטיות; הסגנון בפועל הוא מחאתי ודחוף."
"איילת השחר סיידוף","דעות","סגנון פשרה, גבולות ויכולת הסכמה","D-058","העדפה למאבק חד וברור כאשר פשרה נתפסת ככניעה לכוחות אנטי־דמוקרטיים","supports","https://hagush.org.il/candidates.html; https://www.ynet.co.il/news/article/bkl4uet2bl; https://www.israelhayom.co.il/news/politics/article/14643397; https://he.wikipedia.org/wiki/%D7%90%D7%99%D7%9E%D7%94%D7%95%D7%AA_%D7%91%D7%97%D7%96%D7%99%D7%AA; https://e.democrats.org.il/Democrats_OpenHouses/260416","76","סגנון הפעולה שלה הוא מאבק חד וברור כאשר היא רואה פגיעה בשוויון ובחוק."
"איילת השחר סיידוף","דעות","סגנון פשרה, גבולות ויכולת הסכמה","D-059","יכולת להבחין בין פשרה עניינית לבין טשטוש ערכי מסוכן","mixed","https://hagush.org.il/candidates.html; https://www.ynet.co.il/news/article/bkl4uet2bl; https://www.israelhayom.co.il/news/politics/article/14643397; https://he.wikipedia.org/wiki/%D7%90%D7%99%D7%9E%D7%94%D7%95%D7%AA_%D7%91%D7%97%D7%96%D7%99%D7%AA; https://e.democrats.org.il/Democrats_OpenHouses/260416","55","היא מבחינה בין שוויון עקרוני לבין פשרות תפעוליות, אך לא נמצא דיון שיטתי על גבולות פשרה."
"איילת השחר סיידוף","דעות","סגנון פשרה, גבולות ויכולת הסכמה","D-060","נכונות לבנות קואליציות עתידיות עם גורמים שאינם שייכים למחנה הטבעי, אם הם מקבלים כללי משחק דמוקרטיים","mixed","https://hagush.org.il/candidates.html; https://www.ynet.co.il/news/article/bkl4uet2bl; https://www.israelhayom.co.il/news/politics/article/14643397; https://he.wikipedia.org/wiki/%D7%90%D7%99%D7%9E%D7%94%D7%95%D7%AA_%D7%91%D7%97%D7%96%D7%99%D7%AA; https://e.democrats.org.il/Democrats_OpenHouses/260416","50","יש שיח עם ח״כים וגורמים שונים, אך לא מקור מספיק לקואליציות עתידיות רחבות."
"איילת השחר סיידוף","יכולות","מומחיות מדינית, ביטחונית וממשלית","cap_001","ניסיון ישיר במערכות מדינה בכירות או במוקדי קבלת החלטות","partial","https://hagush.org.il/candidates.html; https://www.ynet.co.il/news/article/bkl4uet2bl; https://www.israelhayom.co.il/news/politics/article/14643397; https://he.wikipedia.org/wiki/%D7%90%D7%99%D7%9E%D7%94%D7%95%D7%AA_%D7%91%D7%97%D7%96%D7%99%D7%AA; https://e.democrats.org.il/Democrats_OpenHouses/260416","60","יש לה נוכחות בוועדות, בג״ץ וזירה ציבורית, אך לא תפקיד מדינתי בכיר."
"איילת השחר סיידוף","יכולות","מומחיות מדינית, ביטחונית וממשלית","cap_002","הבנה מוכחת של סוגיות מדיניות, ביטחוניות ואזוריות מורכבות","partial","https://hagush.org.il/candidates.html; https://www.ynet.co.il/news/article/bkl4uet2bl; https://www.israelhayom.co.il/news/politics/article/14643397; https://he.wikipedia.org/wiki/%D7%90%D7%99%D7%9E%D7%94%D7%95%D7%AA_%D7%91%D7%97%D7%96%D7%99%D7%AA; https://e.democrats.org.il/Democrats_OpenHouses/260416","62","מומחיותה מתמקדת בגיוס, מילואים ושוויון בנטל, לא בכל המעטפת הביטחונית־מדינית."
"איילת השחר סיידוף","יכולות","מומחיות מדינית, ביטחונית וממשלית","cap_003","ניסיון במשא ומתן, דיאלוג אסטרטגי או קשרים בינלאומיים","partial","https://hagush.org.il/candidates.html; https://www.ynet.co.il/news/article/bkl4uet2bl; https://www.israelhayom.co.il/news/politics/article/14643397; https://he.wikipedia.org/wiki/%D7%90%D7%99%D7%9E%D7%94%D7%95%D7%AA_%D7%91%D7%97%D7%96%D7%99%D7%AA; https://e.democrats.org.il/Democrats_OpenHouses/260416","55","המקורות מתארים קשר עם ח״כים ובני ישיבות, אך לא ניסיון אסטרטגי רחב."
"איילת השחר סיידוף","יכולות","מומחיות מדינית, ביטחונית וממשלית","cap_004","ניסיון צבאי, מודיעיני או ביטחוני בעל רלוונטיות לעבודה ציבורית","unknown","לא נמצא מקור מספיק","0","לא נמצא מקור לניסיון צבאי, מודיעיני או ביטחוני אישי רלוונטי."
"איילת השחר סיידוף","יכולות","מומחיות מדינית, ביטחונית וממשלית","cap_005","יכולת לגבש תפיסה מדינית־ביטחונית סדורה ולא רק עמדה ערכית כללית","partial","https://hagush.org.il/candidates.html; https://www.ynet.co.il/news/article/bkl4uet2bl; https://www.israelhayom.co.il/news/politics/article/14643397; https://he.wikipedia.org/wiki/%D7%90%D7%99%D7%9E%D7%94%D7%95%D7%AA_%D7%91%D7%97%D7%96%D7%99%D7%AA; https://e.democrats.org.il/Democrats_OpenHouses/260416","65","יש תפיסה ברורה בסוגיית גיוס ושוויון, אך לא תפיסה ביטחונית־מדינית כוללת."
"איילת השחר סיידוף","יכולות","מומחיות מדינית, ביטחונית וממשלית","cap_006","יכולת לחבר בין יעדים ביטחוניים לבין יעדים מדיניים ארוכי טווח","partial","https://hagush.org.il/candidates.html; https://www.ynet.co.il/news/article/bkl4uet2bl; https://www.israelhayom.co.il/news/politics/article/14643397; https://he.wikipedia.org/wiki/%D7%90%D7%99%D7%9E%D7%94%D7%95%D7%AA_%D7%91%D7%97%D7%96%D7%99%D7%AA; https://e.democrats.org.il/Democrats_OpenHouses/260416","60","מחברת בין צורכי כוח אדם בצה״ל לשוויון אזרחי, אך לא למדיניות מדינית ארוכת טווח."
"איילת השחר סיידוף","יכולות","ארגון, ניהול וביצוע","cap_007","ניסיון בהקמה וניהול של ארגונים, חברות, תנועות או מטות פעולה","has","https://hagush.org.il/candidates.html; https://www.ynet.co.il/news/article/bkl4uet2bl; https://www.israelhayom.co.il/news/politics/article/14643397; https://he.wikipedia.org/wiki/%D7%90%D7%99%D7%9E%D7%94%D7%95%D7%AA_%D7%91%D7%97%D7%96%D7%99%D7%AA; https://e.democrats.org.il/Democrats_OpenHouses/260416","88","מייסדת וראש תנועת אמהות בחזית."
"איילת השחר סיידוף","יכולות","ארגון, ניהול וביצוע","cap_008","יכולת להוביל צוותים, תקציבים, קהילות או מערכות מורכבות","has","https://hagush.org.il/candidates.html; https://www.ynet.co.il/news/article/bkl4uet2bl; https://www.israelhayom.co.il/news/politics/article/14643397; https://he.wikipedia.org/wiki/%D7%90%D7%99%D7%9E%D7%94%D7%95%D7%AA_%D7%91%D7%97%D7%96%D7%99%D7%AA; https://e.democrats.org.il/Democrats_OpenHouses/260416","82","הובילה תנועה ציבורית רחבה, פעילות כנסת, בג״ץ ומחאה."
"איילת השחר סיידוף","יכולות","ארגון, ניהול וביצוע","cap_009","הובלת מאבקים ציבוריים שהניבו תוצאות ממשיות","has","https://hagush.org.il/candidates.html; https://www.ynet.co.il/news/article/bkl4uet2bl; https://www.israelhayom.co.il/news/politics/article/14643397; https://he.wikipedia.org/wiki/%D7%90%D7%99%D7%9E%D7%94%D7%95%D7%AA_%D7%91%D7%97%D7%96%D7%99%D7%AA; https://e.democrats.org.il/Democrats_OpenHouses/260416","82","המאבק הביא נראות ציבורית, עתירות ודיון ציבורי משמעותי על גיוס חרדים."
"איילת השחר סיידוף","יכולות","ארגון, ניהול וביצוע","cap_010","יכולת להפוך רעיון כללי לתשתית פעולה מתמשכת","has","https://hagush.org.il/candidates.html; https://www.ynet.co.il/news/article/bkl4uet2bl; https://www.israelhayom.co.il/news/politics/article/14643397; https://he.wikipedia.org/wiki/%D7%90%D7%99%D7%9E%D7%94%D7%95%D7%AA_%D7%91%D7%97%D7%96%D7%99%D7%AA; https://e.democrats.org.il/Democrats_OpenHouses/260416","80","הפכה רעיון שוויון בגיוס לתנועה, עתירות ומערך מחאה מתמשך."
"איילת השחר סיידוף","יכולות","ארגון, ניהול וביצוע","cap_011","ניסיון בניהול משברים ציבוריים, פוליטיים או ארגוניים","partial","https://hagush.org.il/candidates.html; https://www.ynet.co.il/news/article/bkl4uet2bl; https://www.israelhayom.co.il/news/politics/article/14643397; https://he.wikipedia.org/wiki/%D7%90%D7%99%D7%9E%D7%94%D7%95%D7%AA_%D7%91%D7%97%D7%96%D7%99%D7%AA; https://e.democrats.org.il/Democrats_OpenHouses/260416","64","פועלת סביב משבר שחיקת מילואים וגיוס, אך אין ניסיון ניהולי משברי מדינתי."
"איילת השחר סיידוף","יכולות","ארגון, ניהול וביצוע","cap_012","מוכנות לקחת אחריות אישית גבוהה על מהלך ציבורי או ארגוני","has","https://hagush.org.il/candidates.html; https://www.ynet.co.il/news/article/bkl4uet2bl; https://www.israelhayom.co.il/news/politics/article/14643397; https://he.wikipedia.org/wiki/%D7%90%D7%99%D7%9E%D7%94%D7%95%D7%AA_%D7%91%D7%97%D7%96%D7%99%D7%AA; https://e.democrats.org.il/Democrats_OpenHouses/260416","80","היא מזוהה אישית עם אחריות גבוהה למהלך ציבורי טעון."
"איילת השחר סיידוף","יכולות","חקיקה, פוליטיקה ומוסדות","cap_013","ניסיון בעבודה פרלמנטרית, ועדות כנסת, חקיקה או הצעות חוק","partial","https://hagush.org.il/candidates.html; https://www.ynet.co.il/news/article/bkl4uet2bl; https://www.israelhayom.co.il/news/politics/article/14643397; https://he.wikipedia.org/wiki/%D7%90%D7%99%D7%9E%D7%94%D7%95%D7%AA_%D7%91%D7%97%D7%96%D7%99%D7%AA; https://e.democrats.org.il/Democrats_OpenHouses/260416","62","יש פעילות מול הכנסת ובג״ץ, אך לא ניסיון כחברת כנסת."
"איילת השחר סיידוף","יכולות","חקיקה, פוליטיקה ומוסדות","cap_014","היכרות מעשית עם מנגנוני מפלגות, פריימריז, רשימות וקואליציות","partial","https://hagush.org.il/candidates.html; https://www.ynet.co.il/news/article/bkl4uet2bl; https://www.israelhayom.co.il/news/politics/article/14643397; https://he.wikipedia.org/wiki/%D7%90%D7%99%D7%9E%D7%94%D7%95%D7%AA_%D7%91%D7%97%D7%96%D7%99%D7%AA; https://e.democrats.org.il/Democrats_OpenHouses/260416","55","כמועמדת ופעילה בדמוקרטים יש היכרות חלקית עם מנגנונים מפלגתיים."
"איילת השחר סיידוף","יכולות","חקיקה, פוליטיקה ומוסדות","cap_015","יכולת לפעול בתוך מוסדות קיימים ולא רק מחוץ להם","partial","https://hagush.org.il/candidates.html; https://www.ynet.co.il/news/article/bkl4uet2bl; https://www.israelhayom.co.il/news/politics/article/14643397; https://he.wikipedia.org/wiki/%D7%90%D7%99%D7%9E%D7%94%D7%95%D7%AA_%D7%91%D7%97%D7%96%D7%99%D7%AA; https://e.democrats.org.il/Democrats_OpenHouses/260416","60","פועלת מול מוסדות קיימים כגון בג״ץ וכנסת, אך בעיקר מבחוץ."
"איילת השחר סיידוף","יכולות","חקיקה, פוליטיקה ומוסדות","cap_016","ניסיון בבניית תנועה פוליטית, מפלגה או אלטרנטיבה שלטונית","partial","https://hagush.org.il/candidates.html; https://www.ynet.co.il/news/article/bkl4uet2bl; https://www.israelhayom.co.il/news/politics/article/14643397; https://he.wikipedia.org/wiki/%D7%90%D7%99%D7%9E%D7%94%D7%95%D7%AA_%D7%91%D7%97%D7%96%D7%99%D7%AA; https://e.democrats.org.il/Democrats_OpenHouses/260416","55","הקימה תנועה אזרחית ולא מפלגה מלאה."
"איילת השחר סיידוף","יכולות","חקיקה, פוליטיקה ומוסדות","cap_017","יכולת לייצר שיתופי פעולה בין זרמים, מפלגות או קבוצות אינטרס","partial","https://hagush.org.il/candidates.html; https://www.ynet.co.il/news/article/bkl4uet2bl; https://www.israelhayom.co.il/news/politics/article/14643397; https://he.wikipedia.org/wiki/%D7%90%D7%99%D7%9E%D7%94%D7%95%D7%AA_%D7%91%D7%97%D7%96%D7%99%D7%AA; https://e.democrats.org.il/Democrats_OpenHouses/260416","60","יצרה שיתופי פעולה עם גורמים שונים, אך לא נמצא היקף פוליטי רחב."
"איילת השחר סיידוף","יכולות","חקיקה, פוליטיקה ומוסדות","cap_018","יכולת לתרגם עמדות אידיאולוגיות לפעולות מוסדיות או חקיקתיות","partial","https://hagush.org.il/candidates.html; https://www.ynet.co.il/news/article/bkl4uet2bl; https://www.israelhayom.co.il/news/politics/article/14643397; https://he.wikipedia.org/wiki/%D7%90%D7%99%D7%9E%D7%94%D7%95%D7%AA_%D7%91%D7%97%D7%96%D7%99%D7%AA; https://e.democrats.org.il/Democrats_OpenHouses/260416","65","מתרגמת דרישת שוויון לעתירות, לובי ופעולות מוסדיות."
"איילת השחר סיידוף","יכולות","תקשורת, הסברה והשפעה ציבורית","cap_019","יכולת ליצור מסרים חדים, ברורים וזכירים","has","https://hagush.org.il/candidates.html; https://www.ynet.co.il/news/article/bkl4uet2bl; https://www.israelhayom.co.il/news/politics/article/14643397; https://he.wikipedia.org/wiki/%D7%90%D7%99%D7%9E%D7%94%D7%95%D7%AA_%D7%91%D7%97%D7%96%D7%99%D7%AA; https://e.democrats.org.il/Democrats_OpenHouses/260416","82","מסריה הציבוריים סביב שוויון בגיוס חדים וזכירים."
"איילת השחר סיידוף","יכולות","תקשורת, הסברה והשפעה ציבורית","cap_020","יכולת לייצר תוכן דיגיטלי, ויראלי או תקשורתי שמגיע לקהלים רחבים","partial","https://hagush.org.il/candidates.html; https://www.ynet.co.il/news/article/bkl4uet2bl; https://www.israelhayom.co.il/news/politics/article/14643397; https://he.wikipedia.org/wiki/%D7%90%D7%99%D7%9E%D7%94%D7%95%D7%AA_%D7%91%D7%97%D7%96%D7%99%D7%AA; https://e.democrats.org.il/Democrats_OpenHouses/260416","62","יש נוכחות תקשורתית וסרטונים, אך לא נמצא מערך דיגיטלי רחב."
"איילת השחר סיידוף","יכולות","תקשורת, הסברה והשפעה ציבורית","cap_021","ניסיון בהופעה ציבורית, ראיונות, פודקאסטים, קולנוע, כתיבה או הרצאות","has","https://hagush.org.il/candidates.html; https://www.ynet.co.il/news/article/bkl4uet2bl; https://www.israelhayom.co.il/news/politics/article/14643397; https://he.wikipedia.org/wiki/%D7%90%D7%99%D7%9E%D7%94%D7%95%D7%AA_%D7%91%D7%97%D7%96%D7%99%D7%AA; https://e.democrats.org.il/Democrats_OpenHouses/260416","80","מופיעה בכנסת, בבג״ץ, בפודקאסטים ובתקשורת."
"איילת השחר סיידוף","יכולות","תקשורת, הסברה והשפעה ציבורית","cap_022","יכולת להסביר נושאים מורכבים בשפה נגישה ולא טכנוקרטית","has","https://hagush.org.il/candidates.html; https://www.ynet.co.il/news/article/bkl4uet2bl; https://www.israelhayom.co.il/news/politics/article/14643397; https://he.wikipedia.org/wiki/%D7%90%D7%99%D7%9E%D7%94%D7%95%D7%AA_%D7%91%D7%97%D7%96%D7%99%D7%AA; https://e.democrats.org.il/Democrats_OpenHouses/260416","75","מסבירה סוגיה משפטית־חברתית בשפה ציבורית נגישה."
"איילת השחר סיידוף","יכולות","תקשורת, הסברה והשפעה ציבורית","cap_023","יכולת לנהל מאבק תודעתי מול יריבים פוליטיים או תקשורתיים","has","https://hagush.org.il/candidates.html; https://www.ynet.co.il/news/article/bkl4uet2bl; https://www.israelhayom.co.il/news/politics/article/14643397; https://he.wikipedia.org/wiki/%D7%90%D7%99%D7%9E%D7%94%D7%95%D7%AA_%D7%91%D7%97%D7%96%D7%99%D7%AA; https://e.democrats.org.il/Democrats_OpenHouses/260416","78","מנהלת מאבק תודעתי מול חרדים, ממשלה ולעיתים גם מול מוסדות משפטיים."
"איילת השחר סיידוף","יכולות","תקשורת, הסברה והשפעה ציבורית","cap_024","יכולת להפוך סיפור אישי או ערכי לכלי גיוס ציבורי","has","https://hagush.org.il/candidates.html; https://www.ynet.co.il/news/article/bkl4uet2bl; https://www.israelhayom.co.il/news/politics/article/14643397; https://he.wikipedia.org/wiki/%D7%90%D7%99%D7%9E%D7%94%D7%95%D7%AA_%D7%91%D7%97%D7%96%D7%99%D7%AA; https://e.democrats.org.il/Democrats_OpenHouses/260416","78","סיפורה כאם למשרתים משמש כלי גיוס ציבורי."
"איילת השחר סיידוף","יכולות","חיבור בין קהלים ועולמות","cap_025","יכולת לחבר בין יהודים לערבים בתוך מסגרת פוליטית או אזרחית משותפת","partial","https://hagush.org.il/candidates.html; https://www.ynet.co.il/news/article/bkl4uet2bl; https://www.israelhayom.co.il/news/politics/article/14643397; https://he.wikipedia.org/wiki/%D7%90%D7%99%D7%9E%D7%94%D7%95%D7%AA_%D7%91%D7%97%D7%96%D7%99%D7%AA; https://e.democrats.org.il/Democrats_OpenHouses/260416","50","נמצאה השתתפות בשיח אזרחות שווה, אך זה לא מוקד יכולת מרכזי."
"איילת השחר סיידוף","יכולות","חיבור בין קהלים ועולמות","cap_026","יכולת לחבר בין שמאל ליברלי לבין פריפריה מזרחית, מסורתית או גיאוגרפית","unknown","לא נמצא מקור מספיק","0","לא נמצא מקור מספיק לחיבור בין שמאל ליברלי לפריפריה מזרחית/מסורתית."
"איילת השחר סיידוף","יכולות","חיבור בין קהלים ועולמות","cap_027","יכולת לחבר בין עולם המחאה לבין עבודה מפלגתית ומוסדית","has","https://hagush.org.il/candidates.html; https://www.ynet.co.il/news/article/bkl4uet2bl; https://www.israelhayom.co.il/news/politics/article/14643397; https://he.wikipedia.org/wiki/%D7%90%D7%99%D7%9E%D7%94%D7%95%D7%AA_%D7%91%D7%97%D7%96%D7%99%D7%AA; https://e.democrats.org.il/Democrats_OpenHouses/260416","74","מחברת בין עולם המחאה לבין התמודדות מפלגתית בדמוקרטים."
"איילת השחר סיידוף","יכולות","חיבור בין קהלים ועולמות","cap_028","יכולת לחבר בין היי־טק, חדשנות ודיגיטל לבין פוליטיקה ציבורית","unknown","לא נמצא מקור מספיק","0","לא נמצא מקור לשימוש בהיי־טק או חדשנות דיגיטלית כפוליטיקה."
"איילת השחר סיידוף","יכולות","חיבור בין קהלים ועולמות","cap_029","יכולת לחבר בין שפה מקצועית־ביטחונית לבין שפה אזרחית וערכית","partial","https://hagush.org.il/candidates.html; https://www.ynet.co.il/news/article/bkl4uet2bl; https://www.israelhayom.co.il/news/politics/article/14643397; https://he.wikipedia.org/wiki/%D7%90%D7%99%D7%9E%D7%94%D7%95%D7%AA_%D7%91%D7%97%D7%96%D7%99%D7%AA; https://e.democrats.org.il/Democrats_OpenHouses/260416","62","מחברת בין צורכי צבא וגיוס לבין שפה אזרחית־ערכית."
"איילת השחר סיידוף","יכולות","חיבור בין קהלים ועולמות","cap_030","אמינות מול קהילות שטח ולא רק מול קהל תקשורתי או אליטיסטי","has","https://hagush.org.il/candidates.html; https://www.ynet.co.il/news/article/bkl4uet2bl; https://www.israelhayom.co.il/news/politics/article/14643397; https://he.wikipedia.org/wiki/%D7%90%D7%99%D7%9E%D7%94%D7%95%D7%AA_%D7%91%D7%97%D7%96%D7%99%D7%AA; https://e.democrats.org.il/Democrats_OpenHouses/260416","78","אמינה מול קהילות הורים למשרתים ומילואימניקים."
"איילת השחר סיידוף","יכולות","חדשנות, למידה ושיתוף ציבור","cap_031","שימוש בטכנולוגיה, מידע או כלים דיגיטליים לשיתוף ציבור וארגון פוליטי","partial","https://hagush.org.il/candidates.html; https://www.ynet.co.il/news/article/bkl4uet2bl; https://www.israelhayom.co.il/news/politics/article/14643397; https://he.wikipedia.org/wiki/%D7%90%D7%99%D7%9E%D7%94%D7%95%D7%AA_%D7%91%D7%97%D7%96%D7%99%D7%AA; https://e.democrats.org.il/Democrats_OpenHouses/260416","58","יש שימוש בכלים תקשורתיים וארגון מחאה, אך לא מקור על מערכת דיגיטלית ייחודית."
"איילת השחר סיידוף","יכולות","חדשנות, למידה ושיתוף ציבור","cap_032","חשיבה מערכתית שמזהה קשרים בין משבר פוליטי, כלכלה, ביטחון וחברה","partial","https://hagush.org.il/candidates.html; https://www.ynet.co.il/news/article/bkl4uet2bl; https://www.israelhayom.co.il/news/politics/article/14643397; https://he.wikipedia.org/wiki/%D7%90%D7%99%D7%9E%D7%94%D7%95%D7%AA_%D7%91%D7%97%D7%96%D7%99%D7%AA; https://e.democrats.org.il/Democrats_OpenHouses/260416","62","מחברת בין ביטחון, שוויון, חוק וחברה בסוגיית הגיוס."
"איילת השחר סיידוף","יכולות","חדשנות, למידה ושיתוף ציבור","cap_033","יזמות בפתרונות לא שגרתיים לבעיות פוליטיות או חברתיות","has","https://hagush.org.il/candidates.html; https://www.ynet.co.il/news/article/bkl4uet2bl; https://www.israelhayom.co.il/news/politics/article/14643397; https://he.wikipedia.org/wiki/%D7%90%D7%99%D7%9E%D7%94%D7%95%D7%AA_%D7%91%D7%97%D7%96%D7%99%D7%AA; https://e.democrats.org.il/Democrats_OpenHouses/260416","70","הקימה תנועה ועתירות סביב מודל אזרחי לא שגרתי של אמהות למשרתים."
"איילת השחר סיידוף","יכולות","חדשנות, למידה ושיתוף ציבור","cap_034","יכולת ללמוד תחומים חדשים ולהפוך אותם לשפה ציבורית ברורה","partial","https://hagush.org.il/candidates.html; https://www.ynet.co.il/news/article/bkl4uet2bl; https://www.israelhayom.co.il/news/politics/article/14643397; https://he.wikipedia.org/wiki/%D7%90%D7%99%D7%9E%D7%94%D7%95%D7%AA_%D7%91%D7%97%D7%96%D7%99%D7%AA; https://e.democrats.org.il/Democrats_OpenHouses/260416","58","הראתה יכולת למידה משפטית־ציבורית, אך אין תיעוד רחב."
"איילת השחר סיידוף","יכולות","חדשנות, למידה ושיתוף ציבור","cap_035","שילוב בין ידע מקצועי, ניסיון אישי וערכים פוליטיים","has","https://hagush.org.il/candidates.html; https://www.ynet.co.il/news/article/bkl4uet2bl; https://www.israelhayom.co.il/news/politics/article/14643397; https://he.wikipedia.org/wiki/%D7%90%D7%99%D7%9E%D7%94%D7%95%D7%AA_%D7%91%D7%97%D7%96%D7%99%D7%AA; https://e.democrats.org.il/Democrats_OpenHouses/260416","74","משלבת ידע משפטי, ניסיון אישי כאם וערך פוליטי של שוויון."
"איילת השחר סיידוף","יכולות","חדשנות, למידה ושיתוף ציבור","cap_036","פתיחות לניסויים ארגוניים ודמוקרטיים חדשים ולא רק לשיטות פוליטיות קיימות","partial","https://hagush.org.il/candidates.html; https://www.ynet.co.il/news/article/bkl4uet2bl; https://www.israelhayom.co.il/news/politics/article/14643397; https://he.wikipedia.org/wiki/%D7%90%D7%99%D7%9E%D7%94%D7%95%D7%AA_%D7%91%D7%97%D7%96%D7%99%D7%AA; https://e.democrats.org.il/Democrats_OpenHouses/260416","56","תנועת המחאה כוללת ניסויים ארגוניים, אך לא מודל דמוקרטי חדש מפורט."
"רם שפע","דעות","דמוקרטיה, משילות ותיקון מוסדות המדינה","D-001","נטייה לתיקון חוקתי ומוסדי עמוק, ולא רק להחלפת ממשלה","supports","https://hagush.org.il/candidates.html; https://www.knesset.tv/knesset-members/ram-shefa/; https://main.knesset.gov.il/mk/pages/mkpersonaldetails.aspx?mkid=1023; https://democrats.org.il/events/160725a/; https://democrats.org.il/","68","הרקע כח״כ לשעבר וכיו״ר ועדת החינוך, לצד השתייכות לדמוקרטים שמדגישים תיקון דמוקרטי ומוסדי, נותנים בסיס לנטייה לתיקון מוסדי; לא נמצא מצע חוקתי אישי מלא."
"רם שפע","דעות","דמוקרטיה, משילות ותיקון מוסדות המדינה","D-002","ראיית המשבר הדמוקרטי כתוצאה של שיטה פוליטית פגומה ולא רק של אדם או ממשלה מסוימת","mixed","https://hagush.org.il/candidates.html; https://www.knesset.tv/knesset-members/ram-shefa/; https://main.knesset.gov.il/mk/pages/mkpersonaldetails.aspx?mkid=1023; https://democrats.org.il/events/160725a/; https://democrats.org.il/","58","יש בסיס לזיהוי המשבר כשבר דמוקרטי־מוסדי דרך פעילותו בדמוקרטים וניסיונו הפרלמנטרי, אך לא נמצא ניתוח אישי מפורט של השיטה הפוליטית כולה."
"רם שפע","דעות","דמוקרטיה, משילות ותיקון מוסדות המדינה","D-003","נכונות למאבק ציבורי חריף כאשר מוסדות המדינה נתפסים כמאוימים","supports","https://hagush.org.il/candidates.html; https://www.knesset.tv/knesset-members/ram-shefa/; https://main.knesset.gov.il/mk/pages/mkpersonaldetails.aspx?mkid=1023; https://democrats.org.il/events/160725a/; https://democrats.org.il/","70","השתייכותו לדמוקרטים, פעילותו הציבורית וניסיונו במאבקי סטודנטים וחינוך תומכים בנכונות למאבק ציבורי כאשר מוסדות וזכויות נתפסים כמאוימים."
"רם שפע","דעות","דמוקרטיה, משילות ותיקון מוסדות המדינה","D-004","העדפה לשיקום ממלכתי, זהיר ומוסדי של המדינה לאחר המשבר","supports","https://hagush.org.il/candidates.html; https://www.knesset.tv/knesset-members/ram-shefa/; https://main.knesset.gov.il/mk/pages/mkpersonaldetails.aspx?mkid=1023; https://democrats.org.il/events/160725a/; https://democrats.org.il/","72","כח״כ לשעבר, יו״ר ועדת חינוך ופעיל ציבורי מוסדי, הפרופיל שלו מתאים לשיקום ממלכתי וזהיר דרך מוסדות המדינה."
"רם שפע","דעות","דמוקרטיה, משילות ותיקון מוסדות המדינה","D-005","תמיכה בשיתוף ציבור, דמוקרטיה פנימית ושקיפות בתוך המפלגה ובמערכת הפוליטית","mixed","https://hagush.org.il/candidates.html; https://www.knesset.tv/knesset-members/ram-shefa/; https://main.knesset.gov.il/mk/pages/mkpersonaldetails.aspx?mkid=1023; https://democrats.org.il/events/160725a/; https://democrats.org.il/","55","ניסיונו בהתאחדות הסטודנטים ובמוסדות ציבור תומך בשיתוף וייצוג, אך לא נמצא מקור אישי ברור על דמוקרטיה פנימית מפלגתית ושקיפות."
"רם שפע","דעות","דמוקרטיה, משילות ותיקון מוסדות המדינה","D-006","נכונות להגביל כוח שלטוני גם כאשר הכוח נמצא בידי המחנה הקרוב אידיאולוגית","supports","https://hagush.org.il/candidates.html; https://www.knesset.tv/knesset-members/ram-shefa/; https://main.knesset.gov.il/mk/pages/mkpersonaldetails.aspx?mkid=1023; https://democrats.org.il/events/160725a/; https://democrats.org.il/","65","השתייכות למחנה דמוקרטי־ליברלי וניסיון פרלמנטרי תומכים בהגבלת כוח שלטוני, גם אם אין אמירה פרטנית על מגבלות הכוח של המחנה שלו."
"רם שפע","דעות","יחס למחנה השני ויכולת גישור","D-007","ראיית מצביעי המחנה השני כיריבים פוליטיים לגיטימיים ולא כאויבים","supports","https://hagush.org.il/candidates.html; https://www.knesset.tv/knesset-members/ram-shefa/; https://main.knesset.gov.il/mk/pages/mkpersonaldetails.aspx?mkid=1023; https://democrats.org.il/events/160725a/; https://democrats.org.il/","62","הרקע החינוכי, הקיבוצי והפרלמנטרי מצביע על תפיסת יריבים כשותפים אפשריים למשחק דמוקרטי ולא כאויבים."
"רם שפע","דעות","יחס למחנה השני ויכולת גישור","D-008","הבחנה בין הנהגת המחנה השני לבין הציבור הרחב שתומך בה","mixed","https://hagush.org.il/candidates.html; https://www.knesset.tv/knesset-members/ram-shefa/; https://main.knesset.gov.il/mk/pages/mkpersonaldetails.aspx?mkid=1023; https://democrats.org.il/events/160725a/; https://democrats.org.il/","55","אפשר להסיק הבחנה מסוימת בין הנהגות לבין ציבור רחב מתוך סגנון ממלכתי וחינוכי, אך אין מקור ישיר מספיק."
"רם שפע","דעות","יחס למחנה השני ויכולת גישור","D-009","אמונה שאפשר לבנות גשר מחודש בין המחנה הדמוקרטי־ליברלי לבין חלקים מהימין המסורתי","mixed","https://hagush.org.il/candidates.html; https://www.knesset.tv/knesset-members/ram-shefa/; https://main.knesset.gov.il/mk/pages/mkpersonaldetails.aspx?mkid=1023; https://democrats.org.il/events/160725a/; https://democrats.org.il/","55","ניסיון בעבודה עם קהלים צעירים ומגוונים תומך בגישור חלקי, אך לא נמצא בסיס ברור לחיבור מחודש עם ימין מסורתי."
"רם שפע","דעות","יחס למחנה השני ויכולת גישור","D-010","העדפה להכרעה פוליטית ברורה על פני פיוס מוקדם עם המחנה השני","mixed","https://hagush.org.il/candidates.html; https://www.knesset.tv/knesset-members/ram-shefa/; https://main.knesset.gov.il/mk/pages/mkpersonaldetails.aspx?mkid=1023; https://democrats.org.il/events/160725a/; https://democrats.org.il/","50","יש בו גם רכיב מוסדי ומתון וגם השתייכות למחנה מאבק דמוקרטי; אין בסיס לקביעה חד־משמעית בין הכרעה לפיוס."
"רם שפע","דעות","יחס למחנה השני ויכולת גישור","D-011","נכונות לשיח עם דתיים, מסורתיים, חרדים וימנים גם כאשר קיימת מחלוקת ערכית עמוקה","supports","https://hagush.org.il/candidates.html; https://www.knesset.tv/knesset-members/ram-shefa/; https://main.knesset.gov.il/mk/pages/mkpersonaldetails.aspx?mkid=1023; https://democrats.org.il/events/160725a/; https://democrats.org.il/","66","בכהונתו בהתאחדות הסטודנטים פתח תקן לנציג מהמגזר החרדי, והרקע החינוכי תומך בנכונות לשיח עם קהלים דתיים ומסורתיים."
"רם שפע","דעות","יחס למחנה השני ויכולת גישור","D-012","ראיית חלק מהמחנה השני כשותף עתידי אפשרי לשיקום המדינה לאחר עידן נתניהו","mixed","https://hagush.org.il/candidates.html; https://www.knesset.tv/knesset-members/ram-shefa/; https://main.knesset.gov.il/mk/pages/mkpersonaldetails.aspx?mkid=1023; https://democrats.org.il/events/160725a/; https://democrats.org.il/","55","הפרופיל הממלכתי מאפשר שותפות עתידית מסוימת, אך לא נמצא מקור מפורש על שותפות עם חלקי המחנה השני לאחר עידן נתניהו."
"רם שפע","דעות","שסעים פנימיים בחברה היהודית","D-013","ראיית השסע העדתי והפריפריאלי כמרכיב מרכזי במשבר הפוליטי בישראל","mixed","https://hagush.org.il/candidates.html; https://www.knesset.tv/knesset-members/ram-shefa/; https://main.knesset.gov.il/mk/pages/mkpersonaldetails.aspx?mkid=1023; https://democrats.org.il/events/160725a/; https://democrats.org.il/","50","יש רגישות חברתית ופריפריאלית מסוימת, אך לא נמצא מקור שמציב את השסע העדתי כמרכיב מרכזי במשבר."
"רם שפע","דעות","שסעים פנימיים בחברה היהודית","D-014","נכונות לדבר עם מצביעים מזרחים, מסורתיים ופריפריאליים בשפה שאינה מתנשאת ואינה רק ליברלית־אשכנזית","mixed","https://hagush.org.il/candidates.html; https://www.knesset.tv/knesset-members/ram-shefa/; https://main.knesset.gov.il/mk/pages/mkpersonaldetails.aspx?mkid=1023; https://democrats.org.il/events/160725a/; https://democrats.org.il/","52","הרקע בחינוך, קיבוצים ופעילות חברתית מלמד על יכולת דיבור לא מתנשאת, אך אין מקור ישיר על שיח מזרחי־מסורתי ופריפריאלי."
"רם שפע","דעות","שסעים פנימיים בחברה היהודית","D-015","ראיית השסע הדתי־חילוני כאיום מרכזי על הלכידות של החברה היהודית בישראל","supports","https://hagush.org.il/candidates.html; https://www.knesset.tv/knesset-members/ram-shefa/; https://main.knesset.gov.il/mk/pages/mkpersonaldetails.aspx?mkid=1023; https://democrats.org.il/events/160725a/; https://democrats.org.il/","60","עיסוקו בייצוג חרדי בהתאחדות ובחינוך תומך בזיהוי השסע הדתי־חילוני כסוגיה חברתית משמעותית."
"רם שפע","דעות","שסעים פנימיים בחברה היהודית","D-016","תמיכה בבניית ברית חדשה בין ליברלים, מסורתיים, דתיים מתונים ופריפריה חברתית","supports","https://hagush.org.il/candidates.html; https://www.knesset.tv/knesset-members/ram-shefa/; https://main.knesset.gov.il/mk/pages/mkpersonaldetails.aspx?mkid=1023; https://democrats.org.il/events/160725a/; https://democrats.org.il/","60","הרקע בחינוך, סטודנטים ותנועה קיבוצית מתאים לבניית ברית רחבה יחסית בין ליברלים, מסורתיים וקהילות שטח."
"רם שפע","דעות","שסעים פנימיים בחברה היהודית","D-017","ביקורת על מחנה המרכז־שמאל כאשר הוא נתפס כמנותק, אליטיסטי או חסר רגישות לפריפריה","unknown","https://hagush.org.il/candidates.html; https://www.knesset.tv/knesset-members/ram-shefa/; https://main.knesset.gov.il/mk/pages/mkpersonaldetails.aspx?mkid=1023; https://democrats.org.il/events/160725a/; https://democrats.org.il/","0","לא נמצא מקור מספיק לביקורת שלו על מחנה המרכז־שמאל כאליטיסטי או מנותק מהפריפריה."
"רם שפע","דעות","שסעים פנימיים בחברה היהודית","D-018","העדפה לתיקון יחסי מרכז־פריפריה כחלק מבניית מחנה דמוקרטי רחב","supports","https://hagush.org.il/candidates.html; https://www.knesset.tv/knesset-members/ram-shefa/; https://main.knesset.gov.il/mk/pages/mkpersonaldetails.aspx?mkid=1023; https://democrats.org.il/events/160725a/; https://democrats.org.il/","65","פעילותו בסטודנטים, קהילות צעירים ומרחב כפרי תומכת בתיקון יחסי מרכז־פריפריה כחלק ממחנה רחב."
"רם שפע","דעות","מדינה יהודית ודמוקרטית, דת ומדינה","D-019","העדפה לזהות ישראלית שבה הרכיב הדמוקרטי קודם לרכיב הדתי־לאומי כאשר יש התנגשות ביניהם","supports","https://hagush.org.il/candidates.html; https://www.knesset.tv/knesset-members/ram-shefa/; https://main.knesset.gov.il/mk/pages/mkpersonaldetails.aspx?mkid=1023; https://democrats.org.il/events/160725a/; https://democrats.org.il/","66","השתייכותו לדמוקרטים ולמחנה ליברלי־דמוקרטי תומכת בהעדפת עקרונות דמוקרטיים כאשר הם מתנגשים בכפייה דתית־לאומית."
"רם שפע","דעות","מדינה יהודית ודמוקרטית, דת ומדינה","D-020","העדפה לזהות ישראלית שבה היהדות היא מקור תרבותי וערכי, אך אינה צריכה לשלוט במוסדות המדינה","supports","https://hagush.org.il/candidates.html; https://www.knesset.tv/knesset-members/ram-shefa/; https://main.knesset.gov.il/mk/pages/mkpersonaldetails.aspx?mkid=1023; https://democrats.org.il/events/160725a/; https://democrats.org.il/","58","הרקע החילוני־חינוכי והשתייכות לדמוקרטים תומכים ביהדות כתרבות וערך ללא שליטה דתית במוסדות המדינה; אין פירוט אישי רחב."
"רם שפע","דעות","מדינה יהודית ודמוקרטית, דת ומדינה","D-021","תמיכה בהפרדה ברורה יותר בין סמכות דתית לבין סמכות מדינתית","supports","https://hagush.org.il/candidates.html; https://www.knesset.tv/knesset-members/ram-shefa/; https://main.knesset.gov.il/mk/pages/mkpersonaldetails.aspx?mkid=1023; https://democrats.org.il/events/160725a/; https://democrats.org.il/","62","המסגרת המפלגתית והפרופיל הליברלי תומכים בהפרדה ברורה יותר בין סמכות דתית למדינתית."
"רם שפע","דעות","מדינה יהודית ודמוקרטית, דת ומדינה","D-022","נכונות לשמר מרכיבים יהודיים־מסורתיים במרחב הציבורי כדי לאפשר שותפות עם ציבור מסורתי ודתי","mixed","https://hagush.org.il/candidates.html; https://www.knesset.tv/knesset-members/ram-shefa/; https://main.knesset.gov.il/mk/pages/mkpersonaldetails.aspx?mkid=1023; https://democrats.org.il/events/160725a/; https://democrats.org.il/","50","כקיבוצניק ואיש חינוך ייתכן כבוד למסורת יהודית במרחב הציבורי, אך אין מקור אישי מספיק."
"רם שפע","דעות","מדינה יהודית ודמוקרטית, דת ומדינה","D-023","התנגדות לכפייה דתית בנושאי נישואין, שבת, חינוך, מעמד אישי או שירות ציבורי","supports","https://hagush.org.il/candidates.html; https://www.knesset.tv/knesset-members/ram-shefa/; https://main.knesset.gov.il/mk/pages/mkpersonaldetails.aspx?mkid=1023; https://democrats.org.il/events/160725a/; https://democrats.org.il/","68","השתייכותו למחנה דמוקרטי־ליברלי ושמאל־מרכז תומכת בהתנגדות לכפייה דתית בנישואין, שבת, חינוך ושירות ציבורי."
"רם שפע","דעות","מדינה יהודית ודמוקרטית, דת ומדינה","D-024","תמיכה בשוויון חובות אזרחיות בין קבוצות, כולל שאלת גיוס חרדים או שירות אזרחי","supports","https://hagush.org.il/candidates.html; https://www.knesset.tv/knesset-members/ram-shefa/; https://main.knesset.gov.il/mk/pages/mkpersonaldetails.aspx?mkid=1023; https://democrats.org.il/events/160725a/; https://democrats.org.il/","62","הרקע האזרחי והמפלגתי תומך בשוויון חובות אזרחיות, אך לא נמצא מקור אישי חד על גיוס חרדים או שירות אזרחי."
"רם שפע","דעות","הפרדה, גישור או שתי מדינות לעם היהודי","D-025","אמונה שהפער בין ישראל ליברלית לבין ישראל שמרנית־דתית עדיין ניתן לגישור פוליטי וחברתי","mixed","https://hagush.org.il/candidates.html; https://www.knesset.tv/knesset-members/ram-shefa/; https://main.knesset.gov.il/mk/pages/mkpersonaldetails.aspx?mkid=1023; https://democrats.org.il/events/160725a/; https://democrats.org.il/","55","הפרופיל החינוכי והממלכתי תומך בגישור, אך אין מקור שמציג תיאוריה ברורה על גישור בין ישראל ליברלית לשמרנית־דתית."
"רם שפע","דעות","הפרדה, גישור או שתי מדינות לעם היהודי","D-026","ראיית הפער בין המחנות כעמוק עד כדי צורך בהסדרים של אוטונומיה, ביזור או הפרדה חלקית","unknown","https://hagush.org.il/candidates.html; https://www.knesset.tv/knesset-members/ram-shefa/; https://main.knesset.gov.il/mk/pages/mkpersonaldetails.aspx?mkid=1023; https://democrats.org.il/events/160725a/; https://democrats.org.il/","0","לא נמצא בסיס לקביעה שהוא תומך בביזור או הפרדה חלקית בגלל עומק הפער בין המחנות."
"רם שפע","דעות","הפרדה, גישור או שתי מדינות לעם היהודי","D-027","תמיכה בביזור סמכויות לשלטון מקומי כדי לאפשר לקהילות שונות לחיות לפי אורחות חיים שונים","supports","https://hagush.org.il/candidates.html; https://www.knesset.tv/knesset-members/ram-shefa/; https://main.knesset.gov.il/mk/pages/mkpersonaldetails.aspx?mkid=1023; https://democrats.org.il/events/160725a/; https://democrats.org.il/","62","הרקע הקיבוצי, עבודתו עם קהילות ופעילותו מול מובילי קיבוצים נותנים בסיס לתמיכה בביזור ושלטון מקומי."
"רם שפע","דעות","הפרדה, גישור או שתי מדינות לעם היהודי","D-028","התנגדות לרעיון של שתי מדינות לעם היהודי והעדפה למאבק על מסגרת מדינתית אחת משותפת","supports","https://hagush.org.il/candidates.html; https://www.knesset.tv/knesset-members/ram-shefa/; https://main.knesset.gov.il/mk/pages/mkpersonaldetails.aspx?mkid=1023; https://democrats.org.il/events/160725a/; https://democrats.org.il/","55","הפרופיל הממלכתי והדמוקרטי תומך במאבק על מסגרת מדינתית אחת משותפת, אך אין מקור ישיר נגד רעיון שתי מדינות לעם היהודי."
"רם שפע","דעות","הפרדה, גישור או שתי מדינות לעם היהודי","D-029","פתיחות לרעיון של הסדרים פנימיים חדשים בין חילונים, דתיים, חרדים, מסורתיים וליברלים","mixed","https://hagush.org.il/candidates.html; https://www.knesset.tv/knesset-members/ram-shefa/; https://main.knesset.gov.il/mk/pages/mkpersonaldetails.aspx?mkid=1023; https://democrats.org.il/events/160725a/; https://democrats.org.il/","55","יש פתיחות לגיוון קהילתי דרך ניסיון חינוכי וחברתי, אך אין עמדה מפורטת על הסדרים פנימיים חדשים."
"רם שפע","דעות","הפרדה, גישור או שתי מדינות לעם היהודי","D-030","ראיית המשבר הישראלי לא רק כמאבק ימין־שמאל אלא כמאבק בין מודלים שונים של חיים משותפים","mixed","https://hagush.org.il/candidates.html; https://www.knesset.tv/knesset-members/ram-shefa/; https://main.knesset.gov.il/mk/pages/mkpersonaldetails.aspx?mkid=1023; https://democrats.org.il/events/160725a/; https://democrats.org.il/","52","ניתן לזהות הבנה חברתית רחבה מעבר לימין־שמאל, אך לא נמצא ניסוח אישי ברור של המשבר כמאבק בין מודלים של חיים משותפים."
"רם שפע","דעות","יהודים־ערבים, שוויון אזרחי וחיים משותפים","D-031","ראיית אזרחי ישראל הערבים כחלק מלא מהדיון על עתיד המדינה ולא כעניין נפרד או משני","supports","https://hagush.org.il/candidates.html; https://www.knesset.tv/knesset-members/ram-shefa/; https://main.knesset.gov.il/mk/pages/mkpersonaldetails.aspx?mkid=1023; https://democrats.org.il/events/160725a/; https://democrats.org.il/","60","השתייכותו לדמוקרטים שמדגישים שוויון ואזרחות תומכת בהכללת אזרחים ערבים בדיון על עתיד המדינה, אך אין מקור אישי רחב."
"רם שפע","דעות","יהודים־ערבים, שוויון אזרחי וחיים משותפים","D-032","תמיכה בשוויון אזרחי גם כאשר הוא מחייב שינוי בחוקים, סמלים או חלוקת משאבים","supports","https://hagush.org.il/candidates.html; https://www.knesset.tv/knesset-members/ram-shefa/; https://main.knesset.gov.il/mk/pages/mkpersonaldetails.aspx?mkid=1023; https://democrats.org.il/events/160725a/; https://democrats.org.il/","60","המסגרת המפלגתית והפרופיל הסוציאל־דמוקרטי תומכים בשוויון אזרחי, אך אין מקור אישי על שינוי סמלים או חוקים."
"רם שפע","דעות","יהודים־ערבים, שוויון אזרחי וחיים משותפים","D-033","תמיכה בשותפות פוליטית יהודית־ערבית כחלק מבניית מחנה דמוקרטי רחב","supports","https://hagush.org.il/candidates.html; https://www.knesset.tv/knesset-members/ram-shefa/; https://main.knesset.gov.il/mk/pages/mkpersonaldetails.aspx?mkid=1023; https://democrats.org.il/events/160725a/; https://democrats.org.il/","58","השתייכות למחנה הדמוקרטי־ליברלי תומכת בשותפות יהודית־ערבית, אך לא נמצא מקור אישי מפורט."
"רם שפע","דעות","יהודים־ערבים, שוויון אזרחי וחיים משותפים","D-034","העדפה לשילוב אזרחים ערבים במוקדי קבלת החלטות, כולל בתחומים מדיניים וביטחוניים","mixed","https://hagush.org.il/candidates.html; https://www.knesset.tv/knesset-members/ram-shefa/; https://main.knesset.gov.il/mk/pages/mkpersonaldetails.aspx?mkid=1023; https://democrats.org.il/events/160725a/; https://democrats.org.il/","50","אין מקור אישי מספק על שילוב אזרחים ערבים במוקדי קבלת החלטות מדיניים וביטחוניים."
"רם שפע","דעות","יהודים־ערבים, שוויון אזרחי וחיים משותפים","D-035","התנגדות לגזענות, הדרה או דה־לגיטימציה של הציבור הערבי בישראל","supports","https://hagush.org.il/candidates.html; https://www.knesset.tv/knesset-members/ram-shefa/; https://main.knesset.gov.il/mk/pages/mkpersonaldetails.aspx?mkid=1023; https://democrats.org.il/events/160725a/; https://democrats.org.il/","62","השתייכותו לדמוקרטים ולשמאל־מרכז תומכת בהתנגדות לגזענות ולהדרה של הציבור הערבי בישראל."
"רם שפע","דעות","יהודים־ערבים, שוויון אזרחי וחיים משותפים","D-036","הכרה בכך שחיים משותפים מחייבים גם התמודדות עם פחדים, טראומות וחוסר אמון בשני הצדדים","mixed","https://hagush.org.il/candidates.html; https://www.knesset.tv/knesset-members/ram-shefa/; https://main.knesset.gov.il/mk/pages/mkpersonaldetails.aspx?mkid=1023; https://democrats.org.il/events/160725a/; https://democrats.org.il/","50","יש התאמה כללית לשיח דמוקרטי־חינוכי, אך אין מקור שמראה התמודדות מפורשת עם טראומות וחוסר אמון בין יהודים לערבים."
"רם שפע","דעות","ביטחון, פלסטינים והסדר מדיני","D-037","תמיכה בנתיב מדיני ארוך טווח מול הפלסטינים, גם לאחר שבעה באוקטובר","mixed","https://hagush.org.il/candidates.html; https://www.knesset.tv/knesset-members/ram-shefa/; https://main.knesset.gov.il/mk/pages/mkpersonaldetails.aspx?mkid=1023; https://democrats.org.il/events/160725a/; https://democrats.org.il/","52","השתייכות למחנה מדיני־ליברלי תומכת בנתיב מדיני, אך לא נמצא מקור אישי עדכני על הפלסטינים לאחר שבעה באוקטובר."
"רם שפע","דעות","ביטחון, פלסטינים והסדר מדיני","D-038","העדפה להיפרדות מדינית וביטחונית מהפלסטינים כדי לשמור על ישראל יהודית ודמוקרטית","mixed","https://hagush.org.il/candidates.html; https://www.knesset.tv/knesset-members/ram-shefa/; https://main.knesset.gov.il/mk/pages/mkpersonaldetails.aspx?mkid=1023; https://democrats.org.il/events/160725a/; https://democrats.org.il/","52","יש בסיס כללי במפלגתו להיפרדות מדינית כדי לשמור על ישראל יהודית ודמוקרטית, אך לא נמצא מקור אישי."
"רם שפע","דעות","ביטחון, פלסטינים והסדר מדיני","D-039","תמיכה בפתרון שתי מדינות או במודל קרוב לו כיעד אסטרטגי","mixed","https://hagush.org.il/candidates.html; https://www.knesset.tv/knesset-members/ram-shefa/; https://main.knesset.gov.il/mk/pages/mkpersonaldetails.aspx?mkid=1023; https://democrats.org.il/events/160725a/; https://democrats.org.il/","50","לא נמצא מקור אישי מספיק על פתרון שתי מדינות או מודל קרוב לו, מעבר לשיוך מפלגתי כללי."
"רם שפע","דעות","ביטחון, פלסטינים והסדר מדיני","D-040","פתיחות למודלים מדיניים מורכבים כגון קונפדרציה, גבולות פתוחים או הסדר אזורי","unknown","https://hagush.org.il/candidates.html; https://www.knesset.tv/knesset-members/ram-shefa/; https://main.knesset.gov.il/mk/pages/mkpersonaldetails.aspx?mkid=1023; https://democrats.org.il/events/160725a/; https://democrats.org.il/","0","לא נמצא מקור מספיק על פתיחות למודלים כגון קונפדרציה, גבולות פתוחים או הסדר אזורי."
"רם שפע","דעות","ביטחון, פלסטינים והסדר מדיני","D-041","התנגדות להמשך שליטה ישראלית קבועה על אוכלוסייה פלסטינית ללא זכויות אזר מלאות","supports","https://hagush.org.il/candidates.html; https://www.knesset.tv/knesset-members/ram-shefa/; https://main.knesset.gov.il/mk/pages/mkpersonaldetails.aspx?mkid=1023; https://democrats.org.il/events/160725a/; https://democrats.org.il/","55","השיוך למחנה דמוקרטי־ליברלי תומך בהתנגדות לשליטה קבועה ללא זכויות, אך אין מקור אישי ישיר."
"רם שפע","דעות","ביטחון, פלסטינים והסדר מדיני","D-042","ראיית הסדר אזורי עם מדינות ערביות מתונות כחלק מרכזי מהעתיד הביטחוני של ישראל","mixed","https://hagush.org.il/candidates.html; https://www.knesset.tv/knesset-members/ram-shefa/; https://main.knesset.gov.il/mk/pages/mkpersonaldetails.aspx?mkid=1023; https://democrats.org.il/events/160725a/; https://democrats.org.il/","50","לא נמצא מקור אישי ברור על הסדר אזורי עם מדינות ערביות מתונות כחלק מרכזי מהתפיסה הביטחונית."
"רם שפע","דעות","שבעה באוקטובר, אחריות, חטופים וזיכרון לאומי","D-043","ראיית שבעה באוקטובר כאירוע שמחייב חשבון נפש מדינתי, מוסדי וחברתי עמוק","supports","https://hagush.org.il/candidates.html; https://www.knesset.tv/knesset-members/ram-shefa/; https://main.knesset.gov.il/mk/pages/mkpersonaldetails.aspx?mkid=1023; https://democrats.org.il/events/160725a/; https://democrats.org.il/","62","פעילותו במסגרת הדמוקרטים, המדגישים אחריות לאחר 7.10, תומכת בחשבון נפש מדינתי ומוסדי."
"רם שפע","דעות","שבעה באוקטובר, אחריות, חטופים וזיכרון לאומי","D-044","תמיכה בוועדת חקירה ממלכתית ובאחריות אישית של הדרג המדיני והביטחוני","supports","https://hagush.org.il/candidates.html; https://www.knesset.tv/knesset-members/ram-shefa/; https://main.knesset.gov.il/mk/pages/mkpersonaldetails.aspx?mkid=1023; https://democrats.org.il/events/160725a/; https://democrats.org.il/","62","עמדת הדמוקרטים הרשמית על ועדת חקירה ממלכתית תומכת בכך, אך אין מקור אישי נפרד של שפע בנושא."
"רם שפע","דעות","שבעה באוקטובר, אחריות, חטופים וזיכרון לאומי","D-045","ראיית החטופים והמשפחות כסמל מוסרי מרכזי של אחריות המדינה לאזרחיה","mixed","https://hagush.org.il/candidates.html; https://www.knesset.tv/knesset-members/ram-shefa/; https://main.knesset.gov.il/mk/pages/mkpersonaldetails.aspx?mkid=1023; https://democrats.org.il/events/160725a/; https://democrats.org.il/","52","אין מקור אישי מרכזי על החטופים כסמל מוסרי, אך השתייכות לדמוקרטים נותנת בסיס חלקי."
"רם שפע","דעות","שבעה באוקטובר, אחריות, חטופים וזיכרון לאומי","D-046","התנגדות לשימוש פוליטי ציני בכאב של משפחות, נפגעים או קהילות שנפגעו במלחמה","supports","https://hagush.org.il/candidates.html; https://www.knesset.tv/knesset-members/ram-shefa/; https://main.knesset.gov.il/mk/pages/mkpersonaldetails.aspx?mkid=1023; https://democrats.org.il/events/160725a/; https://democrats.org.il/","55","הפרופיל הציבורי והממלכתי תומך בהתנגדות לשימוש ציני בכאב משפחות, אך אין מקור אישי ישיר."
"רם שפע","דעות","שבעה באוקטובר, אחריות, חטופים וזיכרון לאומי","D-047","תמיכה בשיקום העוטף והקהילות שנפגעו כחלק מהחוזה הבסיסי בין המדינה לאזרחיה","supports","https://hagush.org.il/candidates.html; https://www.knesset.tv/knesset-members/ram-shefa/; https://main.knesset.gov.il/mk/pages/mkpersonaldetails.aspx?mkid=1023; https://democrats.org.il/events/160725a/; https://democrats.org.il/","60","הזיקה לקיבוצים ולמרחב הכפרי, לצד אירועים עם מובילי קיבוצים, נותנת בסיס לתמיכה בשיקום קהילות שנפגעו."
"רם שפע","דעות","שבעה באוקטובר, אחריות, חטופים וזיכרון לאומי","D-048","ראיית הטראומה של שבעה באוקטובר כבסיס לבניית מדיניות חדשה, לא רק כהצדקה להמשך מלחמה","mixed","https://hagush.org.il/candidates.html; https://www.knesset.tv/knesset-members/ram-shefa/; https://main.knesset.gov.il/mk/pages/mkpersonaldetails.aspx?mkid=1023; https://democrats.org.il/events/160725a/; https://democrats.org.il/","50","יש בסיס לחשיבה שיקומית לאחר המשבר, אך לא נמצא מקור אישי שמנסח את הטראומה כבסיס למדיניות חדשה."
"רם שפע","דעות","חברה, כלכלה, רווחה ופריפריה","D-049","הצבת צמצום אי־שוויון חברתי־כלכלי כנושא מרכזי בזהות הפוליטית","supports","https://hagush.org.il/candidates.html; https://www.knesset.tv/knesset-members/ram-shefa/; https://main.knesset.gov.il/mk/pages/mkpersonaldetails.aspx?mkid=1023; https://democrats.org.il/events/160725a/; https://democrats.org.il/","72","היסטוריה של מאבקי סטודנטים, חינוך וקהילות תומכת בצמצום אי־שוויון כנושא מרכזי."
"רם שפע","דעות","חברה, כלכלה, רווחה ופריפריה","D-050","תמיכה בהרחבת אחריות המדינה בתחומי דיור, חינוך, בריאות ורווחה","supports","https://hagush.org.il/candidates.html; https://www.knesset.tv/knesset-members/ram-shefa/; https://main.knesset.gov.il/mk/pages/mkpersonaldetails.aspx?mkid=1023; https://democrats.org.il/events/160725a/; https://democrats.org.il/","70","הרקע בוועדת החינוך ובהתאחדות הסטודנטים תומך באחריות מדינה בחינוך ורווחה חברתית."
"רם שפע","דעות","חברה, כלכלה, רווחה ופריפריה","D-051","תמיכה בזכויות עובדים, עבודה מאורגנת והגנה על שכבות מוחלשות","supports","https://hagush.org.il/candidates.html; https://www.knesset.tv/knesset-members/ram-shefa/; https://main.knesset.gov.il/mk/pages/mkpersonaldetails.aspx?mkid=1023; https://democrats.org.il/events/160725a/; https://democrats.org.il/","62","מאבקי הסטודנטים ומדיניות סוציאל־דמוקרטית תומכים בהגנה על עובדים ושכבות מוחלשות, אך אין מקור איגודי אישי ברור."
"רם שפע","דעות","חברה, כלכלה, רווחה ופריפריה","D-052","ראיית הפריפריה הגיאוגרפית והחברתית כשותפה אסטרטגית ולא כקהל יעד משני","supports","https://hagush.org.il/candidates.html; https://www.knesset.tv/knesset-members/ram-shefa/; https://main.knesset.gov.il/mk/pages/mkpersonaldetails.aspx?mkid=1023; https://democrats.org.il/events/160725a/; https://democrats.org.il/","70","הזיקה לקיבוץ, למרחב הכפרי ולפרויקטים קהילתיים תומכת בפריפריה כשותפה אסטרטגית."
"רם שפע","דעות","חברה, כלכלה, רווחה ופריפריה","D-053","תמיכה בהשקעה ארוכת טווח בנגב, בגליל, בעוטף ובערים מוחלשות","supports","https://hagush.org.il/candidates.html; https://www.knesset.tv/knesset-members/ram-shefa/; https://main.knesset.gov.il/mk/pages/mkpersonaldetails.aspx?mkid=1023; https://democrats.org.il/events/160725a/; https://democrats.org.il/","66","הפעילות הקהילתית והכפרית תומכת בהשקעה בנגב, בגליל, בעוטף וביישובים מוחלשים, אך אין תוכנית פרטנית."
"רם שפע","דעות","חברה, כלכלה, רווחה ופריפריה","D-054","חיבור בין צדק חברתי לבין בניית מחנה פוליטי חדש ורחב יותר","supports","https://hagush.org.il/candidates.html; https://www.knesset.tv/knesset-members/ram-shefa/; https://main.knesset.gov.il/mk/pages/mkpersonaldetails.aspx?mkid=1023; https://democrats.org.il/events/160725a/; https://democrats.org.il/","66","החיבור בין חינוך, סטודנטים, קהילות ופוליטיקה תומך בצדק חברתי כחלק מבניית מחנה רחב."
"רם שפע","דעות","סגנון פשרה, גבולות ויכולת הסכמה","D-055","נכונות לפשרות פוליטיות רחבות כדי לשקם את המדינה גם במחיר ויתור אידיאולוגי חלקי","supports","https://hagush.org.il/candidates.html; https://www.knesset.tv/knesset-members/ram-shefa/; https://main.knesset.gov.il/mk/pages/mkpersonaldetails.aspx?mkid=1023; https://democrats.org.il/events/160725a/; https://democrats.org.il/","60","ניסיון כח״כ וכיו״ר סיעה במערכות קואליציוניות תומך בנכונות לפשרות פוליטיות לשיקום המדינה."
"רם שפע","דעות","סגנון פשרה, גבולות ויכולת הסכמה","D-056","הצבת קווים אדומים ברורים שמעליהם אין מקום לפשרה עם יריבים פוליטיים","supports","https://hagush.org.il/candidates.html; https://www.knesset.tv/knesset-members/ram-shefa/; https://main.knesset.gov.il/mk/pages/mkpersonaldetails.aspx?mkid=1023; https://democrats.org.il/events/160725a/; https://democrats.org.il/","55","השתייכותו לדמוקרטים במאבק נגד ההפיכה המשטרית תומכת בקווים אדומים דמוקרטיים."
"רם שפע","דעות","סגנון פשרה, גבולות ויכולת הסכמה","D-057","העדפה להסכמות רחבות ולאיטיות על פני מהלכים חדים ומהירים","supports","https://hagush.org.il/candidates.html; https://www.knesset.tv/knesset-members/ram-shefa/; https://main.knesset.gov.il/mk/pages/mkpersonaldetails.aspx?mkid=1023; https://democrats.org.il/events/160725a/; https://democrats.org.il/","62","הניסיון המוסדי והחינוכי שלו מצביע על העדפת הסכמות ותהליכים ולא רק מהלכים חדים."
"רם שפע","דעות","סגנון פשרה, גבולות ויכולת הסכמה","D-058","העדפה למאבק חד וברור כאשר פשרה נתפסת ככניעה לכוחות אנטי־דמוקרטיים","mixed","https://hagush.org.il/candidates.html; https://www.knesset.tv/knesset-members/ram-shefa/; https://main.knesset.gov.il/mk/pages/mkpersonaldetails.aspx?mkid=1023; https://democrats.org.il/events/160725a/; https://democrats.org.il/","50","יש רכיב מאבק דמוקרטי, אך הפרופיל המוסדי שלו אינו מצביע בבירור על העדפת מאבק חד על פני פשרה."
"רם שפע","דעות","סגנון פשרה, גבולות ויכולת הסכמה","D-059","יכולת להבחין בין פשרה עניינית לבין טשטוש ערכי מסוכן","supports","https://hagush.org.il/candidates.html; https://www.knesset.tv/knesset-members/ram-shefa/; https://main.knesset.gov.il/mk/pages/mkpersonaldetails.aspx?mkid=1023; https://democrats.org.il/events/160725a/; https://democrats.org.il/","62","הניסיון הפרלמנטרי והציבורי מאפשר הבחנה בין פשרה עניינית לבין טשטוש ערכי."
"רם שפע","דעות","סגנון פשרה, גבולות ויכולת הסכמה","D-060","נכונות לבנות קואליציות עתידיות עם גורמים שאינם שייכים למחנה הטבעי, אם הם מקבלים כללי משחק דמוקרטיים","supports","https://hagush.org.il/candidates.html; https://www.knesset.tv/knesset-members/ram-shefa/; https://main.knesset.gov.il/mk/pages/mkpersonaldetails.aspx?mkid=1023; https://democrats.org.il/events/160725a/; https://democrats.org.il/","72","ניסיון בכחול לבן, העבודה והכנסת מצביע על יכולת לעבוד עם גורמים שאינם שייכים תמיד למחנה הטבעי."
"רם שפע","יכולות","מומחיות מדינית, ביטחונית וממשלית","cap_001","ניסיון ישיר במערכות מדינה בכירות או במוקדי קבלת החלטות","has","https://hagush.org.il/candidates.html; https://www.knesset.tv/knesset-members/ram-shefa/; https://main.knesset.gov.il/mk/pages/mkpersonaldetails.aspx?mkid=1023; https://democrats.org.il/events/160725a/; https://democrats.org.il/","92","כיהן כח״כ, יו״ר ועדת החינוך, התרבות והספורט ויו״ר ועדה נוספת; זהו ניסיון ישיר במערכת מדינה בכירה."
"רם שפע","יכולות","מומחיות מדינית, ביטחונית וממשלית","cap_002","הבנה מוכחת של סוגיות מדיניות, ביטחוניות ואזוריות מורכבות","partial","https://hagush.org.il/candidates.html; https://www.knesset.tv/knesset-members/ram-shefa/; https://main.knesset.gov.il/mk/pages/mkpersonaldetails.aspx?mkid=1023; https://democrats.org.il/events/160725a/; https://democrats.org.il/","65","יש ניסיון ציבורי ומדיניות ציבורית, אך לא נמצא רקע מדיני־ביטחוני עמוק כמומחיות מרכזית."
"רם שפע","יכולות","מומחיות מדינית, ביטחונית וממשלית","cap_003","ניסיון במשא ומתן, דיאלוג אסטרטגי או קשרים בינלאומיים","partial","https://hagush.org.il/candidates.html; https://www.knesset.tv/knesset-members/ram-shefa/; https://main.knesset.gov.il/mk/pages/mkpersonaldetails.aspx?mkid=1023; https://democrats.org.il/events/160725a/; https://democrats.org.il/","62","כיו״ר התאחדות הסטודנטים וכח״כ נדרש למשא ומתן ציבורי ומוסדי, אך לא נמצא ניסיון בינלאומי או אסטרטגי מובהק."
"רם שפע","יכולות","מומחיות מדינית, ביטחונית וממשלית","cap_004","ניסיון צבאי, מודיעיני או ביטחוני בעל רלוונטיות לעבודה ציבורית","partial","https://hagush.org.il/candidates.html; https://www.knesset.tv/knesset-members/ram-shefa/; https://main.knesset.gov.il/mk/pages/mkpersonaldetails.aspx?mkid=1023; https://democrats.org.il/events/160725a/; https://democrats.org.il/","55","שירת כתומך לחימה ביחידת שלדג, אך אין רקע ביטחוני בכיר או מודיעיני שמספיק ל- has."
"רם שפע","יכולות","מומחיות מדינית, ביטחונית וממשלית","cap_005","יכולת לגבש תפיסה מדינית־ביטחונית סדורה ולא רק עמדה ערכית כללית","partial","https://hagush.org.il/candidates.html; https://www.knesset.tv/knesset-members/ram-shefa/; https://main.knesset.gov.il/mk/pages/mkpersonaldetails.aspx?mkid=1023; https://democrats.org.il/events/160725a/; https://democrats.org.il/","58","יש יכולת מדיניות ציבורית כללית, אך לא נמצאה תפיסה מדינית־ביטחונית סדורה שלו כמסמך ברור."
"רם שפע","יכולות","מומחיות מדינית, ביטחונית וממשלית","cap_006","יכולת לחבר בין יעדים ביטחוניים לבין יעדים מדיניים ארוכי טווח","partial","https://hagush.org.il/candidates.html; https://www.knesset.tv/knesset-members/ram-shefa/; https://main.knesset.gov.il/mk/pages/mkpersonaldetails.aspx?mkid=1023; https://democrats.org.il/events/160725a/; https://democrats.org.il/","50","יש זיקה כללית למדיניות ציבורית, אך לא נמצא בסיס מספיק לחיבור שיטתי בין יעדים ביטחוניים ומדיניים."
"רם שפע","יכולות","ארגון, ניהול וביצוע","cap_007","ניסיון בהקמה וניהול של ארגונים, חברות, תנועות או מטות פעולה","has","https://hagush.org.il/candidates.html; https://www.knesset.tv/knesset-members/ram-shefa/; https://main.knesset.gov.il/mk/pages/mkpersonaldetails.aspx?mkid=1023; https://democrats.org.il/events/160725a/; https://democrats.org.il/","92","עמד בראש התאחדות הסטודנטים, אגודת סטודנטים ומערכות פרלמנטריות; זהו ניסיון ארגוני מובהק."
"רם שפע","יכולות","ארגון, ניהול וביצוע","cap_008","יכולת להוביל צוותים, תקציבים, קהילות או מערכות מורכבות","has","https://hagush.org.il/candidates.html; https://www.knesset.tv/knesset-members/ram-shefa/; https://main.knesset.gov.il/mk/pages/mkpersonaldetails.aspx?mkid=1023; https://democrats.org.il/events/160725a/; https://democrats.org.il/","90","הוביל אגודות, התאחדות ארצית, ועדות וצוותים, כולל עבודה מול תקציבים ומוסדות."
"רם שפע","יכולות","ארגון, ניהול וביצוע","cap_009","הובלת מאבקים ציבוריים שהניבו תוצאות ממשיות","has","https://hagush.org.il/candidates.html; https://www.knesset.tv/knesset-members/ram-shefa/; https://main.knesset.gov.il/mk/pages/mkpersonaldetails.aspx?mkid=1023; https://democrats.org.il/events/160725a/; https://democrats.org.il/","86","הוביל מאבקי סטודנטים שהובילו לביטול תשלומים ולשינויים מוסדיים במכללה ובמערכת הסטודנטיאלית."
"רם שפע","יכולות","ארגון, ניהול וביצוע","cap_010","יכולת להפוך רעיון כללי לתשתית פעולה מתמשכת","has","https://hagush.org.il/candidates.html; https://www.knesset.tv/knesset-members/ram-shefa/; https://main.knesset.gov.il/mk/pages/mkpersonaldetails.aspx?mkid=1023; https://democrats.org.il/events/160725a/; https://democrats.org.il/","84","הקים והטמיע יוזמות ארגוניות כגון תקן נציג חרדי, תקנון אקדמי ופרויקטים קהילתיים."
"רם שפע","יכולות","ארגון, ניהול וביצוע","cap_011","ניסיון בניהול משברים ציבוריים, פוליטיים או ארגוניים","partial","https://hagush.org.il/candidates.html; https://www.knesset.tv/knesset-members/ram-shefa/; https://main.knesset.gov.il/mk/pages/mkpersonaldetails.aspx?mkid=1023; https://democrats.org.il/events/160725a/; https://democrats.org.il/","70","ניהל מאבקים וארגונים ציבוריים, אך אין תיעוד מובהק של ניהול משבר לאומי או ארגוני חריף."
"רם שפע","יכולות","ארגון, ניהול וביצוע","cap_012","מוכנות לקחת אחריות אישית גבוהה על מהלך ציבורי או ארגוני","has","https://hagush.org.il/candidates.html; https://www.knesset.tv/knesset-members/ram-shefa/; https://main.knesset.gov.il/mk/pages/mkpersonaldetails.aspx?mkid=1023; https://democrats.org.il/events/160725a/; https://democrats.org.il/","84","המעבר ממנהיגות סטודנטיאלית לכנסת ולוועדות מצביע על נכונות לקחת אחריות ציבורית גבוהה."
"רם שפע","יכולות","חקיקה, פוליטיקה ומוסדות","cap_013","ניסיון בעבודה פרלמנטרית, ועדות כנסת, חקיקה או הצעות חוק","has","https://hagush.org.il/candidates.html; https://www.knesset.tv/knesset-members/ram-shefa/; https://main.knesset.gov.il/mk/pages/mkpersonaldetails.aspx?mkid=1023; https://democrats.org.il/events/160725a/; https://democrats.org.il/","95","כח״כ ויו״ר ועדת חינוך יש לו ניסיון פרלמנטרי, בוועדות ובחקיקה."
"רם שפע","יכולות","חקיקה, פוליטיקה ומוסדות","cap_014","היכרות מעשית עם מנגנוני מפלגות, פריימריז, רשימות וקואליציות","has","https://hagush.org.il/candidates.html; https://www.knesset.tv/knesset-members/ram-shefa/; https://main.knesset.gov.il/mk/pages/mkpersonaldetails.aspx?mkid=1023; https://democrats.org.il/events/160725a/; https://democrats.org.il/","88","כיהן בכחול לבן ובעבודה ופעל בכנסת, ולכן מכיר מנגנוני מפלגות, רשימות וקואליציות."
"רם שפע","יכולות","חקיקה, פוליטיקה ומוסדות","cap_015","יכולת לפעול בתוך מוסדות קיימים ולא רק מחוץ להם","has","https://hagush.org.il/candidates.html; https://www.knesset.tv/knesset-members/ram-shefa/; https://main.knesset.gov.il/mk/pages/mkpersonaldetails.aspx?mkid=1023; https://democrats.org.il/events/160725a/; https://democrats.org.il/","90","פעל בתוך הכנסת, ועדות, התאחדות הסטודנטים ומוסדות ההשכלה הגבוהה."
"רם שפע","יכולות","חקיקה, פוליטיקה ומוסדות","cap_016","ניסיון בבניית תנועה פוליטית, מפלגה או אלטרנטיבה שלטונית","partial","https://hagush.org.il/candidates.html; https://www.knesset.tv/knesset-members/ram-shefa/; https://main.knesset.gov.il/mk/pages/mkpersonaldetails.aspx?mkid=1023; https://democrats.org.il/events/160725a/; https://democrats.org.il/","65","יש ניסיון מפלגתי וציבורי, אך לא נמצא שהקים מפלגה או תנועה פוליטית חדשה בעצמו."
"רם שפע","יכולות","חקיקה, פוליטיקה ומוסדות","cap_017","יכולת לייצר שיתופי פעולה בין זרמים, מפלגות או קבוצות אינטרס","has","https://hagush.org.il/candidates.html; https://www.knesset.tv/knesset-members/ram-shefa/; https://main.knesset.gov.il/mk/pages/mkpersonaldetails.aspx?mkid=1023; https://democrats.org.il/events/160725a/; https://democrats.org.il/","80","ניסיון בהתאחדות, בכנסת ובמסגרות מפלגתיות מצביע על יכולת לשיתופי פעולה בין זרמים וקבוצות אינטרס."
"רם שפע","יכולות","חקיקה, פוליטיקה ומוסדות","cap_018","יכולת לתרגם עמדות אידיאולוגיות לפעולות מוסדיות או חקיקתיות","has","https://hagush.org.il/candidates.html; https://www.knesset.tv/knesset-members/ram-shefa/; https://main.knesset.gov.il/mk/pages/mkpersonaldetails.aspx?mkid=1023; https://democrats.org.il/events/160725a/; https://democrats.org.il/","85","הפרופיל כולל תרגום עמדות חינוכיות וחברתיות לפעילות מוסדית, ועדתית וחקיקתית."
"רם שפע","יכולות","תקשורת, הסברה והשפעה ציבורית","cap_019","יכולת ליצור מסרים חדים, ברורים וזכירים","has","https://hagush.org.il/candidates.html; https://www.knesset.tv/knesset-members/ram-shefa/; https://main.knesset.gov.il/mk/pages/mkpersonaldetails.aspx?mkid=1023; https://democrats.org.il/events/160725a/; https://democrats.org.il/","78","ח״כ לשעבר ומנהיג ציבורי נדרש למסרים ציבוריים ברורים; יש לו נוכחות תקשורתית מוכרת."
"רם שפע","יכולות","תקשורת, הסברה והשפעה ציבורית","cap_020","יכולת לייצר תוכן דיגיטלי, ויראלי או תקשורתי שמגיע לקהלים רחבים","partial","https://hagush.org.il/candidates.html; https://www.knesset.tv/knesset-members/ram-shefa/; https://main.knesset.gov.il/mk/pages/mkpersonaldetails.aspx?mkid=1023; https://democrats.org.il/events/160725a/; https://democrats.org.il/","60","יש נוכחות ציבורית ודיגיטלית, אך לא נמצא בסיס חזק להיותו יוצר תוכן ויראלי רחב."
"רם שפע","יכולות","תקשורת, הסברה והשפעה ציבורית","cap_021","ניסיון בהופעה ציבורית, ראיונות, פודקאסטים, קולנוע, כתיבה או הרצאות","has","https://hagush.org.il/candidates.html; https://www.knesset.tv/knesset-members/ram-shefa/; https://main.knesset.gov.il/mk/pages/mkpersonaldetails.aspx?mkid=1023; https://democrats.org.il/events/160725a/; https://democrats.org.il/","84","כח״כ לשעבר, יו״ר ועדה ודובר באירועי הדמוקרטים יש ניסיון בהופעות, ראיונות והרצאות."
"רם שפע","יכולות","תקשורת, הסברה והשפעה ציבורית","cap_022","יכולת להסביר נושאים מורכבים בשפה נגישה ולא טכנוקרטית","has","https://hagush.org.il/candidates.html; https://www.knesset.tv/knesset-members/ram-shefa/; https://main.knesset.gov.il/mk/pages/mkpersonaldetails.aspx?mkid=1023; https://democrats.org.il/events/160725a/; https://democrats.org.il/","78","הרקע החינוכי והפרלמנטרי תומך ביכולת להסביר נושאים מורכבים בשפה ציבורית."
"רם שפע","יכולות","תקשורת, הסברה והשפעה ציבורית","cap_023","יכולת לנהל מאבק תודעתי מול יריבים פוליטיים או תקשורתיים","partial","https://hagush.org.il/candidates.html; https://www.knesset.tv/knesset-members/ram-shefa/; https://main.knesset.gov.il/mk/pages/mkpersonaldetails.aspx?mkid=1023; https://democrats.org.il/events/160725a/; https://democrats.org.il/","65","יש ניסיון במאבקים ציבוריים ותקשורת, אך לא נמצא פרופיל מרכזי של לוחמה תודעתית חריפה."
"רם שפע","יכולות","תקשורת, הסברה והשפעה ציבורית","cap_024","יכולת להפוך סיפור אישי או ערכי לכלי גיוס ציבורי","partial","https://hagush.org.il/candidates.html; https://www.knesset.tv/knesset-members/ram-shefa/; https://main.knesset.gov.il/mk/pages/mkpersonaldetails.aspx?mkid=1023; https://democrats.org.il/events/160725a/; https://democrats.org.il/","62","סיפור של איש חינוך, קיבוצניק ומנהיג סטודנטים יכול לשמש גיוס ציבורי, אך אינו ציר קמפיין מובהק במקורות."
"רם שפע","יכולות","חיבור בין קהלים ועולמות","cap_025","יכולת לחבר בין יהודים לערבים בתוך מסגרת פוליטית או אזרחית משותפת","partial","https://hagush.org.il/candidates.html; https://www.knesset.tv/knesset-members/ram-shefa/; https://main.knesset.gov.il/mk/pages/mkpersonaldetails.aspx?mkid=1023; https://democrats.org.il/events/160725a/; https://democrats.org.il/","55","אין בסיס חזק לחיבור יהודי־ערבי כתחום מרכזי, אף שיש מחויבות מפלגתית לשוויון."
"רם שפע","יכולות","חיבור בין קהלים ועולמות","cap_026","יכולת לחבר בין שמאל ליברלי לבין פריפריה מזרחית, מסורתית או גיאוגרפית","has","https://hagush.org.il/candidates.html; https://www.knesset.tv/knesset-members/ram-shefa/; https://main.knesset.gov.il/mk/pages/mkpersonaldetails.aspx?mkid=1023; https://democrats.org.il/events/160725a/; https://democrats.org.il/","72","הרקע הקיבוצי, הכפרי והקהילתי מסייע בחיבור בין שמאל ליברלי לפריפריה חברתית וגיאוגרפית."
"רם שפע","יכולות","חיבור בין קהלים ועולמות","cap_027","יכולת לחבר בין עולם המחאה לבין עבודה מפלגתית ומוסדית","partial","https://hagush.org.il/candidates.html; https://www.knesset.tv/knesset-members/ram-shefa/; https://main.knesset.gov.il/mk/pages/mkpersonaldetails.aspx?mkid=1023; https://democrats.org.il/events/160725a/; https://democrats.org.il/","65","יש ניסיון מפלגתי ומאבקי סטודנטים, אך לא מזוהה כמוביל מחאה אזרחית חדשה."
"רם שפע","יכולות","חיבור בין קהלים ועולמות","cap_028","יכולת לחבר בין היי־טק, חדשנות ודיגיטל לבין פוליטיקה ציבורית","unknown","https://hagush.org.il/candidates.html; https://www.knesset.tv/knesset-members/ram-shefa/; https://main.knesset.gov.il/mk/pages/mkpersonaldetails.aspx?mkid=1023; https://democrats.org.il/events/160725a/; https://democrats.org.il/","0","לא נמצא מקור מספיק לחיבור בין היי־טק, חדשנות ודיגיטל לבין פוליטיקה ציבורית."
"רם שפע","יכולות","חיבור בין קהלים ועולמות","cap_029","יכולת לחבר בין שפה מקצועית־ביטחונית לבין שפה אזרחית וערכית","partial","https://hagush.org.il/candidates.html; https://www.knesset.tv/knesset-members/ram-shefa/; https://main.knesset.gov.il/mk/pages/mkpersonaldetails.aspx?mkid=1023; https://democrats.org.il/events/160725a/; https://democrats.org.il/","58","יש שירות צבאי ותפיסה אזרחית־חינוכית, אך לא מומחיות ביטחונית גבוהה שמחברת בין השפות."
"רם שפע","יכולות","חיבור בין קהלים ועולמות","cap_030","אמינות מול קהילות שטח ולא רק מול קהל תקשורתי או אליטיסטי","has","https://hagush.org.il/candidates.html; https://www.knesset.tv/knesset-members/ram-shefa/; https://main.knesset.gov.il/mk/pages/mkpersonaldetails.aspx?mkid=1023; https://democrats.org.il/events/160725a/; https://democrats.org.il/","76","הרקע בסטודנטים, חינוך וקיבוצים נותן אמינות מול קהילות שטח ולא רק קהל תקשורתי."
"רם שפע","יכולות","חדשנות, למידה ושיתוף ציבור","cap_031","שימוש בטכנולוגיה, מידע או כלים דיגיטליים לשיתוף ציבור וארגון פוליטי","unknown","https://hagush.org.il/candidates.html; https://www.knesset.tv/knesset-members/ram-shefa/; https://main.knesset.gov.il/mk/pages/mkpersonaldetails.aspx?mkid=1023; https://democrats.org.il/events/160725a/; https://democrats.org.il/","0","לא נמצא מקור מספיק לשימוש בטכנולוגיה או מידע לשיתוף ציבור וארגון פוליטי."
"רם שפע","יכולות","חדשנות, למידה ושיתוף ציבור","cap_032","חשיבה מערכתית שמזהה קשרים בין משבר פוליטי, כלכלה, ביטחון וחברה","has","https://hagush.org.il/candidates.html; https://www.knesset.tv/knesset-members/ram-shefa/; https://main.knesset.gov.il/mk/pages/mkpersonaldetails.aspx?mkid=1023; https://democrats.org.il/events/160725a/; https://democrats.org.il/","70","החיבור בין חינוך, חברה, קהילות ופוליטיקה מעיד על חשיבה מערכתית חברתית."
"רם שפע","יכולות","חדשנות, למידה ושיתוף ציבור","cap_033","יזמות בפתרונות לא שגרתיים לבעיות פוליטיות או חברתיות","partial","https://hagush.org.il/candidates.html; https://www.knesset.tv/knesset-members/ram-shefa/; https://main.knesset.gov.il/mk/pages/mkpersonaldetails.aspx?mkid=1023; https://democrats.org.il/events/160725a/; https://democrats.org.il/","64","הובלת יוזמות בהתאחדות הסטודנטים ותוכניות קהילתיות מעידה על יזמות, אך לא בהכרח פתרונות פוליטיים לא שגרתיים."
"רם שפע","יכולות","חדשנות, למידה ושיתוף ציבור","cap_034","יכולת ללמוד תחומים חדשים ולהפוך אותם לשפה ציבורית ברורה","has","https://hagush.org.il/candidates.html; https://www.knesset.tv/knesset-members/ram-shefa/; https://main.knesset.gov.il/mk/pages/mkpersonaldetails.aspx?mkid=1023; https://democrats.org.il/events/160725a/; https://democrats.org.il/","78","הרקע החינוכי, המעבר לארגונים ולכנסת, והובלת ועדות מצביעים על יכולת למידה והנגשה."
"רם שפע","יכולות","חדשנות, למידה ושיתוף ציבור","cap_035","שילוב בין ידע מקצועי, ניסיון אישי וערכים פוליטיים","has","https://hagush.org.il/candidates.html; https://www.knesset.tv/knesset-members/ram-shefa/; https://main.knesset.gov.il/mk/pages/mkpersonaldetails.aspx?mkid=1023; https://democrats.org.il/events/160725a/; https://democrats.org.il/","76","משלב ידע חינוכי, ניסיון מוסדי וערכים חברתיים־דמוקרטיים."
"רם שפע","יכולות","חדשנות, למידה ושיתוף ציבור","cap_036","פתיחות לניסויים ארגוניים ודמוקרטיים חדשים ולא רק לשיטות פוליטיות קיימות","partial","https://hagush.org.il/candidates.html; https://www.knesset.tv/knesset-members/ram-shefa/; https://main.knesset.gov.il/mk/pages/mkpersonaldetails.aspx?mkid=1023; https://democrats.org.il/events/160725a/; https://democrats.org.il/","60","הוביל שינויים ארגוניים בסטודנטים ובמוסדות, אך לא נמצא דגש מובהק על ניסויים דמוקרטיים חדשים."
"נדאל מסאלחה","דעות","דמוקרטיה, משילות ותיקון מוסדות המדינה","D-001","נטייה לתיקון חוקתי ומוסדי עמוק, ולא רק להחלפת ממשלה","supports","https://hagush.org.il/candidates.html; https://e.democrats.org.il/Democrats_OpenHouses/240311; https://e.democrats.org.il/Democrats_OpenHouses/249565; https://e.democrats.org.il/Democrats_OpenHouses/238688; https://www.lawfirms.co.il/lawyers/%D7%A0%D7%93%D7%90%D7%9C-%D7%9E%D7%A1%D7%90%D7%9C%D7%97%D7%94; https://democrats.org.il/","65","הופעותיו במפגשי הדמוקרטים סביב דמוקרטיה, תיקון, שותפות ושלטון מקומי נותנות בסיס לתיקון מוסדי, אך לא נמצא מצע חוקתי אישי מלא."
"נדאל מסאלחה","דעות","דמוקרטיה, משילות ותיקון מוסדות המדינה","D-002","ראיית המשבר הדמוקרטי כתוצאה של שיטה פוליטית פגומה ולא רק של אדם או ממשלה מסוימת","supports","https://hagush.org.il/candidates.html; https://e.democrats.org.il/Democrats_OpenHouses/240311; https://e.democrats.org.il/Democrats_OpenHouses/249565; https://e.democrats.org.il/Democrats_OpenHouses/238688; https://www.lawfirms.co.il/lawyers/%D7%A0%D7%93%D7%90%D7%9C-%D7%9E%D7%A1%D7%90%D7%9C%D7%97%D7%94; https://democrats.org.il/","66","השיח על דמוקרטיה, תיקון ושותפות מצביע על ראיית המשבר כמוסדי וחברתי, לא רק כאדם מסוים."
"נדאל מסאלחה","דעות","דמוקרטיה, משילות ותיקון מוסדות המדינה","D-003","נכונות למאבק ציבורי חריף כאשר מוסדות המדינה נתפסים כמאוימים","supports","https://hagush.org.il/candidates.html; https://e.democrats.org.il/Democrats_OpenHouses/240311; https://e.democrats.org.il/Democrats_OpenHouses/249565; https://e.democrats.org.il/Democrats_OpenHouses/238688; https://www.lawfirms.co.il/lawyers/%D7%A0%D7%93%D7%90%D7%9C-%D7%9E%D7%A1%D7%90%D7%9C%D7%97%D7%94; https://democrats.org.il/","68","השתתפותו במפגשים פוליטיים של הדמוקרטים סביב דמוקרטיה ותיקון, לצד פעילות חברתית, תומכת בנכונות למאבק ציבורי."
"נדאל מסאלחה","דעות","דמוקרטיה, משילות ותיקון מוסדות המדינה","D-004","העדפה לשיקום ממלכתי, זהיר ומוסדי של המדינה לאחר המשבר","mixed","https://hagush.org.il/candidates.html; https://e.democrats.org.il/Democrats_OpenHouses/240311; https://e.democrats.org.il/Democrats_OpenHouses/249565; https://e.democrats.org.il/Democrats_OpenHouses/238688; https://www.lawfirms.co.il/lawyers/%D7%A0%D7%93%D7%90%D7%9C-%D7%9E%D7%A1%D7%90%D7%9C%D7%97%D7%94; https://democrats.org.il/","55","יש דגש על שלטון מקומי ומוסדות, אך לא נמצא מקור שמציג אותו כמי שמעדיף דווקא שיקום ממלכתי זהיר."
"נדאל מסאלחה","דעות","דמוקרטיה, משילות ותיקון מוסדות המדינה","D-005","תמיכה בשיתוף ציבור, דמוקרטיה פנימית ושקיפות בתוך המפלגה ובמערכת הפוליטית","mixed","https://hagush.org.il/candidates.html; https://e.democrats.org.il/Democrats_OpenHouses/240311; https://e.democrats.org.il/Democrats_OpenHouses/249565; https://e.democrats.org.il/Democrats_OpenHouses/238688; https://www.lawfirms.co.il/lawyers/%D7%A0%D7%93%D7%90%D7%9C-%D7%9E%D7%A1%D7%90%D7%9C%D7%97%D7%94; https://democrats.org.il/","55","פעילותו במפגשי מפלגה ושיח אזרחי תומכת בשיתוף ציבור, אך אין מקור ברור על דמוקרטיה פנימית מפלגתית."
"נדאל מסאלחה","דעות","דמוקרטיה, משילות ותיקון מוסדות המדינה","D-006","נכונות להגביל כוח שלטוני גם כאשר הכוח נמצא בידי המחנה הקרוב אידיאולוגית","supports","https://hagush.org.il/candidates.html; https://e.democrats.org.il/Democrats_OpenHouses/240311; https://e.democrats.org.il/Democrats_OpenHouses/249565; https://e.democrats.org.il/Democrats_OpenHouses/238688; https://www.lawfirms.co.il/lawyers/%D7%A0%D7%93%D7%90%D7%9C-%D7%9E%D7%A1%D7%90%D7%9C%D7%97%D7%94; https://democrats.org.il/","68","כעו״ד וכדובר בשיח על ביטול קשר פסול בין ממסד דתי למוסדות שלטון, יש בסיס להגבלת כוח שלטוני."
"נדאל מסאלחה","דעות","יחס למחנה השני ויכולת גישור","D-007","ראיית מצביעי המחנה השני כיריבים פוליטיים לגיטימיים ולא כאויבים","supports","https://hagush.org.il/candidates.html; https://e.democrats.org.il/Democrats_OpenHouses/240311; https://e.democrats.org.il/Democrats_OpenHouses/249565; https://e.democrats.org.il/Democrats_OpenHouses/238688; https://www.lawfirms.co.il/lawyers/%D7%A0%D7%93%D7%90%D7%9C-%D7%9E%D7%A1%D7%90%D7%9C%D7%97%D7%94; https://democrats.org.il/","82","מקורות הדמוקרטים מציגים אותו במפגשים על שותפות, תקווה ושוויון; זה תומך בראיית יריבים כשותפים לגיטימיים לשיח."
"נדאל מסאלחה","דעות","יחס למחנה השני ויכולת גישור","D-008","הבחנה בין הנהגת המחנה השני לבין הציבור הרחב שתומך בה","supports","https://hagush.org.il/candidates.html; https://e.democrats.org.il/Democrats_OpenHouses/240311; https://e.democrats.org.il/Democrats_OpenHouses/249565; https://e.democrats.org.il/Democrats_OpenHouses/238688; https://www.lawfirms.co.il/lawyers/%D7%A0%D7%93%D7%90%D7%9C-%D7%9E%D7%A1%D7%90%D7%9C%D7%97%D7%94; https://democrats.org.il/","72","כמועמד ופעיל מן החברה הערבית במסגרת מפלגה יהודית־ערבית, יש בסיס להבחנה בין הנהגות לבין ציבור רחב."
"נדאל מסאלחה","דעות","יחס למחנה השני ויכולת גישור","D-009","אמונה שאפשר לבנות גשר מחודש בין המחנה הדמוקרטי־ליברלי לבין חלקים מהימין המסורתי","supports","https://hagush.org.il/candidates.html; https://e.democrats.org.il/Democrats_OpenHouses/240311; https://e.democrats.org.il/Democrats_OpenHouses/249565; https://e.democrats.org.il/Democrats_OpenHouses/238688; https://www.lawfirms.co.il/lawyers/%D7%A0%D7%93%D7%90%D7%9C-%D7%9E%D7%A1%D7%90%D7%9C%D7%97%D7%94; https://democrats.org.il/","70","הדגש על שותפות ותקווה במסגרת הדמוקרטים תומך בבניית גשר בין המחנה הליברלי לבין קהלים מחוץ לו."
"נדאל מסאלחה","דעות","יחס למחנה השני ויכולת גישור","D-010","העדפה להכרעה פוליטית ברורה על פני פיוס מוקדם עם המחנה השני","mixed","https://hagush.org.il/candidates.html; https://e.democrats.org.il/Democrats_OpenHouses/240311; https://e.democrats.org.il/Democrats_OpenHouses/249565; https://e.democrats.org.il/Democrats_OpenHouses/238688; https://www.lawfirms.co.il/lawyers/%D7%A0%D7%93%D7%90%D7%9C-%D7%9E%D7%A1%D7%90%D7%9C%D7%97%D7%94; https://democrats.org.il/","50","יש רכיב מאבק דמוקרטי אך גם שפת שותפות ותקווה; אין בסיס להעדפה חד־משמעית של הכרעה על פני פיוס."
"נדאל מסאלחה","דעות","יחס למחנה השני ויכולת גישור","D-011","נכונות לשיח עם דתיים, מסורתיים, חרדים וימנים גם כאשר קיימת מחלוקת ערכית עמוקה","supports","https://hagush.org.il/candidates.html; https://e.democrats.org.il/Democrats_OpenHouses/240311; https://e.democrats.org.il/Democrats_OpenHouses/249565; https://e.democrats.org.il/Democrats_OpenHouses/238688; https://www.lawfirms.co.il/lawyers/%D7%A0%D7%93%D7%90%D7%9C-%D7%9E%D7%A1%D7%90%D7%9C%D7%97%D7%94; https://democrats.org.il/","76","מפגשים על דת ומדינה, שותפות ושלטון מקומי מצביעים על נכונות לשיח עם קהלים שונים ובעלי מחלוקות ערכיות."
"נדאל מסאלחה","דעות","יחס למחנה השני ויכולת גישור","D-012","ראיית חלק מהמחנה השני כשותף עתידי אפשרי לשיקום המדינה לאחר עידן נתניהו","supports","https://hagush.org.il/candidates.html; https://e.democrats.org.il/Democrats_OpenHouses/240311; https://e.democrats.org.il/Democrats_OpenHouses/249565; https://e.democrats.org.il/Democrats_OpenHouses/238688; https://www.lawfirms.co.il/lawyers/%D7%A0%D7%93%D7%90%D7%9C-%D7%9E%D7%A1%D7%90%D7%9C%D7%97%D7%94; https://democrats.org.il/","65","שפת שותפות ותקווה תומכת בראיית חלקים מהמחנה השני כשותפים עתידיים, אך אין פירוט על אחרי נתניהו."
"נדאל מסאלחה","דעות","שסעים פנימיים בחברה היהודית","D-013","ראיית השסע העדתי והפריפריאלי כמרכיב מרכזי במשבר הפוליטי בישראל","mixed","https://hagush.org.il/candidates.html; https://e.democrats.org.il/Democrats_OpenHouses/240311; https://e.democrats.org.il/Democrats_OpenHouses/249565; https://e.democrats.org.il/Democrats_OpenHouses/238688; https://www.lawfirms.co.il/lawyers/%D7%A0%D7%93%D7%90%D7%9C-%D7%9E%D7%A1%D7%90%D7%9C%D7%97%D7%94; https://democrats.org.il/","55","יש רגישות למיעוטים, פריפריה וחברה ערבית, אך לא נמצא מקור שמציב את השסע העדתי־מזרחי במרכז."
"נדאל מסאלחה","דעות","שסעים פנימיים בחברה היהודית","D-014","נכונות לדבר עם מצביעים מזרחים, מסורתיים ופריפריאליים בשפה שאינה מתנשאת ואינה רק ליברלית־אשכנזית","supports","https://hagush.org.il/candidates.html; https://e.democrats.org.il/Democrats_OpenHouses/240311; https://e.democrats.org.il/Democrats_OpenHouses/249565; https://e.democrats.org.il/Democrats_OpenHouses/238688; https://www.lawfirms.co.il/lawyers/%D7%A0%D7%93%D7%90%D7%9C-%D7%9E%D7%A1%D7%90%D7%9C%D7%97%D7%94; https://democrats.org.il/","60","הרקע מכפר קרע והעיסוק בשוויון, שותפות ושלטון מקומי תומכים בדיבור מכבד עם פריפריה ומסורתיות."
"נדאל מסאלחה","דעות","שסעים פנימיים בחברה היהודית","D-015","ראיית השסע הדתי־חילוני כאיום מרכזי על הלכידות של החברה היהודית בישראל","supports","https://hagush.org.il/candidates.html; https://e.democrats.org.il/Democrats_OpenHouses/240311; https://e.democrats.org.il/Democrats_OpenHouses/249565; https://e.democrats.org.il/Democrats_OpenHouses/238688; https://www.lawfirms.co.il/lawyers/%D7%A0%D7%93%D7%90%D7%9C-%D7%9E%D7%A1%D7%90%D7%9C%D7%97%D7%94; https://democrats.org.il/","68","האירוע על ביטול הקשר הלא כשר בין ממסד דתי למוסדות שלטון מצביע על ראיית השסע הדתי־מדינתי כסוגיה מרכזית."
"נדאל מסאלחה","דעות","שסעים פנימיים בחברה היהודית","D-016","תמיכה בבניית ברית חדשה בין ליברלים, מסורתיים, דתיים מתונים ופריפריה חברתית","supports","https://hagush.org.il/candidates.html; https://e.democrats.org.il/Democrats_OpenHouses/240311; https://e.democrats.org.il/Democrats_OpenHouses/249565; https://e.democrats.org.il/Democrats_OpenHouses/238688; https://www.lawfirms.co.il/lawyers/%D7%A0%D7%93%D7%90%D7%9C-%D7%9E%D7%A1%D7%90%D7%9C%D7%97%D7%94; https://democrats.org.il/","70","השיח על שותפות, תקווה ושוויון תומך בבניית ברית רחבה בין ליברלים, מסורתיים, מיעוטים וקהילות שטח."
"נדאל מסאלחה","דעות","שסעים פנימיים בחברה היהודית","D-017","ביקורת על מחנה המרכז־שמאל כאשר הוא נתפס כמנותק, אליטיסטי או חסר רגישות לפריפריה","unknown","https://hagush.org.il/candidates.html; https://e.democrats.org.il/Democrats_OpenHouses/240311; https://e.democrats.org.il/Democrats_OpenHouses/249565; https://e.democrats.org.il/Democrats_OpenHouses/238688; https://www.lawfirms.co.il/lawyers/%D7%A0%D7%93%D7%90%D7%9C-%D7%9E%D7%A1%D7%90%D7%9C%D7%97%D7%94; https://democrats.org.il/","0","לא נמצא מקור מספיק לביקורת שלו על המרכז־שמאל כמנותק או אליטיסטי."
"נדאל מסאלחה","דעות","שסעים פנימיים בחברה היהודית","D-018","העדפה לתיקון יחסי מרכז־פריפריה כחלק מבניית מחנה דמוקרטי רחב","supports","https://hagush.org.il/candidates.html; https://e.democrats.org.il/Democrats_OpenHouses/240311; https://e.democrats.org.il/Democrats_OpenHouses/249565; https://e.democrats.org.il/Democrats_OpenHouses/238688; https://www.lawfirms.co.il/lawyers/%D7%A0%D7%93%D7%90%D7%9C-%D7%9E%D7%A1%D7%90%D7%9C%D7%97%D7%94; https://democrats.org.il/","62","הדגש על חשיבות השלטון המקומי ועל שוויון בחברה הערבית נותן בסיס לתיקון יחסי מרכז־פריפריה."
"נדאל מסאלחה","דעות","מדינה יהודית ודמוקרטית, דת ומדינה","D-019","העדפה לזהות ישראלית שבה הרכיב הדמוקרטי קודם לרכיב הדתי־לאומי כאשר יש התנגשות ביניהם","supports","https://hagush.org.il/candidates.html; https://e.democrats.org.il/Democrats_OpenHouses/240311; https://e.democrats.org.il/Democrats_OpenHouses/249565; https://e.democrats.org.il/Democrats_OpenHouses/238688; https://www.lawfirms.co.il/lawyers/%D7%A0%D7%93%D7%90%D7%9C-%D7%9E%D7%A1%D7%90%D7%9C%D7%97%D7%94; https://democrats.org.il/","72","העיסוק בהפרדת ממסד דתי ממוסדות שלטון תומך בהעדפת עקרונות דמוקרטיים כאשר יש התנגשות עם סמכות דתית־לאומית."
"נדאל מסאלחה","דעות","מדינה יהודית ודמוקרטית, דת ומדינה","D-020","העדפה לזהות ישראלית שבה היהדות היא מקור תרבותי וערכי, אך אינה צריכה לשלוט במוסדות המדינה","supports","https://hagush.org.il/candidates.html; https://e.democrats.org.il/Democrats_OpenHouses/240311; https://e.democrats.org.il/Democrats_OpenHouses/249565; https://e.democrats.org.il/Democrats_OpenHouses/238688; https://www.lawfirms.co.il/lawyers/%D7%A0%D7%93%D7%90%D7%9C-%D7%9E%D7%A1%D7%90%D7%9C%D7%97%D7%94; https://democrats.org.il/","68","השיח על ביטול קשר בין ממסד דתי למוסדות שלטון תומך בכך שהיהדות או הדת אינן צריכות לשלוט במוסדות המדינה."
"נדאל מסאלחה","דעות","מדינה יהודית ודמוקרטית, דת ומדינה","D-021","תמיכה בהפרדה ברורה יותר בין סמכות דתית לבין סמכות מדינתית","supports","https://hagush.org.il/candidates.html; https://e.democrats.org.il/Democrats_OpenHouses/240311; https://e.democrats.org.il/Democrats_OpenHouses/249565; https://e.democrats.org.il/Democrats_OpenHouses/238688; https://www.lawfirms.co.il/lawyers/%D7%A0%D7%93%D7%90%D7%9C-%D7%9E%D7%A1%D7%90%D7%9C%D7%97%D7%94; https://democrats.org.il/","84","במקור רשמי של הדמוקרטים נכתב במפורש על ביטול הקשר הלא כשר בין הממסד הדתי לבין מוסדות השלטון."
"נדאל מסאלחה","דעות","מדינה יהודית ודמוקרטית, דת ומדינה","D-022","נכונות לשמר מרכיבים יהודיים־מסורתיים במרחב הציבורי כדי לאפשר שותפות עם ציבור מסורתי ודתי","mixed","https://hagush.org.il/candidates.html; https://e.democrats.org.il/Democrats_OpenHouses/240311; https://e.democrats.org.il/Democrats_OpenHouses/249565; https://e.democrats.org.il/Democrats_OpenHouses/238688; https://www.lawfirms.co.il/lawyers/%D7%A0%D7%93%D7%90%D7%9C-%D7%9E%D7%A1%D7%90%D7%9C%D7%97%D7%94; https://democrats.org.il/","50","אין מקור שמציג עמדה לשימור מרכיבים יהודיים־מסורתיים במרחב הציבורי; יש בעיקר דגש על הפרדת דת ומדינה."
"נדאל מסאלחה","דעות","מדינה יהודית ודמוקרטית, דת ומדינה","D-023","התנגדות לכפייה דתית בנושאי נישואין, שבת, חינוך, מעמד אישי או שירות ציבורי","supports","https://hagush.org.il/candidates.html; https://e.democrats.org.il/Democrats_OpenHouses/240311; https://e.democrats.org.il/Democrats_OpenHouses/249565; https://e.democrats.org.il/Democrats_OpenHouses/238688; https://www.lawfirms.co.il/lawyers/%D7%A0%D7%93%D7%90%D7%9C-%D7%9E%D7%A1%D7%90%D7%9C%D7%97%D7%94; https://democrats.org.il/","76","הדגש על דת ומדינה והפרדת מוסדות תומך בהתנגדות לכפייה דתית בתחומי מעמד אישי ושירות ציבורי."
"נדאל מסאלחה","דעות","מדינה יהודית ודמוקרטית, דת ומדינה","D-024","תמיכה בשוויון חובות אזרחיות בין קבוצות, כולל שאלת גיוס חרדים או שירות אזרחי","supports","https://hagush.org.il/candidates.html; https://e.democrats.org.il/Democrats_OpenHouses/240311; https://e.democrats.org.il/Democrats_OpenHouses/249565; https://e.democrats.org.il/Democrats_OpenHouses/238688; https://www.lawfirms.co.il/lawyers/%D7%A0%D7%93%D7%90%D7%9C-%D7%9E%D7%A1%D7%90%D7%9C%D7%97%D7%94; https://democrats.org.il/","60","הדגש על שוויון, אזרחות ושותפות נותן בסיס לשוויון חובות אזרחיות, אך לא נמצא מקור אישי על גיוס חרדים."
"נדאל מסאלחה","דעות","הפרדה, גישור או שתי מדינות לעם היהודי","D-025","אמונה שהפער בין ישראל ליברלית לבין ישראל שמרנית־דתית עדיין ניתן לגישור פוליטי וחברתי","supports","https://hagush.org.il/candidates.html; https://e.democrats.org.il/Democrats_OpenHouses/240311; https://e.democrats.org.il/Democrats_OpenHouses/249565; https://e.democrats.org.il/Democrats_OpenHouses/238688; https://www.lawfirms.co.il/lawyers/%D7%A0%D7%93%D7%90%D7%9C-%D7%9E%D7%A1%D7%90%D7%9C%D7%97%D7%94; https://democrats.org.il/","70","שפת השותפות והתקווה שלו תומכת באמונה שהפערים ניתנים לגישור פוליטי וחברתי."
"נדאל מסאלחה","דעות","הפרדה, גישור או שתי מדינות לעם היהודי","D-026","ראיית הפער בין המחנות כעמוק עד כדי צורך בהסדרים של אוטונומיה, ביזור או הפרדה חלקית","mixed","https://hagush.org.il/candidates.html; https://e.democrats.org.il/Democrats_OpenHouses/240311; https://e.democrats.org.il/Democrats_OpenHouses/249565; https://e.democrats.org.il/Democrats_OpenHouses/238688; https://www.lawfirms.co.il/lawyers/%D7%A0%D7%93%D7%90%D7%9C-%D7%9E%D7%A1%D7%90%D7%9C%D7%97%D7%94; https://democrats.org.il/","45","הדגש על שלטון מקומי יכול להתיישב עם ביזור, אך אין מקור שמציג צורך בהפרדה חלקית בין המחנות."
"נדאל מסאלחה","דעות","הפרדה, גישור או שתי מדינות לעם היהודי","D-027","תמיכה בביזור סמכויות לשלטון מקומי כדי לאפשר לקהילות שונות לחיות לפי אורחות חיים שונים","supports","https://hagush.org.il/candidates.html; https://e.democrats.org.il/Democrats_OpenHouses/240311; https://e.democrats.org.il/Democrats_OpenHouses/249565; https://e.democrats.org.il/Democrats_OpenHouses/238688; https://www.lawfirms.co.il/lawyers/%D7%A0%D7%93%D7%90%D7%9C-%D7%9E%D7%A1%D7%90%D7%9C%D7%97%D7%94; https://democrats.org.il/","70","האירוע עם יאיר רובינשטיין מדגיש את חשיבות השלטון המקומי, ולכן יש בסיס לתמיכה בביזור סמכויות."
"נדאל מסאלחה","דעות","הפרדה, גישור או שתי מדינות לעם היהודי","D-028","התנגדות לרעיון של שתי מדינות לעם היהודי והעדפה למאבק על מסגרת מדינתית אחת משותפת","supports","https://hagush.org.il/candidates.html; https://e.democrats.org.il/Democrats_OpenHouses/240311; https://e.democrats.org.il/Democrats_OpenHouses/249565; https://e.democrats.org.il/Democrats_OpenHouses/238688; https://www.lawfirms.co.il/lawyers/%D7%A0%D7%93%D7%90%D7%9C-%D7%9E%D7%A1%D7%90%D7%9C%D7%97%D7%94; https://democrats.org.il/","60","הדגש על שותפות ושוויון בתוך מסגרת דמוקרטית משותפת תומך בהתנגדות להפרדה לשתי מדינות לעם היהודי."
"נדאל מסאלחה","דעות","הפרדה, גישור או שתי מדינות לעם היהודי","D-029","פתיחות לרעיון של הסדרים פנימיים חדשים בין חילונים, דתיים, חרדים, מסורתיים וליברלים","supports","https://hagush.org.il/candidates.html; https://e.democrats.org.il/Democrats_OpenHouses/240311; https://e.democrats.org.il/Democrats_OpenHouses/249565; https://e.democrats.org.il/Democrats_OpenHouses/238688; https://www.lawfirms.co.il/lawyers/%D7%A0%D7%93%D7%90%D7%9C-%D7%9E%D7%A1%D7%90%D7%9C%D7%97%D7%94; https://democrats.org.il/","65","השילוב בין שוויון, שותפות, דת ומדינה ושלטון מקומי תומך בפתיחות להסדרים פנימיים חדשים."
"נדאל מסאלחה","דעות","הפרדה, גישור או שתי מדינות לעם היהודי","D-030","ראיית המשבר הישראלי לא רק כמאבק ימין־שמאל אלא כמאבק בין מודלים שונים של חיים משותפים","supports","https://hagush.org.il/candidates.html; https://e.democrats.org.il/Democrats_OpenHouses/240311; https://e.democrats.org.il/Democrats_OpenHouses/249565; https://e.democrats.org.il/Democrats_OpenHouses/238688; https://www.lawfirms.co.il/lawyers/%D7%A0%D7%93%D7%90%D7%9C-%D7%9E%D7%A1%D7%90%D7%9C%D7%97%D7%94; https://democrats.org.il/","70","הדגש על שותפות ותקווה מציג את המשבר כמאבק על מודל חיים משותפים ולא רק ימין־שמאל."
"נדאל מסאלחה","דעות","יהודים־ערבים, שוויון אזרחי וחיים משותפים","D-031","ראיית אזרחי ישראל הערבים כחלק מלא מהדיון על עתיד המדינה ולא כעניין נפרד או משני","supports","https://hagush.org.il/candidates.html; https://e.democrats.org.il/Democrats_OpenHouses/240311; https://e.democrats.org.il/Democrats_OpenHouses/249565; https://e.democrats.org.il/Democrats_OpenHouses/238688; https://www.lawfirms.co.il/lawyers/%D7%A0%D7%93%D7%90%D7%9C-%D7%9E%D7%A1%D7%90%D7%9C%D7%97%D7%94; https://democrats.org.il/","92","זהו ציר מרכזי בפרופיל: מועמד מהחברה הערבית, עו״ד וכלכלן/פעיל חברתי המדבר על שוויון ושותפות."
"נדאל מסאלחה","דעות","יהודים־ערבים, שוויון אזרחי וחיים משותפים","D-032","תמיכה בשוויון אזרחי גם כאשר הוא מחייב שינוי בחוקים, סמלים או חלוקת משאבים","supports","https://hagush.org.il/candidates.html; https://e.democrats.org.il/Democrats_OpenHouses/240311; https://e.democrats.org.il/Democrats_OpenHouses/249565; https://e.democrats.org.il/Democrats_OpenHouses/238688; https://www.lawfirms.co.il/lawyers/%D7%A0%D7%93%D7%90%D7%9C-%D7%9E%D7%A1%D7%90%D7%9C%D7%97%D7%94; https://democrats.org.il/","85","המקורות מדגישים שוויון ושותפות; לכן יש בסיס לשוויון אזרחי גם כאשר נדרשים שינויים מוסדיים."
"נדאל מסאלחה","דעות","יהודים־ערבים, שוויון אזרחי וחיים משותפים","D-033","תמיכה בשותפות פוליטית יהודית־ערבית כחלק מבניית מחנה דמוקרטי רחב","supports","https://hagush.org.il/candidates.html; https://e.democrats.org.il/Democrats_OpenHouses/240311; https://e.democrats.org.il/Democrats_OpenHouses/249565; https://e.democrats.org.il/Democrats_OpenHouses/238688; https://www.lawfirms.co.il/lawyers/%D7%A0%D7%93%D7%90%D7%9C-%D7%9E%D7%A1%D7%90%D7%9C%D7%97%D7%94; https://democrats.org.il/","90","הופעתו במפגשי שותפות ותקווה של הדמוקרטים תומכת במובהק בשותפות פוליטית יהודית־ערבית."
"נדאל מסאלחה","דעות","יהודים־ערבים, שוויון אזרחי וחיים משותפים","D-034","העדפה לשילוב אזרחים ערבים במוקדי קבלת החלטות, כולל בתחומים מדיניים וביטחוניים","supports","https://hagush.org.il/candidates.html; https://e.democrats.org.il/Democrats_OpenHouses/240311; https://e.democrats.org.il/Democrats_OpenHouses/249565; https://e.democrats.org.il/Democrats_OpenHouses/238688; https://www.lawfirms.co.il/lawyers/%D7%A0%D7%93%D7%90%D7%9C-%D7%9E%D7%A1%D7%90%D7%9C%D7%97%D7%94; https://democrats.org.il/","76","עצם מועמדותו והשתתפותו כדובר ערבי במסגרת הדמוקרטים תומכות בשילוב אזרחים ערבים במוקדי החלטה."
"נדאל מסאלחה","דעות","יהודים־ערבים, שוויון אזרחי וחיים משותפים","D-035","התנגדות לגזענות, הדרה או דה־לגיטימציה של הציבור הערבי בישראל","supports","https://hagush.org.il/candidates.html; https://e.democrats.org.il/Democrats_OpenHouses/240311; https://e.democrats.org.il/Democrats_OpenHouses/249565; https://e.democrats.org.il/Democrats_OpenHouses/238688; https://www.lawfirms.co.il/lawyers/%D7%A0%D7%93%D7%90%D7%9C-%D7%9E%D7%A1%D7%90%D7%9C%D7%97%D7%94; https://democrats.org.il/","90","הדגש על שוויון, שותפות וייצוג החברה הערבית תומך בהתנגדות לגזענות והדרה."
"נדאל מסאלחה","דעות","יהודים־ערבים, שוויון אזרחי וחיים משותפים","D-036","הכרה בכך שחיים משותפים מחייבים גם התמודדות עם פחדים, טראומות וחוסר אמון בשני הצדדים","supports","https://hagush.org.il/candidates.html; https://e.democrats.org.il/Democrats_OpenHouses/240311; https://e.democrats.org.il/Democrats_OpenHouses/249565; https://e.democrats.org.il/Democrats_OpenHouses/238688; https://www.lawfirms.co.il/lawyers/%D7%A0%D7%93%D7%90%D7%9C-%D7%9E%D7%A1%D7%90%D7%9C%D7%97%D7%94; https://democrats.org.il/","70","שיח שותפות ותקווה לאחר משברים מניח התמודדות עם פחדים וחוסר אמון, אף שאין פירוט טיפולי או מדיניות מפורטת."
"נדאל מסאלחה","דעות","ביטחון, פלסטינים והסדר מדיני","D-037","תמיכה בנתיב מדיני ארוך טווח מול הפלסטינים, גם לאחר שבעה באוקטובר","mixed","https://hagush.org.il/candidates.html; https://e.democrats.org.il/Democrats_OpenHouses/240311; https://e.democrats.org.il/Democrats_OpenHouses/249565; https://e.democrats.org.il/Democrats_OpenHouses/238688; https://www.lawfirms.co.il/lawyers/%D7%A0%D7%93%D7%90%D7%9C-%D7%9E%D7%A1%D7%90%D7%9C%D7%97%D7%94; https://democrats.org.il/","50","יש שיח על ביטחון ותקווה, אך לא נמצא מקור אישי ברור לנתיב מדיני מול הפלסטינים לאחר שבעה באוקטובר."
"נדאל מסאלחה","דעות","ביטחון, פלסטינים והסדר מדיני","D-038","העדפה להיפרדות מדינית וביטחונית מהפלסטינים כדי לשמור על ישראל יהודית ודמוקרטית","unknown","https://hagush.org.il/candidates.html; https://e.democrats.org.il/Democrats_OpenHouses/240311; https://e.democrats.org.il/Democrats_OpenHouses/249565; https://e.democrats.org.il/Democrats_OpenHouses/238688; https://www.lawfirms.co.il/lawyers/%D7%A0%D7%93%D7%90%D7%9C-%D7%9E%D7%A1%D7%90%D7%9C%D7%97%D7%94; https://democrats.org.il/","0","לא נמצא מקור מספיק על העדפה להיפרדות מדינית וביטחונית מהפלסטינים."
"נדאל מסאלחה","דעות","ביטחון, פלסטינים והסדר מדיני","D-039","תמיכה בפתרון שתי מדינות או במודל קרוב לו כיעד אסטרטגי","unknown","https://hagush.org.il/candidates.html; https://e.democrats.org.il/Democrats_OpenHouses/240311; https://e.democrats.org.il/Democrats_OpenHouses/249565; https://e.democrats.org.il/Democrats_OpenHouses/238688; https://www.lawfirms.co.il/lawyers/%D7%A0%D7%93%D7%90%D7%9C-%D7%9E%D7%A1%D7%90%D7%9C%D7%97%D7%94; https://democrats.org.il/","0","לא נמצא מקור אישי מספיק על תמיכה בפתרון שתי מדינות או מודל קרוב לו."
"נדאל מסאלחה","דעות","ביטחון, פלסטינים והסדר מדיני","D-040","פתיחות למודלים מדיניים מורכבים כגון קונפדרציה, גבולות פתוחים או הסדר אזורי","unknown","https://hagush.org.il/candidates.html; https://e.democrats.org.il/Democrats_OpenHouses/240311; https://e.democrats.org.il/Democrats_OpenHouses/249565; https://e.democrats.org.il/Democrats_OpenHouses/238688; https://www.lawfirms.co.il/lawyers/%D7%A0%D7%93%D7%90%D7%9C-%D7%9E%D7%A1%D7%90%D7%9C%D7%97%D7%94; https://democrats.org.il/","0","לא נמצא מקור מספיק על פתיחות לקונפדרציה, גבולות פתוחים או מודלים אזוריים מורכבים."
"נדאל מסאלחה","דעות","ביטחון, פלסטינים והסדר מדיני","D-041","התנגדות להמשך שליטה ישראלית קבועה על אוכלוסייה פלסטינית ללא זכויות אזר מלאות","mixed","https://hagush.org.il/candidates.html; https://e.democrats.org.il/Democrats_OpenHouses/240311; https://e.democrats.org.il/Democrats_OpenHouses/249565; https://e.democrats.org.il/Democrats_OpenHouses/238688; https://www.lawfirms.co.il/lawyers/%D7%A0%D7%93%D7%90%D7%9C-%D7%9E%D7%A1%D7%90%D7%9C%D7%97%D7%94; https://democrats.org.il/","55","הדגש על שוויון וזכויות נותן בסיס חלקי להתנגדות לשליטה ללא זכויות, אך לא נמצא מקור אישי ישיר על הפלסטינים."
"נדאל מסאלחה","דעות","ביטחון, פלסטינים והסדר מדיני","D-042","ראיית הסדר אזורי עם מדינות ערביות מתונות כחלק מרכזי מהעתיד הביטחוני של ישראל","mixed","https://hagush.org.il/candidates.html; https://e.democrats.org.il/Democrats_OpenHouses/240311; https://e.democrats.org.il/Democrats_OpenHouses/249565; https://e.democrats.org.il/Democrats_OpenHouses/238688; https://www.lawfirms.co.il/lawyers/%D7%A0%D7%93%D7%90%D7%9C-%D7%9E%D7%A1%D7%90%D7%9C%D7%97%D7%94; https://democrats.org.il/","50","לא נמצא מקור אישי ברור על הסדר אזורי עם מדינות ערביות מתונות כחלק מרכזי מהעתיד הביטחוני."
"נדאל מסאלחה","דעות","שבעה באוקטובר, אחריות, חטופים וזיכרון לאומי","D-043","ראיית שבעה באוקטובר כאירוע שמחייב חשבון נפש מדינתי, מוסדי וחברתי עמוק","supports","https://hagush.org.il/candidates.html; https://e.democrats.org.il/Democrats_OpenHouses/240311; https://e.democrats.org.il/Democrats_OpenHouses/249565; https://e.democrats.org.il/Democrats_OpenHouses/238688; https://www.lawfirms.co.il/lawyers/%D7%A0%D7%93%D7%90%D7%9C-%D7%9E%D7%A1%D7%90%D7%9C%D7%97%D7%94; https://democrats.org.il/","60","השתתפות בשיח על ביטחון ודמוקרטיה לאחר 7.10 והמסגרת המפלגתית תומכות בחשבון נפש מדינתי."
"נדאל מסאלחה","דעות","שבעה באוקטובר, אחריות, חטופים וזיכרון לאומי","D-044","תמיכה בוועדת חקירה ממלכתית ובאחריות אישית של הדרג המדיני והביטחוני","supports","https://hagush.org.il/candidates.html; https://e.democrats.org.il/Democrats_OpenHouses/240311; https://e.democrats.org.il/Democrats_OpenHouses/249565; https://e.democrats.org.il/Democrats_OpenHouses/238688; https://www.lawfirms.co.il/lawyers/%D7%A0%D7%93%D7%90%D7%9C-%D7%9E%D7%A1%D7%90%D7%9C%D7%97%D7%94; https://democrats.org.il/","60","עמדת הדמוקרטים הרשמית על ועדת חקירה ממלכתית נותנת בסיס חלקי, אך לא נמצא מקור אישי נפרד שלו."
"נדאל מסאלחה","דעות","שבעה באוקטובר, אחריות, חטופים וזיכרון לאומי","D-045","ראיית החטופים והמשפחות כסמל מוסרי מרכזי של אחריות המדינה לאזרחיה","mixed","https://hagush.org.il/candidates.html; https://e.democrats.org.il/Democrats_OpenHouses/240311; https://e.democrats.org.il/Democrats_OpenHouses/249565; https://e.democrats.org.il/Democrats_OpenHouses/238688; https://www.lawfirms.co.il/lawyers/%D7%A0%D7%93%D7%90%D7%9C-%D7%9E%D7%A1%D7%90%D7%9C%D7%97%D7%94; https://democrats.org.il/","50","לא נמצא מקור אישי שממקם את החטופים כסמל מוסרי מרכזי, מעבר לשיוך מפלגתי כללי."
"נדאל מסאלחה","דעות","שבעה באוקטובר, אחריות, חטופים וזיכרון לאומי","D-046","התנגדות לשימוש פוליטי ציני בכאב של משפחות, נפגעים או קהילות שנפגעו במלחמה","supports","https://hagush.org.il/candidates.html; https://e.democrats.org.il/Democrats_OpenHouses/240311; https://e.democrats.org.il/Democrats_OpenHouses/249565; https://e.democrats.org.il/Democrats_OpenHouses/238688; https://www.lawfirms.co.il/lawyers/%D7%A0%D7%93%D7%90%D7%9C-%D7%9E%D7%A1%D7%90%D7%9C%D7%97%D7%94; https://democrats.org.il/","55","שפת שותפות ואחריות ציבורית תומכת בהתנגדות לשימוש ציני בכאב משפחות, אך אין מקור אישי ישיר."
"נדאל מסאלחה","דעות","שבעה באוקטובר, אחריות, חטופים וזיכרון לאומי","D-047","תמיכה בשיקום העוטף והקהילות שנפגעו כחלק מהחוזה הבסיסי בין המדינה לאזרחיה","mixed","https://hagush.org.il/candidates.html; https://e.democrats.org.il/Democrats_OpenHouses/240311; https://e.democrats.org.il/Democrats_OpenHouses/249565; https://e.democrats.org.il/Democrats_OpenHouses/238688; https://www.lawfirms.co.il/lawyers/%D7%A0%D7%93%D7%90%D7%9C-%D7%9E%D7%A1%D7%90%D7%9C%D7%97%D7%94; https://democrats.org.il/","50","אין מקור אישי מספק על שיקום העוטף והקהילות שנפגעו כחלק מהחוזה בין המדינה לאזרחיה."
"נדאל מסאלחה","דעות","שבעה באוקטובר, אחריות, חטופים וזיכרון לאומי","D-048","ראיית הטראומה של שבעה באוקטובר כבסיס לבניית מדיניות חדשה, לא רק כהצדקה להמשך מלחמה","mixed","https://hagush.org.il/candidates.html; https://e.democrats.org.il/Democrats_OpenHouses/240311; https://e.democrats.org.il/Democrats_OpenHouses/249565; https://e.democrats.org.il/Democrats_OpenHouses/238688; https://www.lawfirms.co.il/lawyers/%D7%A0%D7%93%D7%90%D7%9C-%D7%9E%D7%A1%D7%90%D7%9C%D7%97%D7%94; https://democrats.org.il/","50","יש שיח על תיקון ותקווה, אך לא נמצא מקור שמנסח את טראומת שבעה באוקטובר כבסיס למדיניות חדשה."
"נדאל מסאלחה","דעות","חברה, כלכלה, רווחה ופריפריה","D-049","הצבת צמצום אי־שוויון חברתי־כלכלי כנושא מרכזי בזהות הפוליטית","supports","https://hagush.org.il/candidates.html; https://e.democrats.org.il/Democrats_OpenHouses/240311; https://e.democrats.org.il/Democrats_OpenHouses/249565; https://e.democrats.org.il/Democrats_OpenHouses/238688; https://www.lawfirms.co.il/lawyers/%D7%A0%D7%93%D7%90%D7%9C-%D7%9E%D7%A1%D7%90%D7%9C%D7%97%D7%94; https://democrats.org.il/","72","הצגתו ככלכלן ופעיל חברתי, יחד עם שיח שוויון, תומכים בצמצום אי־שוויון חברתי־כלכלי."
"נדאל מסאלחה","דעות","חברה, כלכלה, רווחה ופריפריה","D-050","תמיכה בהרחבת אחריות המדינה בתחומי דיור, חינוך, בריאות ורווחה","supports","https://hagush.org.il/candidates.html; https://e.democrats.org.il/Democrats_OpenHouses/240311; https://e.democrats.org.il/Democrats_OpenHouses/249565; https://e.democrats.org.il/Democrats_OpenHouses/238688; https://www.lawfirms.co.il/lawyers/%D7%A0%D7%93%D7%90%D7%9C-%D7%9E%D7%A1%D7%90%D7%9C%D7%97%D7%94; https://democrats.org.il/","65","הדגש על שוויון ושלטון מקומי תומך בהרחבת אחריות המדינה והשירותים הציבוריים, אף שאין תוכנית מפורטת."
"נדאל מסאלחה","דעות","חברה, כלכלה, רווחה ופריפריה","D-051","תמיכה בזכויות עובדים, עבודה מאורגנת והגנה על שכבות מוחלשות","mixed","https://hagush.org.il/candidates.html; https://e.democrats.org.il/Democrats_OpenHouses/240311; https://e.democrats.org.il/Democrats_OpenHouses/249565; https://e.democrats.org.il/Democrats_OpenHouses/238688; https://www.lawfirms.co.il/lawyers/%D7%A0%D7%93%D7%90%D7%9C-%D7%9E%D7%A1%D7%90%D7%9C%D7%97%D7%94; https://democrats.org.il/","50","לא נמצא מקור אישי ברור על זכויות עובדים ועבודה מאורגנת."
"נדאל מסאלחה","דעות","חברה, כלכלה, רווחה ופריפריה","D-052","ראיית הפריפריה הגיאוגרפית והחברתית כשותפה אסטרטגית ולא כקהל יעד משני","supports","https://hagush.org.il/candidates.html; https://e.democrats.org.il/Democrats_OpenHouses/240311; https://e.democrats.org.il/Democrats_OpenHouses/249565; https://e.democrats.org.il/Democrats_OpenHouses/238688; https://www.lawfirms.co.il/lawyers/%D7%A0%D7%93%D7%90%D7%9C-%D7%9E%D7%A1%D7%90%D7%9C%D7%97%D7%94; https://democrats.org.il/","82","הזיקה לכפר קרע, החברה הערבית והשלטון המקומי מציבה פריפריה חברתית וגיאוגרפית כשותפה אסטרטגית."
"נדאל מסאלחה","דעות","חברה, כלכלה, רווחה ופריפריה","D-053","תמיכה בהשקעה ארוכת טווח בנגב, בגליל, בעוטף ובערים מוחלשות","supports","https://hagush.org.il/candidates.html; https://e.democrats.org.il/Democrats_OpenHouses/240311; https://e.democrats.org.il/Democrats_OpenHouses/249565; https://e.democrats.org.il/Democrats_OpenHouses/238688; https://www.lawfirms.co.il/lawyers/%D7%A0%D7%93%D7%90%D7%9C-%D7%9E%D7%A1%D7%90%D7%9C%D7%97%D7%94; https://democrats.org.il/","70","השיח על שלטון מקומי ושוויון בחברה הערבית תומך בהשקעה בפריפריה, בגליל וביישובים מוחלשים."
"נדאל מסאלחה","דעות","חברה, כלכלה, רווחה ופריפריה","D-054","חיבור בין צדק חברתי לבין בניית מחנה פוליטי חדש ורחב יותר","supports","https://hagush.org.il/candidates.html; https://e.democrats.org.il/Democrats_OpenHouses/240311; https://e.democrats.org.il/Democrats_OpenHouses/249565; https://e.democrats.org.il/Democrats_OpenHouses/238688; https://www.lawfirms.co.il/lawyers/%D7%A0%D7%93%D7%90%D7%9C-%D7%9E%D7%A1%D7%90%D7%9C%D7%97%D7%94; https://democrats.org.il/","75","החיבור בין שוויון, שותפות ופעילות חברתית תומך בצדק חברתי כחלק מבניית מחנה פוליטי רחב."
"נדאל מסאלחה","דעות","סגנון פשרה, גבולות ויכולת הסכמה","D-055","נכונות לפשרות פוליטיות רחבות כדי לשקם את המדינה גם במחיר ויתור אידיאולוגי חלקי","supports","https://hagush.org.il/candidates.html; https://e.democrats.org.il/Democrats_OpenHouses/240311; https://e.democrats.org.il/Democrats_OpenHouses/249565; https://e.democrats.org.il/Democrats_OpenHouses/238688; https://www.lawfirms.co.il/lawyers/%D7%A0%D7%93%D7%90%D7%9C-%D7%9E%D7%A1%D7%90%D7%9C%D7%97%D7%94; https://democrats.org.il/","65","הדגש על שותפות ותקווה מצביע על נכונות לפשרות ושיתופי פעולה רחבים."
"נדאל מסאלחה","דעות","סגנון פשרה, גבולות ויכולת הסכמה","D-056","הצבת קווים אדומים ברורים שמעליהם אין מקום לפשרה עם יריבים פוליטיים","mixed","https://hagush.org.il/candidates.html; https://e.democrats.org.il/Democrats_OpenHouses/240311; https://e.democrats.org.il/Democrats_OpenHouses/249565; https://e.democrats.org.il/Democrats_OpenHouses/238688; https://www.lawfirms.co.il/lawyers/%D7%A0%D7%93%D7%90%D7%9C-%D7%9E%D7%A1%D7%90%D7%9C%D7%97%D7%94; https://democrats.org.il/","50","כעו״ד ואיש דמוקרטיה יש בסיס לקווים אדומים, אך סגנון המקורות מדגיש יותר שותפות מאשר עימות."
"נדאל מסאלחה","דעות","סגנון פשרה, גבולות ויכולת הסכמה","D-057","העדפה להסכמות רחבות ולאיטיות על פני מהלכים חדים ומהירים","supports","https://hagush.org.il/candidates.html; https://e.democrats.org.il/Democrats_OpenHouses/240311; https://e.democrats.org.il/Democrats_OpenHouses/249565; https://e.democrats.org.il/Democrats_OpenHouses/238688; https://www.lawfirms.co.il/lawyers/%D7%A0%D7%93%D7%90%D7%9C-%D7%9E%D7%A1%D7%90%D7%9C%D7%97%D7%94; https://democrats.org.il/","60","השיח על שותפות ושלטון מקומי מתאים להעדפת הסכמות ותהליכים רחבים."
"נדאל מסאלחה","דעות","סגנון פשרה, גבולות ויכולת הסכמה","D-058","העדפה למאבק חד וברור כאשר פשרה נתפסת ככניעה לכוחות אנטי־דמוקרטיים","mixed","https://hagush.org.il/candidates.html; https://e.democrats.org.il/Democrats_OpenHouses/240311; https://e.democrats.org.il/Democrats_OpenHouses/249565; https://e.democrats.org.il/Democrats_OpenHouses/238688; https://www.lawfirms.co.il/lawyers/%D7%A0%D7%93%D7%90%D7%9C-%D7%9E%D7%A1%D7%90%D7%9C%D7%97%D7%94; https://democrats.org.il/","50","יש מחויבות דמוקרטית, אך לא נמצא בסיס להעדפת מאבק חד וברור על פני פשרה."
"נדאל מסאלחה","דעות","סגנון פשרה, גבולות ויכולת הסכמה","D-059","יכולת להבחין בין פשרה עניינית לבין טשטוש ערכי מסוכן","supports","https://hagush.org.il/candidates.html; https://e.democrats.org.il/Democrats_OpenHouses/240311; https://e.democrats.org.il/Democrats_OpenHouses/249565; https://e.democrats.org.il/Democrats_OpenHouses/238688; https://www.lawfirms.co.il/lawyers/%D7%A0%D7%93%D7%90%D7%9C-%D7%9E%D7%A1%D7%90%D7%9C%D7%97%D7%94; https://democrats.org.il/","60","רקע משפטי ושיח דמוקרטי מאפשרים הבחנה בין פשרה עניינית לטשטוש ערכי."
"נדאל מסאלחה","דעות","סגנון פשרה, גבולות ויכולת הסכמה","D-060","נכונות לבנות קואליציות עתידיות עם גורמים שאינם שייכים למחנה הטבעי, אם הם מקבלים כללי משחק דמוקרטיים","supports","https://hagush.org.il/candidates.html; https://e.democrats.org.il/Democrats_OpenHouses/240311; https://e.democrats.org.il/Democrats_OpenHouses/249565; https://e.democrats.org.il/Democrats_OpenHouses/238688; https://www.lawfirms.co.il/lawyers/%D7%A0%D7%93%D7%90%D7%9C-%D7%9E%D7%A1%D7%90%D7%9C%D7%97%D7%94; https://democrats.org.il/","72","שפת שותפות ותקווה מצביעה על נכונות לבנות קואליציות עם גורמים שמקבלים כללי משחק דמוקרטיים."
"נדאל מסאלחה","יכולות","מומחיות מדינית, ביטחונית וממשלית","cap_001","ניסיון ישיר במערכות מדינה בכירות או במוקדי קבלת החלטות","partial","https://hagush.org.il/candidates.html; https://e.democrats.org.il/Democrats_OpenHouses/240311; https://e.democrats.org.il/Democrats_OpenHouses/249565; https://e.democrats.org.il/Democrats_OpenHouses/238688; https://www.lawfirms.co.il/lawyers/%D7%A0%D7%93%D7%90%D7%9C-%D7%9E%D7%A1%D7%90%D7%9C%D7%97%D7%94; https://democrats.org.il/","55","יש רקע משפטי, כלכלי וחברתי ושיח על שלטון מקומי, אך לא נמצא ניסיון ישיר במערכות מדינה בכירות."
"נדאל מסאלחה","יכולות","מומחיות מדינית, ביטחונית וממשלית","cap_002","הבנה מוכחת של סוגיות מדיניות, ביטחוניות ואזוריות מורכבות","partial","https://hagush.org.il/candidates.html; https://e.democrats.org.il/Democrats_OpenHouses/240311; https://e.democrats.org.il/Democrats_OpenHouses/249565; https://e.democrats.org.il/Democrats_OpenHouses/238688; https://www.lawfirms.co.il/lawyers/%D7%A0%D7%93%D7%90%D7%9C-%D7%9E%D7%A1%D7%90%D7%9C%D7%97%D7%94; https://democrats.org.il/","60","השתתף בשיחות על ביטחון, דמוקרטיה ותיקון, אך לא נמצא רקע מקצועי מדיני־ביטחוני עמוק."
"נדאל מסאלחה","יכולות","מומחיות מדינית, ביטחונית וממשלית","cap_003","ניסיון במשא ומתן, דיאלוג אסטרטגי או קשרים בינלאומיים","partial","https://hagush.org.il/candidates.html; https://e.democrats.org.il/Democrats_OpenHouses/240311; https://e.democrats.org.il/Democrats_OpenHouses/249565; https://e.democrats.org.il/Democrats_OpenHouses/238688; https://www.lawfirms.co.il/lawyers/%D7%A0%D7%93%D7%90%D7%9C-%D7%9E%D7%A1%D7%90%D7%9C%D7%97%D7%94; https://democrats.org.il/","62","שיח שותפות, תקווה ושלטון מקומי מצביע על ניסיון בדיאלוג ציבורי, אך לא נמצא ניסיון בינלאומי או אסטרטגי."
"נדאל מסאלחה","יכולות","מומחיות מדינית, ביטחונית וממשלית","cap_004","ניסיון צבאי, מודיעיני או ביטחוני בעל רלוונטיות לעבודה ציבורית","unknown","https://hagush.org.il/candidates.html; https://e.democrats.org.il/Democrats_OpenHouses/240311; https://e.democrats.org.il/Democrats_OpenHouses/249565; https://e.democrats.org.il/Democrats_OpenHouses/238688; https://www.lawfirms.co.il/lawyers/%D7%A0%D7%93%D7%90%D7%9C-%D7%9E%D7%A1%D7%90%D7%9C%D7%97%D7%94; https://democrats.org.il/","0","לא נמצא מקור מספיק לניסיון צבאי, מודיעיני או ביטחוני."
"נדאל מסאלחה","יכולות","מומחיות מדינית, ביטחונית וממשלית","cap_005","יכולת לגבש תפיסה מדינית־ביטחונית סדורה ולא רק עמדה ערכית כללית","partial","https://hagush.org.il/candidates.html; https://e.democrats.org.il/Democrats_OpenHouses/240311; https://e.democrats.org.il/Democrats_OpenHouses/249565; https://e.democrats.org.il/Democrats_OpenHouses/238688; https://www.lawfirms.co.il/lawyers/%D7%A0%D7%93%D7%90%D7%9C-%D7%9E%D7%A1%D7%90%D7%9C%D7%97%D7%94; https://democrats.org.il/","55","יש שפה ערכית על ביטחון ודמוקרטיה, אך לא נמצאה תפיסה מדינית־ביטחונית סדורה ומפורטת."
"נדאל מסאלחה","יכולות","מומחיות מדינית, ביטחונית וממשלית","cap_006","יכולת לחבר בין יעדים ביטחוניים לבין יעדים מדיניים ארוכי טווח","partial","https://hagush.org.il/candidates.html; https://e.democrats.org.il/Democrats_OpenHouses/240311; https://e.democrats.org.il/Democrats_OpenHouses/249565; https://e.democrats.org.il/Democrats_OpenHouses/238688; https://www.lawfirms.co.il/lawyers/%D7%A0%D7%93%D7%90%D7%9C-%D7%9E%D7%A1%D7%90%D7%9C%D7%97%D7%94; https://democrats.org.il/","45","יש חיבור כללי בין ביטחון, דמוקרטיה ותקווה, אך לא נמצא מודל מפורט לחיבור יעדים ביטחוניים ומדיניים."
"נדאל מסאלחה","יכולות","ארגון, ניהול וביצוע","cap_007","ניסיון בהקמה וניהול של ארגונים, חברות, תנועות או מטות פעולה","partial","https://hagush.org.il/candidates.html; https://e.democrats.org.il/Democrats_OpenHouses/240311; https://e.democrats.org.il/Democrats_OpenHouses/249565; https://e.democrats.org.il/Democrats_OpenHouses/238688; https://www.lawfirms.co.il/lawyers/%D7%A0%D7%93%D7%90%D7%9C-%D7%9E%D7%A1%D7%90%D7%9C%D7%97%D7%94; https://democrats.org.il/","68","המקורות מציגים אותו כפעיל חברתי וכלכלן/עו״ד, עם זיקה לשלטון מקומי, אך לא נמצא ניהול ארגון גדול בבירור."
"נדאל מסאלחה","יכולות","ארגון, ניהול וביצוע","cap_008","יכולת להוביל צוותים, תקציבים, קהילות או מערכות מורכבות","partial","https://hagush.org.il/candidates.html; https://e.democrats.org.il/Democrats_OpenHouses/240311; https://e.democrats.org.il/Democrats_OpenHouses/249565; https://e.democrats.org.il/Democrats_OpenHouses/238688; https://www.lawfirms.co.il/lawyers/%D7%A0%D7%93%D7%90%D7%9C-%D7%9E%D7%A1%D7%90%D7%9C%D7%97%D7%94; https://democrats.org.il/","65","הרקע בשלטון מקומי ופעילות חברתית נותן בסיס ליכולת להוביל קהילות, אך חסר מקור מפורט על צוותים ותקציבים."
"נדאל מסאלחה","יכולות","ארגון, ניהול וביצוע","cap_009","הובלת מאבקים ציבוריים שהניבו תוצאות ממשיות","partial","https://hagush.org.il/candidates.html; https://e.democrats.org.il/Democrats_OpenHouses/240311; https://e.democrats.org.il/Democrats_OpenHouses/249565; https://e.democrats.org.il/Democrats_OpenHouses/238688; https://www.lawfirms.co.il/lawyers/%D7%A0%D7%93%D7%90%D7%9C-%D7%9E%D7%A1%D7%90%D7%9C%D7%97%D7%94; https://democrats.org.il/","60","יש פעילות ציבורית ומפלגתית, אך לא נמצאה הוכחה ברורה למאבק ציבורי שהניב תוצאה ממוסדת."
"נדאל מסאלחה","יכולות","ארגון, ניהול וביצוע","cap_010","יכולת להפוך רעיון כללי לתשתית פעולה מתמשכת","partial","https://hagush.org.il/candidates.html; https://e.democrats.org.il/Democrats_OpenHouses/240311; https://e.democrats.org.il/Democrats_OpenHouses/249565; https://e.democrats.org.il/Democrats_OpenHouses/238688; https://www.lawfirms.co.il/lawyers/%D7%A0%D7%93%D7%90%D7%9C-%D7%9E%D7%A1%D7%90%D7%9C%D7%97%D7%94; https://democrats.org.il/","62","השתתפות במערך מפגשים ושיח פוליטי מצביעה על יכולת להפוך רעיון לשיח מתמשך, אך לא לתשתית ארגונית מלאה."
"נדאל מסאלחה","יכולות","ארגון, ניהול וביצוע","cap_011","ניסיון בניהול משברים ציבוריים, פוליטיים או ארגוניים","partial","https://hagush.org.il/candidates.html; https://e.democrats.org.il/Democrats_OpenHouses/240311; https://e.democrats.org.il/Democrats_OpenHouses/249565; https://e.democrats.org.il/Democrats_OpenHouses/238688; https://www.lawfirms.co.il/lawyers/%D7%A0%D7%93%D7%90%D7%9C-%D7%9E%D7%A1%D7%90%D7%9C%D7%97%D7%94; https://democrats.org.il/","55","יש רקע ציבורי, אך לא נמצא מקור מספיק לניהול משברים ציבוריים או ארגוניים מורכבים."
"נדאל מסאלחה","יכולות","ארגון, ניהול וביצוע","cap_012","מוכנות לקחת אחריות אישית גבוהה על מהלך ציבורי או ארגוני","has","https://hagush.org.il/candidates.html; https://e.democrats.org.il/Democrats_OpenHouses/240311; https://e.democrats.org.il/Democrats_OpenHouses/249565; https://e.democrats.org.il/Democrats_OpenHouses/238688; https://www.lawfirms.co.il/lawyers/%D7%A0%D7%93%D7%90%D7%9C-%D7%9E%D7%A1%D7%90%D7%9C%D7%97%D7%94; https://democrats.org.il/","70","עצם ההתמודדות והופעתו כדובר בשיח ציבורי על שותפות ודמוקרטיה מצביעות על מוכנות לקחת אחריות ציבורית."
"נדאל מסאלחה","יכולות","חקיקה, פוליטיקה ומוסדות","cap_013","ניסיון בעבודה פרלמנטרית, ועדות כנסת, חקיקה או הצעות חוק","partial","https://hagush.org.il/candidates.html; https://e.democrats.org.il/Democrats_OpenHouses/240311; https://e.democrats.org.il/Democrats_OpenHouses/249565; https://e.democrats.org.il/Democrats_OpenHouses/238688; https://www.lawfirms.co.il/lawyers/%D7%A0%D7%93%D7%90%D7%9C-%D7%9E%D7%A1%D7%90%D7%9C%D7%97%D7%94; https://democrats.org.il/","58","הוא עו״ד, אך לא נמצא ניסיון בכנסת, ועדות או חקיקה בפועל."
"נדאל מסאלחה","יכולות","חקיקה, פוליטיקה ומוסדות","cap_014","היכרות מעשית עם מנגנוני מפלגות, פריימריז, רשימות וקואליציות","partial","https://hagush.org.il/candidates.html; https://e.democrats.org.il/Democrats_OpenHouses/240311; https://e.democrats.org.il/Democrats_OpenHouses/249565; https://e.democrats.org.il/Democrats_OpenHouses/238688; https://www.lawfirms.co.il/lawyers/%D7%A0%D7%93%D7%90%D7%9C-%D7%9E%D7%A1%D7%90%D7%9C%D7%97%D7%94; https://democrats.org.il/","60","השתתפותו במפגשי הדמוקרטים וההתמודדות בפריימריז מצביעות על היכרות מעשית מסוימת עם מנגנון מפלגתי."
"נדאל מסאלחה","יכולות","חקיקה, פוליטיקה ומוסדות","cap_015","יכולת לפעול בתוך מוסדות קיימים ולא רק מחוץ להם","partial","https://hagush.org.il/candidates.html; https://e.democrats.org.il/Democrats_OpenHouses/240311; https://e.democrats.org.il/Democrats_OpenHouses/249565; https://e.democrats.org.il/Democrats_OpenHouses/238688; https://www.lawfirms.co.il/lawyers/%D7%A0%D7%93%D7%90%D7%9C-%D7%9E%D7%A1%D7%90%D7%9C%D7%97%D7%94; https://democrats.org.il/","62","הרקע המשפטי והשלטון המקומי תומכים ביכולת לעבוד במוסדות קיימים, אך אין ניסיון פרלמנטרי."
"נדאל מסאלחה","יכולות","חקיקה, פוליטיקה ומוסדות","cap_016","ניסיון בבניית תנועה פוליטית, מפלגה או אלטרנטיבה שלטונית","unknown","https://hagush.org.il/candidates.html; https://e.democrats.org.il/Democrats_OpenHouses/240311; https://e.democrats.org.il/Democrats_OpenHouses/249565; https://e.democrats.org.il/Democrats_OpenHouses/238688; https://www.lawfirms.co.il/lawyers/%D7%A0%D7%93%D7%90%D7%9C-%D7%9E%D7%A1%D7%90%D7%9C%D7%97%D7%94; https://democrats.org.il/","0","לא נמצא מקור מספיק לבניית תנועה פוליטית, מפלגה או אלטרנטיבה שלטונית."
"נדאל מסאלחה","יכולות","חקיקה, פוליטיקה ומוסדות","cap_017","יכולת לייצר שיתופי פעולה בין זרמים, מפלגות או קבוצות אינטרס","has","https://hagush.org.il/candidates.html; https://e.democrats.org.il/Democrats_OpenHouses/240311; https://e.democrats.org.il/Democrats_OpenHouses/249565; https://e.democrats.org.il/Democrats_OpenHouses/238688; https://www.lawfirms.co.il/lawyers/%D7%A0%D7%93%D7%90%D7%9C-%D7%9E%D7%A1%D7%90%D7%9C%D7%97%D7%94; https://democrats.org.il/","75","שיח השותפות היהודית־ערבית והופעות עם דוברים שונים מעידים על יכולת לייצר שיתופי פעולה בין זרמים."
"נדאל מסאלחה","יכולות","חקיקה, פוליטיקה ומוסדות","cap_018","יכולת לתרגם עמדות אידיאולוגיות לפעולות מוסדיות או חקיקתיות","partial","https://hagush.org.il/candidates.html; https://e.democrats.org.il/Democrats_OpenHouses/240311; https://e.democrats.org.il/Democrats_OpenHouses/249565; https://e.democrats.org.il/Democrats_OpenHouses/238688; https://www.lawfirms.co.il/lawyers/%D7%A0%D7%93%D7%90%D7%9C-%D7%9E%D7%A1%D7%90%D7%9C%D7%97%D7%94; https://democrats.org.il/","60","רקע משפטי וערכי מאפשר תרגום רעיונות לפעולה מוסדית, אך לא נמצאה חקיקה או תוצר מוסדי ברור."
"נדאל מסאלחה","יכולות","תקשורת, הסברה והשפעה ציבורית","cap_019","יכולת ליצור מסרים חדים, ברורים וזכירים","partial","https://hagush.org.il/candidates.html; https://e.democrats.org.il/Democrats_OpenHouses/240311; https://e.democrats.org.il/Democrats_OpenHouses/249565; https://e.democrats.org.il/Democrats_OpenHouses/238688; https://www.lawfirms.co.il/lawyers/%D7%A0%D7%93%D7%90%D7%9C-%D7%9E%D7%A1%D7%90%D7%9C%D7%97%D7%94; https://democrats.org.il/","65","השתתפות כדובר במפגשי ציבור מלמדת על יכולת מסר, אך אין הוכחה למיתוג תקשורתי רחב."
"נדאל מסאלחה","יכולות","תקשורת, הסברה והשפעה ציבורית","cap_020","יכולת לייצר תוכן דיגיטלי, ויראלי או תקשורתי שמגיע לקהלים רחבים","partial","https://hagush.org.il/candidates.html; https://e.democrats.org.il/Democrats_OpenHouses/240311; https://e.democrats.org.il/Democrats_OpenHouses/249565; https://e.democrats.org.il/Democrats_OpenHouses/238688; https://www.lawfirms.co.il/lawyers/%D7%A0%D7%93%D7%90%D7%9C-%D7%9E%D7%A1%D7%90%D7%9C%D7%97%D7%94; https://democrats.org.il/","55","קיימת נוכחות ציבורית מסוימת, אך לא נמצא בסיס חזק ליכולת תוכן דיגיטלי ויראלי רחבה."
"נדאל מסאלחה","יכולות","תקשורת, הסברה והשפעה ציבורית","cap_021","ניסיון בהופעה ציבורית, ראיונות, פודקאסטים, קולנוע, כתיבה או הרצאות","partial","https://hagush.org.il/candidates.html; https://e.democrats.org.il/Democrats_OpenHouses/240311; https://e.democrats.org.il/Democrats_OpenHouses/249565; https://e.democrats.org.il/Democrats_OpenHouses/238688; https://www.lawfirms.co.il/lawyers/%D7%A0%D7%93%D7%90%D7%9C-%D7%9E%D7%A1%D7%90%D7%9C%D7%97%D7%94; https://democrats.org.il/","68","הוא מופיע כדובר במפגשי ציבור של הדמוקרטים, ולכן יש ניסיון בהופעה ציבורית."
"נדאל מסאלחה","יכולות","תקשורת, הסברה והשפעה ציבורית","cap_022","יכולת להסביר נושאים מורכבים בשפה נגישה ולא טכנוקרטית","has","https://hagush.org.il/candidates.html; https://e.democrats.org.il/Democrats_OpenHouses/240311; https://e.democrats.org.il/Democrats_OpenHouses/249565; https://e.democrats.org.il/Democrats_OpenHouses/238688; https://www.lawfirms.co.il/lawyers/%D7%A0%D7%93%D7%90%D7%9C-%D7%9E%D7%A1%D7%90%D7%9C%D7%97%D7%94; https://democrats.org.il/","70","רקע כעו״ד וכלכלן/פעיל חברתי ושיח על דת־מדינה ושלטון מקומי תומכים בהסבר נושאים מורכבים בשפה נגישה."
"נדאל מסאלחה","יכולות","תקשורת, הסברה והשפעה ציבורית","cap_023","יכולת לנהל מאבק תודעתי מול יריבים פוליטיים או תקשורתיים","partial","https://hagush.org.il/candidates.html; https://e.democrats.org.il/Democrats_OpenHouses/240311; https://e.democrats.org.il/Democrats_OpenHouses/249565; https://e.democrats.org.il/Democrats_OpenHouses/238688; https://www.lawfirms.co.il/lawyers/%D7%A0%D7%93%D7%90%D7%9C-%D7%9E%D7%A1%D7%90%D7%9C%D7%97%D7%94; https://democrats.org.il/","62","יש השתתפות בשיח על דמוקרטיה ונגד מכונת רעל, אך לא נמצא פרופיל מרכזי של ניהול מאבק תודעתי."
"נדאל מסאלחה","יכולות","תקשורת, הסברה והשפעה ציבורית","cap_024","יכולת להפוך סיפור אישי או ערכי לכלי גיוס ציבורי","partial","https://hagush.org.il/candidates.html; https://e.democrats.org.il/Democrats_OpenHouses/240311; https://e.democrats.org.il/Democrats_OpenHouses/249565; https://e.democrats.org.il/Democrats_OpenHouses/238688; https://www.lawfirms.co.il/lawyers/%D7%A0%D7%93%D7%90%D7%9C-%D7%9E%D7%A1%D7%90%D7%9C%D7%97%D7%94; https://democrats.org.il/","70","זהותו כחבר החברה הערבית, עו״ד ופעיל חברתי יכולה להפוך לסיפור גיוס ציבורי מובהק."
"נדאל מסאלחה","יכולות","חיבור בין קהלים ועולמות","cap_025","יכולת לחבר בין יהודים לערבים בתוך מסגרת פוליטית או אזרחית משותפת","has","https://hagush.org.il/candidates.html; https://e.democrats.org.il/Democrats_OpenHouses/240311; https://e.democrats.org.il/Democrats_OpenHouses/249565; https://e.democrats.org.il/Democrats_OpenHouses/238688; https://www.lawfirms.co.il/lawyers/%D7%A0%D7%93%D7%90%D7%9C-%D7%9E%D7%A1%D7%90%D7%9C%D7%97%D7%94; https://democrats.org.il/","92","זהו ציר מרכזי בפרופיל: מועמד מהחברה הערבית המדבר על שותפות, שוויון ותקווה במסגרת הדמוקרטים."
"נדאל מסאלחה","יכולות","חיבור בין קהלים ועולמות","cap_026","יכולת לחבר בין שמאל ליברלי לבין פריפריה מזרחית, מסורתית או גיאוגרפית","has","https://hagush.org.il/candidates.html; https://e.democrats.org.il/Democrats_OpenHouses/240311; https://e.democrats.org.il/Democrats_OpenHouses/249565; https://e.democrats.org.il/Democrats_OpenHouses/238688; https://www.lawfirms.co.il/lawyers/%D7%A0%D7%93%D7%90%D7%9C-%D7%9E%D7%A1%D7%90%D7%9C%D7%97%D7%94; https://democrats.org.il/","72","הרקע מכפר קרע והחיבור למחנה דמוקרטי־ליברלי תומכים בחיבור בין שמאל ליברלי לפריפריה ערבית ומסורתית."
"נדאל מסאלחה","יכולות","חיבור בין קהלים ועולמות","cap_027","יכולת לחבר בין עולם המחאה לבין עבודה מפלגתית ומוסדית","partial","https://hagush.org.il/candidates.html; https://e.democrats.org.il/Democrats_OpenHouses/240311; https://e.democrats.org.il/Democrats_OpenHouses/249565; https://e.democrats.org.il/Democrats_OpenHouses/238688; https://www.lawfirms.co.il/lawyers/%D7%A0%D7%93%D7%90%D7%9C-%D7%9E%D7%A1%D7%90%D7%9C%D7%97%D7%94; https://democrats.org.il/","65","יש מעבר מפעילות אזרחית ומפגשים ציבוריים למסגרת מפלגתית, אך לא נמצא תפקיד מחאתי מרכזי."
"נדאל מסאלחה","יכולות","חיבור בין קהלים ועולמות","cap_028","יכולת לחבר בין היי־טק, חדשנות ודיגיטל לבין פוליטיקה ציבורית","unknown","https://hagush.org.il/candidates.html; https://e.democrats.org.il/Democrats_OpenHouses/240311; https://e.democrats.org.il/Democrats_OpenHouses/249565; https://e.democrats.org.il/Democrats_OpenHouses/238688; https://www.lawfirms.co.il/lawyers/%D7%A0%D7%93%D7%90%D7%9C-%D7%9E%D7%A1%D7%90%D7%9C%D7%97%D7%94; https://democrats.org.il/","0","לא נמצא מקור מספיק לחיבור בין היי־טק, חדשנות ודיגיטל לבין פוליטיקה."
"נדאל מסאלחה","יכולות","חיבור בין קהלים ועולמות","cap_029","יכולת לחבר בין שפה מקצועית־ביטחונית לבין שפה אזרחית וערכית","partial","https://hagush.org.il/candidates.html; https://e.democrats.org.il/Democrats_OpenHouses/240311; https://e.democrats.org.il/Democrats_OpenHouses/249565; https://e.democrats.org.il/Democrats_OpenHouses/238688; https://www.lawfirms.co.il/lawyers/%D7%A0%D7%93%D7%90%D7%9C-%D7%9E%D7%A1%D7%90%D7%9C%D7%97%D7%94; https://democrats.org.il/","55","יש השתתפות בשיח על ביטחון ודמוקרטיה, אך לא נמצא רקע ביטחוני מקצועי שמחבר בין השפות."
"נדאל מסאלחה","יכולות","חיבור בין קהלים ועולמות","cap_030","אמינות מול קהילות שטח ולא רק מול קהל תקשורתי או אליטיסטי","has","https://hagush.org.il/candidates.html; https://e.democrats.org.il/Democrats_OpenHouses/240311; https://e.democrats.org.il/Democrats_OpenHouses/249565; https://e.democrats.org.il/Democrats_OpenHouses/238688; https://www.lawfirms.co.il/lawyers/%D7%A0%D7%93%D7%90%D7%9C-%D7%9E%D7%A1%D7%90%D7%9C%D7%97%D7%94; https://democrats.org.il/","78","הזיקה לחברה הערבית, לשלטון המקומי ולמפגשי שטח מעניקה אמינות מול קהילות שטח."
"נדאל מסאלחה","יכולות","חדשנות, למידה ושיתוף ציבור","cap_031","שימוש בטכנולוגיה, מידע או כלים דיגיטליים לשיתוף ציבור וארגון פוליטי","unknown","https://hagush.org.il/candidates.html; https://e.democrats.org.il/Democrats_OpenHouses/240311; https://e.democrats.org.il/Democrats_OpenHouses/249565; https://e.democrats.org.il/Democrats_OpenHouses/238688; https://www.lawfirms.co.il/lawyers/%D7%A0%D7%93%D7%90%D7%9C-%D7%9E%D7%A1%D7%90%D7%9C%D7%97%D7%94; https://democrats.org.il/","0","לא נמצא מקור מספיק לשימוש בטכנולוגיה, מידע או כלים דיגיטליים לשיתוף ציבור."
"נדאל מסאלחה","יכולות","חדשנות, למידה ושיתוף ציבור","cap_032","חשיבה מערכתית שמזהה קשרים בין משבר פוליטי, כלכלה, ביטחון וחברה","partial","https://hagush.org.il/candidates.html; https://e.democrats.org.il/Democrats_OpenHouses/240311; https://e.democrats.org.il/Democrats_OpenHouses/249565; https://e.democrats.org.il/Democrats_OpenHouses/238688; https://www.lawfirms.co.il/lawyers/%D7%A0%D7%93%D7%90%D7%9C-%D7%9E%D7%A1%D7%90%D7%9C%D7%97%D7%94; https://democrats.org.il/","65","שיחו מחבר דמוקרטיה, שותפות, שלטון מקומי וחברה, אך לא נמצא מודל מערכתי מפורט."
"נדאל מסאלחה","יכולות","חדשנות, למידה ושיתוף ציבור","cap_033","יזמות בפתרונות לא שגרתיים לבעיות פוליטיות או חברתיות","partial","https://hagush.org.il/candidates.html; https://e.democrats.org.il/Democrats_OpenHouses/240311; https://e.democrats.org.il/Democrats_OpenHouses/249565; https://e.democrats.org.il/Democrats_OpenHouses/238688; https://www.lawfirms.co.il/lawyers/%D7%A0%D7%93%D7%90%D7%9C-%D7%9E%D7%A1%D7%90%D7%9C%D7%97%D7%94; https://democrats.org.il/","58","הדגש על שותפות פוליטית וחברה ערבית הוא משמעותי, אך לא נמצא פתרון ארגוני לא שגרתי ברור."
"נדאל מסאלחה","יכולות","חדשנות, למידה ושיתוף ציבור","cap_034","יכולת ללמוד תחומים חדשים ולהפוך אותם לשפה ציבורית ברורה","partial","https://hagush.org.il/candidates.html; https://e.democrats.org.il/Democrats_OpenHouses/240311; https://e.democrats.org.il/Democrats_OpenHouses/249565; https://e.democrats.org.il/Democrats_OpenHouses/238688; https://www.lawfirms.co.il/lawyers/%D7%A0%D7%93%D7%90%D7%9C-%D7%9E%D7%A1%D7%90%D7%9C%D7%97%D7%94; https://democrats.org.il/","62","רקע משפטי, כלכלי וחברתי מצביע על יכולת למידה והנגשה, אך המקורות מצומצמים."
"נדאל מסאלחה","יכולות","חדשנות, למידה ושיתוף ציבור","cap_035","שילוב בין ידע מקצועי, ניסיון אישי וערכים פוליטיים","has","https://hagush.org.il/candidates.html; https://e.democrats.org.il/Democrats_OpenHouses/240311; https://e.democrats.org.il/Democrats_OpenHouses/249565; https://e.democrats.org.il/Democrats_OpenHouses/238688; https://www.lawfirms.co.il/lawyers/%D7%A0%D7%93%D7%90%D7%9C-%D7%9E%D7%A1%D7%90%D7%9C%D7%97%D7%94; https://democrats.org.il/","70","משלב זהות אזרחית־ערבית, ידע משפטי/כלכלי וערכים דמוקרטיים של שוויון ושותפות."
"נדאל מסאלחה","יכולות","חדשנות, למידה ושיתוף ציבור","cap_036","פתיחות לניסויים ארגוניים ודמוקרטיים חדשים ולא רק לשיטות פוליטיות קיימות","partial","https://hagush.org.il/candidates.html; https://e.democrats.org.il/Democrats_OpenHouses/240311; https://e.democrats.org.il/Democrats_OpenHouses/249565; https://e.democrats.org.il/Democrats_OpenHouses/238688; https://www.lawfirms.co.il/lawyers/%D7%A0%D7%93%D7%90%D7%9C-%D7%9E%D7%A1%D7%90%D7%9C%D7%97%D7%94; https://democrats.org.il/","60","הדגש על שותפות ושלטון מקומי מעיד על פתיחות, אך לא נמצא ניסוי ארגוני דמוקרטי מובהק."
"איילת השחר סיידוף","תדמית","זהות וייצוג","T-001","המועמד מייצג את הקול הנשי בזירה הציבורית.","supports","https://hagush.org.il/candidates.html; https://www.ynet.co.il/news/article/bkl4uet2bl; https://www.israelhayom.co.il/news/politics/article/14643397; https://he.wikipedia.org/wiki/%D7%90%D7%99%D7%9E%D7%94%D7%95%D7%AA_%D7%91%D7%97%D7%96%D7%99%D7%AA; https://e.democrats.org.il/Democrats_OpenHouses/260416","86","אישה ומובילת תנועת אמהות בחזית; מייצגת קול נשי־אזרחי מובהק."
"איילת השחר סיידוף","תדמית","זהות וייצוג","T-002","המועמד נתפס בציבור הרחב כמי שמבין חסמים ייחודיים של נשים בפוליטיקה, בעבודה ובחברה.","supports","https://hagush.org.il/candidates.html; https://www.ynet.co.il/news/article/bkl4uet2bl; https://www.israelhayom.co.il/news/politics/article/14643397; https://he.wikipedia.org/wiki/%D7%90%D7%99%D7%9E%D7%94%D7%95%D7%AA_%D7%91%D7%97%D7%96%D7%99%D7%AA; https://e.democrats.org.il/Democrats_OpenHouses/260416","78","פעילותה כאם וכמובילת אמהות למשרתים מציגה הבנה של חסמים ומחירים ייחודיים לנשים ומשפחות."
"איילת השחר סיידוף","תדמית","זהות וייצוג","T-003","המועמד נתפס בציבור הרחב כמי שנותן מקום מכבד לקבוצות מיעוט בחברה הישראלית.","mixed","https://hagush.org.il/candidates.html; https://www.ynet.co.il/news/article/bkl4uet2bl; https://www.israelhayom.co.il/news/politics/article/14643397; https://he.wikipedia.org/wiki/%D7%90%D7%99%D7%9E%D7%94%D7%95%D7%AA_%D7%91%D7%97%D7%96%D7%99%D7%AA; https://e.democrats.org.il/Democrats_OpenHouses/260416","55","הקו השוויוני שלה כולל אזרחות שווה, אך ייצוג מיעוטים אינו ציר מרכזי."
"איילת השחר סיידוף","תדמית","זהות וייצוג","T-004","המועמד נתפס בציבור הרחב כמי שיכול לייצג את בני המיעוטים הלא יהודיים.","unknown","לא נמצא מקור מספיק","0","לא נמצא בסיס מספיק לכך שהיא נתפסת כמייצגת בני מיעוטים לא־יהודיים."
"איילת השחר סיידוף","תדמית","זהות וייצוג","T-005","המועמד נתפס בציבור הרחב כמי שמביא את קול הפריפריה או מבין לעומק את צרכיה.","mixed","https://hagush.org.il/candidates.html; https://www.ynet.co.il/news/article/bkl4uet2bl; https://www.israelhayom.co.il/news/politics/article/14643397; https://he.wikipedia.org/wiki/%D7%90%D7%99%D7%9E%D7%94%D7%95%D7%AA_%D7%91%D7%97%D7%96%D7%99%D7%AA; https://e.democrats.org.il/Democrats_OpenHouses/260416","52","נולדה במגדל העמק ופועלת מחוץ לאליטה המסורתית, אך אין מקור מובהק לפריפריה כציר תדמיתי."
"איילת השחר סיידוף","תדמית","זהות וייצוג","T-006","המועמד נתפס בציבור הרחב כמי שיכול לצמצם את הפער התדמיתי והמעשי בין המרכז לפריפריה.","mixed","https://hagush.org.il/candidates.html; https://www.ynet.co.il/news/article/bkl4uet2bl; https://www.israelhayom.co.il/news/politics/article/14643397; https://he.wikipedia.org/wiki/%D7%90%D7%99%D7%9E%D7%94%D7%95%D7%AA_%D7%91%D7%97%D7%96%D7%99%D7%AA; https://e.democrats.org.il/Democrats_OpenHouses/260416","50","יש נגישות ציבורית רחבה, אך לא תדמית מפורשת של צמצום פער מרכז־פריפריה."
"איילת השחר סיידוף","תדמית","זהות וייצוג","T-007","המועמד נתפס בציבור הרחב כמי שמביא גאווה בזהות מזרחית בלי להפוך אותה לשסע מפריד.","unknown","לא נמצא מקור מספיק","0","לא נמצא מקור מספיק על ייצוג זהות מזרחית."
"איילת השחר סיידוף","תדמית","זהות וייצוג","T-008","המועמד נתפס בציבור הרחב כמי שמכבד זהות דתית ומסורתית בתוך מרחב דמוקרטי וליברלי.","mixed","https://hagush.org.il/candidates.html; https://www.ynet.co.il/news/article/bkl4uet2bl; https://www.israelhayom.co.il/news/politics/article/14643397; https://he.wikipedia.org/wiki/%D7%90%D7%99%D7%9E%D7%94%D7%95%D7%AA_%D7%91%D7%97%D7%96%D7%99%D7%AA; https://e.democrats.org.il/Democrats_OpenHouses/260416","52","מצד אחד מאבק חריף מול חרדים; מצד שני מצהירה שאינה שונאת ומדברת עם בני ישיבות."
"איילת השחר סיידוף","תדמית","זהות וייצוג","T-009","המועמד נתפס בציבור הרחב כמי שיכול לגשר בין חילונים, מסורתיים ודתיים.","mixed","https://hagush.org.il/candidates.html; https://www.ynet.co.il/news/article/bkl4uet2bl; https://www.israelhayom.co.il/news/politics/article/14643397; https://he.wikipedia.org/wiki/%D7%90%D7%99%D7%9E%D7%94%D7%95%D7%AA_%D7%91%D7%97%D7%96%D7%99%D7%AA; https://e.democrats.org.il/Democrats_OpenHouses/260416","50","יש יכולת שיח מסוימת עם חרדים, אך התדמית הציבורית גם עימותית."
"איילת השחר סיידוף","תדמית","זהות וייצוג","T-010","המועמד נתפס בציבור הרחב כמי שנוכחותו ברשימה מרחיבה את תחושת הייצוג של קהלים מגוונים.","supports","https://hagush.org.il/candidates.html; https://www.ynet.co.il/news/article/bkl4uet2bl; https://www.israelhayom.co.il/news/politics/article/14643397; https://he.wikipedia.org/wiki/%D7%90%D7%99%D7%9E%D7%94%D7%95%D7%AA_%D7%91%D7%97%D7%96%D7%99%D7%AA; https://e.democrats.org.il/Democrats_OpenHouses/260416","72","נוכחותה מוסיפה ייצוג של נשים, אמהות למשרתים וקול אזרחי־מחאתי."
"איילת השחר סיידוף","תדמית","זהות וייצוג","T-011","המועמד נתפס בציבור הרחב כמי שמוסיף לרשימה עומק חברתי ולא רק ניסיון פוליטי או תקשורתי.","supports","https://hagush.org.il/candidates.html; https://www.ynet.co.il/news/article/bkl4uet2bl; https://www.israelhayom.co.il/news/politics/article/14643397; https://he.wikipedia.org/wiki/%D7%90%D7%99%D7%9E%D7%94%D7%95%D7%AA_%D7%91%D7%97%D7%96%D7%99%D7%AA; https://e.democrats.org.il/Democrats_OpenHouses/260416","72","מביאה עומק חברתי סביב משפחות משרתים ושוויון בנטל."
"איילת השחר סיידוף","תדמית","ממלכתיות ואחריות","T-012","המועמד נתפס בציבור הרחב כבעל עמוד שדרה ערכי.","supports","https://hagush.org.il/candidates.html; https://www.ynet.co.il/news/article/bkl4uet2bl; https://www.israelhayom.co.il/news/politics/article/14643397; https://he.wikipedia.org/wiki/%D7%90%D7%99%D7%9E%D7%94%D7%95%D7%AA_%D7%91%D7%97%D7%96%D7%99%D7%AA; https://e.democrats.org.il/Democrats_OpenHouses/260416","82","נתפסת כבעלת עמוד שדרה ערכי חזק סביב שוויון בגיוס."
"איילת השחר סיידוף","תדמית","ממלכתיות ואחריות","T-013","המועמד נתפס בציבור הרחב כדמות ממלכתית ואחראית.","mixed","https://hagush.org.il/candidates.html; https://www.ynet.co.il/news/article/bkl4uet2bl; https://www.israelhayom.co.il/news/politics/article/14643397; https://he.wikipedia.org/wiki/%D7%90%D7%99%D7%9E%D7%94%D7%95%D7%AA_%D7%91%D7%97%D7%96%D7%99%D7%AA; https://e.democrats.org.il/Democrats_OpenHouses/260416","58","יש אחריות ציבורית, אך הסגנון לעיתים חריף ולכן התדמית הממלכתית אינה חד־משמעית."
"איילת השחר סיידוף","תדמית","ממלכתיות ואחריות","T-014","המועמד נתפס בציבור הרחב כמי שמכבד מוסדות מדינה ושלטון חוק.","supports","https://hagush.org.il/candidates.html; https://www.ynet.co.il/news/article/bkl4uet2bl; https://www.israelhayom.co.il/news/politics/article/14643397; https://he.wikipedia.org/wiki/%D7%90%D7%99%D7%9E%D7%94%D7%95%D7%AA_%D7%91%D7%97%D7%96%D7%99%D7%AA; https://e.democrats.org.il/Democrats_OpenHouses/260416","70","פועלת דרך בג״ץ, כנסת ודרישה לאכיפת דין."
"איילת השחר סיידוף","תדמית","ממלכתיות ואחריות","T-015","המועמד נתפס בציבור הרחב כמי שמסוגל לפעול מתוך שיקול דעת ולא רק מתוך כעס.","mixed","https://hagush.org.il/candidates.html; https://www.ynet.co.il/news/article/bkl4uet2bl; https://www.israelhayom.co.il/news/politics/article/14643397; https://he.wikipedia.org/wiki/%D7%90%D7%99%D7%9E%D7%94%D7%95%D7%AA_%D7%91%D7%97%D7%96%D7%99%D7%AA; https://e.democrats.org.il/Democrats_OpenHouses/260416","56","מסוגלת לפעול משפטית ומוסדית, אך סגנונה הציבורי לעיתים כועס ומחאתי."
"איילת השחר סיידוף","תדמית","יושרה, אמינות וניסיון ","T-016","המועמד נתפס בציבור הרחב כמי שפועל מתוך שליחות ולא רק מתוך קריירה.","supports","https://hagush.org.il/candidates.html; https://www.ynet.co.il/news/article/bkl4uet2bl; https://www.israelhayom.co.il/news/politics/article/14643397; https://he.wikipedia.org/wiki/%D7%90%D7%99%D7%9E%D7%94%D7%95%D7%AA_%D7%91%D7%97%D7%96%D7%99%D7%AA; https://e.democrats.org.il/Democrats_OpenHouses/260416","82","פעילותה נראית כנובעת משליחות אישית־אזרחית כאם למשרתים."
"איילת השחר סיידוף","תדמית","יושרה, אמינות וניסיון ","T-017","המועמד נתפס בציבור הרחב כאדם אמין וישר.","mixed","https://hagush.org.il/candidates.html; https://www.ynet.co.il/news/article/bkl4uet2bl; https://www.israelhayom.co.il/news/politics/article/14643397; https://he.wikipedia.org/wiki/%D7%90%D7%99%D7%9E%D7%94%D7%95%D7%AA_%D7%91%D7%97%D7%96%D7%99%D7%AA; https://e.democrats.org.il/Democrats_OpenHouses/260416","55","אין מקור מספיק למדידת אמינות ציבורית רחבה; אין גם בסיס לקביעה שלילית."
"איילת השחר סיידוף","תדמית","יושרה, אמינות וניסיון ","T-018","המועמד נתפס בציבור הרחב כדמות רצינית ולא כגימיק תקשורתי.","supports","https://hagush.org.il/candidates.html; https://www.ynet.co.il/news/article/bkl4uet2bl; https://www.israelhayom.co.il/news/politics/article/14643397; https://he.wikipedia.org/wiki/%D7%90%D7%99%D7%9E%D7%94%D7%95%D7%AA_%D7%91%D7%97%D7%96%D7%99%D7%AA; https://e.democrats.org.il/Democrats_OpenHouses/260416","70","תנועה, עתירות ונוכחות בכנסת ובג״ץ מציגות רצינות ולא גימיק."
"איילת השחר סיידוף","תדמית","יושרה, אמינות וניסיון ","T-019","המועמד נתפס בציבור הרחב כמי שאפשר לסמוך עליו בתפקיד ציבורי.","mixed","https://hagush.org.il/candidates.html; https://www.ynet.co.il/news/article/bkl4uet2bl; https://www.israelhayom.co.il/news/politics/article/14643397; https://he.wikipedia.org/wiki/%D7%90%D7%99%D7%9E%D7%94%D7%95%D7%AA_%D7%91%D7%97%D7%96%D7%99%D7%AA; https://e.democrats.org.il/Democrats_OpenHouses/260416","60","יש בסיס ציבורי ומקצועי, אך טרם ניסיון נבחר ציבור רחב."
"איילת השחר סיידוף","תדמית","יושרה, אמינות וניסיון ","T-020","המועמד נתפס בציבור הרחב כבעל ניסיון ציבורי משמעותי.","supports","https://hagush.org.il/candidates.html; https://www.ynet.co.il/news/article/bkl4uet2bl; https://www.israelhayom.co.il/news/politics/article/14643397; https://he.wikipedia.org/wiki/%D7%90%D7%99%D7%9E%D7%94%D7%95%D7%AA_%D7%91%D7%97%D7%96%D7%99%D7%AA; https://e.democrats.org.il/Democrats_OpenHouses/260416","72","הובילה תנועה ציבורית ניכרת סביב גיוס ושוויון."
"איילת השחר סיידוף","תדמית","יושרה, אמינות וניסיון ","T-021","המועמד נתפס בציבור הרחב כמי שמבין איך פועלת מערכת פוליטית.","mixed","https://hagush.org.il/candidates.html; https://www.ynet.co.il/news/article/bkl4uet2bl; https://www.israelhayom.co.il/news/politics/article/14643397; https://he.wikipedia.org/wiki/%D7%90%D7%99%D7%9E%D7%94%D7%95%D7%AA_%D7%91%D7%97%D7%96%D7%99%D7%AA; https://e.democrats.org.il/Democrats_OpenHouses/260416","60","יש היכרות עם מוסדות דרך מאבקים ועתירות, אך אין ניסיון פוליטי מוסדי מלא."
"איילת השחר סיידוף","תדמית","תקשורתיות ונראות","T-022","המועמד נתפס בציבור הרחב כדמות תקשורתית חזקה.","supports","https://hagush.org.il/candidates.html; https://www.ynet.co.il/news/article/bkl4uet2bl; https://www.israelhayom.co.il/news/politics/article/14643397; https://he.wikipedia.org/wiki/%D7%90%D7%99%D7%9E%D7%94%D7%95%D7%AA_%D7%91%D7%97%D7%96%D7%99%D7%AA; https://e.democrats.org.il/Democrats_OpenHouses/260416","78","דמות תקשורתית בולטת סביב סוגיית הגיוס והשוויון."
"איילת השחר סיידוף","תדמית","תקשורתיות ונראות","T-023","המועמד נתפס בציבור הרחב כמי שיודע להעביר מסר ברור.","supports","https://hagush.org.il/candidates.html; https://www.ynet.co.il/news/article/bkl4uet2bl; https://www.israelhayom.co.il/news/politics/article/14643397; https://he.wikipedia.org/wiki/%D7%90%D7%99%D7%9E%D7%94%D7%95%D7%AA_%D7%91%D7%97%D7%96%D7%99%D7%AA; https://e.democrats.org.il/Democrats_OpenHouses/260416","82","מסר השוויון בגיוס חד וברור."
"איילת השחר סיידוף","תדמית","תקשורתיות ונראות","T-024","המועמד נתפס בציבור הרחב כמי שמסוגל לבלוט בקמפיין בחירות.","supports","https://hagush.org.il/candidates.html; https://www.ynet.co.il/news/article/bkl4uet2bl; https://www.israelhayom.co.il/news/politics/article/14643397; https://he.wikipedia.org/wiki/%D7%90%D7%99%D7%9E%D7%94%D7%95%D7%AA_%D7%91%D7%97%D7%96%D7%99%D7%AA; https://e.democrats.org.il/Democrats_OpenHouses/260416","72","הנראות התקשורתית והמחאתית מאפשרת בולטות בקמפיין."
"איילת השחר סיידוף","תדמית","תקשורתיות ונראות","T-025","המועמד נתפס בציבור הרחב כמי שמביא ייצוג חשוב לרשימה.","supports","https://hagush.org.il/candidates.html; https://www.ynet.co.il/news/article/bkl4uet2bl; https://www.israelhayom.co.il/news/politics/article/14643397; https://he.wikipedia.org/wiki/%D7%90%D7%99%D7%9E%D7%94%D7%95%D7%AA_%D7%91%D7%97%D7%96%D7%99%D7%AA; https://e.democrats.org.il/Democrats_OpenHouses/260416","76","מביאה ייצוג של אמהות למשרתים וקול אזרחי לוחם."
"איילת השחר סיידוף","תדמית","תקשורתיות ונראות","T-026","המועמד נתפס בציבור הרחב כמי שמרחיב את הדימוי של המפלגה.","supports","https://hagush.org.il/candidates.html; https://www.ynet.co.il/news/article/bkl4uet2bl; https://www.israelhayom.co.il/news/politics/article/14643397; https://he.wikipedia.org/wiki/%D7%90%D7%99%D7%9E%D7%94%D7%95%D7%AA_%D7%91%D7%97%D7%96%D7%99%D7%AA; https://e.democrats.org.il/Democrats_OpenHouses/260416","68","מרחיבה את דימוי הרשימה לכיוון מחאה אזרחית ושוויון בנטל."
"איילת השחר סיידוף","תדמית","אותנטיות וסיפור אישי","T-027","המועמד נתפס בציבור הרחב כמי שפועל מתוך שליחות ולא רק מתוך קריירה.","supports","https://hagush.org.il/candidates.html; https://www.ynet.co.il/news/article/bkl4uet2bl; https://www.israelhayom.co.il/news/politics/article/14643397; https://he.wikipedia.org/wiki/%D7%90%D7%99%D7%9E%D7%94%D7%95%D7%AA_%D7%91%D7%97%D7%96%D7%99%D7%AA; https://e.democrats.org.il/Democrats_OpenHouses/260416","82","הסיפור האישי כאם וכמובילת מאבק מצביע על שליחות יותר מקריירה."
"רם שפע","תדמית","זהות וייצוג","T-001","המועמד מייצג את הקול הנשי בזירה הציבורית.","opposes","https://hagush.org.il/candidates.html; https://www.knesset.tv/knesset-members/ram-shefa/; https://main.knesset.gov.il/mk/pages/mkpersonaldetails.aspx?mkid=1023; https://democrats.org.il/events/160725a/; https://democrats.org.il/","80","אינו מייצג זהות נשית בעצמו, אף שאין בכך קביעה על עמדתו כלפי נשים."
"רם שפע","תדמית","זהות וייצוג","T-002","המועמד נתפס בציבור הרחב כמי שמבין חסמים ייחודיים של נשים בפוליטיקה, בעבודה ובחברה.","mixed","https://hagush.org.il/candidates.html; https://www.knesset.tv/knesset-members/ram-shefa/; https://main.knesset.gov.il/mk/pages/mkpersonaldetails.aspx?mkid=1023; https://democrats.org.il/events/160725a/; https://democrats.org.il/","50","הרקע החינוכי והחברתי עשוי לתמוך ברגישות לחסמים, אך לא נמצא מקור ישיר על חסמים ייחודיים של נשים."
"רם שפע","תדמית","זהות וייצוג","T-003","המועמד נתפס בציבור הרחב כמי שנותן מקום מכבד לקבוצות מיעוט בחברה הישראלית.","supports","https://hagush.org.il/candidates.html; https://www.knesset.tv/knesset-members/ram-shefa/; https://main.knesset.gov.il/mk/pages/mkpersonaldetails.aspx?mkid=1023; https://democrats.org.il/events/160725a/; https://democrats.org.il/","58","הפרופיל החינוכי והמפלגתי נותן בסיס לכבוד לקבוצות מיעוט, אך זה אינו ציר ייצוג אישי מרכזי שלו."
"רם שפע","תדמית","זהות וייצוג","T-004","המועמד נתפס בציבור הרחב כמי שיכול לייצג את בני המיעוטים הלא יהודיים.","mixed","https://hagush.org.il/candidates.html; https://www.knesset.tv/knesset-members/ram-shefa/; https://main.knesset.gov.il/mk/pages/mkpersonaldetails.aspx?mkid=1023; https://democrats.org.il/events/160725a/; https://democrats.org.il/","45","הוא יכול לתמוך בייצוג מיעוטים, אך אינו בן מיעוט לא־יהודי ולא נמצא מיצוב ציבורי כזה."
"רם שפע","תדמית","זהות וייצוג","T-005","המועמד נתפס בציבור הרחב כמי שמביא את קול הפריפריה או מבין לעומק את צרכיה.","supports","https://hagush.org.il/candidates.html; https://www.knesset.tv/knesset-members/ram-shefa/; https://main.knesset.gov.il/mk/pages/mkpersonaldetails.aspx?mkid=1023; https://democrats.org.il/events/160725a/; https://democrats.org.il/","65","הרקע הקיבוצי, הכפרי והקהילתי נותן לו תדמית של הבנת צרכי מרחב שאינו תל־אביבי בלבד."
"רם שפע","תדמית","זהות וייצוג","T-006","המועמד נתפס בציבור הרחב כמי שיכול לצמצם את הפער התדמיתי והמעשי בין המרכז לפריפריה.","supports","https://hagush.org.il/candidates.html; https://www.knesset.tv/knesset-members/ram-shefa/; https://main.knesset.gov.il/mk/pages/mkpersonaldetails.aspx?mkid=1023; https://democrats.org.il/events/160725a/; https://democrats.org.il/","60","פעילותו בקהילות, סטודנטים ומרחב כפרי יכולה לצמצם פערים בין מרכז לפריפריה, אך לא כציר יחיד."
"רם שפע","תדמית","זהות וייצוג","T-007","המועמד נתפס בציבור הרחב כמי שמביא גאווה בזהות מזרחית בלי להפוך אותה לשסע מפריד.","unknown","https://hagush.org.il/candidates.html; https://www.knesset.tv/knesset-members/ram-shefa/; https://main.knesset.gov.il/mk/pages/mkpersonaldetails.aspx?mkid=1023; https://democrats.org.il/events/160725a/; https://democrats.org.il/","0","לא נמצא מקור לייצוג זהות מזרחית."
"רם שפע","תדמית","זהות וייצוג","T-008","המועמד נתפס בציבור הרחב כמי שמכבד זהות דתית ומסורתית בתוך מרחב דמוקרטי וליברלי.","mixed","https://hagush.org.il/candidates.html; https://www.knesset.tv/knesset-members/ram-shefa/; https://main.knesset.gov.il/mk/pages/mkpersonaldetails.aspx?mkid=1023; https://democrats.org.il/events/160725a/; https://democrats.org.il/","58","פתיחת תקן לנציג חרדי בהתאחדות מלמדת על כבוד לזהות דתית, אך אינו מזוהה במיוחד כגשר דתי־מסורתי."
"רם שפע","תדמית","זהות וייצוג","T-009","המועמד נתפס בציבור הרחב כמי שיכול לגשר בין חילונים, מסורתיים ודתיים.","mixed","https://hagush.org.il/candidates.html; https://www.knesset.tv/knesset-members/ram-shefa/; https://main.knesset.gov.il/mk/pages/mkpersonaldetails.aspx?mkid=1023; https://democrats.org.il/events/160725a/; https://democrats.org.il/","55","יש בסיס לדיאלוג עם חרדים ודתיים, אך לא נמצא מיצוב ציבורי מובהק כמי שמגשר בין חילונים, מסורתיים ודתיים."
"רם שפע","תדמית","זהות וייצוג","T-010","המועמד נתפס בציבור הרחב כמי שנוכחותו ברשימה מרחיבה את תחושת הייצוג של קהלים מגוונים.","supports","https://hagush.org.il/candidates.html; https://www.knesset.tv/knesset-members/ram-shefa/; https://main.knesset.gov.il/mk/pages/mkpersonaldetails.aspx?mkid=1023; https://democrats.org.il/events/160725a/; https://democrats.org.il/","65","היותו איש חינוך, קיבוצניק ומנהיג סטודנטים לשעבר מרחיבה את הייצוג החברתי ברשימה."
"רם שפע","תדמית","זהות וייצוג","T-011","המועמד נתפס בציבור הרחב כמי שמוסיף לרשימה עומק חברתי ולא רק ניסיון פוליטי או תקשורתי.","supports","https://hagush.org.il/candidates.html; https://www.knesset.tv/knesset-members/ram-shefa/; https://main.knesset.gov.il/mk/pages/mkpersonaldetails.aspx?mkid=1023; https://democrats.org.il/events/160725a/; https://democrats.org.il/","72","מביא עומק חברתי וחינוכי מעבר לניסיון פוליטי בלבד."
"רם שפע","תדמית","ממלכתיות ואחריות","T-012","המועמד נתפס בציבור הרחב כבעל עמוד שדרה ערכי.","supports","https://hagush.org.il/candidates.html; https://www.knesset.tv/knesset-members/ram-shefa/; https://main.knesset.gov.il/mk/pages/mkpersonaldetails.aspx?mkid=1023; https://democrats.org.il/events/160725a/; https://democrats.org.il/","78","התדמית הציבורית של ח״כ לשעבר ואיש חינוך תומכת בעמוד שדרה ערכי."
"רם שפע","תדמית","ממלכתיות ואחריות","T-013","המועמד נתפס בציבור הרחב כדמות ממלכתית ואחראית.","supports","https://hagush.org.il/candidates.html; https://www.knesset.tv/knesset-members/ram-shefa/; https://main.knesset.gov.il/mk/pages/mkpersonaldetails.aspx?mkid=1023; https://democrats.org.il/events/160725a/; https://democrats.org.il/","80","ניסיוןו בכנסת, בוועדות ובמוסדות ציבוריים תומך בדמות ממלכתית ואחראית."
"רם שפע","תדמית","ממלכתיות ואחריות","T-014","המועמד נתפס בציבור הרחב כמי שמכבד מוסדות מדינה ושלטון חוק.","supports","https://hagush.org.il/candidates.html; https://www.knesset.tv/knesset-members/ram-shefa/; https://main.knesset.gov.il/mk/pages/mkpersonaldetails.aspx?mkid=1023; https://democrats.org.il/events/160725a/; https://democrats.org.il/","85","פעילותו בכנסת ובהתאחדות הסטודנטים מעידה על כבוד למוסדות מדינה ושלטון חוק."
"רם שפע","תדמית","ממלכתיות ואחריות","T-015","המועמד נתפס בציבור הרחב כמי שמסוגל לפעול מתוך שיקול דעת ולא רק מתוך כעס.","supports","https://hagush.org.il/candidates.html; https://www.knesset.tv/knesset-members/ram-shefa/; https://main.knesset.gov.il/mk/pages/mkpersonaldetails.aspx?mkid=1023; https://democrats.org.il/events/160725a/; https://democrats.org.il/","76","הרקע המוסדי והחינוכי תומך בשיקול דעת ולא רק בפוליטיקה של כעס."
"רם שפע","תדמית","יושרה, אמינות וניסיון ","T-016","המועמד נתפס בציבור הרחב כמי שפועל מתוך שליחות ולא רק מתוך קריירה.","supports","https://hagush.org.il/candidates.html; https://www.knesset.tv/knesset-members/ram-shefa/; https://main.knesset.gov.il/mk/pages/mkpersonaldetails.aspx?mkid=1023; https://democrats.org.il/events/160725a/; https://democrats.org.il/","76","מסלולו מחינוך ופעילות סטודנטיאלית לכנסת מציג שליחות ציבורית ולא רק קריירה."
"רם שפע","תדמית","יושרה, אמינות וניסיון ","T-017","המועמד נתפס בציבור הרחב כאדם אמין וישר.","supports","https://hagush.org.il/candidates.html; https://www.knesset.tv/knesset-members/ram-shefa/; https://main.knesset.gov.il/mk/pages/mkpersonaldetails.aspx?mkid=1023; https://democrats.org.il/events/160725a/; https://democrats.org.il/","70","אין מקור שלילי בולט, וניסיוןו הציבורי נותן בסיס לתדמית אמינה, אך לא נמדדה תדמית ציבורית רחבה."
"רם שפע","תדמית","יושרה, אמינות וניסיון ","T-018","המועמד נתפס בציבור הרחב כדמות רצינית ולא כגימיק תקשורתי.","supports","https://hagush.org.il/candidates.html; https://www.knesset.tv/knesset-members/ram-shefa/; https://main.knesset.gov.il/mk/pages/mkpersonaldetails.aspx?mkid=1023; https://democrats.org.il/events/160725a/; https://democrats.org.il/","76","ח״כ לשעבר ויו״ר ועדה נתפס כדמות ציבורית רצינית ולא גימיק תקשורתי."
"רם שפע","תדמית","יושרה, אמינות וניסיון ","T-019","המועמד נתפס בציבור הרחב כמי שאפשר לסמוך עליו בתפקיד ציבורי.","supports","https://hagush.org.il/candidates.html; https://www.knesset.tv/knesset-members/ram-shefa/; https://main.knesset.gov.il/mk/pages/mkpersonaldetails.aspx?mkid=1023; https://democrats.org.il/events/160725a/; https://democrats.org.il/","80","ניסיון פרלמנטרי ומוסדי משמעותי תומך באמון לתפקיד ציבורי."
"רם שפע","תדמית","יושרה, אמינות וניסיון ","T-020","המועמד נתפס בציבור הרחב כבעל ניסיון ציבורי משמעותי.","supports","https://hagush.org.il/candidates.html; https://www.knesset.tv/knesset-members/ram-shefa/; https://main.knesset.gov.il/mk/pages/mkpersonaldetails.aspx?mkid=1023; https://democrats.org.il/events/160725a/; https://democrats.org.il/","92","כיהן כח״כ, יו״ר ועדת חינוך ויו״ר התאחדות הסטודנטים; זהו ניסיון ציבורי משמעותי."
"רם שפע","תדמית","יושרה, אמינות וניסיון ","T-021","המועמד נתפס בציבור הרחב כמי שמבין איך פועלת מערכת פוליטית.","supports","https://hagush.org.il/candidates.html; https://www.knesset.tv/knesset-members/ram-shefa/; https://main.knesset.gov.il/mk/pages/mkpersonaldetails.aspx?mkid=1023; https://democrats.org.il/events/160725a/; https://democrats.org.il/","90","עברו בכנסת ובמפלגות נותן הבנה ברורה של מערכת פוליטית."
"רם שפע","תדמית","תקשורתיות ונראות","T-022","המועמד נתפס בציבור הרחב כדמות תקשורתית חזקה.","supports","https://hagush.org.il/candidates.html; https://www.knesset.tv/knesset-members/ram-shefa/; https://main.knesset.gov.il/mk/pages/mkpersonaldetails.aspx?mkid=1023; https://democrats.org.il/events/160725a/; https://democrats.org.il/","72","כח״כ לשעבר ומועמד מוכר יש לו נראות תקשורתית, אף שאינו דמות תקשורתית קיצונית."
"רם שפע","תדמית","תקשורתיות ונראות","T-023","המועמד נתפס בציבור הרחב כמי שיודע להעביר מסר ברור.","supports","https://hagush.org.il/candidates.html; https://www.knesset.tv/knesset-members/ram-shefa/; https://main.knesset.gov.il/mk/pages/mkpersonaldetails.aspx?mkid=1023; https://democrats.org.il/events/160725a/; https://democrats.org.il/","78","רקע חינוכי ופרלמנטרי תומך בהעברת מסר ברור."
"רם שפע","תדמית","תקשורתיות ונראות","T-024","המועמד נתפס בציבור הרחב כמי שמסוגל לבלוט בקמפיין בחירות.","supports","https://hagush.org.il/candidates.html; https://www.knesset.tv/knesset-members/ram-shefa/; https://main.knesset.gov.il/mk/pages/mkpersonaldetails.aspx?mkid=1023; https://democrats.org.il/events/160725a/; https://democrats.org.il/","72","השם הציבורי והניסיון בכנסת מסייעים לבלוט בקמפיין."
"רם שפע","תדמית","תקשורתיות ונראות","T-025","המועמד נתפס בציבור הרחב כמי שמביא ייצוג חשוב לרשימה.","supports","https://hagush.org.il/candidates.html; https://www.knesset.tv/knesset-members/ram-shefa/; https://main.knesset.gov.il/mk/pages/mkpersonaldetails.aspx?mkid=1023; https://democrats.org.il/events/160725a/; https://democrats.org.il/","65","הוא מוסיף ייצוג של חינוך, קיבוצים, צעירים ומרחב כפרי."
"רם שפע","תדמית","תקשורתיות ונראות","T-026","המועמד נתפס בציבור הרחב כמי שמרחיב את הדימוי של המפלגה.","supports","https://hagush.org.il/candidates.html; https://www.knesset.tv/knesset-members/ram-shefa/; https://main.knesset.gov.il/mk/pages/mkpersonaldetails.aspx?mkid=1023; https://democrats.org.il/events/160725a/; https://democrats.org.il/","64","הפרופיל שלו מרחיב את דימוי המפלגה מעבר למחאה עירונית בלבד."
"רם שפע","תדמית","אותנטיות וסיפור אישי","T-027","המועמד נתפס בציבור הרחב כמי שפועל מתוך שליחות ולא רק מתוך קריירה.","supports","https://hagush.org.il/candidates.html; https://www.knesset.tv/knesset-members/ram-shefa/; https://main.knesset.gov.il/mk/pages/mkpersonaldetails.aspx?mkid=1023; https://democrats.org.il/events/160725a/; https://democrats.org.il/","75","הסיפור האישי של איש חינוך, קיבוצניק ומנהיג סטודנטים תומך בתדמית של שליחות."
"נדאל מסאלחה","תדמית","זהות וייצוג","T-001","המועמד מייצג את הקול הנשי בזירה הציבורית.","opposes","https://hagush.org.il/candidates.html; https://e.democrats.org.il/Democrats_OpenHouses/240311; https://e.democrats.org.il/Democrats_OpenHouses/249565; https://e.democrats.org.il/Democrats_OpenHouses/238688; https://www.lawfirms.co.il/lawyers/%D7%A0%D7%93%D7%90%D7%9C-%D7%9E%D7%A1%D7%90%D7%9C%D7%97%D7%94; https://democrats.org.il/","80","אינו מייצג זהות נשית בעצמו, אף שאין בכך קביעה על עמדתו כלפי נשים."
"נדאל מסאלחה","תדמית","זהות וייצוג","T-002","המועמד נתפס בציבור הרחב כמי שמבין חסמים ייחודיים של נשים בפוליטיקה, בעבודה ובחברה.","unknown","https://hagush.org.il/candidates.html; https://e.democrats.org.il/Democrats_OpenHouses/240311; https://e.democrats.org.il/Democrats_OpenHouses/249565; https://e.democrats.org.il/Democrats_OpenHouses/238688; https://www.lawfirms.co.il/lawyers/%D7%A0%D7%93%D7%90%D7%9C-%D7%9E%D7%A1%D7%90%D7%9C%D7%97%D7%94; https://democrats.org.il/","0","לא נמצא מקור מספיק להבנת חסמים ייחודיים של נשים בפוליטיקה, בעבודה ובחברה."
"נדאל מסאלחה","תדמית","זהות וייצוג","T-003","המועמד נתפס בציבור הרחב כמי שנותן מקום מכבד לקבוצות מיעוט בחברה הישראלית.","supports","https://hagush.org.il/candidates.html; https://e.democrats.org.il/Democrats_OpenHouses/240311; https://e.democrats.org.il/Democrats_OpenHouses/249565; https://e.democrats.org.il/Democrats_OpenHouses/238688; https://www.lawfirms.co.il/lawyers/%D7%A0%D7%93%D7%90%D7%9C-%D7%9E%D7%A1%D7%90%D7%9C%D7%97%D7%94; https://democrats.org.il/","92","כמועמד מהחברה הערבית המדבר על שוויון ושותפות, הוא נותן מקום מובהק לקבוצות מיעוט."
"נדאל מסאלחה","תדמית","זהות וייצוג","T-004","המועמד נתפס בציבור הרחב כמי שיכול לייצג את בני המיעוטים הלא יהודיים.","supports","https://hagush.org.il/candidates.html; https://e.democrats.org.il/Democrats_OpenHouses/240311; https://e.democrats.org.il/Democrats_OpenHouses/249565; https://e.democrats.org.il/Democrats_OpenHouses/238688; https://www.lawfirms.co.il/lawyers/%D7%A0%D7%93%D7%90%D7%9C-%D7%9E%D7%A1%D7%90%D7%9C%D7%97%D7%94; https://democrats.org.il/","95","זהו ציר ייצוג מרכזי בפרופיל שלו: ייצוג בני מיעוטים לא־יהודיים במסגרת הדמוקרטים."
"נדאל מסאלחה","תדמית","זהות וייצוג","T-005","המועמד נתפס בציבור הרחב כמי שמביא את קול הפריפריה או מבין לעומק את צרכיה.","supports","https://hagush.org.il/candidates.html; https://e.democrats.org.il/Democrats_OpenHouses/240311; https://e.democrats.org.il/Democrats_OpenHouses/249565; https://e.democrats.org.il/Democrats_OpenHouses/238688; https://www.lawfirms.co.il/lawyers/%D7%A0%D7%93%D7%90%D7%9C-%D7%9E%D7%A1%D7%90%D7%9C%D7%97%D7%94; https://democrats.org.il/","78","כמועמד מכפר קרע ובעל זיקה לשלטון מקומי ולחברה הערבית, יש לו תדמית פריפריאלית וחברתית ברורה."
"נדאל מסאלחה","תדמית","זהות וייצוג","T-006","המועמד נתפס בציבור הרחב כמי שיכול לצמצם את הפער התדמיתי והמעשי בין המרכז לפריפריה.","supports","https://hagush.org.il/candidates.html; https://e.democrats.org.il/Democrats_OpenHouses/240311; https://e.democrats.org.il/Democrats_OpenHouses/249565; https://e.democrats.org.il/Democrats_OpenHouses/238688; https://www.lawfirms.co.il/lawyers/%D7%A0%D7%93%D7%90%D7%9C-%D7%9E%D7%A1%D7%90%D7%9C%D7%97%D7%94; https://democrats.org.il/","72","הדגש על שוויון ושלטון מקומי תומך בצמצום פערים בין מרכז לפריפריה."
"נדאל מסאלחה","תדמית","זהות וייצוג","T-007","המועמד נתפס בציבור הרחב כמי שמביא גאווה בזהות מזרחית בלי להפוך אותה לשסע מפריד.","unknown","https://hagush.org.il/candidates.html; https://e.democrats.org.il/Democrats_OpenHouses/240311; https://e.democrats.org.il/Democrats_OpenHouses/249565; https://e.democrats.org.il/Democrats_OpenHouses/238688; https://www.lawfirms.co.il/lawyers/%D7%A0%D7%93%D7%90%D7%9C-%D7%9E%D7%A1%D7%90%D7%9C%D7%97%D7%94; https://democrats.org.il/","0","לא נמצא מקור לייצוג זהות מזרחית."
"נדאל מסאלחה","תדמית","זהות וייצוג","T-008","המועמד נתפס בציבור הרחב כמי שמכבד זהות דתית ומסורתית בתוך מרחב דמוקרטי וליברלי.","supports","https://hagush.org.il/candidates.html; https://e.democrats.org.il/Democrats_OpenHouses/240311; https://e.democrats.org.il/Democrats_OpenHouses/249565; https://e.democrats.org.il/Democrats_OpenHouses/238688; https://www.lawfirms.co.il/lawyers/%D7%A0%D7%93%D7%90%D7%9C-%D7%9E%D7%A1%D7%90%D7%9C%D7%97%D7%94; https://democrats.org.il/","70","הרקע הערבי־מקומי והשיח על דת ומדינה מאפשרים כבוד לזהות דתית ומסורתית בתוך מרחב דמוקרטי."
"נדאל מסאלחה","תדמית","זהות וייצוג","T-009","המועמד נתפס בציבור הרחב כמי שיכול לגשר בין חילונים, מסורתיים ודתיים.","supports","https://hagush.org.il/candidates.html; https://e.democrats.org.il/Democrats_OpenHouses/240311; https://e.democrats.org.il/Democrats_OpenHouses/249565; https://e.democrats.org.il/Democrats_OpenHouses/238688; https://www.lawfirms.co.il/lawyers/%D7%A0%D7%93%D7%90%D7%9C-%D7%9E%D7%A1%D7%90%D7%9C%D7%97%D7%94; https://democrats.org.il/","68","שפת השותפות, התקווה והדת־מדינה תומכת בגישור בין חילונים, מסורתיים ודתיים."
"נדאל מסאלחה","תדמית","זהות וייצוג","T-010","המועמד נתפס בציבור הרחב כמי שנוכחותו ברשימה מרחיבה את תחושת הייצוג של קהלים מגוונים.","supports","https://hagush.org.il/candidates.html; https://e.democrats.org.il/Democrats_OpenHouses/240311; https://e.democrats.org.il/Democrats_OpenHouses/249565; https://e.democrats.org.il/Democrats_OpenHouses/238688; https://www.lawfirms.co.il/lawyers/%D7%A0%D7%93%D7%90%D7%9C-%D7%9E%D7%A1%D7%90%D7%9C%D7%97%D7%94; https://democrats.org.il/","90","נוכחותו ברשימה מרחיבה את תחושת הייצוג של אזרחים ערבים ומיעוטים."
"נדאל מסאלחה","תדמית","זהות וייצוג","T-011","המועמד נתפס בציבור הרחב כמי שמוסיף לרשימה עומק חברתי ולא רק ניסיון פוליטי או תקשורתי.","supports","https://hagush.org.il/candidates.html; https://e.democrats.org.il/Democrats_OpenHouses/240311; https://e.democrats.org.il/Democrats_OpenHouses/249565; https://e.democrats.org.il/Democrats_OpenHouses/238688; https://www.lawfirms.co.il/lawyers/%D7%A0%D7%93%D7%90%D7%9C-%D7%9E%D7%A1%D7%90%D7%9C%D7%97%D7%94; https://democrats.org.il/","82","מביא עומק חברתי, אזרחי ומקומי מעבר לניסיון פוליטי או תקשורתי."
"נדאל מסאלחה","תדמית","ממלכתיות ואחריות","T-012","המועמד נתפס בציבור הרחב כבעל עמוד שדרה ערכי.","supports","https://hagush.org.il/candidates.html; https://e.democrats.org.il/Democrats_OpenHouses/240311; https://e.democrats.org.il/Democrats_OpenHouses/249565; https://e.democrats.org.il/Democrats_OpenHouses/238688; https://www.lawfirms.co.il/lawyers/%D7%A0%D7%93%D7%90%D7%9C-%D7%9E%D7%A1%D7%90%D7%9C%D7%97%D7%94; https://democrats.org.il/","75","הפרופיל של עו״ד ופעיל חברתי בשיח דמוקרטי תומך בעמוד שדרה ערכי."
"נדאל מסאלחה","תדמית","ממלכתיות ואחריות","T-013","המועמד נתפס בציבור הרחב כדמות ממלכתית ואחראית.","supports","https://hagush.org.il/candidates.html; https://e.democrats.org.il/Democrats_OpenHouses/240311; https://e.democrats.org.il/Democrats_OpenHouses/249565; https://e.democrats.org.il/Democrats_OpenHouses/238688; https://www.lawfirms.co.il/lawyers/%D7%A0%D7%93%D7%90%D7%9C-%D7%9E%D7%A1%D7%90%D7%9C%D7%97%D7%94; https://democrats.org.il/","70","הרקע המשפטי והדגש על שלטון מקומי ושוויון תומכים בדמות אחראית, גם אם אינה בעלת ניסיון לאומי בכיר."
"נדאל מסאלחה","תדמית","ממלכתיות ואחריות","T-014","המועמד נתפס בציבור הרחב כמי שמכבד מוסדות מדינה ושלטון חוק.","supports","https://hagush.org.il/candidates.html; https://e.democrats.org.il/Democrats_OpenHouses/240311; https://e.democrats.org.il/Democrats_OpenHouses/249565; https://e.democrats.org.il/Democrats_OpenHouses/238688; https://www.lawfirms.co.il/lawyers/%D7%A0%D7%93%D7%90%D7%9C-%D7%9E%D7%A1%D7%90%D7%9C%D7%97%D7%94; https://democrats.org.il/","80","כעו״ד המדבר על מוסדות שלטון ודת־מדינה, יש בסיס לכבוד לשלטון החוק ומוסדות המדינה."
"נדאל מסאלחה","תדמית","ממלכתיות ואחריות","T-015","המועמד נתפס בציבור הרחב כמי שמסוגל לפעול מתוך שיקול דעת ולא רק מתוך כעס.","supports","https://hagush.org.il/candidates.html; https://e.democrats.org.il/Democrats_OpenHouses/240311; https://e.democrats.org.il/Democrats_OpenHouses/249565; https://e.democrats.org.il/Democrats_OpenHouses/238688; https://www.lawfirms.co.il/lawyers/%D7%A0%D7%93%D7%90%D7%9C-%D7%9E%D7%A1%D7%90%D7%9C%D7%97%D7%94; https://democrats.org.il/","68","שיח שותפות ותקווה מצביע על שיקול דעת ולא רק על כעס פוליטי."
"נדאל מסאלחה","תדמית","יושרה, אמינות וניסיון ","T-016","המועמד נתפס בציבור הרחב כמי שפועל מתוך שליחות ולא רק מתוך קריירה.","supports","https://hagush.org.il/candidates.html; https://e.democrats.org.il/Democrats_OpenHouses/240311; https://e.democrats.org.il/Democrats_OpenHouses/249565; https://e.democrats.org.il/Democrats_OpenHouses/238688; https://www.lawfirms.co.il/lawyers/%D7%A0%D7%93%D7%90%D7%9C-%D7%9E%D7%A1%D7%90%D7%9C%D7%97%D7%94; https://democrats.org.il/","72","הפרופיל כפעיל חברתי וכלכלן/עו״ד מכפר קרע תומך בשליחות ציבורית."
"נדאל מסאלחה","תדמית","יושרה, אמינות וניסיון ","T-017","המועמד נתפס בציבור הרחב כאדם אמין וישר.","supports","https://hagush.org.il/candidates.html; https://e.democrats.org.il/Democrats_OpenHouses/240311; https://e.democrats.org.il/Democrats_OpenHouses/249565; https://e.democrats.org.il/Democrats_OpenHouses/238688; https://www.lawfirms.co.il/lawyers/%D7%A0%D7%93%D7%90%D7%9C-%D7%9E%D7%A1%D7%90%D7%9C%D7%97%D7%94; https://democrats.org.il/","65","לא נמצא מקור שלילי, והרקע המקצועי־ציבורי נותן בסיס לתדמית אמינה, אך הביטחון מוגבל."
"נדאל מסאלחה","תדמית","יושרה, אמינות וניסיון ","T-018","המועמד נתפס בציבור הרחב כדמות רצינית ולא כגימיק תקשורתי.","supports","https://hagush.org.il/candidates.html; https://e.democrats.org.il/Democrats_OpenHouses/240311; https://e.democrats.org.il/Democrats_OpenHouses/249565; https://e.democrats.org.il/Democrats_OpenHouses/238688; https://www.lawfirms.co.il/lawyers/%D7%A0%D7%93%D7%90%D7%9C-%D7%9E%D7%A1%D7%90%D7%9C%D7%97%D7%94; https://democrats.org.il/","70","הזהות המקצועית והאזרחית שלו כדובר במפגשי ציבור מציגה רצינות ולא גימיק."
"נדאל מסאלחה","תדמית","יושרה, אמינות וניסיון ","T-019","המועמד נתפס בציבור הרחב כמי שאפשר לסמוך עליו בתפקיד ציבורי.","supports","https://hagush.org.il/candidates.html; https://e.democrats.org.il/Democrats_OpenHouses/240311; https://e.democrats.org.il/Democrats_OpenHouses/249565; https://e.democrats.org.il/Democrats_OpenHouses/238688; https://www.lawfirms.co.il/lawyers/%D7%A0%D7%93%D7%90%D7%9C-%D7%9E%D7%A1%D7%90%D7%9C%D7%97%D7%94; https://democrats.org.il/","70","רקע משפטי וחברתי תומך באמון לתפקיד ציבורי, אך אין ניסיון פרלמנטרי קודם."
"נדאל מסאלחה","תדמית","יושרה, אמינות וניסיון ","T-020","המועמד נתפס בציבור הרחב כבעל ניסיון ציבורי משמעותי.","supports","https://hagush.org.il/candidates.html; https://e.democrats.org.il/Democrats_OpenHouses/240311; https://e.democrats.org.il/Democrats_OpenHouses/249565; https://e.democrats.org.il/Democrats_OpenHouses/238688; https://www.lawfirms.co.il/lawyers/%D7%A0%D7%93%D7%90%D7%9C-%D7%9E%D7%A1%D7%90%D7%9C%D7%97%D7%94; https://democrats.org.il/","65","יש ניסיון חברתי ומקומי, אך לא ניסיון ציבורי לאומי רב־שנים מתועד כמו ח״כ לשעבר."
"נדאל מסאלחה","תדמית","יושרה, אמינות וניסיון ","T-021","המועמד נתפס בציבור הרחב כמי שמבין איך פועלת מערכת פוליטית.","mixed","https://hagush.org.il/candidates.html; https://e.democrats.org.il/Democrats_OpenHouses/240311; https://e.democrats.org.il/Democrats_OpenHouses/249565; https://e.democrats.org.il/Democrats_OpenHouses/238688; https://www.lawfirms.co.il/lawyers/%D7%A0%D7%93%D7%90%D7%9C-%D7%9E%D7%A1%D7%90%D7%9C%D7%97%D7%94; https://democrats.org.il/","55","יש היכרות מסוימת עם מנגנוני מפלגה ושלטון מקומי, אך אין ניסיון פרלמנטרי."
"נדאל מסאלחה","תדמית","תקשורתיות ונראות","T-022","המועמד נתפס בציבור הרחב כדמות תקשורתית חזקה.","mixed","https://hagush.org.il/candidates.html; https://e.democrats.org.il/Democrats_OpenHouses/240311; https://e.democrats.org.il/Democrats_OpenHouses/249565; https://e.democrats.org.il/Democrats_OpenHouses/238688; https://www.lawfirms.co.il/lawyers/%D7%A0%D7%93%D7%90%D7%9C-%D7%9E%D7%A1%D7%90%D7%9C%D7%97%D7%94; https://democrats.org.il/","55","יש נוכחות כדובר במפגשי ציבור, אך אינו דמות תקשורתית רחבה ומבוססת במקורות."
"נדאל מסאלחה","תדמית","תקשורתיות ונראות","T-023","המועמד נתפס בציבור הרחב כמי שיודע להעביר מסר ברור.","supports","https://hagush.org.il/candidates.html; https://e.democrats.org.il/Democrats_OpenHouses/240311; https://e.democrats.org.il/Democrats_OpenHouses/249565; https://e.democrats.org.il/Democrats_OpenHouses/238688; https://www.lawfirms.co.il/lawyers/%D7%A0%D7%93%D7%90%D7%9C-%D7%9E%D7%A1%D7%90%D7%9C%D7%97%D7%94; https://democrats.org.il/","65","הופעותיו במפגשי ציבור על שותפות ושוויון תומכות ביכולת להעביר מסר ברור."
"נדאל מסאלחה","תדמית","תקשורתיות ונראות","T-024","המועמד נתפס בציבור הרחב כמי שמסוגל לבלוט בקמפיין בחירות.","mixed","https://hagush.org.il/candidates.html; https://e.democrats.org.il/Democrats_OpenHouses/240311; https://e.democrats.org.il/Democrats_OpenHouses/249565; https://e.democrats.org.il/Democrats_OpenHouses/238688; https://www.lawfirms.co.il/lawyers/%D7%A0%D7%93%D7%90%D7%9C-%D7%9E%D7%A1%D7%90%D7%9C%D7%97%D7%94; https://democrats.org.il/","60","זהותו וסיפורו עשויים לבלוט בקמפיין, אך לא נמצא מיתוג קמפייני חזק או נראות תקשורתית רחבה."
"נדאל מסאלחה","תדמית","תקשורתיות ונראות","T-025","המועמד נתפס בציבור הרחב כמי שמביא ייצוג חשוב לרשימה.","supports","https://hagush.org.il/candidates.html; https://e.democrats.org.il/Democrats_OpenHouses/240311; https://e.democrats.org.il/Democrats_OpenHouses/249565; https://e.democrats.org.il/Democrats_OpenHouses/238688; https://www.lawfirms.co.il/lawyers/%D7%A0%D7%93%D7%90%D7%9C-%D7%9E%D7%A1%D7%90%D7%9C%D7%97%D7%94; https://democrats.org.il/","90","מוסיף ייצוג חשוב של החברה הערבית והמיעוטים לרשימה."
"נדאל מסאלחה","תדמית","תקשורתיות ונראות","T-026","המועמד נתפס בציבור הרחב כמי שמרחיב את הדימוי של המפלגה.","supports","https://hagush.org.il/candidates.html; https://e.democrats.org.il/Democrats_OpenHouses/240311; https://e.democrats.org.il/Democrats_OpenHouses/249565; https://e.democrats.org.il/Democrats_OpenHouses/238688; https://www.lawfirms.co.il/lawyers/%D7%A0%D7%93%D7%90%D7%9C-%D7%9E%D7%A1%D7%90%D7%9C%D7%97%D7%94; https://democrats.org.il/","85","מרחיב את דימוי המפלגה כמפלגה משותפת ושוויונית יותר ולא רק יהודית־ליברלית עירונית."
"נדאל מסאלחה","תדמית","אותנטיות וסיפור אישי","T-027","המועמד נתפס בציבור הרחב כמי שפועל מתוך שליחות ולא רק מתוך קריירה.","supports","https://hagush.org.il/candidates.html; https://e.democrats.org.il/Democrats_OpenHouses/240311; https://e.democrats.org.il/Democrats_OpenHouses/249565; https://e.democrats.org.il/Democrats_OpenHouses/238688; https://www.lawfirms.co.il/lawyers/%D7%A0%D7%93%D7%90%D7%9C-%D7%9E%D7%A1%D7%90%D7%9C%D7%97%D7%94; https://democrats.org.il/","75","הסיפור של עו״ד/כלכלן ופעיל חברתי מכפר קרע תומך בתדמית של שליחות ציבורית."
