"candidate_id","axis","category","statement_id","statement_text","value","source","confidence","justification"
"לי הופמן אגיב","דעות","דמוקרטיה, משילות ותיקון מוסדות המדינה","D-001","נטייה לתיקון חוקתי ומוסדי עמוק, ולא רק להחלפת ממשלה","supports","קבצי פרופיל פרויקט הדמוקרטים: דבר/הארץ על הצטרפות מובילי מחאה ובהם לי הופמן והדס רגולסקי; ללא גלישה חדשה","72","הפרופיל הזמין מציב אותה בתוך גל מובילי המחאה שהצטרפו לדמוקרטים; לכן יש בסיס סביר לתמיכה במאבק דמוקרטי, תיקון מוסדי ושקיפות, אך לא פירוט מלא של מודל חוקתי."
"לי הופמן אגיב","דעות","דמוקרטיה, משילות ותיקון מוסדות המדינה","D-002","ראיית המשבר הדמוקרטי כתוצאה של שיטה פוליטית פגומה ולא רק של אדם או ממשלה מסוימת","supports","קבצי פרופיל פרויקט הדמוקרטים: דבר/הארץ על הצטרפות מובילי מחאה ובהם לי הופמן והדס רגולסקי; ללא גלישה חדשה","72","הפרופיל הזמין מציב אותה בתוך גל מובילי המחאה שהצטרפו לדמוקרטים; לכן יש בסיס סביר לתמיכה במאבק דמוקרטי, תיקון מוסדי ושקיפות, אך לא פירוט מלא של מודל חוקתי."
"לי הופמן אגיב","דעות","דמוקרטיה, משילות ותיקון מוסדות המדינה","D-003","נכונות למאבק ציבורי חריף כאשר מוסדות המדינה נתפסים כמאוימים","supports","קבצי פרופיל פרויקט הדמוקרטים: דבר/הארץ על הצטרפות מובילי מחאה ובהם לי הופמן והדס רגולסקי; ללא גלישה חדשה","72","הפרופיל הזמין מציב אותה בתוך גל מובילי המחאה שהצטרפו לדמוקרטים; לכן יש בסיס סביר לתמיכה במאבק דמוקרטי, תיקון מוסדי ושקיפות, אך לא פירוט מלא של מודל חוקתי."
"לי הופמן אגיב","דעות","דמוקרטיה, משילות ותיקון מוסדות המדינה","D-004","העדפה לשיקום ממלכתי, זהיר ומוסדי של המדינה לאחר המשבר","mixed","קבצי פרופיל פרויקט הדמוקרטים: דבר/הארץ על הצטרפות מובילי מחאה ובהם לי הופמן והדס רגולסקי; ללא גלישה חדשה","58","ניכרת זיקה למחאה ולשיקום דמוקרטי, אך לא נמצא בסיס שמראה העדפה ברורה דווקא למסלול ממלכתי־זהיר על פני מאבק ציבורי חד."
"לי הופמן אגיב","דעות","דמוקרטיה, משילות ותיקון מוסדות המדינה","D-005","תמיכה בשיתוף ציבור, דמוקרטיה פנימית ושקיפות בתוך המפלגה ובמערכת הפוליטית","supports","קבצי פרופיל פרויקט הדמוקרטים: דבר/הארץ על הצטרפות מובילי מחאה ובהם לי הופמן והדס רגולסקי; ללא גלישה חדשה","72","הפרופיל הזמין מציב אותה בתוך גל מובילי המחאה שהצטרפו לדמוקרטים; לכן יש בסיס סביר לתמיכה במאבק דמוקרטי, תיקון מוסדי ושקיפות, אך לא פירוט מלא של מודל חוקתי."
"לי הופמן אגיב","דעות","דמוקרטיה, משילות ותיקון מוסדות המדינה","D-006","נכונות להגביל כוח שלטוני גם כאשר הכוח נמצא בידי המחנה הקרוב אידיאולוגית","supports","קבצי פרופיל פרויקט הדמוקרטים: דבר/הארץ על הצטרפות מובילי מחאה ובהם לי הופמן והדס רגולסקי; ללא גלישה חדשה","72","הפרופיל הזמין מציב אותה בתוך גל מובילי המחאה שהצטרפו לדמוקרטים; לכן יש בסיס סביר לתמיכה במאבק דמוקרטי, תיקון מוסדי ושקיפות, אך לא פירוט מלא של מודל חוקתי."
"לי הופמן אגיב","דעות","יחס למחנה השני ויכולת גישור","D-007","ראיית מצביעי המחנה השני כיריבים פוליטיים לגיטימיים ולא כאויבים","mixed","קבצי פרופיל פרויקט הדמוקרטים: דבר/הארץ על הצטרפות מובילי מחאה ובהם לי הופמן והדס רגולסקי; ללא גלישה חדשה","55","יש זיקה למחנה דמוקרטי רחב, אך בפרופיל הזמין אין די מידע על יחס מפורט לציבור הימין, דתיים או חרדים."
"לי הופמן אגיב","דעות","יחס למחנה השני ויכולת גישור","D-008","הבחנה בין הנהגת המחנה השני לבין הציבור הרחב שתומך בה","mixed","קבצי פרופיל פרויקט הדמוקרטים: דבר/הארץ על הצטרפות מובילי מחאה ובהם לי הופמן והדס רגולסקי; ללא גלישה חדשה","55","יש זיקה למחנה דמוקרטי רחב, אך בפרופיל הזמין אין די מידע על יחס מפורט לציבור הימין, דתיים או חרדים."
"לי הופמן אגיב","דעות","יחס למחנה השני ויכולת גישור","D-009","אמונה שאפשר לבנות גשר מחודש בין המחנה הדמוקרטי־ליברלי לבין חלקים מהימין המסורתי","mixed","קבצי פרופיל פרויקט הדמוקרטים: דבר/הארץ על הצטרפות מובילי מחאה ובהם לי הופמן והדס רגולסקי; ללא גלישה חדשה","55","השתלבות בדמוקרטים ובמחאה מאפשרת בסיס חלקי לרעיון של בניית מחנה רחב, אך לא נמצאה עמדה מפורשת על גישור חברתי עמוק."
"לי הופמן אגיב","דעות","יחס למחנה השני ויכולת גישור","D-010","העדפה להכרעה פוליטית ברורה על פני פיוס מוקדם עם המחנה השני","supports","קבצי פרופיל פרויקט הדמוקרטים: דבר/הארץ על הצטרפות מובילי מחאה ובהם לי הופמן והדס רגולסקי; ללא גלישה חדשה","64","הזיהוי עם מחאה ציבורית נגד פגיעה בדמוקרטיה תומך בהעדפת מאבק וקווים אדומים כאשר הדמוקרטיה מאוימת."
"לי הופמן אגיב","דעות","יחס למחנה השני ויכולת גישור","D-011","נכונות לשיח עם דתיים, מסורתיים, חרדים וימנים גם כאשר קיימת מחלוקת ערכית עמוקה","mixed","קבצי פרופיל פרויקט הדמוקרטים: דבר/הארץ על הצטרפות מובילי מחאה ובהם לי הופמן והדס רגולסקי; ללא גלישה חדשה","55","יש זיקה למחנה דמוקרטי רחב, אך בפרופיל הזמין אין די מידע על יחס מפורט לציבור הימין, דתיים או חרדים."
"לי הופמן אגיב","דעות","יחס למחנה השני ויכולת גישור","D-012","ראיית חלק מהמחנה השני כשותף עתידי אפשרי לשיקום המדינה לאחר עידן נתניהו","mixed","קבצי פרופיל פרויקט הדמוקרטים: דבר/הארץ על הצטרפות מובילי מחאה ובהם לי הופמן והדס רגולסקי; ללא גלישה חדשה","55","יש זיקה למחנה דמוקרטי רחב, אך בפרופיל הזמין אין די מידע על יחס מפורט לציבור הימין, דתיים או חרדים."
"לי הופמן אגיב","דעות","שסעים פנימיים בחברה היהודית","D-013","ראיית השסע העדתי והפריפריאלי כמרכיב מרכזי במשבר הפוליטי בישראל","unknown","קובץ ההיגדים המצורף בלבד; לא נמצא בקבצי הפרופיל בסיס עובדתי מספיק; ללא גלישה חדשה","0","לא נמצא בפרופיל הזמין בסיס מספק לעמדה מפורטת על שסעים עדתיים, פריפריאליים או דתיים."
"לי הופמן אגיב","דעות","שסעים פנימיים בחברה היהודית","D-014","נכונות לדבר עם מצביעים מזרחים, מסורתיים ופריפריאליים בשפה שאינה מתנשאת ואינה רק ליברלית־אשכנזית","unknown","קובץ ההיגדים המצורף בלבד; לא נמצא בקבצי הפרופיל בסיס עובדתי מספיק; ללא גלישה חדשה","0","לא נמצא בפרופיל הזמין בסיס מספק לעמדה מפורטת על שסעים עדתיים, פריפריאליים או דתיים."
"לי הופמן אגיב","דעות","שסעים פנימיים בחברה היהודית","D-015","ראיית השסע הדתי־חילוני כאיום מרכזי על הלכידות של החברה היהודית בישראל","unknown","קובץ ההיגדים המצורף בלבד; לא נמצא בקבצי הפרופיל בסיס עובדתי מספיק; ללא גלישה חדשה","0","לא נמצא בפרופיל הזמין בסיס מספק לעמדה מפורטת על שסעים עדתיים, פריפריאליים או דתיים."
"לי הופמן אגיב","דעות","שסעים פנימיים בחברה היהודית","D-016","תמיכה בבניית ברית חדשה בין ליברלים, מסורתיים, דתיים מתונים ופריפריה חברתית","mixed","קבצי פרופיל פרויקט הדמוקרטים: דבר/הארץ על הצטרפות מובילי מחאה ובהם לי הופמן והדס רגולסקי; ללא גלישה חדשה","55","השתלבות בדמוקרטים ובמחאה מאפשרת בסיס חלקי לרעיון של בניית מחנה רחב, אך לא נמצאה עמדה מפורשת על גישור חברתי עמוק."
"לי הופמן אגיב","דעות","שסעים פנימיים בחברה היהודית","D-017","ביקורת על מחנה המרכז־שמאל כאשר הוא נתפס כמנותק, אליטיסטי או חסר רגישות לפריפריה","unknown","קובץ ההיגדים המצורף בלבד; לא נמצא בקבצי הפרופיל בסיס עובדתי מספיק; ללא גלישה חדשה","0","לא נמצא בפרופיל הזמין בסיס מספק לעמדה מפורטת על שסעים עדתיים, פריפריאליים או דתיים."
"לי הופמן אגיב","דעות","שסעים פנימיים בחברה היהודית","D-018","העדפה לתיקון יחסי מרכז־פריפריה כחלק מבניית מחנה דמוקרטי רחב","mixed","קבצי פרופיל פרויקט הדמוקרטים: דבר/הארץ על הצטרפות מובילי מחאה ובהם לי הופמן והדס רגולסקי; ללא גלישה חדשה","55","השתלבות בדמוקרטים ובמחאה מאפשרת בסיס חלקי לרעיון של בניית מחנה רחב, אך לא נמצאה עמדה מפורשת על גישור חברתי עמוק."
"לי הופמן אגיב","דעות","מדינה יהודית ודמוקרטית, דת ומדינה","D-019","העדפה לזהות ישראלית שבה הרכיב הדמוקרטי קודם לרכיב הדתי־לאומי כאשר יש התנגשות ביניהם","supports","קבצי פרופיל פרויקט הדמוקרטים: דבר/הארץ על הצטרפות מובילי מחאה ובהם לי הופמן והדס רגולסקי; ללא גלישה חדשה","60","הזיקה למחנה הדמוקרטי־ליברלי תומכת חלקית בכיוון ליברלי של דמוקרטיה ודת־מדינה, אך אין בפרופיל עמדה מפורטת."
"לי הופמן אגיב","דעות","מדינה יהודית ודמוקרטית, דת ומדינה","D-020","העדפה לזהות ישראלית שבה היהדות היא מקור תרבותי וערכי, אך אינה צריכה לשלוט במוסדות המדינה","supports","קבצי פרופיל פרויקט הדמוקרטים: דבר/הארץ על הצטרפות מובילי מחאה ובהם לי הופמן והדס רגולסקי; ללא גלישה חדשה","60","הזיקה למחנה הדמוקרטי־ליברלי תומכת חלקית בכיוון ליברלי של דמוקרטיה ודת־מדינה, אך אין בפרופיל עמדה מפורטת."
"לי הופמן אגיב","דעות","מדינה יהודית ודמוקרטית, דת ומדינה","D-021","תמיכה בהפרדה ברורה יותר בין סמכות דתית לבין סמכות מדינתית","supports","קבצי פרופיל פרויקט הדמוקרטים: דבר/הארץ על הצטרפות מובילי מחאה ובהם לי הופמן והדס רגולסקי; ללא גלישה חדשה","60","הזיקה למחנה הדמוקרטי־ליברלי תומכת חלקית בכיוון ליברלי של דמוקרטיה ודת־מדינה, אך אין בפרופיל עמדה מפורטת."
"לי הופמן אגיב","דעות","מדינה יהודית ודמוקרטית, דת ומדינה","D-022","נכונות לשמר מרכיבים יהודיים־מסורתיים במרחב הציבורי כדי לאפשר שותפות עם ציבור מסורתי ודתי","mixed","קובץ ההיגדים המצורף בלבד; לא נמצא בקבצי הפרופיל בסיס עובדתי מספיק; ללא גלישה חדשה","50","אין בפרופיל בסיס ברור לקביעה על איזון מסורת במרחב הציבורי או על שוויון חובות אזרחיות."
"לי הופמן אגיב","דעות","מדינה יהודית ודמוקרטית, דת ומדינה","D-023","התנגדות לכפייה דתית בנושאי נישואין, שבת, חינוך, מעמד אישי או שירות ציבורי","supports","קבצי פרופיל פרויקט הדמוקרטים: דבר/הארץ על הצטרפות מובילי מחאה ובהם לי הופמן והדס רגולסקי; ללא גלישה חדשה","60","הזיקה למחנה הדמוקרטי־ליברלי תומכת חלקית בכיוון ליברלי של דמוקרטיה ודת־מדינה, אך אין בפרופיל עמדה מפורטת."
"לי הופמן אגיב","דעות","מדינה יהודית ודמוקרטית, דת ומדינה","D-024","תמיכה בשוויון חובות אזרחיות בין קבוצות, כולל שאלת גיוס חרדים או שירות אזרחי","mixed","קובץ ההיגדים המצורף בלבד; לא נמצא בקבצי הפרופיל בסיס עובדתי מספיק; ללא גלישה חדשה","50","אין בפרופיל בסיס ברור לקביעה על איזון מסורת במרחב הציבורי או על שוויון חובות אזרחיות."
"לי הופמן אגיב","דעות","הפרדה, גישור או שתי מדינות לעם היהודי","D-025","אמונה שהפער בין ישראל ליברלית לבין ישראל שמרנית־דתית עדיין ניתן לגישור פוליטי וחברתי","mixed","קבצי פרופיל פרויקט הדמוקרטים: דבר/הארץ על הצטרפות מובילי מחאה ובהם לי הופמן והדס רגולסקי; ללא גלישה חדשה","55","השתלבות בדמוקרטים ובמחאה מאפשרת בסיס חלקי לרעיון של בניית מחנה רחב, אך לא נמצאה עמדה מפורשת על גישור חברתי עמוק."
"לי הופמן אגיב","דעות","הפרדה, גישור או שתי מדינות לעם היהודי","D-026","ראיית הפער בין המחנות כעמוק עד כדי צורך בהסדרים של אוטונומיה, ביזור או הפרדה חלקית","unknown","קובץ ההיגדים המצורף בלבד; לא נמצא בקבצי הפרופיל בסיס עובדתי מספיק; ללא גלישה חדשה","0","לא נמצא בסיס עובדתי מספיק בפרופיל הזמין כדי לקבוע את ההיגד בלי ניחוש."
"לי הופמן אגיב","דעות","הפרדה, גישור או שתי מדינות לעם היהודי","D-027","תמיכה בביזור סמכויות לשלטון מקומי כדי לאפשר לקהילות שונות לחיות לפי אורחות חיים שונים","unknown","קובץ ההיגדים המצורף בלבד; לא נמצא בקבצי הפרופיל בסיס עובדתי מספיק; ללא גלישה חדשה","0","לא נמצא בסיס עובדתי מספיק בפרופיל הזמין כדי לקבוע את ההיגד בלי ניחוש."
"לי הופמן אגיב","דעות","הפרדה, גישור או שתי מדינות לעם היהודי","D-028","התנגדות לרעיון של שתי מדינות לעם היהודי והעדפה למאבק על מסגרת מדינתית אחת משותפת","unknown","קובץ ההיגדים המצורף בלבד; לא נמצא בקבצי הפרופיל בסיס עובדתי מספיק; ללא גלישה חדשה","0","לא נמצא בסיס עובדתי מספיק בפרופיל הזמין כדי לקבוע את ההיגד בלי ניחוש."
"לי הופמן אגיב","דעות","הפרדה, גישור או שתי מדינות לעם היהודי","D-029","פתיחות לרעיון של הסדרים פנימיים חדשים בין חילונים, דתיים, חרדים, מסורתיים וליברלים","mixed","קבצי פרופיל פרויקט הדמוקרטים: דבר/הארץ על הצטרפות מובילי מחאה ובהם לי הופמן והדס רגולסקי; ללא גלישה חדשה","55","השתלבות בדמוקרטים ובמחאה מאפשרת בסיס חלקי לרעיון של בניית מחנה רחב, אך לא נמצאה עמדה מפורשת על גישור חברתי עמוק."
"לי הופמן אגיב","דעות","הפרדה, גישור או שתי מדינות לעם היהודי","D-030","ראיית המשבר הישראלי לא רק כמאבק ימין־שמאל אלא כמאבק בין מודלים שונים של חיים משותפים","mixed","קבצי פרופיל פרויקט הדמוקרטים: דבר/הארץ על הצטרפות מובילי מחאה ובהם לי הופמן והדס רגולסקי; ללא גלישה חדשה","55","השתלבות בדמוקרטים ובמחאה מאפשרת בסיס חלקי לרעיון של בניית מחנה רחב, אך לא נמצאה עמדה מפורשת על גישור חברתי עמוק."
"לי הופמן אגיב","דעות","יהודים־ערבים, שוויון אזרחי וחיים משותפים","D-031","ראיית אזרחי ישראל הערבים כחלק מלא מהדיון על עתיד המדינה ולא כעניין נפרד או משני","mixed","קבצי פרופיל פרויקט הדמוקרטים: דבר/הארץ על הצטרפות מובילי מחאה ובהם לי הופמן והדס רגולסקי; ללא גלישה חדשה","54","השתייכות למחנה דמוקרטי מאפשרת בסיס חלקי לשוויון וחיים משותפים, אך לא נמצאה הצהרה ישירה בנושא יהודים־ערבים."
"לי הופמן אגיב","דעות","יהודים־ערבים, שוויון אזרחי וחיים משותפים","D-032","תמיכה בשוויון אזרחי גם כאשר הוא מחייב שינוי בחוקים, סמלים או חלוקת משאבים","unknown","קובץ ההיגדים המצורף בלבד; לא נמצא בקבצי הפרופיל בסיס עובדתי מספיק; ללא גלישה חדשה","0","לא נמצא בסיס מספק לקבוע תמיכה בשינוי חוקים, סמלים או שילוב ערבים במוקדי החלטה."
"לי הופמן אגיב","דעות","יהודים־ערבים, שוויון אזרחי וחיים משותפים","D-033","תמיכה בשותפות פוליטית יהודית־ערבית כחלק מבניית מחנה דמוקרטי רחב","mixed","קבצי פרופיל פרויקט הדמוקרטים: דבר/הארץ על הצטרפות מובילי מחאה ובהם לי הופמן והדס רגולסקי; ללא גלישה חדשה","54","השתייכות למחנה דמוקרטי מאפשרת בסיס חלקי לשוויון וחיים משותפים, אך לא נמצאה הצהרה ישירה בנושא יהודים־ערבים."
"לי הופמן אגיב","דעות","יהודים־ערבים, שוויון אזרחי וחיים משותפים","D-034","העדפה לשילוב אזרחים ערבים במוקדי קבלת החלטות, כולל בתחומים מדיניים וביטחוניים","unknown","קובץ ההיגדים המצורף בלבד; לא נמצא בקבצי הפרופיל בסיס עובדתי מספיק; ללא גלישה חדשה","0","לא נמצא בסיס מספק לקבוע תמיכה בשינוי חוקים, סמלים או שילוב ערבים במוקדי החלטה."
"לי הופמן אגיב","דעות","יהודים־ערבים, שוויון אזרחי וחיים משותפים","D-035","התנגדות לגזענות, הדרה או דה־לגיטימציה של הציבור הערבי בישראל","mixed","קבצי פרופיל פרויקט הדמוקרטים: דבר/הארץ על הצטרפות מובילי מחאה ובהם לי הופמן והדס רגולסקי; ללא גלישה חדשה","54","השתייכות למחנה דמוקרטי מאפשרת בסיס חלקי לשוויון וחיים משותפים, אך לא נמצאה הצהרה ישירה בנושא יהודים־ערבים."
"לי הופמן אגיב","דעות","יהודים־ערבים, שוויון אזרחי וחיים משותפים","D-036","הכרה בכך שחיים משותפים מחייבים גם התמודדות עם פחדים, טראומות וחוסר אמון בשני הצדדים","mixed","קבצי פרופיל פרויקט הדמוקרטים: דבר/הארץ על הצטרפות מובילי מחאה ובהם לי הופמן והדס רגולסקי; ללא גלישה חדשה","54","השתייכות למחנה דמוקרטי מאפשרת בסיס חלקי לשוויון וחיים משותפים, אך לא נמצאה הצהרה ישירה בנושא יהודים־ערבים."
"לי הופמן אגיב","דעות","ביטחון, פלסטינים והסדר מדיני","D-037","תמיכה בנתיב מדיני ארוך טווח מול הפלסטינים, גם לאחר שבעה באוקטובר","unknown","קובץ ההיגדים המצורף בלבד; לא נמצא בקבצי הפרופיל בסיס עובדתי מספיק; ללא גלישה חדשה","0","לא נמצא בפרופיל הזמין בסיס לעמדה מדינית־ביטחונית מפורטת מול הפלסטינים או האזור."
"לי הופמן אגיב","דעות","ביטחון, פלסטינים והסדר מדיני","D-038","העדפה להיפרדות מדינית וביטחונית מהפלסטינים כדי לשמור על ישראל יהודית ודמוקרטית","unknown","קובץ ההיגדים המצורף בלבד; לא נמצא בקבצי הפרופיל בסיס עובדתי מספיק; ללא גלישה חדשה","0","לא נמצא בפרופיל הזמין בסיס לעמדה מדינית־ביטחונית מפורטת מול הפלסטינים או האזור."
"לי הופמן אגיב","דעות","ביטחון, פלסטינים והסדר מדיני","D-039","תמיכה בפתרון שתי מדינות או במודל קרוב לו כיעד אסטרטגי","unknown","קובץ ההיגדים המצורף בלבד; לא נמצא בקבצי הפרופיל בסיס עובדתי מספיק; ללא גלישה חדשה","0","לא נמצא בפרופיל הזמין בסיס לעמדה מדינית־ביטחונית מפורטת מול הפלסטינים או האזור."
"לי הופמן אגיב","דעות","ביטחון, פלסטינים והסדר מדיני","D-040","פתיחות למודלים מדיניים מורכבים כגון קונפדרציה, גבולות פתוחים או הסדר אזורי","unknown","קובץ ההיגדים המצורף בלבד; לא נמצא בקבצי הפרופיל בסיס עובדתי מספיק; ללא גלישה חדשה","0","לא נמצא בפרופיל הזמין בסיס לעמדה מדינית־ביטחונית מפורטת מול הפלסטינים או האזור."
"לי הופמן אגיב","דעות","ביטחון, פלסטינים והסדר מדיני","D-041","התנגדות להמשך שליטה ישראלית קבועה על אוכלוסייה פלסטינית ללא זכויות אזר מלאות","unknown","קובץ ההיגדים המצורף בלבד; לא נמצא בקבצי הפרופיל בסיס עובדתי מספיק; ללא גלישה חדשה","0","לא נמצא בפרופיל הזמין בסיס לעמדה מדינית־ביטחונית מפורטת מול הפלסטינים או האזור."
"לי הופמן אגיב","דעות","ביטחון, פלסטינים והסדר מדיני","D-042","ראיית הסדר אזורי עם מדינות ערביות מתונות כחלק מרכזי מהעתיד הביטחוני של ישראל","unknown","קובץ ההיגדים המצורף בלבד; לא נמצא בקבצי הפרופיל בסיס עובדתי מספיק; ללא גלישה חדשה","0","לא נמצא בפרופיל הזמין בסיס לעמדה מדינית־ביטחונית מפורטת מול הפלסטינים או האזור."
"לי הופמן אגיב","דעות","שבעה באוקטובר, אחריות, חטופים וזיכרון לאומי","D-043","ראיית שבעה באוקטובר כאירוע שמחייב חשבון נפש מדינתי, מוסדי וחברתי עמוק","supports","קבצי פרופיל פרויקט הדמוקרטים: דבר/הארץ על הצטרפות מובילי מחאה ובהם לי הופמן והדס רגולסקי; ללא גלישה חדשה","62","הזיקה למחאה האזרחית ולביקורת על השלטון לאחר שבעה באוקטובר נותנת בסיס חלקי לחשבון נפש ואחריות, אך לא פירוט מדיניות."
"לי הופמן אגיב","דעות","שבעה באוקטובר, אחריות, חטופים וזיכרון לאומי","D-044","תמיכה בוועדת חקירה ממלכתית ובאחריות אישית של הדרג המדיני והביטחוני","supports","קבצי פרופיל פרויקט הדמוקרטים: דבר/הארץ על הצטרפות מובילי מחאה ובהם לי הופמן והדס רגולסקי; ללא גלישה חדשה","62","הזיקה למחאה האזרחית ולביקורת על השלטון לאחר שבעה באוקטובר נותנת בסיס חלקי לחשבון נפש ואחריות, אך לא פירוט מדיניות."
"לי הופמן אגיב","דעות","שבעה באוקטובר, אחריות, חטופים וזיכרון לאומי","D-045","ראיית החטופים והמשפחות כסמל מוסרי מרכזי של אחריות המדינה לאזרחיה","mixed","קבצי פרופיל פרויקט הדמוקרטים: דבר/הארץ על הצטרפות מובילי מחאה ובהם לי הופמן והדס רגולסקי; ללא גלישה חדשה","55","יש בסיס כללי לאחריות אזרחית, אך לא נמצא בפרופיל מיקוד ייחודי בחטופים או בשיקום העוטף."
"לי הופמן אגיב","דעות","שבעה באוקטובר, אחריות, חטופים וזיכרון לאומי","D-046","התנגדות לשימוש פוליטי ציני בכאב של משפחות, נפגעים או קהילות שנפגעו במלחמה","supports","קבצי פרופיל פרויקט הדמוקרטים: דבר/הארץ על הצטרפות מובילי מחאה ובהם לי הופמן והדס רגולסקי; ללא גלישה חדשה","62","הזיקה למחאה האזרחית ולביקורת על השלטון לאחר שבעה באוקטובר נותנת בסיס חלקי לחשבון נפש ואחריות, אך לא פירוט מדיניות."
"לי הופמן אגיב","דעות","שבעה באוקטובר, אחריות, חטופים וזיכרון לאומי","D-047","תמיכה בשיקום העוטף והקהילות שנפגעו כחלק מהחוזה הבסיסי בין המדינה לאזרחיה","mixed","קבצי פרופיל פרויקט הדמוקרטים: דבר/הארץ על הצטרפות מובילי מחאה ובהם לי הופמן והדס רגולסקי; ללא גלישה חדשה","55","יש בסיס כללי לאחריות אזרחית, אך לא נמצא בפרופיל מיקוד ייחודי בחטופים או בשיקום העוטף."
"לי הופמן אגיב","דעות","שבעה באוקטובר, אחריות, חטופים וזיכרון לאומי","D-048","ראיית הטראומה של שבעה באוקטובר כבסיס לבניית מדיניות חדשה, לא רק כהצדקה להמשך מלחמה","supports","קבצי פרופיל פרויקט הדמוקרטים: דבר/הארץ על הצטרפות מובילי מחאה ובהם לי הופמן והדס רגולסקי; ללא גלישה חדשה","62","הזיקה למחאה האזרחית ולביקורת על השלטון לאחר שבעה באוקטובר נותנת בסיס חלקי לחשבון נפש ואחריות, אך לא פירוט מדיניות."
"לי הופמן אגיב","דעות","חברה, כלכלה, רווחה ופריפריה","D-049","הצבת צמצום אי־שוויון חברתי־כלכלי כנושא מרכזי בזהות הפוליטית","unknown","קובץ ההיגדים המצורף בלבד; לא נמצא בקבצי הפרופיל בסיס עובדתי מספיק; ללא גלישה חדשה","0","לא נמצא בפרופיל הזמין בסיס מספק לעמדה חברתית־כלכלית מפורטת."
"לי הופמן אגיב","דעות","חברה, כלכלה, רווחה ופריפריה","D-050","תמיכה בהרחבת אחריות המדינה בתחומי דיור, חינוך, בריאות ורווחה","unknown","קובץ ההיגדים המצורף בלבד; לא נמצא בקבצי הפרופיל בסיס עובדתי מספיק; ללא גלישה חדשה","0","לא נמצא בפרופיל הזמין בסיס מספק לעמדה חברתית־כלכלית מפורטת."
"לי הופמן אגיב","דעות","חברה, כלכלה, רווחה ופריפריה","D-051","תמיכה בזכויות עובדים, עבודה מאורגנת והגנה על שכבות מוחלשות","unknown","קובץ ההיגדים המצורף בלבד; לא נמצא בקבצי הפרופיל בסיס עובדתי מספיק; ללא גלישה חדשה","0","לא נמצא בפרופיל הזמין בסיס מספק לעמדה חברתית־כלכלית מפורטת."
"לי הופמן אגיב","דעות","חברה, כלכלה, רווחה ופריפריה","D-052","ראיית הפריפריה הגיאוגרפית והחברתית כשותפה אסטרטגית ולא כקהל יעד משני","unknown","קובץ ההיגדים המצורף בלבד; לא נמצא בקבצי הפרופיל בסיס עובדתי מספיק; ללא גלישה חדשה","0","לא נמצא בפרופיל הזמין בסיס מספק לעמדה חברתית־כלכלית מפורטת."
"לי הופמן אגיב","דעות","חברה, כלכלה, רווחה ופריפריה","D-053","תמיכה בהשקעה ארוכת טווח בנגב, בגליל, בעוטף ובערים מוחלשות","unknown","קובץ ההיגדים המצורף בלבד; לא נמצא בקבצי הפרופיל בסיס עובדתי מספיק; ללא גלישה חדשה","0","לא נמצא בפרופיל הזמין בסיס מספק לעמדה חברתית־כלכלית מפורטת."
"לי הופמן אגיב","דעות","חברה, כלכלה, רווחה ופריפריה","D-054","חיבור בין צדק חברתי לבין בניית מחנה פוליטי חדש ורחב יותר","unknown","קובץ ההיגדים המצורף בלבד; לא נמצא בקבצי הפרופיל בסיס עובדתי מספיק; ללא גלישה חדשה","0","לא נמצא בפרופיל הזמין בסיס מספק לעמדה חברתית־כלכלית מפורטת."
"לי הופמן אגיב","דעות","סגנון פשרה, גבולות ויכולת הסכמה","D-055","נכונות לפשרות פוליטיות רחבות כדי לשקם את המדינה גם במחיר ויתור אידיאולוגי חלקי","mixed","קבצי פרופיל פרויקט הדמוקרטים: דבר/הארץ על הצטרפות מובילי מחאה ובהם לי הופמן והדס רגולסקי; ללא גלישה חדשה","55","יש בסיס חלקי לרצון בשיקום המדינה, אך לא נמצא פירוט על פשרות, קואליציות או גבולות ההסכמה."
"לי הופמן אגיב","דעות","סגנון פשרה, גבולות ויכולת הסכמה","D-056","הצבת קווים אדומים ברורים שמעליהם אין מקום לפשרה עם יריבים פוליטיים","supports","קבצי פרופיל פרויקט הדמוקרטים: דבר/הארץ על הצטרפות מובילי מחאה ובהם לי הופמן והדס רגולסקי; ללא גלישה חדשה","64","הזיהוי עם מחאה ציבורית נגד פגיעה בדמוקרטיה תומך בהעדפת מאבק וקווים אדומים כאשר הדמוקרטיה מאוימת."
"לי הופמן אגיב","דעות","סגנון פשרה, גבולות ויכולת הסכמה","D-057","העדפה להסכמות רחבות ולאיטיות על פני מהלכים חדים ומהירים","mixed","קבצי פרופיל פרויקט הדמוקרטים: דבר/הארץ על הצטרפות מובילי מחאה ובהם לי הופמן והדס רגולסקי; ללא גלישה חדשה","55","יש בסיס חלקי לרצון בשיקום המדינה, אך לא נמצא פירוט על פשרות, קואליציות או גבולות ההסכמה."
"לי הופמן אגיב","דעות","סגנון פשרה, גבולות ויכולת הסכמה","D-058","העדפה למאבק חד וברור כאשר פשרה נתפסת ככניעה לכוחות אנטי־דמוקרטיים","supports","קבצי פרופיל פרויקט הדמוקרטים: דבר/הארץ על הצטרפות מובילי מחאה ובהם לי הופמן והדס רגולסקי; ללא גלישה חדשה","64","הזיהוי עם מחאה ציבורית נגד פגיעה בדמוקרטיה תומך בהעדפת מאבק וקווים אדומים כאשר הדמוקרטיה מאוימת."
"לי הופמן אגיב","דעות","סגנון פשרה, גבולות ויכולת הסכמה","D-059","יכולת להבחין בין פשרה עניינית לבין טשטוש ערכי מסוכן","mixed","קבצי פרופיל פרויקט הדמוקרטים: דבר/הארץ על הצטרפות מובילי מחאה ובהם לי הופמן והדס רגולסקי; ללא גלישה חדשה","55","יש בסיס חלקי לרצון בשיקום המדינה, אך לא נמצא פירוט על פשרות, קואליציות או גבולות ההסכמה."
"לי הופמן אגיב","דעות","סגנון פשרה, גבולות ויכולת הסכמה","D-060","נכונות לבנות קואליציות עתידיות עם גורמים שאינם שייכים למחנה הטבעי, אם הם מקבלים כללי משחק דמוקרטיים","mixed","קבצי פרופיל פרויקט הדמוקרטים: דבר/הארץ על הצטרפות מובילי מחאה ובהם לי הופמן והדס רגולסקי; ללא גלישה חדשה","55","יש בסיס חלקי לרצון בשיקום המדינה, אך לא נמצא פירוט על פשרות, קואליציות או גבולות ההסכמה."
"לי הופמן אגיב","יכולות","מומחיות מדינית, ביטחונית וממשלית","cap_001","ניסיון ישיר במערכות מדינה בכירות או במוקדי קבלת החלטות","unknown","קובץ ההיגדים המצורף בלבד; לא נמצא בקבצי הפרופיל בסיס עובדתי מספיק; ללא גלישה חדשה","0","לא נמצא בסיס עובדתי מספיק בפרופיל הזמין כדי לקבוע את ההיגד בלי ניחוש."
"לי הופמן אגיב","יכולות","מומחיות מדינית, ביטחונית וממשלית","cap_002","הבנה מוכחת של סוגיות מדיניות, ביטחוניות ואזוריות מורכבות","unknown","קובץ ההיגדים המצורף בלבד; לא נמצא בקבצי הפרופיל בסיס עובדתי מספיק; ללא גלישה חדשה","0","לא נמצא בסיס עובדתי מספיק בפרופיל הזמין כדי לקבוע את ההיגד בלי ניחוש."
"לי הופמן אגיב","יכולות","מומחיות מדינית, ביטחונית וממשלית","cap_003","ניסיון במשא ומתן, דיאלוג אסטרטגי או קשרים בינלאומיים","unknown","קובץ ההיגדים המצורף בלבד; לא נמצא בקבצי הפרופיל בסיס עובדתי מספיק; ללא גלישה חדשה","0","לא נמצא בסיס עובדתי מספיק בפרופיל הזמין כדי לקבוע את ההיגד בלי ניחוש."
"לי הופמן אגיב","יכולות","מומחיות מדינית, ביטחונית וממשלית","cap_004","ניסיון צבאי, מודיעיני או ביטחוני בעל רלוונטיות לעבודה ציבורית","unknown","קובץ ההיגדים המצורף בלבד; לא נמצא בקבצי הפרופיל בסיס עובדתי מספיק; ללא גלישה חדשה","0","לא נמצא בסיס עובדתי מספיק בפרופיל הזמין כדי לקבוע את ההיגד בלי ניחוש."
"לי הופמן אגיב","יכולות","מומחיות מדינית, ביטחונית וממשלית","cap_005","יכולת לגבש תפיסה מדינית־ביטחונית סדורה ולא רק עמדה ערכית כללית","unknown","קובץ ההיגדים המצורף בלבד; לא נמצא בקבצי הפרופיל בסיס עובדתי מספיק; ללא גלישה חדשה","0","לא נמצא בסיס עובדתי מספיק בפרופיל הזמין כדי לקבוע את ההיגד בלי ניחוש."
"לי הופמן אגיב","יכולות","מומחיות מדינית, ביטחונית וממשלית","cap_006","יכולת לחבר בין יעדים ביטחוניים לבין יעדים מדיניים ארוכי טווח","unknown","קובץ ההיגדים המצורף בלבד; לא נמצא בקבצי הפרופיל בסיס עובדתי מספיק; ללא גלישה חדשה","0","לא נמצא בסיס עובדתי מספיק בפרופיל הזמין כדי לקבוע את ההיגד בלי ניחוש."
"לי הופמן אגיב","יכולות","ארגון, ניהול וביצוע","cap_007","ניסיון בהקמה וניהול של ארגונים, חברות, תנועות או מטות פעולה","partial","קבצי פרופיל פרויקט הדמוקרטים: דבר/הארץ על הצטרפות מובילי מחאה ובהם לי הופמן והדס רגולסקי; ללא גלישה חדשה","62","השיוך למובילי מחאה מלמד על ניסיון מסוים בארגון והובלת פעולה ציבורית, אך היקף הניהול לא מפורט בפרופיל."
"לי הופמן אגיב","יכולות","ארגון, ניהול וביצוע","cap_008","יכולת להוביל צוותים, תקציבים, קהילות או מערכות מורכבות","partial","קבצי פרופיל פרויקט הדמוקרטים: דבר/הארץ על הצטרפות מובילי מחאה ובהם לי הופמן והדס רגולסקי; ללא גלישה חדשה","55","יש בסיס חלקי לניסיון בניהול פעילות ציבורית, אך לא נמצאה עדות לניהול מערכות מורכבות או משברים בהיקף מוסדי."
"לי הופמן אגיב","יכולות","ארגון, ניהול וביצוע","cap_009","הובלת מאבקים ציבוריים שהניבו תוצאות ממשיות","partial","קבצי פרופיל פרויקט הדמוקרטים: דבר/הארץ על הצטרפות מובילי מחאה ובהם לי הופמן והדס רגולסקי; ללא גלישה חדשה","62","השיוך למובילי מחאה מלמד על ניסיון מסוים בארגון והובלת פעולה ציבורית, אך היקף הניהול לא מפורט בפרופיל."
"לי הופמן אגיב","יכולות","ארגון, ניהול וביצוע","cap_010","יכולת להפוך רעיון כללי לתשתית פעולה מתמשכת","partial","קבצי פרופיל פרויקט הדמוקרטים: דבר/הארץ על הצטרפות מובילי מחאה ובהם לי הופמן והדס רגולסקי; ללא גלישה חדשה","62","השיוך למובילי מחאה מלמד על ניסיון מסוים בארגון והובלת פעולה ציבורית, אך היקף הניהול לא מפורט בפרופיל."
"לי הופמן אגיב","יכולות","ארגון, ניהול וביצוע","cap_011","ניסיון בניהול משברים ציבוריים, פוליטיים או ארגוניים","partial","קבצי פרופיל פרויקט הדמוקרטים: דבר/הארץ על הצטרפות מובילי מחאה ובהם לי הופמן והדס רגולסקי; ללא גלישה חדשה","55","יש בסיס חלקי לניסיון בניהול פעילות ציבורית, אך לא נמצאה עדות לניהול מערכות מורכבות או משברים בהיקף מוסדי."
"לי הופמן אגיב","יכולות","ארגון, ניהול וביצוע","cap_012","מוכנות לקחת אחריות אישית גבוהה על מהלך ציבורי או ארגוני","partial","קבצי פרופיל פרויקט הדמוקרטים: דבר/הארץ על הצטרפות מובילי מחאה ובהם לי הופמן והדס רגולסקי; ללא גלישה חדשה","62","השיוך למובילי מחאה מלמד על ניסיון מסוים בארגון והובלת פעולה ציבורית, אך היקף הניהול לא מפורט בפרופיל."
"לי הופמן אגיב","יכולות","חקיקה, פוליטיקה ומוסדות","cap_013","ניסיון בעבודה פרלמנטרית, ועדות כנסת, חקיקה או הצעות חוק","unknown","קובץ ההיגדים המצורף בלבד; לא נמצא בקבצי הפרופיל בסיס עובדתי מספיק; ללא גלישה חדשה","0","לא נמצא בסיס עובדתי מספיק בפרופיל הזמין כדי לקבוע את ההיגד בלי ניחוש."
"לי הופמן אגיב","יכולות","חקיקה, פוליטיקה ומוסדות","cap_014","היכרות מעשית עם מנגנוני מפלגות, פריימריז, רשימות וקואליציות","unknown","קובץ ההיגדים המצורף בלבד; לא נמצא בקבצי הפרופיל בסיס עובדתי מספיק; ללא גלישה חדשה","0","לא נמצא בסיס עובדתי מספיק בפרופיל הזמין כדי לקבוע את ההיגד בלי ניחוש."
"לי הופמן אגיב","יכולות","חקיקה, פוליטיקה ומוסדות","cap_015","יכולת לפעול בתוך מוסדות קיימים ולא רק מחוץ להם","unknown","קובץ ההיגדים המצורף בלבד; לא נמצא בקבצי הפרופיל בסיס עובדתי מספיק; ללא גלישה חדשה","0","לא נמצא בסיס עובדתי מספיק בפרופיל הזמין כדי לקבוע את ההיגד בלי ניחוש."
"לי הופמן אגיב","יכולות","חקיקה, פוליטיקה ומוסדות","cap_016","ניסיון בבניית תנועה פוליטית, מפלגה או אלטרנטיבה שלטונית","unknown","קובץ ההיגדים המצורף בלבד; לא נמצא בקבצי הפרופיל בסיס עובדתי מספיק; ללא גלישה חדשה","0","לא נמצא בסיס עובדתי מספיק בפרופיל הזמין כדי לקבוע את ההיגד בלי ניחוש."
"לי הופמן אגיב","יכולות","חקיקה, פוליטיקה ומוסדות","cap_017","יכולת לייצר שיתופי פעולה בין זרמים, מפלגות או קבוצות אינטרס","unknown","קובץ ההיגדים המצורף בלבד; לא נמצא בקבצי הפרופיל בסיס עובדתי מספיק; ללא גלישה חדשה","0","לא נמצא בסיס עובדתי מספיק בפרופיל הזמין כדי לקבוע את ההיגד בלי ניחוש."
"לי הופמן אגיב","יכולות","חקיקה, פוליטיקה ומוסדות","cap_018","יכולת לתרגם עמדות אידיאולוגיות לפעולות מוסדיות או חקיקתיות","unknown","קובץ ההיגדים המצורף בלבד; לא נמצא בקבצי הפרופיל בסיס עובדתי מספיק; ללא גלישה חדשה","0","לא נמצא בסיס עובדתי מספיק בפרופיל הזמין כדי לקבוע את ההיגד בלי ניחוש."
"לי הופמן אגיב","יכולות","תקשורת, הסברה והשפעה ציבורית","cap_019","יכולת ליצור מסרים חדים, ברורים וזכירים","partial","קבצי פרופיל פרויקט הדמוקרטים: דבר/הארץ על הצטרפות מובילי מחאה ובהם לי הופמן והדס רגולסקי; ללא גלישה חדשה","64","כדמות מחאה ציבורית יש בסיס ליכולת מסר, הופעה וגיוס סביב ערך, אך לא נמצא פירוט מקצועי מלא."
"לי הופמן אגיב","יכולות","תקשורת, הסברה והשפעה ציבורית","cap_020","יכולת לייצר תוכן דיגיטלי, ויראלי או תקשורתי שמגיע לקהלים רחבים","partial","קבצי פרופיל פרויקט הדמוקרטים: דבר/הארץ על הצטרפות מובילי מחאה ובהם לי הופמן והדס רגולסקי; ללא גלישה חדשה","55","ייתכן שימוש בכלים דיגיטליים במסגרת מחאה, אך לא נמצא בפרופיל בסיס חזק מספיק ל-has."
"לי הופמן אגיב","יכולות","תקשורת, הסברה והשפעה ציבורית","cap_021","ניסיון בהופעה ציבורית, ראיונות, פודקאסטים, קולנוע, כתיבה או הרצאות","partial","קבצי פרופיל פרויקט הדמוקרטים: דבר/הארץ על הצטרפות מובילי מחאה ובהם לי הופמן והדס רגולסקי; ללא גלישה חדשה","64","כדמות מחאה ציבורית יש בסיס ליכולת מסר, הופעה וגיוס סביב ערך, אך לא נמצא פירוט מקצועי מלא."
"לי הופמן אגיב","יכולות","תקשורת, הסברה והשפעה ציבורית","cap_022","יכולת להסביר נושאים מורכבים בשפה נגישה ולא טכנוקרטית","unknown","קובץ ההיגדים המצורף בלבד; לא נמצא בקבצי הפרופיל בסיס עובדתי מספיק; ללא גלישה חדשה","0","לא נמצא בסיס עובדתי מספיק בפרופיל הזמין כדי לקבוע את ההיגד בלי ניחוש."
"לי הופמן אגיב","יכולות","תקשורת, הסברה והשפעה ציבורית","cap_023","יכולת לנהל מאבק תודעתי מול יריבים פוליטיים או תקשורתיים","partial","קבצי פרופיל פרויקט הדמוקרטים: דבר/הארץ על הצטרפות מובילי מחאה ובהם לי הופמן והדס רגולסקי; ללא גלישה חדשה","64","כדמות מחאה ציבורית יש בסיס ליכולת מסר, הופעה וגיוס סביב ערך, אך לא נמצא פירוט מקצועי מלא."
"לי הופמן אגיב","יכולות","תקשורת, הסברה והשפעה ציבורית","cap_024","יכולת להפוך סיפור אישי או ערכי לכלי גיוס ציבורי","partial","קבצי פרופיל פרויקט הדמוקרטים: דבר/הארץ על הצטרפות מובילי מחאה ובהם לי הופמן והדס רגולסקי; ללא גלישה חדשה","64","כדמות מחאה ציבורית יש בסיס ליכולת מסר, הופעה וגיוס סביב ערך, אך לא נמצא פירוט מקצועי מלא."
"לי הופמן אגיב","יכולות","חיבור בין קהלים ועולמות","cap_025","יכולת לחבר בין יהודים לערבים בתוך מסגרת פוליטית או אזרחית משותפת","unknown","קובץ ההיגדים המצורף בלבד; לא נמצא בקבצי הפרופיל בסיס עובדתי מספיק; ללא גלישה חדשה","0","לא נמצא בסיס עובדתי מספיק בפרופיל הזמין כדי לקבוע את ההיגד בלי ניחוש."
"לי הופמן אגיב","יכולות","חיבור בין קהלים ועולמות","cap_026","יכולת לחבר בין שמאל ליברלי לבין פריפריה מזרחית, מסורתית או גיאוגרפית","unknown","קובץ ההיגדים המצורף בלבד; לא נמצא בקבצי הפרופיל בסיס עובדתי מספיק; ללא גלישה חדשה","0","לא נמצא בסיס עובדתי מספיק בפרופיל הזמין כדי לקבוע את ההיגד בלי ניחוש."
"לי הופמן אגיב","יכולות","חיבור בין קהלים ועולמות","cap_027","יכולת לחבר בין עולם המחאה לבין עבודה מפלגתית ומוסדית","has","קבצי פרופיל פרויקט הדמוקרטים: דבר/הארץ על הצטרפות מובילי מחאה ובהם לי הופמן והדס רגולסקי; ללא גלישה חדשה","70","עצם המעבר ממחאה אזרחית למסגרת מפלגתית בפריימריז נותן בסיס טוב ליכולת חיבור בין מחאה למפלגה."
"לי הופמן אגיב","יכולות","חיבור בין קהלים ועולמות","cap_028","יכולת לחבר בין היי־טק, חדשנות ודיגיטל לבין פוליטיקה ציבורית","unknown","קובץ ההיגדים המצורף בלבד; לא נמצא בקבצי הפרופיל בסיס עובדתי מספיק; ללא גלישה חדשה","0","לא נמצא בסיס עובדתי מספיק בפרופיל הזמין כדי לקבוע את ההיגד בלי ניחוש."
"לי הופמן אגיב","יכולות","חיבור בין קהלים ועולמות","cap_029","יכולת לחבר בין שפה מקצועית־ביטחונית לבין שפה אזרחית וערכית","unknown","קובץ ההיגדים המצורף בלבד; לא נמצא בקבצי הפרופיל בסיס עובדתי מספיק; ללא גלישה חדשה","0","לא נמצא בסיס עובדתי מספיק בפרופיל הזמין כדי לקבוע את ההיגד בלי ניחוש."
"לי הופמן אגיב","יכולות","חיבור בין קהלים ועולמות","cap_030","אמינות מול קהילות שטח ולא רק מול קהל תקשורתי או אליטיסטי","partial","קבצי פרופיל פרויקט הדמוקרטים: דבר/הארץ על הצטרפות מובילי מחאה ובהם לי הופמן והדס רגולסקי; ללא גלישה חדשה","56","יש בסיס חלקי לחיבור בין ניסיון מחאה, למידה וערכים פוליטיים, אך לא מספיק לקביעה חזקה."
"לי הופמן אגיב","יכולות","חדשנות, למידה ושיתוף ציבור","cap_031","שימוש בטכנולוגיה, מידע או כלים דיגיטליים לשיתוף ציבור וארגון פוליטי","partial","קבצי פרופיל פרויקט הדמוקרטים: דבר/הארץ על הצטרפות מובילי מחאה ובהם לי הופמן והדס רגולסקי; ללא גלישה חדשה","55","ייתכן שימוש בכלים דיגיטליים במסגרת מחאה, אך לא נמצא בפרופיל בסיס חזק מספיק ל-has."
"לי הופמן אגיב","יכולות","חדשנות, למידה ושיתוף ציבור","cap_032","חשיבה מערכתית שמזהה קשרים בין משבר פוליטי, כלכלה, ביטחון וחברה","unknown","קובץ ההיגדים המצורף בלבד; לא נמצא בקבצי הפרופיל בסיס עובדתי מספיק; ללא גלישה חדשה","0","לא נמצא בסיס עובדתי מספיק בפרופיל הזמין כדי לקבוע את ההיגד בלי ניחוש."
"לי הופמן אגיב","יכולות","חדשנות, למידה ושיתוף ציבור","cap_033","יזמות בפתרונות לא שגרתיים לבעיות פוליטיות או חברתיות","unknown","קובץ ההיגדים המצורף בלבד; לא נמצא בקבצי הפרופיל בסיס עובדתי מספיק; ללא גלישה חדשה","0","לא נמצא בסיס עובדתי מספיק בפרופיל הזמין כדי לקבוע את ההיגד בלי ניחוש."
"לי הופמן אגיב","יכולות","חדשנות, למידה ושיתוף ציבור","cap_034","יכולת ללמוד תחומים חדשים ולהפוך אותם לשפה ציבורית ברורה","partial","קבצי פרופיל פרויקט הדמוקרטים: דבר/הארץ על הצטרפות מובילי מחאה ובהם לי הופמן והדס רגולסקי; ללא גלישה חדשה","56","יש בסיס חלקי לחיבור בין ניסיון מחאה, למידה וערכים פוליטיים, אך לא מספיק לקביעה חזקה."
"לי הופמן אגיב","יכולות","חדשנות, למידה ושיתוף ציבור","cap_035","שילוב בין ידע מקצועי, ניסיון אישי וערכים פוליטיים","partial","קבצי פרופיל פרויקט הדמוקרטים: דבר/הארץ על הצטרפות מובילי מחאה ובהם לי הופמן והדס רגולסקי; ללא גלישה חדשה","56","יש בסיס חלקי לחיבור בין ניסיון מחאה, למידה וערכים פוליטיים, אך לא מספיק לקביעה חזקה."
"לי הופמן אגיב","יכולות","חדשנות, למידה ושיתוף ציבור","cap_036","פתיחות לניסויים ארגוניים ודמוקרטיים חדשים ולא רק לשיטות פוליטיות קיימות","partial","קבצי פרופיל פרויקט הדמוקרטים: דבר/הארץ על הצטרפות מובילי מחאה ובהם לי הופמן והדס רגולסקי; ללא גלישה חדשה","56","יש בסיס חלקי לחיבור בין ניסיון מחאה, למידה וערכים פוליטיים, אך לא מספיק לקביעה חזקה."
"יאיר רובינשטיין","דעות","דמוקרטיה, משילות ותיקון מוסדות המדינה","D-001","נטייה לתיקון חוקתי ומוסדי עמוק, ולא רק להחלפת ממשלה","mixed","קובץ פרופיל פרויקט הדמוקרטים: יאיר רובינשטיין — מומחה דת ומדינה וחירות דתית; דמוקרטים/גלעד קריב/פרסומים ציבוריים; ללא גלישה חדשה","56","יש בסיס חלקי לתיקון דמוקרטי דרך דת ומדינה, אך לא נמצאה תפיסה חוקתית או מוסדית רחבה."
"יאיר רובינשטיין","דעות","דמוקרטיה, משילות ותיקון מוסדות המדינה","D-002","ראיית המשבר הדמוקרטי כתוצאה של שיטה פוליטית פגומה ולא רק של אדם או ממשלה מסוימת","mixed","קובץ פרופיל פרויקט הדמוקרטים: יאיר רובינשטיין — מומחה דת ומדינה וחירות דתית; דמוקרטים/גלעד קריב/פרסומים ציבוריים; ללא גלישה חדשה","56","יש בסיס חלקי לתיקון דמוקרטי דרך דת ומדינה, אך לא נמצאה תפיסה חוקתית או מוסדית רחבה."
"יאיר רובינשטיין","דעות","דמוקרטיה, משילות ותיקון מוסדות המדינה","D-003","נכונות למאבק ציבורי חריף כאשר מוסדות המדינה נתפסים כמאוימים","mixed","קובץ פרופיל פרויקט הדמוקרטים: יאיר רובינשטיין — מומחה דת ומדינה וחירות דתית; דמוקרטים/גלעד קריב/פרסומים ציבוריים; ללא גלישה חדשה","55","הפרופיל ממוקד מומחיות דת ומדינה ולא מאבק ציבורי חריף; אין בסיס לקביעה חזקה."
"יאיר רובינשטיין","דעות","דמוקרטיה, משילות ותיקון מוסדות המדינה","D-004","העדפה לשיקום ממלכתי, זהיר ומוסדי של המדינה לאחר המשבר","supports","קובץ פרופיל פרויקט הדמוקרטים: יאיר רובינשטיין — מומחה דת ומדינה וחירות דתית; דמוקרטים/גלעד קריב/פרסומים ציבוריים; ללא גלישה חדשה","62","הפרופיל מציג מומחיות נושאית ומסגרת מקצועית, ולכן מתאים יותר לשיקום זהיר והבחנה עניינית."
"יאיר רובינשטיין","דעות","דמוקרטיה, משילות ותיקון מוסדות המדינה","D-005","תמיכה בשיתוף ציבור, דמוקרטיה פנימית ושקיפות בתוך המפלגה ובמערכת הפוליטית","mixed","קובץ פרופיל פרויקט הדמוקרטים: יאיר רובינשטיין — מומחה דת ומדינה וחירות דתית; דמוקרטים/גלעד קריב/פרסומים ציבוריים; ללא גלישה חדשה","56","יש בסיס חלקי לתיקון דמוקרטי דרך דת ומדינה, אך לא נמצאה תפיסה חוקתית או מוסדית רחבה."
"יאיר רובינשטיין","דעות","דמוקרטיה, משילות ותיקון מוסדות המדינה","D-006","נכונות להגביל כוח שלטוני גם כאשר הכוח נמצא בידי המחנה הקרוב אידיאולוגית","mixed","קובץ פרופיל פרויקט הדמוקרטים: יאיר רובינשטיין — מומחה דת ומדינה וחירות דתית; דמוקרטים/גלעד קריב/פרסומים ציבוריים; ללא גלישה חדשה","56","יש בסיס חלקי לתיקון דמוקרטי דרך דת ומדינה, אך לא נמצאה תפיסה חוקתית או מוסדית רחבה."
"יאיר רובינשטיין","דעות","יחס למחנה השני ויכולת גישור","D-007","ראיית מצביעי המחנה השני כיריבים פוליטיים לגיטימיים ולא כאויבים","supports","קובץ פרופיל פרויקט הדמוקרטים: יאיר רובינשטיין — מומחה דת ומדינה וחירות דתית; דמוקרטים/גלעד קריב/פרסומים ציבוריים; ללא גלישה חדשה","68","המומחיות בדת ומדינה והסיפור המשפחתי הפלורליסטי תומכים ביכולת לדבר עם דתיים, מסורתיים וחילונים."
"יאיר רובינשטיין","דעות","יחס למחנה השני ויכולת גישור","D-008","הבחנה בין הנהגת המחנה השני לבין הציבור הרחב שתומך בה","supports","קובץ פרופיל פרויקט הדמוקרטים: יאיר רובינשטיין — מומחה דת ומדינה וחירות דתית; דמוקרטים/גלעד קריב/פרסומים ציבוריים; ללא גלישה חדשה","68","המומחיות בדת ומדינה והסיפור המשפחתי הפלורליסטי תומכים ביכולת לדבר עם דתיים, מסורתיים וחילונים."
"יאיר רובינשטיין","דעות","יחס למחנה השני ויכולת גישור","D-009","אמונה שאפשר לבנות גשר מחודש בין המחנה הדמוקרטי־ליברלי לבין חלקים מהימין המסורתי","supports","קובץ פרופיל פרויקט הדמוקרטים: יאיר רובינשטיין — מומחה דת ומדינה וחירות דתית; דמוקרטים/גלעד קריב/פרסומים ציבוריים; ללא גלישה חדשה","68","המומחיות בדת ומדינה והסיפור המשפחתי הפלורליסטי תומכים ביכולת לדבר עם דתיים, מסורתיים וחילונים."
"יאיר רובינשטיין","דעות","יחס למחנה השני ויכולת גישור","D-010","העדפה להכרעה פוליטית ברורה על פני פיוס מוקדם עם המחנה השני","mixed","קובץ פרופיל פרויקט הדמוקרטים: יאיר רובינשטיין — מומחה דת ומדינה וחירות דתית; דמוקרטים/גלעד קריב/פרסומים ציבוריים; ללא גלישה חדשה","55","הפרופיל ממוקד מומחיות דת ומדינה ולא מאבק ציבורי חריף; אין בסיס לקביעה חזקה."
"יאיר רובינשטיין","דעות","יחס למחנה השני ויכולת גישור","D-011","נכונות לשיח עם דתיים, מסורתיים, חרדים וימנים גם כאשר קיימת מחלוקת ערכית עמוקה","supports","קובץ פרופיל פרויקט הדמוקרטים: יאיר רובינשטיין — מומחה דת ומדינה וחירות דתית; דמוקרטים/גלעד קריב/פרסומים ציבוריים; ללא גלישה חדשה","68","המומחיות בדת ומדינה והסיפור המשפחתי הפלורליסטי תומכים ביכולת לדבר עם דתיים, מסורתיים וחילונים."
"יאיר רובינשטיין","דעות","יחס למחנה השני ויכולת גישור","D-012","ראיית חלק מהמחנה השני כשותף עתידי אפשרי לשיקום המדינה לאחר עידן נתניהו","supports","קובץ פרופיל פרויקט הדמוקרטים: יאיר רובינשטיין — מומחה דת ומדינה וחירות דתית; דמוקרטים/גלעד קריב/פרסומים ציבוריים; ללא גלישה חדשה","68","המומחיות בדת ומדינה והסיפור המשפחתי הפלורליסטי תומכים ביכולת לדבר עם דתיים, מסורתיים וחילונים."
"יאיר רובינשטיין","דעות","שסעים פנימיים בחברה היהודית","D-013","ראיית השסע העדתי והפריפריאלי כמרכיב מרכזי במשבר הפוליטי בישראל","unknown","קובץ ההיגדים המצורף בלבד; לא נמצא בקבצי הפרופיל בסיס עובדתי מספיק; ללא גלישה חדשה","0","לא נמצא בסיס מספק לעמדה על שסע עדתי או פריפריאלי."
"יאיר רובינשטיין","דעות","שסעים פנימיים בחברה היהודית","D-014","נכונות לדבר עם מצביעים מזרחים, מסורתיים ופריפריאליים בשפה שאינה מתנשאת ואינה רק ליברלית־אשכנזית","unknown","קובץ ההיגדים המצורף בלבד; לא נמצא בקבצי הפרופיל בסיס עובדתי מספיק; ללא גלישה חדשה","0","לא נמצא בסיס מספק לעמדה על שסע עדתי או פריפריאלי."
"יאיר רובינשטיין","דעות","שסעים פנימיים בחברה היהודית","D-015","ראיית השסע הדתי־חילוני כאיום מרכזי על הלכידות של החברה היהודית בישראל","supports","קובץ פרופיל פרויקט הדמוקרטים: יאיר רובינשטיין — מומחה דת ומדינה וחירות דתית; דמוקרטים/גלעד קריב/פרסומים ציבוריים; ללא גלישה חדשה","72","הפרופיל ממוקד בשסע דת־מדינה ובחירות דתית, ולכן יש בסיס טוב לגישור בין ליברלים ודתיים מתונים."
"יאיר רובינשטיין","דעות","שסעים פנימיים בחברה היהודית","D-016","תמיכה בבניית ברית חדשה בין ליברלים, מסורתיים, דתיים מתונים ופריפריה חברתית","supports","קובץ פרופיל פרויקט הדמוקרטים: יאיר רובינשטיין — מומחה דת ומדינה וחירות דתית; דמוקרטים/גלעד קריב/פרסומים ציבוריים; ללא גלישה חדשה","72","הפרופיל ממוקד בשסע דת־מדינה ובחירות דתית, ולכן יש בסיס טוב לגישור בין ליברלים ודתיים מתונים."
"יאיר רובינשטיין","דעות","שסעים פנימיים בחברה היהודית","D-017","ביקורת על מחנה המרכז־שמאל כאשר הוא נתפס כמנותק, אליטיסטי או חסר רגישות לפריפריה","unknown","קובץ ההיגדים המצורף בלבד; לא נמצא בקבצי הפרופיל בסיס עובדתי מספיק; ללא גלישה חדשה","0","לא נמצא בסיס מספק לעמדה על שסע עדתי או פריפריאלי."
"יאיר רובינשטיין","דעות","שסעים פנימיים בחברה היהודית","D-018","העדפה לתיקון יחסי מרכז־פריפריה כחלק מבניית מחנה דמוקרטי רחב","unknown","קובץ ההיגדים המצורף בלבד; לא נמצא בקבצי הפרופיל בסיס עובדתי מספיק; ללא גלישה חדשה","0","לא נמצא בסיס מספק לעמדה על שסע עדתי או פריפריאלי."
"יאיר רובינשטיין","דעות","מדינה יהודית ודמוקרטית, דת ומדינה","D-019","העדפה לזהות ישראלית שבה הרכיב הדמוקרטי קודם לרכיב הדתי־לאומי כאשר יש התנגשות ביניהם","supports","קובץ פרופיל פרויקט הדמוקרטים: יאיר רובינשטיין — מומחה דת ומדינה וחירות דתית; דמוקרטים/גלעד קריב/פרסומים ציבוריים; ללא גלישה חדשה","84","זהו מוקד הפרופיל: חירות דתית, דת ומדינה, התנגדות לכפייה ושוויון בנטל."
"יאיר רובינשטיין","דעות","מדינה יהודית ודמוקרטית, דת ומדינה","D-020","העדפה לזהות ישראלית שבה היהדות היא מקור תרבותי וערכי, אך אינה צריכה לשלוט במוסדות המדינה","supports","קובץ פרופיל פרויקט הדמוקרטים: יאיר רובינשטיין — מומחה דת ומדינה וחירות דתית; דמוקרטים/גלעד קריב/פרסומים ציבוריים; ללא גלישה חדשה","84","זהו מוקד הפרופיל: חירות דתית, דת ומדינה, התנגדות לכפייה ושוויון בנטל."
"יאיר רובינשטיין","דעות","מדינה יהודית ודמוקרטית, דת ומדינה","D-021","תמיכה בהפרדה ברורה יותר בין סמכות דתית לבין סמכות מדינתית","supports","קובץ פרופיל פרויקט הדמוקרטים: יאיר רובינשטיין — מומחה דת ומדינה וחירות דתית; דמוקרטים/גלעד קריב/פרסומים ציבוריים; ללא גלישה חדשה","84","זהו מוקד הפרופיל: חירות דתית, דת ומדינה, התנגדות לכפייה ושוויון בנטל."
"יאיר רובינשטיין","דעות","מדינה יהודית ודמוקרטית, דת ומדינה","D-022","נכונות לשמר מרכיבים יהודיים־מסורתיים במרחב הציבורי כדי לאפשר שותפות עם ציבור מסורתי ודתי","supports","קובץ פרופיל פרויקט הדמוקרטים: יאיר רובינשטיין — מומחה דת ומדינה וחירות דתית; דמוקרטים/גלעד קריב/פרסומים ציבוריים; ללא גלישה חדשה","66","הסיפור המשפחתי והקו הפלורליסטי תומכים בשימור זהות יהודית־תרבותית בלי כפייה."
"יאיר רובינשטיין","דעות","מדינה יהודית ודמוקרטית, דת ומדינה","D-023","התנגדות לכפייה דתית בנושאי נישואין, שבת, חינוך, מעמד אישי או שירות ציבורי","supports","קובץ פרופיל פרויקט הדמוקרטים: יאיר רובינשטיין — מומחה דת ומדינה וחירות דתית; דמוקרטים/גלעד קריב/פרסומים ציבוריים; ללא גלישה חדשה","84","זהו מוקד הפרופיל: חירות דתית, דת ומדינה, התנגדות לכפייה ושוויון בנטל."
"יאיר רובינשטיין","דעות","מדינה יהודית ודמוקרטית, דת ומדינה","D-024","תמיכה בשוויון חובות אזרחיות בין קבוצות, כולל שאלת גיוס חרדים או שירות אזרחי","supports","קובץ פרופיל פרויקט הדמוקרטים: יאיר רובינשטיין — מומחה דת ומדינה וחירות דתית; דמוקרטים/גלעד קריב/פרסומים ציבוריים; ללא גלישה חדשה","84","זהו מוקד הפרופיל: חירות דתית, דת ומדינה, התנגדות לכפייה ושוויון בנטל."
"יאיר רובינשטיין","דעות","הפרדה, גישור או שתי מדינות לעם היהודי","D-025","אמונה שהפער בין ישראל ליברלית לבין ישראל שמרנית־דתית עדיין ניתן לגישור פוליטי וחברתי","supports","קובץ פרופיל פרויקט הדמוקרטים: יאיר רובינשטיין — מומחה דת ומדינה וחירות דתית; דמוקרטים/גלעד קריב/פרסומים ציבוריים; ללא גלישה חדשה","65","המומחיות בגישור דת ומדינה תומכת ברעיון שהפערים הפנימיים ניתנים לניהול במסגרת משותפת."
"יאיר רובינשטיין","דעות","הפרדה, גישור או שתי מדינות לעם היהודי","D-026","ראיית הפער בין המחנות כעמוק עד כדי צורך בהסדרים של אוטונומיה, ביזור או הפרדה חלקית","mixed","קובץ פרופיל פרויקט הדמוקרטים: יאיר רובינשטיין — מומחה דת ומדינה וחירות דתית; דמוקרטים/גלעד קריב/פרסומים ציבוריים; ללא גלישה חדשה","56","יש פתיחות להסדרים פנימיים בתחום דת ומדינה, אך לא נמצא בסיס מפורש לביזור או אוטונומיה."
"יאיר רובינשטיין","דעות","הפרדה, גישור או שתי מדינות לעם היהודי","D-027","תמיכה בביזור סמכויות לשלטון מקומי כדי לאפשר לקהילות שונות לחיות לפי אורחות חיים שונים","mixed","קובץ פרופיל פרויקט הדמוקרטים: יאיר רובינשטיין — מומחה דת ומדינה וחירות דתית; דמוקרטים/גלעד קריב/פרסומים ציבוריים; ללא גלישה חדשה","56","יש פתיחות להסדרים פנימיים בתחום דת ומדינה, אך לא נמצא בסיס מפורש לביזור או אוטונומיה."
"יאיר רובינשטיין","דעות","הפרדה, גישור או שתי מדינות לעם היהודי","D-028","התנגדות לרעיון של שתי מדינות לעם היהודי והעדפה למאבק על מסגרת מדינתית אחת משותפת","supports","קובץ פרופיל פרויקט הדמוקרטים: יאיר רובינשטיין — מומחה דת ומדינה וחירות דתית; דמוקרטים/גלעד קריב/פרסומים ציבוריים; ללא גלישה חדשה","65","המומחיות בגישור דת ומדינה תומכת ברעיון שהפערים הפנימיים ניתנים לניהול במסגרת משותפת."
"יאיר רובינשטיין","דעות","הפרדה, גישור או שתי מדינות לעם היהודי","D-029","פתיחות לרעיון של הסדרים פנימיים חדשים בין חילונים, דתיים, חרדים, מסורתיים וליברלים","supports","קובץ פרופיל פרויקט הדמוקרטים: יאיר רובינשטיין — מומחה דת ומדינה וחירות דתית; דמוקרטים/גלעד קריב/פרסומים ציבוריים; ללא גלישה חדשה","65","המומחיות בגישור דת ומדינה תומכת ברעיון שהפערים הפנימיים ניתנים לניהול במסגרת משותפת."
"יאיר רובינשטיין","דעות","הפרדה, גישור או שתי מדינות לעם היהודי","D-030","ראיית המשבר הישראלי לא רק כמאבק ימין־שמאל אלא כמאבק בין מודלים שונים של חיים משותפים","supports","קובץ פרופיל פרויקט הדמוקרטים: יאיר רובינשטיין — מומחה דת ומדינה וחירות דתית; דמוקרטים/גלעד קריב/פרסומים ציבוריים; ללא גלישה חדשה","65","המומחיות בגישור דת ומדינה תומכת ברעיון שהפערים הפנימיים ניתנים לניהול במסגרת משותפת."
"יאיר רובינשטיין","דעות","יהודים־ערבים, שוויון אזרחי וחיים משותפים","D-031","ראיית אזרחי ישראל הערבים כחלק מלא מהדיון על עתיד המדינה ולא כעניין נפרד או משני","unknown","קובץ ההיגדים המצורף בלבד; לא נמצא בקבצי הפרופיל בסיס עובדתי מספיק; ללא גלישה חדשה","0","לא נמצא בפרופיל בסיס מספיק לעמדות יהודים־ערבים ושוויון אזרחי."
"יאיר רובינשטיין","דעות","יהודים־ערבים, שוויון אזרחי וחיים משותפים","D-032","תמיכה בשוויון אזרחי גם כאשר הוא מחייב שינוי בחוקים, סמלים או חלוקת משאבים","unknown","קובץ ההיגדים המצורף בלבד; לא נמצא בקבצי הפרופיל בסיס עובדתי מספיק; ללא גלישה חדשה","0","לא נמצא בפרופיל בסיס מספיק לעמדות יהודים־ערבים ושוויון אזרחי."
"יאיר רובינשטיין","דעות","יהודים־ערבים, שוויון אזרחי וחיים משותפים","D-033","תמיכה בשותפות פוליטית יהודית־ערבית כחלק מבניית מחנה דמוקרטי רחב","unknown","קובץ ההיגדים המצורף בלבד; לא נמצא בקבצי הפרופיל בסיס עובדתי מספיק; ללא גלישה חדשה","0","לא נמצא בפרופיל בסיס מספיק לעמדות יהודים־ערבים ושוויון אזרחי."
"יאיר רובינשטיין","דעות","יהודים־ערבים, שוויון אזרחי וחיים משותפים","D-034","העדפה לשילוב אזרחים ערבים במוקדי קבלת החלטות, כולל בתחומים מדיניים וביטחוניים","unknown","קובץ ההיגדים המצורף בלבד; לא נמצא בקבצי הפרופיל בסיס עובדתי מספיק; ללא גלישה חדשה","0","לא נמצא בפרופיל בסיס מספיק לעמדות יהודים־ערבים ושוויון אזרחי."
"יאיר רובינשטיין","דעות","יהודים־ערבים, שוויון אזרחי וחיים משותפים","D-035","התנגדות לגזענות, הדרה או דה־לגיטימציה של הציבור הערבי בישראל","unknown","קובץ ההיגדים המצורף בלבד; לא נמצא בקבצי הפרופיל בסיס עובדתי מספיק; ללא גלישה חדשה","0","לא נמצא בפרופיל בסיס מספיק לעמדות יהודים־ערבים ושוויון אזרחי."
"יאיר רובינשטיין","דעות","יהודים־ערבים, שוויון אזרחי וחיים משותפים","D-036","הכרה בכך שחיים משותפים מחייבים גם התמודדות עם פחדים, טראומות וחוסר אמון בשני הצדדים","unknown","קובץ ההיגדים המצורף בלבד; לא נמצא בקבצי הפרופיל בסיס עובדתי מספיק; ללא גלישה חדשה","0","לא נמצא בפרופיל בסיס מספיק לעמדות יהודים־ערבים ושוויון אזרחי."
"יאיר רובינשטיין","דעות","ביטחון, פלסטינים והסדר מדיני","D-037","תמיכה בנתיב מדיני ארוך טווח מול הפלסטינים, גם לאחר שבעה באוקטובר","unknown","קובץ ההיגדים המצורף בלבד; לא נמצא בקבצי הפרופיל בסיס עובדתי מספיק; ללא גלישה חדשה","0","הפרופיל מציין שחסרות עמדות על ביטחון ופלסטינים."
"יאיר רובינשטיין","דעות","ביטחון, פלסטינים והסדר מדיני","D-038","העדפה להיפרדות מדינית וביטחונית מהפלסטינים כדי לשמור על ישראל יהודית ודמוקרטית","unknown","קובץ ההיגדים המצורף בלבד; לא נמצא בקבצי הפרופיל בסיס עובדתי מספיק; ללא גלישה חדשה","0","הפרופיל מציין שחסרות עמדות על ביטחון ופלסטינים."
"יאיר רובינשטיין","דעות","ביטחון, פלסטינים והסדר מדיני","D-039","תמיכה בפתרון שתי מדינות או במודל קרוב לו כיעד אסטרטגי","unknown","קובץ ההיגדים המצורף בלבד; לא נמצא בקבצי הפרופיל בסיס עובדתי מספיק; ללא גלישה חדשה","0","הפרופיל מציין שחסרות עמדות על ביטחון ופלסטינים."
"יאיר רובינשטיין","דעות","ביטחון, פלסטינים והסדר מדיני","D-040","פתיחות למודלים מדיניים מורכבים כגון קונפדרציה, גבולות פתוחים או הסדר אזורי","unknown","קובץ ההיגדים המצורף בלבד; לא נמצא בקבצי הפרופיל בסיס עובדתי מספיק; ללא גלישה חדשה","0","הפרופיל מציין שחסרות עמדות על ביטחון ופלסטינים."
"יאיר רובינשטיין","דעות","ביטחון, פלסטינים והסדר מדיני","D-041","התנגדות להמשך שליטה ישראלית קבועה על אוכלוסייה פלסטינית ללא זכויות אזר מלאות","unknown","קובץ ההיגדים המצורף בלבד; לא נמצא בקבצי הפרופיל בסיס עובדתי מספיק; ללא גלישה חדשה","0","הפרופיל מציין שחסרות עמדות על ביטחון ופלסטינים."
"יאיר רובינשטיין","דעות","ביטחון, פלסטינים והסדר מדיני","D-042","ראיית הסדר אזורי עם מדינות ערביות מתונות כחלק מרכזי מהעתיד הביטחוני של ישראל","unknown","קובץ ההיגדים המצורף בלבד; לא נמצא בקבצי הפרופיל בסיס עובדתי מספיק; ללא גלישה חדשה","0","הפרופיל מציין שחסרות עמדות על ביטחון ופלסטינים."
"יאיר רובינשטיין","דעות","שבעה באוקטובר, אחריות, חטופים וזיכרון לאומי","D-043","ראיית שבעה באוקטובר כאירוע שמחייב חשבון נפש מדינתי, מוסדי וחברתי עמוק","unknown","קובץ ההיגדים המצורף בלבד; לא נמצא בקבצי הפרופיל בסיס עובדתי מספיק; ללא גלישה חדשה","0","הפרופיל מציין שחסרות עמדות על שבעה באוקטובר וחטופים."
"יאיר רובינשטיין","דעות","שבעה באוקטובר, אחריות, חטופים וזיכרון לאומי","D-044","תמיכה בוועדת חקירה ממלכתית ובאחריות אישית של הדרג המדיני והביטחוני","unknown","קובץ ההיגדים המצורף בלבד; לא נמצא בקבצי הפרופיל בסיס עובדתי מספיק; ללא גלישה חדשה","0","הפרופיל מציין שחסרות עמדות על שבעה באוקטובר וחטופים."
"יאיר רובינשטיין","דעות","שבעה באוקטובר, אחריות, חטופים וזיכרון לאומי","D-045","ראיית החטופים והמשפחות כסמל מוסרי מרכזי של אחריות המדינה לאזרחיה","unknown","קובץ ההיגדים המצורף בלבד; לא נמצא בקבצי הפרופיל בסיס עובדתי מספיק; ללא גלישה חדשה","0","הפרופיל מציין שחסרות עמדות על שבעה באוקטובר וחטופים."
"יאיר רובינשטיין","דעות","שבעה באוקטובר, אחריות, חטופים וזיכרון לאומי","D-046","התנגדות לשימוש פוליטי ציני בכאב של משפחות, נפגעים או קהילות שנפגעו במלחמה","unknown","קובץ ההיגדים המצורף בלבד; לא נמצא בקבצי הפרופיל בסיס עובדתי מספיק; ללא גלישה חדשה","0","הפרופיל מציין שחסרות עמדות על שבעה באוקטובר וחטופים."
"יאיר רובינשטיין","דעות","שבעה באוקטובר, אחריות, חטופים וזיכרון לאומי","D-047","תמיכה בשיקום העוטף והקהילות שנפגעו כחלק מהחוזה הבסיסי בין המדינה לאזרחיה","unknown","קובץ ההיגדים המצורף בלבד; לא נמצא בקבצי הפרופיל בסיס עובדתי מספיק; ללא גלישה חדשה","0","הפרופיל מציין שחסרות עמדות על שבעה באוקטובר וחטופים."
"יאיר רובינשטיין","דעות","שבעה באוקטובר, אחריות, חטופים וזיכרון לאומי","D-048","ראיית הטראומה של שבעה באוקטובר כבסיס לבניית מדיניות חדשה, לא רק כהצדקה להמשך מלחמה","unknown","קובץ ההיגדים המצורף בלבד; לא נמצא בקבצי הפרופיל בסיס עובדתי מספיק; ללא גלישה חדשה","0","הפרופיל מציין שחסרות עמדות על שבעה באוקטובר וחטופים."
"יאיר רובינשטיין","דעות","חברה, כלכלה, רווחה ופריפריה","D-049","הצבת צמצום אי־שוויון חברתי־כלכלי כנושא מרכזי בזהות הפוליטית","unknown","קובץ ההיגדים המצורף בלבד; לא נמצא בקבצי הפרופיל בסיס עובדתי מספיק; ללא גלישה חדשה","0","הפרופיל מציין שחסרות עמדות על כלכלה חברתית ורווחה."
"יאיר רובינשטיין","דעות","חברה, כלכלה, רווחה ופריפריה","D-050","תמיכה בהרחבת אחריות המדינה בתחומי דיור, חינוך, בריאות ורווחה","unknown","קובץ ההיגדים המצורף בלבד; לא נמצא בקבצי הפרופיל בסיס עובדתי מספיק; ללא גלישה חדשה","0","הפרופיל מציין שחסרות עמדות על כלכלה חברתית ורווחה."
"יאיר רובינשטיין","דעות","חברה, כלכלה, רווחה ופריפריה","D-051","תמיכה בזכויות עובדים, עבודה מאורגנת והגנה על שכבות מוחלשות","unknown","קובץ ההיגדים המצורף בלבד; לא נמצא בקבצי הפרופיל בסיס עובדתי מספיק; ללא גלישה חדשה","0","הפרופיל מציין שחסרות עמדות על כלכלה חברתית ורווחה."
"יאיר רובינשטיין","דעות","חברה, כלכלה, רווחה ופריפריה","D-052","ראיית הפריפריה הגיאוגרפית והחברתית כשותפה אסטרטגית ולא כקהל יעד משני","unknown","קובץ ההיגדים המצורף בלבד; לא נמצא בקבצי הפרופיל בסיס עובדתי מספיק; ללא גלישה חדשה","0","הפרופיל מציין שחסרות עמדות על כלכלה חברתית ורווחה."
"יאיר רובינשטיין","דעות","חברה, כלכלה, רווחה ופריפריה","D-053","תמיכה בהשקעה ארוכת טווח בנגב, בגליל, בעוטף ובערים מוחלשות","unknown","קובץ ההיגדים המצורף בלבד; לא נמצא בקבצי הפרופיל בסיס עובדתי מספיק; ללא גלישה חדשה","0","הפרופיל מציין שחסרות עמדות על כלכלה חברתית ורווחה."
"יאיר רובינשטיין","דעות","חברה, כלכלה, רווחה ופריפריה","D-054","חיבור בין צדק חברתי לבין בניית מחנה פוליטי חדש ורחב יותר","unknown","קובץ ההיגדים המצורף בלבד; לא נמצא בקבצי הפרופיל בסיס עובדתי מספיק; ללא גלישה חדשה","0","הפרופיל מציין שחסרות עמדות על כלכלה חברתית ורווחה."
"יאיר רובינשטיין","דעות","סגנון פשרה, גבולות ויכולת הסכמה","D-055","נכונות לפשרות פוליטיות רחבות כדי לשקם את המדינה גם במחיר ויתור אידיאולוגי חלקי","mixed","קובץ פרופיל פרויקט הדמוקרטים: יאיר רובינשטיין — מומחה דת ומדינה וחירות דתית; דמוקרטים/גלעד קריב/פרסומים ציבוריים; ללא גלישה חדשה","58","יש בסיס חלקי לגישה של הסכמות סביב דת ומדינה, אך לא נמצא פירוט על קואליציות פוליטיות רחבות."
"יאיר רובינשטיין","דעות","סגנון פשרה, גבולות ויכולת הסכמה","D-056","הצבת קווים אדומים ברורים שמעליהם אין מקום לפשרה עם יריבים פוליטיים","mixed","קובץ פרופיל פרויקט הדמוקרטים: יאיר רובינשטיין — מומחה דת ומדינה וחירות דתית; דמוקרטים/גלעד קריב/פרסומים ציבוריים; ללא גלישה חדשה","55","הפרופיל ממוקד מומחיות דת ומדינה ולא מאבק ציבורי חריף; אין בסיס לקביעה חזקה."
"יאיר רובינשטיין","דעות","סגנון פשרה, גבולות ויכולת הסכמה","D-057","העדפה להסכמות רחבות ולאיטיות על פני מהלכים חדים ומהירים","supports","קובץ פרופיל פרויקט הדמוקרטים: יאיר רובינשטיין — מומחה דת ומדינה וחירות דתית; דמוקרטים/גלעד קריב/פרסומים ציבוריים; ללא גלישה חדשה","62","הפרופיל מציג מומחיות נושאית ומסגרת מקצועית, ולכן מתאים יותר לשיקום זהיר והבחנה עניינית."
"יאיר רובינשטיין","דעות","סגנון פשרה, גבולות ויכולת הסכמה","D-058","העדפה למאבק חד וברור כאשר פשרה נתפסת ככניעה לכוחות אנטי־דמוקרטיים","mixed","קובץ פרופיל פרויקט הדמוקרטים: יאיר רובינשטיין — מומחה דת ומדינה וחירות דתית; דמוקרטים/גלעד קריב/פרסומים ציבוריים; ללא גלישה חדשה","55","הפרופיל ממוקד מומחיות דת ומדינה ולא מאבק ציבורי חריף; אין בסיס לקביעה חזקה."
"יאיר רובינשטיין","דעות","סגנון פשרה, גבולות ויכולת הסכמה","D-059","יכולת להבחין בין פשרה עניינית לבין טשטוש ערכי מסוכן","supports","קובץ פרופיל פרויקט הדמוקרטים: יאיר רובינשטיין — מומחה דת ומדינה וחירות דתית; דמוקרטים/גלעד קריב/פרסומים ציבוריים; ללא גלישה חדשה","62","הפרופיל מציג מומחיות נושאית ומסגרת מקצועית, ולכן מתאים יותר לשיקום זהיר והבחנה עניינית."
"יאיר רובינשטיין","דעות","סגנון פשרה, גבולות ויכולת הסכמה","D-060","נכונות לבנות קואליציות עתידיות עם גורמים שאינם שייכים למחנה הטבעי, אם הם מקבלים כללי משחק דמוקרטיים","mixed","קובץ פרופיל פרויקט הדמוקרטים: יאיר רובינשטיין — מומחה דת ומדינה וחירות דתית; דמוקרטים/גלעד קריב/פרסומים ציבוריים; ללא גלישה חדשה","58","יש בסיס חלקי לגישה של הסכמות סביב דת ומדינה, אך לא נמצא פירוט על קואליציות פוליטיות רחבות."
"יאיר רובינשטיין","יכולות","מומחיות מדינית, ביטחונית וממשלית","cap_001","ניסיון ישיר במערכות מדינה בכירות או במוקדי קבלת החלטות","unknown","קובץ ההיגדים המצורף בלבד; לא נמצא בקבצי הפרופיל בסיס עובדתי מספיק; ללא גלישה חדשה","0","לא נמצא בסיס עובדתי מספיק בפרופיל הזמין כדי לקבוע את ההיגד בלי ניחוש."
"יאיר רובינשטיין","יכולות","מומחיות מדינית, ביטחונית וממשלית","cap_002","הבנה מוכחת של סוגיות מדיניות, ביטחוניות ואזוריות מורכבות","unknown","קובץ ההיגדים המצורף בלבד; לא נמצא בקבצי הפרופיל בסיס עובדתי מספיק; ללא גלישה חדשה","0","לא נמצא בסיס עובדתי מספיק בפרופיל הזמין כדי לקבוע את ההיגד בלי ניחוש."
"יאיר רובינשטיין","יכולות","מומחיות מדינית, ביטחונית וממשלית","cap_003","ניסיון במשא ומתן, דיאלוג אסטרטגי או קשרים בינלאומיים","unknown","קובץ ההיגדים המצורף בלבד; לא נמצא בקבצי הפרופיל בסיס עובדתי מספיק; ללא גלישה חדשה","0","לא נמצא בסיס עובדתי מספיק בפרופיל הזמין כדי לקבוע את ההיגד בלי ניחוש."
"יאיר רובינשטיין","יכולות","מומחיות מדינית, ביטחונית וממשלית","cap_004","ניסיון צבאי, מודיעיני או ביטחוני בעל רלוונטיות לעבודה ציבורית","unknown","קובץ ההיגדים המצורף בלבד; לא נמצא בקבצי הפרופיל בסיס עובדתי מספיק; ללא גלישה חדשה","0","לא נמצא בסיס עובדתי מספיק בפרופיל הזמין כדי לקבוע את ההיגד בלי ניחוש."
"יאיר רובינשטיין","יכולות","מומחיות מדינית, ביטחונית וממשלית","cap_005","יכולת לגבש תפיסה מדינית־ביטחונית סדורה ולא רק עמדה ערכית כללית","unknown","קובץ ההיגדים המצורף בלבד; לא נמצא בקבצי הפרופיל בסיס עובדתי מספיק; ללא גלישה חדשה","0","לא נמצא בסיס עובדתי מספיק בפרופיל הזמין כדי לקבוע את ההיגד בלי ניחוש."
"יאיר רובינשטיין","יכולות","מומחיות מדינית, ביטחונית וממשלית","cap_006","יכולת לחבר בין יעדים ביטחוניים לבין יעדים מדיניים ארוכי טווח","unknown","קובץ ההיגדים המצורף בלבד; לא נמצא בקבצי הפרופיל בסיס עובדתי מספיק; ללא גלישה חדשה","0","לא נמצא בסיס עובדתי מספיק בפרופיל הזמין כדי לקבוע את ההיגד בלי ניחוש."
"יאיר רובינשטיין","יכולות","ארגון, ניהול וביצוע","cap_007","ניסיון בהקמה וניהול של ארגונים, חברות, תנועות או מטות פעולה","unknown","קובץ ההיגדים המצורף בלבד; לא נמצא בקבצי הפרופיל בסיס עובדתי מספיק; ללא גלישה חדשה","0","לא נמצא בפרופיל בסיס מספיק ליכולת זו מעבר למומחיות דת ומדינה."
"יאיר רובינשטיין","יכולות","ארגון, ניהול וביצוע","cap_008","יכולת להוביל צוותים, תקציבים, קהילות או מערכות מורכבות","unknown","קובץ ההיגדים המצורף בלבד; לא נמצא בקבצי הפרופיל בסיס עובדתי מספיק; ללא גלישה חדשה","0","לא נמצא בפרופיל בסיס מספיק ליכולת זו מעבר למומחיות דת ומדינה."
"יאיר רובינשטיין","יכולות","ארגון, ניהול וביצוע","cap_009","הובלת מאבקים ציבוריים שהניבו תוצאות ממשיות","unknown","קובץ ההיגדים המצורף בלבד; לא נמצא בקבצי הפרופיל בסיס עובדתי מספיק; ללא גלישה חדשה","0","לא נמצא בפרופיל בסיס מספיק ליכולת זו מעבר למומחיות דת ומדינה."
"יאיר רובינשטיין","יכולות","ארגון, ניהול וביצוע","cap_010","יכולת להפוך רעיון כללי לתשתית פעולה מתמשכת","unknown","קובץ ההיגדים המצורף בלבד; לא נמצא בקבצי הפרופיל בסיס עובדתי מספיק; ללא גלישה חדשה","0","לא נמצא בפרופיל בסיס מספיק ליכולת זו מעבר למומחיות דת ומדינה."
"יאיר רובינשטיין","יכולות","ארגון, ניהול וביצוע","cap_011","ניסיון בניהול משברים ציבוריים, פוליטיים או ארגוניים","unknown","קובץ ההיגדים המצורף בלבד; לא נמצא בקבצי הפרופיל בסיס עובדתי מספיק; ללא גלישה חדשה","0","לא נמצא בפרופיל בסיס מספיק ליכולת זו מעבר למומחיות דת ומדינה."
"יאיר רובינשטיין","יכולות","ארגון, ניהול וביצוע","cap_012","מוכנות לקחת אחריות אישית גבוהה על מהלך ציבורי או ארגוני","unknown","קובץ ההיגדים המצורף בלבד; לא נמצא בקבצי הפרופיל בסיס עובדתי מספיק; ללא גלישה חדשה","0","לא נמצא בפרופיל בסיס מספיק ליכולת זו מעבר למומחיות דת ומדינה."
"יאיר רובינשטיין","יכולות","חקיקה, פוליטיקה ומוסדות","cap_013","ניסיון בעבודה פרלמנטרית, ועדות כנסת, חקיקה או הצעות חוק","unknown","קובץ ההיגדים המצורף בלבד; לא נמצא בקבצי הפרופיל בסיס עובדתי מספיק; ללא גלישה חדשה","0","לא נמצא בפרופיל בסיס מספיק ליכולת זו מעבר למומחיות דת ומדינה."
"יאיר רובינשטיין","יכולות","חקיקה, פוליטיקה ומוסדות","cap_014","היכרות מעשית עם מנגנוני מפלגות, פריימריז, רשימות וקואליציות","unknown","קובץ ההיגדים המצורף בלבד; לא נמצא בקבצי הפרופיל בסיס עובדתי מספיק; ללא גלישה חדשה","0","לא נמצא בפרופיל בסיס מספיק ליכולת זו מעבר למומחיות דת ומדינה."
"יאיר רובינשטיין","יכולות","חקיקה, פוליטיקה ומוסדות","cap_015","יכולת לפעול בתוך מוסדות קיימים ולא רק מחוץ להם","unknown","קובץ ההיגדים המצורף בלבד; לא נמצא בקבצי הפרופיל בסיס עובדתי מספיק; ללא גלישה חדשה","0","לא נמצא בפרופיל בסיס מספיק ליכולת זו מעבר למומחיות דת ומדינה."
"יאיר רובינשטיין","יכולות","חקיקה, פוליטיקה ומוסדות","cap_016","ניסיון בבניית תנועה פוליטית, מפלגה או אלטרנטיבה שלטונית","unknown","קובץ ההיגדים המצורף בלבד; לא נמצא בקבצי הפרופיל בסיס עובדתי מספיק; ללא גלישה חדשה","0","לא נמצא בפרופיל בסיס מספיק ליכולת זו מעבר למומחיות דת ומדינה."
"יאיר רובינשטיין","יכולות","חקיקה, פוליטיקה ומוסדות","cap_017","יכולת לייצר שיתופי פעולה בין זרמים, מפלגות או קבוצות אינטרס","unknown","קובץ ההיגדים המצורף בלבד; לא נמצא בקבצי הפרופיל בסיס עובדתי מספיק; ללא גלישה חדשה","0","לא נמצא בפרופיל בסיס מספיק ליכולת זו מעבר למומחיות דת ומדינה."
"יאיר רובינשטיין","יכולות","חקיקה, פוליטיקה ומוסדות","cap_018","יכולת לתרגם עמדות אידיאולוגיות לפעולות מוסדיות או חקיקתיות","unknown","קובץ ההיגדים המצורף בלבד; לא נמצא בקבצי הפרופיל בסיס עובדתי מספיק; ללא גלישה חדשה","0","לא נמצא בפרופיל בסיס מספיק ליכולת זו מעבר למומחיות דת ומדינה."
"יאיר רובינשטיין","יכולות","תקשורת, הסברה והשפעה ציבורית","cap_019","יכולת ליצור מסרים חדים, ברורים וזכירים","partial","קובץ פרופיל פרויקט הדמוקרטים: יאיר רובינשטיין — מומחה דת ומדינה וחירות דתית; דמוקרטים/גלעד קריב/פרסומים ציבוריים; ללא גלישה חדשה","60","מומחיות נושאית בדת ומדינה מעידה על יכולת להסביר נושא מורכב, אך פרופיל ציבורי נמוך יחסית."
"יאיר רובינשטיין","יכולות","תקשורת, הסברה והשפעה ציבורית","cap_020","יכולת לייצר תוכן דיגיטלי, ויראלי או תקשורתי שמגיע לקהלים רחבים","unknown","קובץ ההיגדים המצורף בלבד; לא נמצא בקבצי הפרופיל בסיס עובדתי מספיק; ללא גלישה חדשה","0","לא נמצא בפרופיל בסיס מספיק ליכולת זו מעבר למומחיות דת ומדינה."
"יאיר רובינשטיין","יכולות","תקשורת, הסברה והשפעה ציבורית","cap_021","ניסיון בהופעה ציבורית, ראיונות, פודקאסטים, קולנוע, כתיבה או הרצאות","partial","קובץ פרופיל פרויקט הדמוקרטים: יאיר רובינשטיין — מומחה דת ומדינה וחירות דתית; דמוקרטים/גלעד קריב/פרסומים ציבוריים; ללא גלישה חדשה","55","יש פרסומים ציבוריים/פעילות נושאית, אך לא נמצאה נראות תקשורתית רחבה."
"יאיר רובינשטיין","יכולות","תקשורת, הסברה והשפעה ציבורית","cap_022","יכולת להסביר נושאים מורכבים בשפה נגישה ולא טכנוקרטית","partial","קובץ פרופיל פרויקט הדמוקרטים: יאיר רובינשטיין — מומחה דת ומדינה וחירות דתית; דמוקרטים/גלעד קריב/פרסומים ציבוריים; ללא גלישה חדשה","60","מומחיות נושאית בדת ומדינה מעידה על יכולת להסביר נושא מורכב, אך פרופיל ציבורי נמוך יחסית."
"יאיר רובינשטיין","יכולות","תקשורת, הסברה והשפעה ציבורית","cap_023","יכולת לנהל מאבק תודעתי מול יריבים פוליטיים או תקשורתיים","unknown","קובץ ההיגדים המצורף בלבד; לא נמצא בקבצי הפרופיל בסיס עובדתי מספיק; ללא גלישה חדשה","0","לא נמצא בפרופיל בסיס מספיק ליכולת זו מעבר למומחיות דת ומדינה."
"יאיר רובינשטיין","יכולות","תקשורת, הסברה והשפעה ציבורית","cap_024","יכולת להפוך סיפור אישי או ערכי לכלי גיוס ציבורי","unknown","קובץ ההיגדים המצורף בלבד; לא נמצא בקבצי הפרופיל בסיס עובדתי מספיק; ללא גלישה חדשה","0","לא נמצא בפרופיל בסיס מספיק ליכולת זו מעבר למומחיות דת ומדינה."
"יאיר רובינשטיין","יכולות","חיבור בין קהלים ועולמות","cap_025","יכולת לחבר בין יהודים לערבים בתוך מסגרת פוליטית או אזרחית משותפת","partial","קובץ פרופיל פרויקט הדמוקרטים: יאיר רובינשטיין — מומחה דת ומדינה וחירות דתית; דמוקרטים/גלעד קריב/פרסומים ציבוריים; ללא גלישה חדשה","60","הפרופיל מתאים לגישור דתי־חילוני ופלורליסטי, אך פחות מוכיח חיבור יהודי־ערבי או פריפריאלי רחב."
"יאיר רובינשטיין","יכולות","חיבור בין קהלים ועולמות","cap_026","יכולת לחבר בין שמאל ליברלי לבין פריפריה מזרחית, מסורתית או גיאוגרפית","partial","קובץ פרופיל פרויקט הדמוקרטים: יאיר רובינשטיין — מומחה דת ומדינה וחירות דתית; דמוקרטים/גלעד קריב/פרסומים ציבוריים; ללא גלישה חדשה","60","הפרופיל מתאים לגישור דתי־חילוני ופלורליסטי, אך פחות מוכיח חיבור יהודי־ערבי או פריפריאלי רחב."
"יאיר רובינשטיין","יכולות","חיבור בין קהלים ועולמות","cap_027","יכולת לחבר בין עולם המחאה לבין עבודה מפלגתית ומוסדית","partial","קובץ פרופיל פרויקט הדמוקרטים: יאיר רובינשטיין — מומחה דת ומדינה וחירות דתית; דמוקרטים/גלעד קריב/פרסומים ציבוריים; ללא גלישה חדשה","55","יש השתלבות במסגרת מפלגתית סביב נושא מקצועי, אך לא ברור ניסיון מחאה רחב."
"יאיר רובינשטיין","יכולות","חיבור בין קהלים ועולמות","cap_028","יכולת לחבר בין היי־טק, חדשנות ודיגיטל לבין פוליטיקה ציבורית","unknown","קובץ ההיגדים המצורף בלבד; לא נמצא בקבצי הפרופיל בסיס עובדתי מספיק; ללא גלישה חדשה","0","לא נמצא בפרופיל בסיס מספיק ליכולת זו מעבר למומחיות דת ומדינה."
"יאיר רובינשטיין","יכולות","חיבור בין קהלים ועולמות","cap_029","יכולת לחבר בין שפה מקצועית־ביטחונית לבין שפה אזרחית וערכית","unknown","קובץ ההיגדים המצורף בלבד; לא נמצא בקבצי הפרופיל בסיס עובדתי מספיק; ללא גלישה חדשה","0","לא נמצא בפרופיל בסיס מספיק ליכולת זו מעבר למומחיות דת ומדינה."
"יאיר רובינשטיין","יכולות","חיבור בין קהלים ועולמות","cap_030","אמינות מול קהילות שטח ולא רק מול קהל תקשורתי או אליטיסטי","unknown","קובץ ההיגדים המצורף בלבד; לא נמצא בקבצי הפרופיל בסיס עובדתי מספיק; ללא גלישה חדשה","0","לא נמצא בפרופיל בסיס מספיק ליכולת זו מעבר למומחיות דת ומדינה."
"יאיר רובינשטיין","יכולות","חדשנות, למידה ושיתוף ציבור","cap_031","שימוש בטכנולוגיה, מידע או כלים דיגיטליים לשיתוף ציבור וארגון פוליטי","unknown","קובץ ההיגדים המצורף בלבד; לא נמצא בקבצי הפרופיל בסיס עובדתי מספיק; ללא גלישה חדשה","0","לא נמצא בפרופיל בסיס מספיק ליכולת זו מעבר למומחיות דת ומדינה."
"יאיר רובינשטיין","יכולות","חדשנות, למידה ושיתוף ציבור","cap_032","חשיבה מערכתית שמזהה קשרים בין משבר פוליטי, כלכלה, ביטחון וחברה","partial","קובץ פרופיל פרויקט הדמוקרטים: יאיר רובינשטיין — מומחה דת ומדינה וחירות דתית; דמוקרטים/גלעד קריב/פרסומים ציבוריים; ללא גלישה חדשה","55","יש בסיס לחשיבה נושאית ופתרונות בתחום דת ומדינה, אך לא לפרופיל חדשנות רחב."
"יאיר רובינשטיין","יכולות","חדשנות, למידה ושיתוף ציבור","cap_033","יזמות בפתרונות לא שגרתיים לבעיות פוליטיות או חברתיות","partial","קובץ פרופיל פרויקט הדמוקרטים: יאיר רובינשטיין — מומחה דת ומדינה וחירות דתית; דמוקרטים/גלעד קריב/פרסומים ציבוריים; ללא גלישה חדשה","55","יש בסיס לחשיבה נושאית ופתרונות בתחום דת ומדינה, אך לא לפרופיל חדשנות רחב."
"יאיר רובינשטיין","יכולות","חדשנות, למידה ושיתוף ציבור","cap_034","יכולת ללמוד תחומים חדשים ולהפוך אותם לשפה ציבורית ברורה","partial","קובץ פרופיל פרויקט הדמוקרטים: יאיר רובינשטיין — מומחה דת ומדינה וחירות דתית; דמוקרטים/גלעד קריב/פרסומים ציבוריים; ללא גלישה חדשה","60","מומחיות נושאית בדת ומדינה מעידה על יכולת להסביר נושא מורכב, אך פרופיל ציבורי נמוך יחסית."
"יאיר רובינשטיין","יכולות","חדשנות, למידה ושיתוף ציבור","cap_035","שילוב בין ידע מקצועי, ניסיון אישי וערכים פוליטיים","partial","קובץ פרופיל פרויקט הדמוקרטים: יאיר רובינשטיין — מומחה דת ומדינה וחירות דתית; דמוקרטים/גלעד קריב/פרסומים ציבוריים; ללא גלישה חדשה","55","יש בסיס לחשיבה נושאית ופתרונות בתחום דת ומדינה, אך לא לפרופיל חדשנות רחב."
"יאיר רובינשטיין","יכולות","חדשנות, למידה ושיתוף ציבור","cap_036","פתיחות לניסויים ארגוניים ודמוקרטיים חדשים ולא רק לשיטות פוליטיות קיימות","partial","קובץ פרופיל פרויקט הדמוקרטים: יאיר רובינשטיין — מומחה דת ומדינה וחירות דתית; דמוקרטים/גלעד קריב/פרסומים ציבוריים; ללא גלישה חדשה","55","יש בסיס לחשיבה נושאית ופתרונות בתחום דת ומדינה, אך לא לפרופיל חדשנות רחב."
"דני אלגרט","דעות","דמוקרטיה, משילות ותיקון מוסדות המדינה","D-001","נטייה לתיקון חוקתי ומוסדי עמוק, ולא רק להחלפת ממשלה","mixed","קובץ פרופיל פרויקט הדמוקרטים: דני אלגרט — סנ״צ בדימוס, פעיל חטופים, אחיו של איציק אלגרט; מטה המשפחות/ynet/mako/מעריב; ללא גלישה חדשה","56","הוא מדגיש אחריות מדינה ושלטון, אך הפרופיל אינו מציג תפיסה חוקתית־מוסדית סדורה."
"דני אלגרט","דעות","דמוקרטיה, משילות ותיקון מוסדות המדינה","D-002","ראיית המשבר הדמוקרטי כתוצאה של שיטה פוליטית פגומה ולא רק של אדם או ממשלה מסוימת","mixed","קובץ פרופיל פרויקט הדמוקרטים: דני אלגרט — סנ״צ בדימוס, פעיל חטופים, אחיו של איציק אלגרט; מטה המשפחות/ynet/mako/מעריב; ללא גלישה חדשה","56","הוא מדגיש אחריות מדינה ושלטון, אך הפרופיל אינו מציג תפיסה חוקתית־מוסדית סדורה."
"דני אלגרט","דעות","דמוקרטיה, משילות ותיקון מוסדות המדינה","D-003","נכונות למאבק ציבורי חריף כאשר מוסדות המדינה נתפסים כמאוימים","supports","קובץ פרופיל פרויקט הדמוקרטים: דני אלגרט — סנ״צ בדימוס, פעיל חטופים, אחיו של איציק אלגרט; מטה המשפחות/ynet/mako/מעריב; ללא גלישה חדשה","78","הפרופיל מציג דמות נחרצת במאבק החטופים ובאחריות המדינה, שאינה חוששת מעימות ציבורי."
"דני אלגרט","דעות","דמוקרטיה, משילות ותיקון מוסדות המדינה","D-004","העדפה לשיקום ממלכתי, זהיר ומוסדי של המדינה לאחר המשבר","mixed","קובץ פרופיל פרויקט הדמוקרטים: דני אלגרט — סנ״צ בדימוס, פעיל חטופים, אחיו של איציק אלגרט; מטה המשפחות/ynet/mako/מעריב; ללא גלישה חדשה","55","קיים בסיס לאחריות ממלכתית, אך סגנון הפעולה הציבורי מתואר כנחרץ ולעיתים עימותי."
"דני אלגרט","דעות","דמוקרטיה, משילות ותיקון מוסדות המדינה","D-005","תמיכה בשיתוף ציבור, דמוקרטיה פנימית ושקיפות בתוך המפלגה ובמערכת הפוליטית","unknown","קובץ ההיגדים המצורף בלבד; לא נמצא בקבצי הפרופיל בסיס עובדתי מספיק; ללא גלישה חדשה","0","לא נמצא בסיס מספיק לעמדה על דמוקרטיה פנימית, שקיפות מפלגתית או הגבלת כוח של המחנה הקרוב."
"דני אלגרט","דעות","דמוקרטיה, משילות ותיקון מוסדות המדינה","D-006","נכונות להגביל כוח שלטוני גם כאשר הכוח נמצא בידי המחנה הקרוב אידיאולוגית","unknown","קובץ ההיגדים המצורף בלבד; לא נמצא בקבצי הפרופיל בסיס עובדתי מספיק; ללא גלישה חדשה","0","לא נמצא בסיס מספיק לעמדה על דמוקרטיה פנימית, שקיפות מפלגתית או הגבלת כוח של המחנה הקרוב."
"דני אלגרט","דעות","יחס למחנה השני ויכולת גישור","D-007","ראיית מצביעי המחנה השני כיריבים פוליטיים לגיטימיים ולא כאויבים","mixed","קובץ פרופיל פרויקט הדמוקרטים: דני אלגרט — סנ״צ בדימוס, פעיל חטופים, אחיו של איציק אלגרט; מטה המשפחות/ynet/mako/מעריב; ללא גלישה חדשה","60","הרקע הליכודי לשעבר והסיפור האישי עשויים לאפשר דיבור גם לקהלים שאינם שמאל טבעי, אך הסגנון העימותי מגביל קביעה חזקה."
"דני אלגרט","דעות","יחס למחנה השני ויכולת גישור","D-008","הבחנה בין הנהגת המחנה השני לבין הציבור הרחב שתומך בה","mixed","קובץ פרופיל פרויקט הדמוקרטים: דני אלגרט — סנ״צ בדימוס, פעיל חטופים, אחיו של איציק אלגרט; מטה המשפחות/ynet/mako/מעריב; ללא גלישה חדשה","60","הרקע הליכודי לשעבר והסיפור האישי עשויים לאפשר דיבור גם לקהלים שאינם שמאל טבעי, אך הסגנון העימותי מגביל קביעה חזקה."
"דני אלגרט","דעות","יחס למחנה השני ויכולת גישור","D-009","אמונה שאפשר לבנות גשר מחודש בין המחנה הדמוקרטי־ליברלי לבין חלקים מהימין המסורתי","mixed","קובץ פרופיל פרויקט הדמוקרטים: דני אלגרט — סנ״צ בדימוס, פעיל חטופים, אחיו של איציק אלגרט; מטה המשפחות/ynet/mako/מעריב; ללא גלישה חדשה","60","הרקע הליכודי לשעבר והסיפור האישי עשויים לאפשר דיבור גם לקהלים שאינם שמאל טבעי, אך הסגנון העימותי מגביל קביעה חזקה."
"דני אלגרט","דעות","יחס למחנה השני ויכולת גישור","D-010","העדפה להכרעה פוליטית ברורה על פני פיוס מוקדם עם המחנה השני","supports","קובץ פרופיל פרויקט הדמוקרטים: דני אלגרט — סנ״צ בדימוס, פעיל חטופים, אחיו של איציק אלגרט; מטה המשפחות/ynet/mako/מעריב; ללא גלישה חדשה","78","הפרופיל מציג דמות נחרצת במאבק החטופים ובאחריות המדינה, שאינה חוששת מעימות ציבורי."
"דני אלגרט","דעות","יחס למחנה השני ויכולת גישור","D-011","נכונות לשיח עם דתיים, מסורתיים, חרדים וימנים גם כאשר קיימת מחלוקת ערכית עמוקה","mixed","קובץ פרופיל פרויקט הדמוקרטים: דני אלגרט — סנ״צ בדימוס, פעיל חטופים, אחיו של איציק אלגרט; מטה המשפחות/ynet/mako/מעריב; ללא גלישה חדשה","60","הרקע הליכודי לשעבר והסיפור האישי עשויים לאפשר דיבור גם לקהלים שאינם שמאל טבעי, אך הסגנון העימותי מגביל קביעה חזקה."
"דני אלגרט","דעות","יחס למחנה השני ויכולת גישור","D-012","ראיית חלק מהמחנה השני כשותף עתידי אפשרי לשיקום המדינה לאחר עידן נתניהו","mixed","קובץ פרופיל פרויקט הדמוקרטים: דני אלגרט — סנ״צ בדימוס, פעיל חטופים, אחיו של איציק אלגרט; מטה המשפחות/ynet/mako/מעריב; ללא גלישה חדשה","60","הרקע הליכודי לשעבר והסיפור האישי עשויים לאפשר דיבור גם לקהלים שאינם שמאל טבעי, אך הסגנון העימותי מגביל קביעה חזקה."
"דני אלגרט","דעות","שסעים פנימיים בחברה היהודית","D-013","ראיית השסע העדתי והפריפריאלי כמרכיב מרכזי במשבר הפוליטי בישראל","unknown","קובץ ההיגדים המצורף בלבד; לא נמצא בקבצי הפרופיל בסיס עובדתי מספיק; ללא גלישה חדשה","0","לא נמצא בסיס מספיק לעמדה על שסעים עדתיים, דתיים או פריפריאליים."
"דני אלגרט","דעות","שסעים פנימיים בחברה היהודית","D-014","נכונות לדבר עם מצביעים מזרחים, מסורתיים ופריפריאליים בשפה שאינה מתנשאת ואינה רק ליברלית־אשכנזית","unknown","קובץ ההיגדים המצורף בלבד; לא נמצא בקבצי הפרופיל בסיס עובדתי מספיק; ללא גלישה חדשה","0","לא נמצא בסיס מספיק לעמדה על שסעים עדתיים, דתיים או פריפריאליים."
"דני אלגרט","דעות","שסעים פנימיים בחברה היהודית","D-015","ראיית השסע הדתי־חילוני כאיום מרכזי על הלכידות של החברה היהודית בישראל","unknown","קובץ ההיגדים המצורף בלבד; לא נמצא בקבצי הפרופיל בסיס עובדתי מספיק; ללא גלישה חדשה","0","לא נמצא בסיס מספיק לעמדה על שסעים עדתיים, דתיים או פריפריאליים."
"דני אלגרט","דעות","שסעים פנימיים בחברה היהודית","D-016","תמיכה בבניית ברית חדשה בין ליברלים, מסורתיים, דתיים מתונים ופריפריה חברתית","unknown","קובץ ההיגדים המצורף בלבד; לא נמצא בקבצי הפרופיל בסיס עובדתי מספיק; ללא גלישה חדשה","0","לא נמצא בסיס מספיק לעמדה על שסעים עדתיים, דתיים או פריפריאליים."
"דני אלגרט","דעות","שסעים פנימיים בחברה היהודית","D-017","ביקורת על מחנה המרכז־שמאל כאשר הוא נתפס כמנותק, אליטיסטי או חסר רגישות לפריפריה","unknown","קובץ ההיגדים המצורף בלבד; לא נמצא בקבצי הפרופיל בסיס עובדתי מספיק; ללא גלישה חדשה","0","לא נמצא בסיס מספיק לעמדה על שסעים עדתיים, דתיים או פריפריאליים."
"דני אלגרט","דעות","שסעים פנימיים בחברה היהודית","D-018","העדפה לתיקון יחסי מרכז־פריפריה כחלק מבניית מחנה דמוקרטי רחב","unknown","קובץ ההיגדים המצורף בלבד; לא נמצא בקבצי הפרופיל בסיס עובדתי מספיק; ללא גלישה חדשה","0","לא נמצא בסיס מספיק לעמדה על שסעים עדתיים, דתיים או פריפריאליים."
"דני אלגרט","דעות","מדינה יהודית ודמוקרטית, דת ומדינה","D-019","העדפה לזהות ישראלית שבה הרכיב הדמוקרטי קודם לרכיב הדתי־לאומי כאשר יש התנגשות ביניהם","unknown","קובץ ההיגדים המצורף בלבד; לא נמצא בקבצי הפרופיל בסיס עובדתי מספיק; ללא גלישה חדשה","0","לא נמצא בסיס מפורט לעמדות דת ומדינה או שוויון חובות אזרחיות."
"דני אלגרט","דעות","מדינה יהודית ודמוקרטית, דת ומדינה","D-020","העדפה לזהות ישראלית שבה היהדות היא מקור תרבותי וערכי, אך אינה צריכה לשלוט במוסדות המדינה","unknown","קובץ ההיגדים המצורף בלבד; לא נמצא בקבצי הפרופיל בסיס עובדתי מספיק; ללא גלישה חדשה","0","לא נמצא בסיס מפורט לעמדות דת ומדינה או שוויון חובות אזרחיות."
"דני אלגרט","דעות","מדינה יהודית ודמוקרטית, דת ומדינה","D-021","תמיכה בהפרדה ברורה יותר בין סמכות דתית לבין סמכות מדינתית","unknown","קובץ ההיגדים המצורף בלבד; לא נמצא בקבצי הפרופיל בסיס עובדתי מספיק; ללא גלישה חדשה","0","לא נמצא בסיס מפורט לעמדות דת ומדינה או שוויון חובות אזרחיות."
"דני אלגרט","דעות","מדינה יהודית ודמוקרטית, דת ומדינה","D-022","נכונות לשמר מרכיבים יהודיים־מסורתיים במרחב הציבורי כדי לאפשר שותפות עם ציבור מסורתי ודתי","unknown","קובץ ההיגדים המצורף בלבד; לא נמצא בקבצי הפרופיל בסיס עובדתי מספיק; ללא גלישה חדשה","0","לא נמצא בסיס מפורט לעמדות דת ומדינה או שוויון חובות אזרחיות."
"דני אלגרט","דעות","מדינה יהודית ודמוקרטית, דת ומדינה","D-023","התנגדות לכפייה דתית בנושאי נישואין, שבת, חינוך, מעמד אישי או שירות ציבורי","unknown","קובץ ההיגדים המצורף בלבד; לא נמצא בקבצי הפרופיל בסיס עובדתי מספיק; ללא גלישה חדשה","0","לא נמצא בסיס מפורט לעמדות דת ומדינה או שוויון חובות אזרחיות."
"דני אלגרט","דעות","מדינה יהודית ודמוקרטית, דת ומדינה","D-024","תמיכה בשוויון חובות אזרחיות בין קבוצות, כולל שאלת גיוס חרדים או שירות אזרחי","unknown","קובץ ההיגדים המצורף בלבד; לא נמצא בקבצי הפרופיל בסיס עובדתי מספיק; ללא גלישה חדשה","0","לא נמצא בסיס מפורט לעמדות דת ומדינה או שוויון חובות אזרחיות."
"דני אלגרט","דעות","הפרדה, גישור או שתי מדינות לעם היהודי","D-025","אמונה שהפער בין ישראל ליברלית לבין ישראל שמרנית־דתית עדיין ניתן לגישור פוליטי וחברתי","unknown","קובץ ההיגדים המצורף בלבד; לא נמצא בקבצי הפרופיל בסיס עובדתי מספיק; ללא גלישה חדשה","0","לא נמצא בסיס לקביעה על גישור או הסדרים פנימיים בין מחנות החברה היהודית."
"דני אלגרט","דעות","הפרדה, גישור או שתי מדינות לעם היהודי","D-026","ראיית הפער בין המחנות כעמוק עד כדי צורך בהסדרים של אוטונומיה, ביזור או הפרדה חלקית","unknown","קובץ ההיגדים המצורף בלבד; לא נמצא בקבצי הפרופיל בסיס עובדתי מספיק; ללא גלישה חדשה","0","לא נמצא בסיס לקביעה על גישור או הסדרים פנימיים בין מחנות החברה היהודית."
"דני אלגרט","דעות","הפרדה, גישור או שתי מדינות לעם היהודי","D-027","תמיכה בביזור סמכויות לשלטון מקומי כדי לאפשר לקהילות שונות לחיות לפי אורחות חיים שונים","unknown","קובץ ההיגדים המצורף בלבד; לא נמצא בקבצי הפרופיל בסיס עובדתי מספיק; ללא גלישה חדשה","0","לא נמצא בסיס לקביעה על גישור או הסדרים פנימיים בין מחנות החברה היהודית."
"דני אלגרט","דעות","הפרדה, גישור או שתי מדינות לעם היהודי","D-028","התנגדות לרעיון של שתי מדינות לעם היהודי והעדפה למאבק על מסגרת מדינתית אחת משותפת","unknown","קובץ ההיגדים המצורף בלבד; לא נמצא בקבצי הפרופיל בסיס עובדתי מספיק; ללא גלישה חדשה","0","לא נמצא בסיס לקביעה על גישור או הסדרים פנימיים בין מחנות החברה היהודית."
"דני אלגרט","דעות","הפרדה, גישור או שתי מדינות לעם היהודי","D-029","פתיחות לרעיון של הסדרים פנימיים חדשים בין חילונים, דתיים, חרדים, מסורתיים וליברלים","unknown","קובץ ההיגדים המצורף בלבד; לא נמצא בקבצי הפרופיל בסיס עובדתי מספיק; ללא גלישה חדשה","0","לא נמצא בסיס לקביעה על גישור או הסדרים פנימיים בין מחנות החברה היהודית."
"דני אלגרט","דעות","הפרדה, גישור או שתי מדינות לעם היהודי","D-030","ראיית המשבר הישראלי לא רק כמאבק ימין־שמאל אלא כמאבק בין מודלים שונים של חיים משותפים","unknown","קובץ ההיגדים המצורף בלבד; לא נמצא בקבצי הפרופיל בסיס עובדתי מספיק; ללא גלישה חדשה","0","לא נמצא בסיס לקביעה על גישור או הסדרים פנימיים בין מחנות החברה היהודית."
"דני אלגרט","דעות","יהודים־ערבים, שוויון אזרחי וחיים משותפים","D-031","ראיית אזרחי ישראל הערבים כחלק מלא מהדיון על עתיד המדינה ולא כעניין נפרד או משני","unknown","קובץ ההיגדים המצורף בלבד; לא נמצא בקבצי הפרופיל בסיס עובדתי מספיק; ללא גלישה חדשה","0","לא נמצא בסיס מספיק לעמדה בנושא יהודים־ערבים ושוויון אזרחי."
"דני אלגרט","דעות","יהודים־ערבים, שוויון אזרחי וחיים משותפים","D-032","תמיכה בשוויון אזרחי גם כאשר הוא מחייב שינוי בחוקים, סמלים או חלוקת משאבים","unknown","קובץ ההיגדים המצורף בלבד; לא נמצא בקבצי הפרופיל בסיס עובדתי מספיק; ללא גלישה חדשה","0","לא נמצא בסיס מספיק לעמדה בנושא יהודים־ערבים ושוויון אזרחי."
"דני אלגרט","דעות","יהודים־ערבים, שוויון אזרחי וחיים משותפים","D-033","תמיכה בשותפות פוליטית יהודית־ערבית כחלק מבניית מחנה דמוקרטי רחב","unknown","קובץ ההיגדים המצורף בלבד; לא נמצא בקבצי הפרופיל בסיס עובדתי מספיק; ללא גלישה חדשה","0","לא נמצא בסיס מספיק לעמדה בנושא יהודים־ערבים ושוויון אזרחי."
"דני אלגרט","דעות","יהודים־ערבים, שוויון אזרחי וחיים משותפים","D-034","העדפה לשילוב אזרחים ערבים במוקדי קבלת החלטות, כולל בתחומים מדיניים וביטחוניים","unknown","קובץ ההיגדים המצורף בלבד; לא נמצא בקבצי הפרופיל בסיס עובדתי מספיק; ללא גלישה חדשה","0","לא נמצא בסיס מספיק לעמדה בנושא יהודים־ערבים ושוויון אזרחי."
"דני אלגרט","דעות","יהודים־ערבים, שוויון אזרחי וחיים משותפים","D-035","התנגדות לגזענות, הדרה או דה־לגיטימציה של הציבור הערבי בישראל","unknown","קובץ ההיגדים המצורף בלבד; לא נמצא בקבצי הפרופיל בסיס עובדתי מספיק; ללא גלישה חדשה","0","לא נמצא בסיס מספיק לעמדה בנושא יהודים־ערבים ושוויון אזרחי."
"דני אלגרט","דעות","יהודים־ערבים, שוויון אזרחי וחיים משותפים","D-036","הכרה בכך שחיים משותפים מחייבים גם התמודדות עם פחדים, טראומות וחוסר אמון בשני הצדדים","unknown","קובץ ההיגדים המצורף בלבד; לא נמצא בקבצי הפרופיל בסיס עובדתי מספיק; ללא גלישה חדשה","0","לא נמצא בסיס מספיק לעמדה בנושא יהודים־ערבים ושוויון אזרחי."
"דני אלגרט","דעות","ביטחון, פלסטינים והסדר מדיני","D-037","תמיכה בנתיב מדיני ארוך טווח מול הפלסטינים, גם לאחר שבעה באוקטובר","unknown","קובץ ההיגדים המצורף בלבד; לא נמצא בקבצי הפרופיל בסיס עובדתי מספיק; ללא גלישה חדשה","0","הפרופיל מתמקד בחטופים ובאחריות המדינה ולא מציג עמדה מדינית־ביטחונית סדורה מול הפלסטינים."
"דני אלגרט","דעות","ביטחון, פלסטינים והסדר מדיני","D-038","העדפה להיפרדות מדינית וביטחונית מהפלסטינים כדי לשמור על ישראל יהודית ודמוקרטית","unknown","קובץ ההיגדים המצורף בלבד; לא נמצא בקבצי הפרופיל בסיס עובדתי מספיק; ללא גלישה חדשה","0","הפרופיל מתמקד בחטופים ובאחריות המדינה ולא מציג עמדה מדינית־ביטחונית סדורה מול הפלסטינים."
"דני אלגרט","דעות","ביטחון, פלסטינים והסדר מדיני","D-039","תמיכה בפתרון שתי מדינות או במודל קרוב לו כיעד אסטרטגי","unknown","קובץ ההיגדים המצורף בלבד; לא נמצא בקבצי הפרופיל בסיס עובדתי מספיק; ללא גלישה חדשה","0","הפרופיל מתמקד בחטופים ובאחריות המדינה ולא מציג עמדה מדינית־ביטחונית סדורה מול הפלסטינים."
"דני אלגרט","דעות","ביטחון, פלסטינים והסדר מדיני","D-040","פתיחות למודלים מדיניים מורכבים כגון קונפדרציה, גבולות פתוחים או הסדר אזורי","unknown","קובץ ההיגדים המצורף בלבד; לא נמצא בקבצי הפרופיל בסיס עובדתי מספיק; ללא גלישה חדשה","0","הפרופיל מתמקד בחטופים ובאחריות המדינה ולא מציג עמדה מדינית־ביטחונית סדורה מול הפלסטינים."
"דני אלגרט","דעות","ביטחון, פלסטינים והסדר מדיני","D-041","התנגדות להמשך שליטה ישראלית קבועה על אוכלוסייה פלסטינית ללא זכויות אזר מלאות","unknown","קובץ ההיגדים המצורף בלבד; לא נמצא בקבצי הפרופיל בסיס עובדתי מספיק; ללא גלישה חדשה","0","הפרופיל מתמקד בחטופים ובאחריות המדינה ולא מציג עמדה מדינית־ביטחונית סדורה מול הפלסטינים."
"דני אלגרט","דעות","ביטחון, פלסטינים והסדר מדיני","D-042","ראיית הסדר אזורי עם מדינות ערביות מתונות כחלק מרכזי מהעתיד הביטחוני של ישראל","unknown","קובץ ההיגדים המצורף בלבד; לא נמצא בקבצי הפרופיל בסיס עובדתי מספיק; ללא גלישה חדשה","0","הפרופיל מתמקד בחטופים ובאחריות המדינה ולא מציג עמדה מדינית־ביטחונית סדורה מול הפלסטינים."
"דני אלגרט","דעות","שבעה באוקטובר, אחריות, חטופים וזיכרון לאומי","D-043","ראיית שבעה באוקטובר כאירוע שמחייב חשבון נפש מדינתי, מוסדי וחברתי עמוק","supports","קובץ פרופיל פרויקט הדמוקרטים: דני אלגרט — סנ״צ בדימוס, פעיל חטופים, אחיו של איציק אלגרט; מטה המשפחות/ynet/mako/מעריב; ללא גלישה חדשה","88","זהו מוקד הפרופיל: שבעה באוקטובר, החטופים, אחריות המדינה וחשבון נפש לאומי."
"דני אלגרט","דעות","שבעה באוקטובר, אחריות, חטופים וזיכרון לאומי","D-044","תמיכה בוועדת חקירה ממלכתית ובאחריות אישית של הדרג המדיני והביטחוני","supports","קובץ פרופיל פרויקט הדמוקרטים: דני אלגרט — סנ״צ בדימוס, פעיל חטופים, אחיו של איציק אלגרט; מטה המשפחות/ynet/mako/מעריב; ללא גלישה חדשה","88","זהו מוקד הפרופיל: שבעה באוקטובר, החטופים, אחריות המדינה וחשבון נפש לאומי."
"דני אלגרט","דעות","שבעה באוקטובר, אחריות, חטופים וזיכרון לאומי","D-045","ראיית החטופים והמשפחות כסמל מוסרי מרכזי של אחריות המדינה לאזרחיה","supports","קובץ פרופיל פרויקט הדמוקרטים: דני אלגרט — סנ״צ בדימוס, פעיל חטופים, אחיו של איציק אלגרט; מטה המשפחות/ynet/mako/מעריב; ללא גלישה חדשה","88","זהו מוקד הפרופיל: שבעה באוקטובר, החטופים, אחריות המדינה וחשבון נפש לאומי."
"דני אלגרט","דעות","שבעה באוקטובר, אחריות, חטופים וזיכרון לאומי","D-046","התנגדות לשימוש פוליטי ציני בכאב של משפחות, נפגעים או קהילות שנפגעו במלחמה","supports","קובץ פרופיל פרויקט הדמוקרטים: דני אלגרט — סנ״צ בדימוס, פעיל חטופים, אחיו של איציק אלגרט; מטה המשפחות/ynet/mako/מעריב; ללא גלישה חדשה","88","זהו מוקד הפרופיל: שבעה באוקטובר, החטופים, אחריות המדינה וחשבון נפש לאומי."
"דני אלגרט","דעות","שבעה באוקטובר, אחריות, חטופים וזיכרון לאומי","D-047","תמיכה בשיקום העוטף והקהילות שנפגעו כחלק מהחוזה הבסיסי בין המדינה לאזרחיה","supports","קובץ פרופיל פרויקט הדמוקרטים: דני אלגרט — סנ״צ בדימוס, פעיל חטופים, אחיו של איציק אלגרט; מטה המשפחות/ynet/mako/מעריב; ללא גלישה חדשה","88","זהו מוקד הפרופיל: שבעה באוקטובר, החטופים, אחריות המדינה וחשבון נפש לאומי."
"דני אלגרט","דעות","שבעה באוקטובר, אחריות, חטופים וזיכרון לאומי","D-048","ראיית הטראומה של שבעה באוקטובר כבסיס לבניית מדיניות חדשה, לא רק כהצדקה להמשך מלחמה","supports","קובץ פרופיל פרויקט הדמוקרטים: דני אלגרט — סנ״צ בדימוס, פעיל חטופים, אחיו של איציק אלגרט; מטה המשפחות/ynet/mako/מעריב; ללא גלישה חדשה","88","זהו מוקד הפרופיל: שבעה באוקטובר, החטופים, אחריות המדינה וחשבון נפש לאומי."
"דני אלגרט","דעות","חברה, כלכלה, רווחה ופריפריה","D-049","הצבת צמצום אי־שוויון חברתי־כלכלי כנושא מרכזי בזהות הפוליטית","unknown","קובץ ההיגדים המצורף בלבד; לא נמצא בקבצי הפרופיל בסיס עובדתי מספיק; ללא גלישה חדשה","0","לא נמצא בסיס מספיק לעמדה חברתית־כלכלית מפורטת."
"דני אלגרט","דעות","חברה, כלכלה, רווחה ופריפריה","D-050","תמיכה בהרחבת אחריות המדינה בתחומי דיור, חינוך, בריאות ורווחה","unknown","קובץ ההיגדים המצורף בלבד; לא נמצא בקבצי הפרופיל בסיס עובדתי מספיק; ללא גלישה חדשה","0","לא נמצא בסיס מספיק לעמדה חברתית־כלכלית מפורטת."
"דני אלגרט","דעות","חברה, כלכלה, רווחה ופריפריה","D-051","תמיכה בזכויות עובדים, עבודה מאורגנת והגנה על שכבות מוחלשות","unknown","קובץ ההיגדים המצורף בלבד; לא נמצא בקבצי הפרופיל בסיס עובדתי מספיק; ללא גלישה חדשה","0","לא נמצא בסיס מספיק לעמדה חברתית־כלכלית מפורטת."
"דני אלגרט","דעות","חברה, כלכלה, רווחה ופריפריה","D-052","ראיית הפריפריה הגיאוגרפית והחברתית כשותפה אסטרטגית ולא כקהל יעד משני","unknown","קובץ ההיגדים המצורף בלבד; לא נמצא בקבצי הפרופיל בסיס עובדתי מספיק; ללא גלישה חדשה","0","לא נמצא בסיס מספיק לעמדה חברתית־כלכלית מפורטת."
"דני אלגרט","דעות","חברה, כלכלה, רווחה ופריפריה","D-053","תמיכה בהשקעה ארוכת טווח בנגב, בגליל, בעוטף ובערים מוחלשות","unknown","קובץ ההיגדים המצורף בלבד; לא נמצא בקבצי הפרופיל בסיס עובדתי מספיק; ללא גלישה חדשה","0","לא נמצא בסיס מספיק לעמדה חברתית־כלכלית מפורטת."
"דני אלגרט","דעות","חברה, כלכלה, רווחה ופריפריה","D-054","חיבור בין צדק חברתי לבין בניית מחנה פוליטי חדש ורחב יותר","unknown","קובץ ההיגדים המצורף בלבד; לא נמצא בקבצי הפרופיל בסיס עובדתי מספיק; ללא גלישה חדשה","0","לא נמצא בסיס מספיק לעמדה חברתית־כלכלית מפורטת."
"דני אלגרט","דעות","סגנון פשרה, גבולות ויכולת הסכמה","D-055","נכונות לפשרות פוליטיות רחבות כדי לשקם את המדינה גם במחיר ויתור אידיאולוגי חלקי","mixed","קובץ פרופיל פרויקט הדמוקרטים: דני אלגרט — סנ״צ בדימוס, פעיל חטופים, אחיו של איציק אלגרט; מטה המשפחות/ynet/mako/מעריב; ללא גלישה חדשה","56","קיים בסיס לאחריות ציבורית, אך לא נמצא פירוט על סגנון פשרות וקואליציות מעבר לנושא החטופים."
"דני אלגרט","דעות","סגנון פשרה, גבולות ויכולת הסכמה","D-056","הצבת קווים אדומים ברורים שמעליהם אין מקום לפשרה עם יריבים פוליטיים","supports","קובץ פרופיל פרויקט הדמוקרטים: דני אלגרט — סנ״צ בדימוס, פעיל חטופים, אחיו של איציק אלגרט; מטה המשפחות/ynet/mako/מעריב; ללא גלישה חדשה","78","הפרופיל מציג דמות נחרצת במאבק החטופים ובאחריות המדינה, שאינה חוששת מעימות ציבורי."
"דני אלגרט","דעות","סגנון פשרה, גבולות ויכולת הסכמה","D-057","העדפה להסכמות רחבות ולאיטיות על פני מהלכים חדים ומהירים","mixed","קובץ פרופיל פרויקט הדמוקרטים: דני אלגרט — סנ״צ בדימוס, פעיל חטופים, אחיו של איציק אלגרט; מטה המשפחות/ynet/mako/מעריב; ללא גלישה חדשה","56","קיים בסיס לאחריות ציבורית, אך לא נמצא פירוט על סגנון פשרות וקואליציות מעבר לנושא החטופים."
"דני אלגרט","דעות","סגנון פשרה, גבולות ויכולת הסכמה","D-058","העדפה למאבק חד וברור כאשר פשרה נתפסת ככניעה לכוחות אנטי־דמוקרטיים","supports","קובץ פרופיל פרויקט הדמוקרטים: דני אלגרט — סנ״צ בדימוס, פעיל חטופים, אחיו של איציק אלגרט; מטה המשפחות/ynet/mako/מעריב; ללא גלישה חדשה","78","הפרופיל מציג דמות נחרצת במאבק החטופים ובאחריות המדינה, שאינה חוששת מעימות ציבורי."
"דני אלגרט","דעות","סגנון פשרה, גבולות ויכולת הסכמה","D-059","יכולת להבחין בין פשרה עניינית לבין טשטוש ערכי מסוכן","mixed","קובץ פרופיל פרויקט הדמוקרטים: דני אלגרט — סנ״צ בדימוס, פעיל חטופים, אחיו של איציק אלגרט; מטה המשפחות/ynet/mako/מעריב; ללא גלישה חדשה","56","קיים בסיס לאחריות ציבורית, אך לא נמצא פירוט על סגנון פשרות וקואליציות מעבר לנושא החטופים."
"דני אלגרט","דעות","סגנון פשרה, גבולות ויכולת הסכמה","D-060","נכונות לבנות קואליציות עתידיות עם גורמים שאינם שייכים למחנה הטבעי, אם הם מקבלים כללי משחק דמוקרטיים","mixed","קובץ פרופיל פרויקט הדמוקרטים: דני אלגרט — סנ״צ בדימוס, פעיל חטופים, אחיו של איציק אלגרט; מטה המשפחות/ynet/mako/מעריב; ללא גלישה חדשה","56","קיים בסיס לאחריות ציבורית, אך לא נמצא פירוט על סגנון פשרות וקואליציות מעבר לנושא החטופים."
"דני אלגרט","יכולות","מומחיות מדינית, ביטחונית וממשלית","cap_001","ניסיון ישיר במערכות מדינה בכירות או במוקדי קבלת החלטות","partial","קובץ פרופיל פרויקט הדמוקרטים: דני אלגרט — סנ״צ בדימוס, פעיל חטופים, אחיו של איציק אלגרט; מטה המשפחות/ynet/mako/מעריב; ללא גלישה חדשה","62","שירותו כסגן־ניצב בדימוס נותן היכרות עם מערכת מדינה ואכיפה, אך לא בהכרח מוקדי קבלת החלטות לאומיים בכירים."
"דני אלגרט","יכולות","מומחיות מדינית, ביטחונית וממשלית","cap_002","הבנה מוכחת של סוגיות מדיניות, ביטחוניות ואזוריות מורכבות","partial","קובץ פרופיל פרויקט הדמוקרטים: דני אלגרט — סנ״צ בדימוס, פעיל חטופים, אחיו של איציק אלגרט; מטה המשפחות/ynet/mako/מעריב; ללא גלישה חדשה","62","שירותו כסגן־ניצב בדימוס נותן היכרות עם מערכת מדינה ואכיפה, אך לא בהכרח מוקדי קבלת החלטות לאומיים בכירים."
"דני אלגרט","יכולות","מומחיות מדינית, ביטחונית וממשלית","cap_003","ניסיון במשא ומתן, דיאלוג אסטרטגי או קשרים בינלאומיים","unknown","קובץ ההיגדים המצורף בלבד; לא נמצא בקבצי הפרופיל בסיס עובדתי מספיק; ללא גלישה חדשה","0","לא נמצא בסיס עובדתי מספיק בפרופיל הזמין כדי לקבוע את ההיגד בלי ניחוש."
"דני אלגרט","יכולות","מומחיות מדינית, ביטחונית וממשלית","cap_004","ניסיון צבאי, מודיעיני או ביטחוני בעל רלוונטיות לעבודה ציבורית","has","קובץ פרופיל פרויקט הדמוקרטים: דני אלגרט — סנ״צ בדימוס, פעיל חטופים, אחיו של איציק אלגרט; מטה המשפחות/ynet/mako/מעריב; ללא גלישה חדשה","84","הפרופיל מציין שירות כסגן־ניצב בדימוס, ניסיון ביטחוני־משטרתי רלוונטי."
"דני אלגרט","יכולות","מומחיות מדינית, ביטחונית וממשלית","cap_005","יכולת לגבש תפיסה מדינית־ביטחונית סדורה ולא רק עמדה ערכית כללית","partial","קובץ פרופיל פרויקט הדמוקרטים: דני אלגרט — סנ״צ בדימוס, פעיל חטופים, אחיו של איציק אלגרט; מטה המשפחות/ynet/mako/מעריב; ללא גלישה חדשה","55","יש בסיס ביטחוני ואזרחי, אך לא נמצאה תפיסה מדינית־ביטחונית סדורה מעבר לנושא החטופים."
"דני אלגרט","יכולות","מומחיות מדינית, ביטחונית וממשלית","cap_006","יכולת לחבר בין יעדים ביטחוניים לבין יעדים מדיניים ארוכי טווח","partial","קובץ פרופיל פרויקט הדמוקרטים: דני אלגרט — סנ״צ בדימוס, פעיל חטופים, אחיו של איציק אלגרט; מטה המשפחות/ynet/mako/מעריב; ללא גלישה חדשה","55","יש בסיס ביטחוני ואזרחי, אך לא נמצאה תפיסה מדינית־ביטחונית סדורה מעבר לנושא החטופים."
"דני אלגרט","יכולות","ארגון, ניהול וביצוע","cap_007","ניסיון בהקמה וניהול של ארגונים, חברות, תנועות או מטות פעולה","partial","קובץ פרופיל פרויקט הדמוקרטים: דני אלגרט — סנ״צ בדימוס, פעיל חטופים, אחיו של איציק אלגרט; מטה המשפחות/ynet/mako/מעריב; ללא גלישה חדשה","60","פעילותו במאבק החטופים מעידה על ניסיון פעולה ציבורית ומשברית, אך לא בהכרח ניהול ארגון רחב לאורך זמן."
"דני אלגרט","יכולות","ארגון, ניהול וביצוע","cap_008","יכולת להוביל צוותים, תקציבים, קהילות או מערכות מורכבות","partial","קובץ פרופיל פרויקט הדמוקרטים: דני אלגרט — סנ״צ בדימוס, פעיל חטופים, אחיו של איציק אלגרט; מטה המשפחות/ynet/mako/מעריב; ללא גלישה חדשה","60","פעילותו במאבק החטופים מעידה על ניסיון פעולה ציבורית ומשברית, אך לא בהכרח ניהול ארגון רחב לאורך זמן."
"דני אלגרט","יכולות","ארגון, ניהול וביצוע","cap_009","הובלת מאבקים ציבוריים שהניבו תוצאות ממשיות","has","קובץ פרופיל פרויקט הדמוקרטים: דני אלגרט — סנ״צ בדימוס, פעיל חטופים, אחיו של איציק אלגרט; מטה המשפחות/ynet/mako/מעריב; ללא גלישה חדשה","76","המאבק הציבורי סביב החטופים דורש עמידה ציבורית ואחריות אישית גבוהה."
"דני אלגרט","יכולות","ארגון, ניהול וביצוע","cap_010","יכולת להפוך רעיון כללי לתשתית פעולה מתמשכת","partial","קובץ פרופיל פרויקט הדמוקרטים: דני אלגרט — סנ״צ בדימוס, פעיל חטופים, אחיו של איציק אלגרט; מטה המשפחות/ynet/mako/מעריב; ללא גלישה חדשה","60","פעילותו במאבק החטופים מעידה על ניסיון פעולה ציבורית ומשברית, אך לא בהכרח ניהול ארגון רחב לאורך זמן."
"דני אלגרט","יכולות","ארגון, ניהול וביצוע","cap_011","ניסיון בניהול משברים ציבוריים, פוליטיים או ארגוניים","partial","קובץ פרופיל פרויקט הדמוקרטים: דני אלגרט — סנ״צ בדימוס, פעיל חטופים, אחיו של איציק אלגרט; מטה המשפחות/ynet/mako/מעריב; ללא גלישה חדשה","60","פעילותו במאבק החטופים מעידה על ניסיון פעולה ציבורית ומשברית, אך לא בהכרח ניהול ארגון רחב לאורך זמן."
"דני אלגרט","יכולות","ארגון, ניהול וביצוע","cap_012","מוכנות לקחת אחריות אישית גבוהה על מהלך ציבורי או ארגוני","has","קובץ פרופיל פרויקט הדמוקרטים: דני אלגרט — סנ״צ בדימוס, פעיל חטופים, אחיו של איציק אלגרט; מטה המשפחות/ynet/mako/מעריב; ללא גלישה חדשה","76","המאבק הציבורי סביב החטופים דורש עמידה ציבורית ואחריות אישית גבוהה."
"דני אלגרט","יכולות","חקיקה, פוליטיקה ומוסדות","cap_013","ניסיון בעבודה פרלמנטרית, ועדות כנסת, חקיקה או הצעות חוק","unknown","קובץ ההיגדים המצורף בלבד; לא נמצא בקבצי הפרופיל בסיס עובדתי מספיק; ללא גלישה חדשה","0","לא נמצא בסיס לניסיון חקיקה, ועדות כנסת או בניית מפלגה."
"דני אלגרט","יכולות","חקיקה, פוליטיקה ומוסדות","cap_014","היכרות מעשית עם מנגנוני מפלגות, פריימריז, רשימות וקואליציות","unknown","קובץ ההיגדים המצורף בלבד; לא נמצא בקבצי הפרופיל בסיס עובדתי מספיק; ללא גלישה חדשה","0","לא נמצא בסיס לניסיון חקיקה, ועדות כנסת או בניית מפלגה."
"דני אלגרט","יכולות","חקיקה, פוליטיקה ומוסדות","cap_015","יכולת לפעול בתוך מוסדות קיימים ולא רק מחוץ להם","partial","קובץ פרופיל פרויקט הדמוקרטים: דני אלגרט — סנ״צ בדימוס, פעיל חטופים, אחיו של איציק אלגרט; מטה המשפחות/ynet/mako/מעריב; ללא גלישה חדשה","54","יש ניסיון במערכת מדינתית ובפעולה ציבורית, אך לא נמצא בסיס חזק לפעולה פוליטית מוסדית."
"דני אלגרט","יכולות","חקיקה, פוליטיקה ומוסדות","cap_016","ניסיון בבניית תנועה פוליטית, מפלגה או אלטרנטיבה שלטונית","unknown","קובץ ההיגדים המצורף בלבד; לא נמצא בקבצי הפרופיל בסיס עובדתי מספיק; ללא גלישה חדשה","0","לא נמצא בסיס לניסיון חקיקה, ועדות כנסת או בניית מפלגה."
"דני אלגרט","יכולות","חקיקה, פוליטיקה ומוסדות","cap_017","יכולת לייצר שיתופי פעולה בין זרמים, מפלגות או קבוצות אינטרס","partial","קובץ פרופיל פרויקט הדמוקרטים: דני אלגרט — סנ״צ בדימוס, פעיל חטופים, אחיו של איציק אלגרט; מטה המשפחות/ynet/mako/מעריב; ללא גלישה חדשה","54","יש ניסיון במערכת מדינתית ובפעולה ציבורית, אך לא נמצא בסיס חזק לפעולה פוליטית מוסדית."
"דני אלגרט","יכולות","חקיקה, פוליטיקה ומוסדות","cap_018","יכולת לתרגם עמדות אידיאולוגיות לפעולות מוסדיות או חקיקתיות","unknown","קובץ ההיגדים המצורף בלבד; לא נמצא בקבצי הפרופיל בסיס עובדתי מספיק; ללא גלישה חדשה","0","לא נמצא בסיס לניסיון חקיקה, ועדות כנסת או בניית מפלגה."
"דני אלגרט","יכולות","תקשורת, הסברה והשפעה ציבורית","cap_019","יכולת ליצור מסרים חדים, ברורים וזכירים","has","קובץ פרופיל פרויקט הדמוקרטים: דני אלגרט — סנ״צ בדימוס, פעיל חטופים, אחיו של איציק אלגרט; מטה המשפחות/ynet/mako/מעריב; ללא גלישה חדשה","75","המאבק הציבורי בנושא החטופים מציב אותו כדמות בעלת מסר חד וסיפור אישי מגייס."
"דני אלגרט","יכולות","תקשורת, הסברה והשפעה ציבורית","cap_020","יכולת לייצר תוכן דיגיטלי, ויראלי או תקשורתי שמגיע לקהלים רחבים","partial","קובץ פרופיל פרויקט הדמוקרטים: דני אלגרט — סנ״צ בדימוס, פעיל חטופים, אחיו של איציק אלגרט; מטה המשפחות/ynet/mako/מעריב; ללא גלישה חדשה","58","יש נראות ציבורית והופעות, אך לא נמצא בסיס חזק ליכולת תוכן דיגיטלי רחבה או הסברה מורכבת."
"דני אלגרט","יכולות","תקשורת, הסברה והשפעה ציבורית","cap_021","ניסיון בהופעה ציבורית, ראיונות, פודקאסטים, קולנוע, כתיבה או הרצאות","has","קובץ פרופיל פרויקט הדמוקרטים: דני אלגרט — סנ״צ בדימוס, פעיל חטופים, אחיו של איציק אלגרט; מטה המשפחות/ynet/mako/מעריב; ללא גלישה חדשה","75","המאבק הציבורי בנושא החטופים מציב אותו כדמות בעלת מסר חד וסיפור אישי מגייס."
"דני אלגרט","יכולות","תקשורת, הסברה והשפעה ציבורית","cap_022","יכולת להסביר נושאים מורכבים בשפה נגישה ולא טכנוקרטית","partial","קובץ פרופיל פרויקט הדמוקרטים: דני אלגרט — סנ״צ בדימוס, פעיל חטופים, אחיו של איציק אלגרט; מטה המשפחות/ynet/mako/מעריב; ללא גלישה חדשה","58","יש נראות ציבורית והופעות, אך לא נמצא בסיס חזק ליכולת תוכן דיגיטלי רחבה או הסברה מורכבת."
"דני אלגרט","יכולות","תקשורת, הסברה והשפעה ציבורית","cap_023","יכולת לנהל מאבק תודעתי מול יריבים פוליטיים או תקשורתיים","has","קובץ פרופיל פרויקט הדמוקרטים: דני אלגרט — סנ״צ בדימוס, פעיל חטופים, אחיו של איציק אלגרט; מטה המשפחות/ynet/mako/מעריב; ללא גלישה חדשה","75","המאבק הציבורי בנושא החטופים מציב אותו כדמות בעלת מסר חד וסיפור אישי מגייס."
"דני אלגרט","יכולות","תקשורת, הסברה והשפעה ציבורית","cap_024","יכולת להפוך סיפור אישי או ערכי לכלי גיוס ציבורי","has","קובץ פרופיל פרויקט הדמוקרטים: דני אלגרט — סנ״צ בדימוס, פעיל חטופים, אחיו של איציק אלגרט; מטה המשפחות/ynet/mako/מעריב; ללא גלישה חדשה","75","המאבק הציבורי בנושא החטופים מציב אותו כדמות בעלת מסר חד וסיפור אישי מגייס."
"דני אלגרט","יכולות","חיבור בין קהלים ועולמות","cap_025","יכולת לחבר בין יהודים לערבים בתוך מסגרת פוליטית או אזרחית משותפת","unknown","קובץ ההיגדים המצורף בלבד; לא נמצא בקבצי הפרופיל בסיס עובדתי מספיק; ללא גלישה חדשה","0","לא נמצא בסיס מספיק ליכולת זו בפרופיל הזמין."
"דני אלגרט","יכולות","חיבור בין קהלים ועולמות","cap_026","יכולת לחבר בין שמאל ליברלי לבין פריפריה מזרחית, מסורתית או גיאוגרפית","unknown","קובץ ההיגדים המצורף בלבד; לא נמצא בקבצי הפרופיל בסיס עובדתי מספיק; ללא גלישה חדשה","0","לא נמצא בסיס מספיק ליכולת זו בפרופיל הזמין."
"דני אלגרט","יכולות","חיבור בין קהלים ועולמות","cap_027","יכולת לחבר בין עולם המחאה לבין עבודה מפלגתית ומוסדית","partial","קובץ פרופיל פרויקט הדמוקרטים: דני אלגרט — סנ״צ בדימוס, פעיל חטופים, אחיו של איציק אלגרט; מטה המשפחות/ynet/mako/מעריב; ללא גלישה חדשה","62","המעבר ממאבק משפחות החטופים לזירה מפלגתית נותן בסיס חלקי לחיבור מחאה־מפלגה."
"דני אלגרט","יכולות","חיבור בין קהלים ועולמות","cap_028","יכולת לחבר בין היי־טק, חדשנות ודיגיטל לבין פוליטיקה ציבורית","unknown","קובץ ההיגדים המצורף בלבד; לא נמצא בקבצי הפרופיל בסיס עובדתי מספיק; ללא גלישה חדשה","0","לא נמצא בסיס מספיק ליכולת זו בפרופיל הזמין."
"דני אלגרט","יכולות","חיבור בין קהלים ועולמות","cap_029","יכולת לחבר בין שפה מקצועית־ביטחונית לבין שפה אזרחית וערכית","has","קובץ פרופיל פרויקט הדמוקרטים: דני אלגרט — סנ״צ בדימוס, פעיל חטופים, אחיו של איציק אלגרט; מטה המשפחות/ynet/mako/מעריב; ללא גלישה חדשה","72","הוא מחבר ניסיון משטרתי־ביטחוני, סיפור אישי וערך אזרחי של אחריות המדינה."
"דני אלגרט","יכולות","חיבור בין קהלים ועולמות","cap_030","אמינות מול קהילות שטח ולא רק מול קהל תקשורתי או אליטיסטי","partial","קובץ פרופיל פרויקט הדמוקרטים: דני אלגרט — סנ״צ בדימוס, פעיל חטופים, אחיו של איציק אלגרט; מטה המשפחות/ynet/mako/מעריב; ללא גלישה חדשה","55","יש בסיס לחשיבה על קשר בין ביטחון, אחריות מדינה וחברה, אך לא בפרופיל מדיניות רחב."
"דני אלגרט","יכולות","חדשנות, למידה ושיתוף ציבור","cap_031","שימוש בטכנולוגיה, מידע או כלים דיגיטליים לשיתוף ציבור וארגון פוליטי","unknown","קובץ ההיגדים המצורף בלבד; לא נמצא בקבצי הפרופיל בסיס עובדתי מספיק; ללא גלישה חדשה","0","לא נמצא בסיס מספיק ליכולת זו בפרופיל הזמין."
"דני אלגרט","יכולות","חדשנות, למידה ושיתוף ציבור","cap_032","חשיבה מערכתית שמזהה קשרים בין משבר פוליטי, כלכלה, ביטחון וחברה","partial","קובץ פרופיל פרויקט הדמוקרטים: דני אלגרט — סנ״צ בדימוס, פעיל חטופים, אחיו של איציק אלגרט; מטה המשפחות/ynet/mako/מעריב; ללא גלישה חדשה","55","יש בסיס לחשיבה על קשר בין ביטחון, אחריות מדינה וחברה, אך לא בפרופיל מדיניות רחב."
"דני אלגרט","יכולות","חדשנות, למידה ושיתוף ציבור","cap_033","יזמות בפתרונות לא שגרתיים לבעיות פוליטיות או חברתיות","unknown","קובץ ההיגדים המצורף בלבד; לא נמצא בקבצי הפרופיל בסיס עובדתי מספיק; ללא גלישה חדשה","0","לא נמצא בסיס מספיק ליכולת זו בפרופיל הזמין."
"דני אלגרט","יכולות","חדשנות, למידה ושיתוף ציבור","cap_034","יכולת ללמוד תחומים חדשים ולהפוך אותם לשפה ציבורית ברורה","partial","קובץ פרופיל פרויקט הדמוקרטים: דני אלגרט — סנ״צ בדימוס, פעיל חטופים, אחיו של איציק אלגרט; מטה המשפחות/ynet/mako/מעריב; ללא גלישה חדשה","55","יש בסיס לחשיבה על קשר בין ביטחון, אחריות מדינה וחברה, אך לא בפרופיל מדיניות רחב."
"דני אלגרט","יכולות","חדשנות, למידה ושיתוף ציבור","cap_035","שילוב בין ידע מקצועי, ניסיון אישי וערכים פוליטיים","has","קובץ פרופיל פרויקט הדמוקרטים: דני אלגרט — סנ״צ בדימוס, פעיל חטופים, אחיו של איציק אלגרט; מטה המשפחות/ynet/mako/מעריב; ללא גלישה חדשה","72","הוא מחבר ניסיון משטרתי־ביטחוני, סיפור אישי וערך אזרחי של אחריות המדינה."
"דני אלגרט","יכולות","חדשנות, למידה ושיתוף ציבור","cap_036","פתיחות לניסויים ארגוניים ודמוקרטיים חדשים ולא רק לשיטות פוליטיות קיימות","unknown","קובץ ההיגדים המצורף בלבד; לא נמצא בקבצי הפרופיל בסיס עובדתי מספיק; ללא גלישה חדשה","0","לא נמצא בסיס מספיק ליכולת זו בפרופיל הזמין."
"גאלב סלאמנה","דעות","דמוקרטיה, משילות ותיקון מוסדות המדינה","D-001","נטייה לתיקון חוקתי ומוסדי עמוק, ולא רק להחלפת ממשלה","unknown","קובץ ההיגדים המצורף בלבד; לא נמצא בקבצי הפרופיל בסיס עובדתי מספיק; ללא גלישה חדשה","0","לא נמצא בקבצי הפרופיל בסיס עובדתי עצמאי על גאלב סלאמנה, ולא בוצעה גלישה חדשה; לכן נשאר unknown לפי הכלל שלא מנחשים."
"גאלב סלאמנה","דעות","דמוקרטיה, משילות ותיקון מוסדות המדינה","D-002","ראיית המשבר הדמוקרטי כתוצאה של שיטה פוליטית פגומה ולא רק של אדם או ממשלה מסוימת","unknown","קובץ ההיגדים המצורף בלבד; לא נמצא בקבצי הפרופיל בסיס עובדתי מספיק; ללא גלישה חדשה","0","לא נמצא בקבצי הפרופיל בסיס עובדתי עצמאי על גאלב סלאמנה, ולא בוצעה גלישה חדשה; לכן נשאר unknown לפי הכלל שלא מנחשים."
"גאלב סלאמנה","דעות","דמוקרטיה, משילות ותיקון מוסדות המדינה","D-003","נכונות למאבק ציבורי חריף כאשר מוסדות המדינה נתפסים כמאוימים","unknown","קובץ ההיגדים המצורף בלבד; לא נמצא בקבצי הפרופיל בסיס עובדתי מספיק; ללא גלישה חדשה","0","לא נמצא בקבצי הפרופיל בסיס עובדתי עצמאי על גאלב סלאמנה, ולא בוצעה גלישה חדשה; לכן נשאר unknown לפי הכלל שלא מנחשים."
"גאלב סלאמנה","דעות","דמוקרטיה, משילות ותיקון מוסדות המדינה","D-004","העדפה לשיקום ממלכתי, זהיר ומוסדי של המדינה לאחר המשבר","unknown","קובץ ההיגדים המצורף בלבד; לא נמצא בקבצי הפרופיל בסיס עובדתי מספיק; ללא גלישה חדשה","0","לא נמצא בקבצי הפרופיל בסיס עובדתי עצמאי על גאלב סלאמנה, ולא בוצעה גלישה חדשה; לכן נשאר unknown לפי הכלל שלא מנחשים."
"גאלב סלאמנה","דעות","דמוקרטיה, משילות ותיקון מוסדות המדינה","D-005","תמיכה בשיתוף ציבור, דמוקרטיה פנימית ושקיפות בתוך המפלגה ובמערכת הפוליטית","unknown","קובץ ההיגדים המצורף בלבד; לא נמצא בקבצי הפרופיל בסיס עובדתי מספיק; ללא גלישה חדשה","0","לא נמצא בקבצי הפרופיל בסיס עובדתי עצמאי על גאלב סלאמנה, ולא בוצעה גלישה חדשה; לכן נשאר unknown לפי הכלל שלא מנחשים."
"גאלב סלאמנה","דעות","דמוקרטיה, משילות ותיקון מוסדות המדינה","D-006","נכונות להגביל כוח שלטוני גם כאשר הכוח נמצא בידי המחנה הקרוב אידיאולוגית","unknown","קובץ ההיגדים המצורף בלבד; לא נמצא בקבצי הפרופיל בסיס עובדתי מספיק; ללא גלישה חדשה","0","לא נמצא בקבצי הפרופיל בסיס עובדתי עצמאי על גאלב סלאמנה, ולא בוצעה גלישה חדשה; לכן נשאר unknown לפי הכלל שלא מנחשים."
"גאלב סלאמנה","דעות","יחס למחנה השני ויכולת גישור","D-007","ראיית מצביעי המחנה השני כיריבים פוליטיים לגיטימיים ולא כאויבים","unknown","קובץ ההיגדים המצורף בלבד; לא נמצא בקבצי הפרופיל בסיס עובדתי מספיק; ללא גלישה חדשה","0","לא נמצא בקבצי הפרופיל בסיס עובדתי עצמאי על גאלב סלאמנה, ולא בוצעה גלישה חדשה; לכן נשאר unknown לפי הכלל שלא מנחשים."
"גאלב סלאמנה","דעות","יחס למחנה השני ויכולת גישור","D-008","הבחנה בין הנהגת המחנה השני לבין הציבור הרחב שתומך בה","unknown","קובץ ההיגדים המצורף בלבד; לא נמצא בקבצי הפרופיל בסיס עובדתי מספיק; ללא גלישה חדשה","0","לא נמצא בקבצי הפרופיל בסיס עובדתי עצמאי על גאלב סלאמנה, ולא בוצעה גלישה חדשה; לכן נשאר unknown לפי הכלל שלא מנחשים."
"גאלב סלאמנה","דעות","יחס למחנה השני ויכולת גישור","D-009","אמונה שאפשר לבנות גשר מחודש בין המחנה הדמוקרטי־ליברלי לבין חלקים מהימין המסורתי","unknown","קובץ ההיגדים המצורף בלבד; לא נמצא בקבצי הפרופיל בסיס עובדתי מספיק; ללא גלישה חדשה","0","לא נמצא בקבצי הפרופיל בסיס עובדתי עצמאי על גאלב סלאמנה, ולא בוצעה גלישה חדשה; לכן נשאר unknown לפי הכלל שלא מנחשים."
"גאלב סלאמנה","דעות","יחס למחנה השני ויכולת גישור","D-010","העדפה להכרעה פוליטית ברורה על פני פיוס מוקדם עם המחנה השני","unknown","קובץ ההיגדים המצורף בלבד; לא נמצא בקבצי הפרופיל בסיס עובדתי מספיק; ללא גלישה חדשה","0","לא נמצא בקבצי הפרופיל בסיס עובדתי עצמאי על גאלב סלאמנה, ולא בוצעה גלישה חדשה; לכן נשאר unknown לפי הכלל שלא מנחשים."
"גאלב סלאמנה","דעות","יחס למחנה השני ויכולת גישור","D-011","נכונות לשיח עם דתיים, מסורתיים, חרדים וימנים גם כאשר קיימת מחלוקת ערכית עמוקה","unknown","קובץ ההיגדים המצורף בלבד; לא נמצא בקבצי הפרופיל בסיס עובדתי מספיק; ללא גלישה חדשה","0","לא נמצא בקבצי הפרופיל בסיס עובדתי עצמאי על גאלב סלאמנה, ולא בוצעה גלישה חדשה; לכן נשאר unknown לפי הכלל שלא מנחשים."
"גאלב סלאמנה","דעות","יחס למחנה השני ויכולת גישור","D-012","ראיית חלק מהמחנה השני כשותף עתידי אפשרי לשיקום המדינה לאחר עידן נתניהו","unknown","קובץ ההיגדים המצורף בלבד; לא נמצא בקבצי הפרופיל בסיס עובדתי מספיק; ללא גלישה חדשה","0","לא נמצא בקבצי הפרופיל בסיס עובדתי עצמאי על גאלב סלאמנה, ולא בוצעה גלישה חדשה; לכן נשאר unknown לפי הכלל שלא מנחשים."
"גאלב סלאמנה","דעות","שסעים פנימיים בחברה היהודית","D-013","ראיית השסע העדתי והפריפריאלי כמרכיב מרכזי במשבר הפוליטי בישראל","unknown","קובץ ההיגדים המצורף בלבד; לא נמצא בקבצי הפרופיל בסיס עובדתי מספיק; ללא גלישה חדשה","0","לא נמצא בקבצי הפרופיל בסיס עובדתי עצמאי על גאלב סלאמנה, ולא בוצעה גלישה חדשה; לכן נשאר unknown לפי הכלל שלא מנחשים."
"גאלב סלאמנה","דעות","שסעים פנימיים בחברה היהודית","D-014","נכונות לדבר עם מצביעים מזרחים, מסורתיים ופריפריאליים בשפה שאינה מתנשאת ואינה רק ליברלית־אשכנזית","unknown","קובץ ההיגדים המצורף בלבד; לא נמצא בקבצי הפרופיל בסיס עובדתי מספיק; ללא גלישה חדשה","0","לא נמצא בקבצי הפרופיל בסיס עובדתי עצמאי על גאלב סלאמנה, ולא בוצעה גלישה חדשה; לכן נשאר unknown לפי הכלל שלא מנחשים."
"גאלב סלאמנה","דעות","שסעים פנימיים בחברה היהודית","D-015","ראיית השסע הדתי־חילוני כאיום מרכזי על הלכידות של החברה היהודית בישראל","unknown","קובץ ההיגדים המצורף בלבד; לא נמצא בקבצי הפרופיל בסיס עובדתי מספיק; ללא גלישה חדשה","0","לא נמצא בקבצי הפרופיל בסיס עובדתי עצמאי על גאלב סלאמנה, ולא בוצעה גלישה חדשה; לכן נשאר unknown לפי הכלל שלא מנחשים."
"גאלב סלאמנה","דעות","שסעים פנימיים בחברה היהודית","D-016","תמיכה בבניית ברית חדשה בין ליברלים, מסורתיים, דתיים מתונים ופריפריה חברתית","unknown","קובץ ההיגדים המצורף בלבד; לא נמצא בקבצי הפרופיל בסיס עובדתי מספיק; ללא גלישה חדשה","0","לא נמצא בקבצי הפרופיל בסיס עובדתי עצמאי על גאלב סלאמנה, ולא בוצעה גלישה חדשה; לכן נשאר unknown לפי הכלל שלא מנחשים."
"גאלב סלאמנה","דעות","שסעים פנימיים בחברה היהודית","D-017","ביקורת על מחנה המרכז־שמאל כאשר הוא נתפס כמנותק, אליטיסטי או חסר רגישות לפריפריה","unknown","קובץ ההיגדים המצורף בלבד; לא נמצא בקבצי הפרופיל בסיס עובדתי מספיק; ללא גלישה חדשה","0","לא נמצא בקבצי הפרופיל בסיס עובדתי עצמאי על גאלב סלאמנה, ולא בוצעה גלישה חדשה; לכן נשאר unknown לפי הכלל שלא מנחשים."
"גאלב סלאמנה","דעות","שסעים פנימיים בחברה היהודית","D-018","העדפה לתיקון יחסי מרכז־פריפריה כחלק מבניית מחנה דמוקרטי רחב","unknown","קובץ ההיגדים המצורף בלבד; לא נמצא בקבצי הפרופיל בסיס עובדתי מספיק; ללא גלישה חדשה","0","לא נמצא בקבצי הפרופיל בסיס עובדתי עצמאי על גאלב סלאמנה, ולא בוצעה גלישה חדשה; לכן נשאר unknown לפי הכלל שלא מנחשים."
"גאלב סלאמנה","דעות","מדינה יהודית ודמוקרטית, דת ומדינה","D-019","העדפה לזהות ישראלית שבה הרכיב הדמוקרטי קודם לרכיב הדתי־לאומי כאשר יש התנגשות ביניהם","unknown","קובץ ההיגדים המצורף בלבד; לא נמצא בקבצי הפרופיל בסיס עובדתי מספיק; ללא גלישה חדשה","0","לא נמצא בקבצי הפרופיל בסיס עובדתי עצמאי על גאלב סלאמנה, ולא בוצעה גלישה חדשה; לכן נשאר unknown לפי הכלל שלא מנחשים."
"גאלב סלאמנה","דעות","מדינה יהודית ודמוקרטית, דת ומדינה","D-020","העדפה לזהות ישראלית שבה היהדות היא מקור תרבותי וערכי, אך אינה צריכה לשלוט במוסדות המדינה","unknown","קובץ ההיגדים המצורף בלבד; לא נמצא בקבצי הפרופיל בסיס עובדתי מספיק; ללא גלישה חדשה","0","לא נמצא בקבצי הפרופיל בסיס עובדתי עצמאי על גאלב סלאמנה, ולא בוצעה גלישה חדשה; לכן נשאר unknown לפי הכלל שלא מנחשים."
"גאלב סלאמנה","דעות","מדינה יהודית ודמוקרטית, דת ומדינה","D-021","תמיכה בהפרדה ברורה יותר בין סמכות דתית לבין סמכות מדינתית","unknown","קובץ ההיגדים המצורף בלבד; לא נמצא בקבצי הפרופיל בסיס עובדתי מספיק; ללא גלישה חדשה","0","לא נמצא בקבצי הפרופיל בסיס עובדתי עצמאי על גאלב סלאמנה, ולא בוצעה גלישה חדשה; לכן נשאר unknown לפי הכלל שלא מנחשים."
"גאלב סלאמנה","דעות","מדינה יהודית ודמוקרטית, דת ומדינה","D-022","נכונות לשמר מרכיבים יהודיים־מסורתיים במרחב הציבורי כדי לאפשר שותפות עם ציבור מסורתי ודתי","unknown","קובץ ההיגדים המצורף בלבד; לא נמצא בקבצי הפרופיל בסיס עובדתי מספיק; ללא גלישה חדשה","0","לא נמצא בקבצי הפרופיל בסיס עובדתי עצמאי על גאלב סלאמנה, ולא בוצעה גלישה חדשה; לכן נשאר unknown לפי הכלל שלא מנחשים."
"גאלב סלאמנה","דעות","מדינה יהודית ודמוקרטית, דת ומדינה","D-023","התנגדות לכפייה דתית בנושאי נישואין, שבת, חינוך, מעמד אישי או שירות ציבורי","unknown","קובץ ההיגדים המצורף בלבד; לא נמצא בקבצי הפרופיל בסיס עובדתי מספיק; ללא גלישה חדשה","0","לא נמצא בקבצי הפרופיל בסיס עובדתי עצמאי על גאלב סלאמנה, ולא בוצעה גלישה חדשה; לכן נשאר unknown לפי הכלל שלא מנחשים."
"גאלב סלאמנה","דעות","מדינה יהודית ודמוקרטית, דת ומדינה","D-024","תמיכה בשוויון חובות אזרחיות בין קבוצות, כולל שאלת גיוס חרדים או שירות אזרחי","unknown","קובץ ההיגדים המצורף בלבד; לא נמצא בקבצי הפרופיל בסיס עובדתי מספיק; ללא גלישה חדשה","0","לא נמצא בקבצי הפרופיל בסיס עובדתי עצמאי על גאלב סלאמנה, ולא בוצעה גלישה חדשה; לכן נשאר unknown לפי הכלל שלא מנחשים."
"גאלב סלאמנה","דעות","הפרדה, גישור או שתי מדינות לעם היהודי","D-025","אמונה שהפער בין ישראל ליברלית לבין ישראל שמרנית־דתית עדיין ניתן לגישור פוליטי וחברתי","unknown","קובץ ההיגדים המצורף בלבד; לא נמצא בקבצי הפרופיל בסיס עובדתי מספיק; ללא גלישה חדשה","0","לא נמצא בקבצי הפרופיל בסיס עובדתי עצמאי על גאלב סלאמנה, ולא בוצעה גלישה חדשה; לכן נשאר unknown לפי הכלל שלא מנחשים."
"גאלב סלאמנה","דעות","הפרדה, גישור או שתי מדינות לעם היהודי","D-026","ראיית הפער בין המחנות כעמוק עד כדי צורך בהסדרים של אוטונומיה, ביזור או הפרדה חלקית","unknown","קובץ ההיגדים המצורף בלבד; לא נמצא בקבצי הפרופיל בסיס עובדתי מספיק; ללא גלישה חדשה","0","לא נמצא בקבצי הפרופיל בסיס עובדתי עצמאי על גאלב סלאמנה, ולא בוצעה גלישה חדשה; לכן נשאר unknown לפי הכלל שלא מנחשים."
"גאלב סלאמנה","דעות","הפרדה, גישור או שתי מדינות לעם היהודי","D-027","תמיכה בביזור סמכויות לשלטון מקומי כדי לאפשר לקהילות שונות לחיות לפי אורחות חיים שונים","unknown","קובץ ההיגדים המצורף בלבד; לא נמצא בקבצי הפרופיל בסיס עובדתי מספיק; ללא גלישה חדשה","0","לא נמצא בקבצי הפרופיל בסיס עובדתי עצמאי על גאלב סלאמנה, ולא בוצעה גלישה חדשה; לכן נשאר unknown לפי הכלל שלא מנחשים."
"גאלב סלאמנה","דעות","הפרדה, גישור או שתי מדינות לעם היהודי","D-028","התנגדות לרעיון של שתי מדינות לעם היהודי והעדפה למאבק על מסגרת מדינתית אחת משותפת","unknown","קובץ ההיגדים המצורף בלבד; לא נמצא בקבצי הפרופיל בסיס עובדתי מספיק; ללא גלישה חדשה","0","לא נמצא בקבצי הפרופיל בסיס עובדתי עצמאי על גאלב סלאמנה, ולא בוצעה גלישה חדשה; לכן נשאר unknown לפי הכלל שלא מנחשים."
"גאלב סלאמנה","דעות","הפרדה, גישור או שתי מדינות לעם היהודי","D-029","פתיחות לרעיון של הסדרים פנימיים חדשים בין חילונים, דתיים, חרדים, מסורתיים וליברלים","unknown","קובץ ההיגדים המצורף בלבד; לא נמצא בקבצי הפרופיל בסיס עובדתי מספיק; ללא גלישה חדשה","0","לא נמצא בקבצי הפרופיל בסיס עובדתי עצמאי על גאלב סלאמנה, ולא בוצעה גלישה חדשה; לכן נשאר unknown לפי הכלל שלא מנחשים."
"גאלב סלאמנה","דעות","הפרדה, גישור או שתי מדינות לעם היהודי","D-030","ראיית המשבר הישראלי לא רק כמאבק ימין־שמאל אלא כמאבק בין מודלים שונים של חיים משותפים","unknown","קובץ ההיגדים המצורף בלבד; לא נמצא בקבצי הפרופיל בסיס עובדתי מספיק; ללא גלישה חדשה","0","לא נמצא בקבצי הפרופיל בסיס עובדתי עצמאי על גאלב סלאמנה, ולא בוצעה גלישה חדשה; לכן נשאר unknown לפי הכלל שלא מנחשים."
"גאלב סלאמנה","דעות","יהודים־ערבים, שוויון אזרחי וחיים משותפים","D-031","ראיית אזרחי ישראל הערבים כחלק מלא מהדיון על עתיד המדינה ולא כעניין נפרד או משני","unknown","קובץ ההיגדים המצורף בלבד; לא נמצא בקבצי הפרופיל בסיס עובדתי מספיק; ללא גלישה חדשה","0","לא נמצא בקבצי הפרופיל בסיס עובדתי עצמאי על גאלב סלאמנה, ולא בוצעה גלישה חדשה; לכן נשאר unknown לפי הכלל שלא מנחשים."
"גאלב סלאמנה","דעות","יהודים־ערבים, שוויון אזרחי וחיים משותפים","D-032","תמיכה בשוויון אזרחי גם כאשר הוא מחייב שינוי בחוקים, סמלים או חלוקת משאבים","unknown","קובץ ההיגדים המצורף בלבד; לא נמצא בקבצי הפרופיל בסיס עובדתי מספיק; ללא גלישה חדשה","0","לא נמצא בקבצי הפרופיל בסיס עובדתי עצמאי על גאלב סלאמנה, ולא בוצעה גלישה חדשה; לכן נשאר unknown לפי הכלל שלא מנחשים."
"גאלב סלאמנה","דעות","יהודים־ערבים, שוויון אזרחי וחיים משותפים","D-033","תמיכה בשותפות פוליטית יהודית־ערבית כחלק מבניית מחנה דמוקרטי רחב","unknown","קובץ ההיגדים המצורף בלבד; לא נמצא בקבצי הפרופיל בסיס עובדתי מספיק; ללא גלישה חדשה","0","לא נמצא בקבצי הפרופיל בסיס עובדתי עצמאי על גאלב סלאמנה, ולא בוצעה גלישה חדשה; לכן נשאר unknown לפי הכלל שלא מנחשים."
"גאלב סלאמנה","דעות","יהודים־ערבים, שוויון אזרחי וחיים משותפים","D-034","העדפה לשילוב אזרחים ערבים במוקדי קבלת החלטות, כולל בתחומים מדיניים וביטחוניים","unknown","קובץ ההיגדים המצורף בלבד; לא נמצא בקבצי הפרופיל בסיס עובדתי מספיק; ללא גלישה חדשה","0","לא נמצא בקבצי הפרופיל בסיס עובדתי עצמאי על גאלב סלאמנה, ולא בוצעה גלישה חדשה; לכן נשאר unknown לפי הכלל שלא מנחשים."
"גאלב סלאמנה","דעות","יהודים־ערבים, שוויון אזרחי וחיים משותפים","D-035","התנגדות לגזענות, הדרה או דה־לגיטימציה של הציבור הערבי בישראל","unknown","קובץ ההיגדים המצורף בלבד; לא נמצא בקבצי הפרופיל בסיס עובדתי מספיק; ללא גלישה חדשה","0","לא נמצא בקבצי הפרופיל בסיס עובדתי עצמאי על גאלב סלאמנה, ולא בוצעה גלישה חדשה; לכן נשאר unknown לפי הכלל שלא מנחשים."
"גאלב סלאמנה","דעות","יהודים־ערבים, שוויון אזרחי וחיים משותפים","D-036","הכרה בכך שחיים משותפים מחייבים גם התמודדות עם פחדים, טראומות וחוסר אמון בשני הצדדים","unknown","קובץ ההיגדים המצורף בלבד; לא נמצא בקבצי הפרופיל בסיס עובדתי מספיק; ללא גלישה חדשה","0","לא נמצא בקבצי הפרופיל בסיס עובדתי עצמאי על גאלב סלאמנה, ולא בוצעה גלישה חדשה; לכן נשאר unknown לפי הכלל שלא מנחשים."
"גאלב סלאמנה","דעות","ביטחון, פלסטינים והסדר מדיני","D-037","תמיכה בנתיב מדיני ארוך טווח מול הפלסטינים, גם לאחר שבעה באוקטובר","unknown","קובץ ההיגדים המצורף בלבד; לא נמצא בקבצי הפרופיל בסיס עובדתי מספיק; ללא גלישה חדשה","0","לא נמצא בקבצי הפרופיל בסיס עובדתי עצמאי על גאלב סלאמנה, ולא בוצעה גלישה חדשה; לכן נשאר unknown לפי הכלל שלא מנחשים."
"גאלב סלאמנה","דעות","ביטחון, פלסטינים והסדר מדיני","D-038","העדפה להיפרדות מדינית וביטחונית מהפלסטינים כדי לשמור על ישראל יהודית ודמוקרטית","unknown","קובץ ההיגדים המצורף בלבד; לא נמצא בקבצי הפרופיל בסיס עובדתי מספיק; ללא גלישה חדשה","0","לא נמצא בקבצי הפרופיל בסיס עובדתי עצמאי על גאלב סלאמנה, ולא בוצעה גלישה חדשה; לכן נשאר unknown לפי הכלל שלא מנחשים."
"גאלב סלאמנה","דעות","ביטחון, פלסטינים והסדר מדיני","D-039","תמיכה בפתרון שתי מדינות או במודל קרוב לו כיעד אסטרטגי","unknown","קובץ ההיגדים המצורף בלבד; לא נמצא בקבצי הפרופיל בסיס עובדתי מספיק; ללא גלישה חדשה","0","לא נמצא בקבצי הפרופיל בסיס עובדתי עצמאי על גאלב סלאמנה, ולא בוצעה גלישה חדשה; לכן נשאר unknown לפי הכלל שלא מנחשים."
"גאלב סלאמנה","דעות","ביטחון, פלסטינים והסדר מדיני","D-040","פתיחות למודלים מדיניים מורכבים כגון קונפדרציה, גבולות פתוחים או הסדר אזורי","unknown","קובץ ההיגדים המצורף בלבד; לא נמצא בקבצי הפרופיל בסיס עובדתי מספיק; ללא גלישה חדשה","0","לא נמצא בקבצי הפרופיל בסיס עובדתי עצמאי על גאלב סלאמנה, ולא בוצעה גלישה חדשה; לכן נשאר unknown לפי הכלל שלא מנחשים."
"גאלב סלאמנה","דעות","ביטחון, פלסטינים והסדר מדיני","D-041","התנגדות להמשך שליטה ישראלית קבועה על אוכלוסייה פלסטינית ללא זכויות אזר מלאות","unknown","קובץ ההיגדים המצורף בלבד; לא נמצא בקבצי הפרופיל בסיס עובדתי מספיק; ללא גלישה חדשה","0","לא נמצא בקבצי הפרופיל בסיס עובדתי עצמאי על גאלב סלאמנה, ולא בוצעה גלישה חדשה; לכן נשאר unknown לפי הכלל שלא מנחשים."
"גאלב סלאמנה","דעות","ביטחון, פלסטינים והסדר מדיני","D-042","ראיית הסדר אזורי עם מדינות ערביות מתונות כחלק מרכזי מהעתיד הביטחוני של ישראל","unknown","קובץ ההיגדים המצורף בלבד; לא נמצא בקבצי הפרופיל בסיס עובדתי מספיק; ללא גלישה חדשה","0","לא נמצא בקבצי הפרופיל בסיס עובדתי עצמאי על גאלב סלאמנה, ולא בוצעה גלישה חדשה; לכן נשאר unknown לפי הכלל שלא מנחשים."
"גאלב סלאמנה","דעות","שבעה באוקטובר, אחריות, חטופים וזיכרון לאומי","D-043","ראיית שבעה באוקטובר כאירוע שמחייב חשבון נפש מדינתי, מוסדי וחברתי עמוק","unknown","קובץ ההיגדים המצורף בלבד; לא נמצא בקבצי הפרופיל בסיס עובדתי מספיק; ללא גלישה חדשה","0","לא נמצא בקבצי הפרופיל בסיס עובדתי עצמאי על גאלב סלאמנה, ולא בוצעה גלישה חדשה; לכן נשאר unknown לפי הכלל שלא מנחשים."
"גאלב סלאמנה","דעות","שבעה באוקטובר, אחריות, חטופים וזיכרון לאומי","D-044","תמיכה בוועדת חקירה ממלכתית ובאחריות אישית של הדרג המדיני והביטחוני","unknown","קובץ ההיגדים המצורף בלבד; לא נמצא בקבצי הפרופיל בסיס עובדתי מספיק; ללא גלישה חדשה","0","לא נמצא בקבצי הפרופיל בסיס עובדתי עצמאי על גאלב סלאמנה, ולא בוצעה גלישה חדשה; לכן נשאר unknown לפי הכלל שלא מנחשים."
"גאלב סלאמנה","דעות","שבעה באוקטובר, אחריות, חטופים וזיכרון לאומי","D-045","ראיית החטופים והמשפחות כסמל מוסרי מרכזי של אחריות המדינה לאזרחיה","unknown","קובץ ההיגדים המצורף בלבד; לא נמצא בקבצי הפרופיל בסיס עובדתי מספיק; ללא גלישה חדשה","0","לא נמצא בקבצי הפרופיל בסיס עובדתי עצמאי על גאלב סלאמנה, ולא בוצעה גלישה חדשה; לכן נשאר unknown לפי הכלל שלא מנחשים."
"גאלב סלאמנה","דעות","שבעה באוקטובר, אחריות, חטופים וזיכרון לאומי","D-046","התנגדות לשימוש פוליטי ציני בכאב של משפחות, נפגעים או קהילות שנפגעו במלחמה","unknown","קובץ ההיגדים המצורף בלבד; לא נמצא בקבצי הפרופיל בסיס עובדתי מספיק; ללא גלישה חדשה","0","לא נמצא בקבצי הפרופיל בסיס עובדתי עצמאי על גאלב סלאמנה, ולא בוצעה גלישה חדשה; לכן נשאר unknown לפי הכלל שלא מנחשים."
"גאלב סלאמנה","דעות","שבעה באוקטובר, אחריות, חטופים וזיכרון לאומי","D-047","תמיכה בשיקום העוטף והקהילות שנפגעו כחלק מהחוזה הבסיסי בין המדינה לאזרחיה","unknown","קובץ ההיגדים המצורף בלבד; לא נמצא בקבצי הפרופיל בסיס עובדתי מספיק; ללא גלישה חדשה","0","לא נמצא בקבצי הפרופיל בסיס עובדתי עצמאי על גאלב סלאמנה, ולא בוצעה גלישה חדשה; לכן נשאר unknown לפי הכלל שלא מנחשים."
"גאלב סלאמנה","דעות","שבעה באוקטובר, אחריות, חטופים וזיכרון לאומי","D-048","ראיית הטראומה של שבעה באוקטובר כבסיס לבניית מדיניות חדשה, לא רק כהצדקה להמשך מלחמה","unknown","קובץ ההיגדים המצורף בלבד; לא נמצא בקבצי הפרופיל בסיס עובדתי מספיק; ללא גלישה חדשה","0","לא נמצא בקבצי הפרופיל בסיס עובדתי עצמאי על גאלב סלאמנה, ולא בוצעה גלישה חדשה; לכן נשאר unknown לפי הכלל שלא מנחשים."
"גאלב סלאמנה","דעות","חברה, כלכלה, רווחה ופריפריה","D-049","הצבת צמצום אי־שוויון חברתי־כלכלי כנושא מרכזי בזהות הפוליטית","unknown","קובץ ההיגדים המצורף בלבד; לא נמצא בקבצי הפרופיל בסיס עובדתי מספיק; ללא גלישה חדשה","0","לא נמצא בקבצי הפרופיל בסיס עובדתי עצמאי על גאלב סלאמנה, ולא בוצעה גלישה חדשה; לכן נשאר unknown לפי הכלל שלא מנחשים."
"גאלב סלאמנה","דעות","חברה, כלכלה, רווחה ופריפריה","D-050","תמיכה בהרחבת אחריות המדינה בתחומי דיור, חינוך, בריאות ורווחה","unknown","קובץ ההיגדים המצורף בלבד; לא נמצא בקבצי הפרופיל בסיס עובדתי מספיק; ללא גלישה חדשה","0","לא נמצא בקבצי הפרופיל בסיס עובדתי עצמאי על גאלב סלאמנה, ולא בוצעה גלישה חדשה; לכן נשאר unknown לפי הכלל שלא מנחשים."
"גאלב סלאמנה","דעות","חברה, כלכלה, רווחה ופריפריה","D-051","תמיכה בזכויות עובדים, עבודה מאורגנת והגנה על שכבות מוחלשות","unknown","קובץ ההיגדים המצורף בלבד; לא נמצא בקבצי הפרופיל בסיס עובדתי מספיק; ללא גלישה חדשה","0","לא נמצא בקבצי הפרופיל בסיס עובדתי עצמאי על גאלב סלאמנה, ולא בוצעה גלישה חדשה; לכן נשאר unknown לפי הכלל שלא מנחשים."
"גאלב סלאמנה","דעות","חברה, כלכלה, רווחה ופריפריה","D-052","ראיית הפריפריה הגיאוגרפית והחברתית כשותפה אסטרטגית ולא כקהל יעד משני","unknown","קובץ ההיגדים המצורף בלבד; לא נמצא בקבצי הפרופיל בסיס עובדתי מספיק; ללא גלישה חדשה","0","לא נמצא בקבצי הפרופיל בסיס עובדתי עצמאי על גאלב סלאמנה, ולא בוצעה גלישה חדשה; לכן נשאר unknown לפי הכלל שלא מנחשים."
"גאלב סלאמנה","דעות","חברה, כלכלה, רווחה ופריפריה","D-053","תמיכה בהשקעה ארוכת טווח בנגב, בגליל, בעוטף ובערים מוחלשות","unknown","קובץ ההיגדים המצורף בלבד; לא נמצא בקבצי הפרופיל בסיס עובדתי מספיק; ללא גלישה חדשה","0","לא נמצא בקבצי הפרופיל בסיס עובדתי עצמאי על גאלב סלאמנה, ולא בוצעה גלישה חדשה; לכן נשאר unknown לפי הכלל שלא מנחשים."
"גאלב סלאמנה","דעות","חברה, כלכלה, רווחה ופריפריה","D-054","חיבור בין צדק חברתי לבין בניית מחנה פוליטי חדש ורחב יותר","unknown","קובץ ההיגדים המצורף בלבד; לא נמצא בקבצי הפרופיל בסיס עובדתי מספיק; ללא גלישה חדשה","0","לא נמצא בקבצי הפרופיל בסיס עובדתי עצמאי על גאלב סלאמנה, ולא בוצעה גלישה חדשה; לכן נשאר unknown לפי הכלל שלא מנחשים."
"גאלב סלאמנה","דעות","סגנון פשרה, גבולות ויכולת הסכמה","D-055","נכונות לפשרות פוליטיות רחבות כדי לשקם את המדינה גם במחיר ויתור אידיאולוגי חלקי","unknown","קובץ ההיגדים המצורף בלבד; לא נמצא בקבצי הפרופיל בסיס עובדתי מספיק; ללא גלישה חדשה","0","לא נמצא בקבצי הפרופיל בסיס עובדתי עצמאי על גאלב סלאמנה, ולא בוצעה גלישה חדשה; לכן נשאר unknown לפי הכלל שלא מנחשים."
"גאלב סלאמנה","דעות","סגנון פשרה, גבולות ויכולת הסכמה","D-056","הצבת קווים אדומים ברורים שמעליהם אין מקום לפשרה עם יריבים פוליטיים","unknown","קובץ ההיגדים המצורף בלבד; לא נמצא בקבצי הפרופיל בסיס עובדתי מספיק; ללא גלישה חדשה","0","לא נמצא בקבצי הפרופיל בסיס עובדתי עצמאי על גאלב סלאמנה, ולא בוצעה גלישה חדשה; לכן נשאר unknown לפי הכלל שלא מנחשים."
"גאלב סלאמנה","דעות","סגנון פשרה, גבולות ויכולת הסכמה","D-057","העדפה להסכמות רחבות ולאיטיות על פני מהלכים חדים ומהירים","unknown","קובץ ההיגדים המצורף בלבד; לא נמצא בקבצי הפרופיל בסיס עובדתי מספיק; ללא גלישה חדשה","0","לא נמצא בקבצי הפרופיל בסיס עובדתי עצמאי על גאלב סלאמנה, ולא בוצעה גלישה חדשה; לכן נשאר unknown לפי הכלל שלא מנחשים."
"גאלב סלאמנה","דעות","סגנון פשרה, גבולות ויכולת הסכמה","D-058","העדפה למאבק חד וברור כאשר פשרה נתפסת ככניעה לכוחות אנטי־דמוקרטיים","unknown","קובץ ההיגדים המצורף בלבד; לא נמצא בקבצי הפרופיל בסיס עובדתי מספיק; ללא גלישה חדשה","0","לא נמצא בקבצי הפרופיל בסיס עובדתי עצמאי על גאלב סלאמנה, ולא בוצעה גלישה חדשה; לכן נשאר unknown לפי הכלל שלא מנחשים."
"גאלב סלאמנה","דעות","סגנון פשרה, גבולות ויכולת הסכמה","D-059","יכולת להבחין בין פשרה עניינית לבין טשטוש ערכי מסוכן","unknown","קובץ ההיגדים המצורף בלבד; לא נמצא בקבצי הפרופיל בסיס עובדתי מספיק; ללא גלישה חדשה","0","לא נמצא בקבצי הפרופיל בסיס עובדתי עצמאי על גאלב סלאמנה, ולא בוצעה גלישה חדשה; לכן נשאר unknown לפי הכלל שלא מנחשים."
"גאלב סלאמנה","דעות","סגנון פשרה, גבולות ויכולת הסכמה","D-060","נכונות לבנות קואליציות עתידיות עם גורמים שאינם שייכים למחנה הטבעי, אם הם מקבלים כללי משחק דמוקרטיים","unknown","קובץ ההיגדים המצורף בלבד; לא נמצא בקבצי הפרופיל בסיס עובדתי מספיק; ללא גלישה חדשה","0","לא נמצא בקבצי הפרופיל בסיס עובדתי עצמאי על גאלב סלאמנה, ולא בוצעה גלישה חדשה; לכן נשאר unknown לפי הכלל שלא מנחשים."
"גאלב סלאמנה","יכולות","מומחיות מדינית, ביטחונית וממשלית","cap_001","ניסיון ישיר במערכות מדינה בכירות או במוקדי קבלת החלטות","unknown","קובץ ההיגדים המצורף בלבד; לא נמצא בקבצי הפרופיל בסיס עובדתי מספיק; ללא גלישה חדשה","0","לא נמצא בקבצי הפרופיל בסיס עובדתי עצמאי על גאלב סלאמנה, ולא בוצעה גלישה חדשה; לכן נשאר unknown לפי הכלל שלא מנחשים."
"גאלב סלאמנה","יכולות","מומחיות מדינית, ביטחונית וממשלית","cap_002","הבנה מוכחת של סוגיות מדיניות, ביטחוניות ואזוריות מורכבות","unknown","קובץ ההיגדים המצורף בלבד; לא נמצא בקבצי הפרופיל בסיס עובדתי מספיק; ללא גלישה חדשה","0","לא נמצא בקבצי הפרופיל בסיס עובדתי עצמאי על גאלב סלאמנה, ולא בוצעה גלישה חדשה; לכן נשאר unknown לפי הכלל שלא מנחשים."
"גאלב סלאמנה","יכולות","מומחיות מדינית, ביטחונית וממשלית","cap_003","ניסיון במשא ומתן, דיאלוג אסטרטגי או קשרים בינלאומיים","unknown","קובץ ההיגדים המצורף בלבד; לא נמצא בקבצי הפרופיל בסיס עובדתי מספיק; ללא גלישה חדשה","0","לא נמצא בקבצי הפרופיל בסיס עובדתי עצמאי על גאלב סלאמנה, ולא בוצעה גלישה חדשה; לכן נשאר unknown לפי הכלל שלא מנחשים."
"גאלב סלאמנה","יכולות","מומחיות מדינית, ביטחונית וממשלית","cap_004","ניסיון צבאי, מודיעיני או ביטחוני בעל רלוונטיות לעבודה ציבורית","unknown","קובץ ההיגדים המצורף בלבד; לא נמצא בקבצי הפרופיל בסיס עובדתי מספיק; ללא גלישה חדשה","0","לא נמצא בקבצי הפרופיל בסיס עובדתי עצמאי על גאלב סלאמנה, ולא בוצעה גלישה חדשה; לכן נשאר unknown לפי הכלל שלא מנחשים."
"גאלב סלאמנה","יכולות","מומחיות מדינית, ביטחונית וממשלית","cap_005","יכולת לגבש תפיסה מדינית־ביטחונית סדורה ולא רק עמדה ערכית כללית","unknown","קובץ ההיגדים המצורף בלבד; לא נמצא בקבצי הפרופיל בסיס עובדתי מספיק; ללא גלישה חדשה","0","לא נמצא בקבצי הפרופיל בסיס עובדתי עצמאי על גאלב סלאמנה, ולא בוצעה גלישה חדשה; לכן נשאר unknown לפי הכלל שלא מנחשים."
"גאלב סלאמנה","יכולות","מומחיות מדינית, ביטחונית וממשלית","cap_006","יכולת לחבר בין יעדים ביטחוניים לבין יעדים מדיניים ארוכי טווח","unknown","קובץ ההיגדים המצורף בלבד; לא נמצא בקבצי הפרופיל בסיס עובדתי מספיק; ללא גלישה חדשה","0","לא נמצא בקבצי הפרופיל בסיס עובדתי עצמאי על גאלב סלאמנה, ולא בוצעה גלישה חדשה; לכן נשאר unknown לפי הכלל שלא מנחשים."
"גאלב סלאמנה","יכולות","ארגון, ניהול וביצוע","cap_007","ניסיון בהקמה וניהול של ארגונים, חברות, תנועות או מטות פעולה","unknown","קובץ ההיגדים המצורף בלבד; לא נמצא בקבצי הפרופיל בסיס עובדתי מספיק; ללא גלישה חדשה","0","לא נמצא בקבצי הפרופיל בסיס עובדתי עצמאי על גאלב סלאמנה, ולא בוצעה גלישה חדשה; לכן נשאר unknown לפי הכלל שלא מנחשים."
"גאלב סלאמנה","יכולות","ארגון, ניהול וביצוע","cap_008","יכולת להוביל צוותים, תקציבים, קהילות או מערכות מורכבות","unknown","קובץ ההיגדים המצורף בלבד; לא נמצא בקבצי הפרופיל בסיס עובדתי מספיק; ללא גלישה חדשה","0","לא נמצא בקבצי הפרופיל בסיס עובדתי עצמאי על גאלב סלאמנה, ולא בוצעה גלישה חדשה; לכן נשאר unknown לפי הכלל שלא מנחשים."
"גאלב סלאמנה","יכולות","ארגון, ניהול וביצוע","cap_009","הובלת מאבקים ציבוריים שהניבו תוצאות ממשיות","unknown","קובץ ההיגדים המצורף בלבד; לא נמצא בקבצי הפרופיל בסיס עובדתי מספיק; ללא גלישה חדשה","0","לא נמצא בקבצי הפרופיל בסיס עובדתי עצמאי על גאלב סלאמנה, ולא בוצעה גלישה חדשה; לכן נשאר unknown לפי הכלל שלא מנחשים."
"גאלב סלאמנה","יכולות","ארגון, ניהול וביצוע","cap_010","יכולת להפוך רעיון כללי לתשתית פעולה מתמשכת","unknown","קובץ ההיגדים המצורף בלבד; לא נמצא בקבצי הפרופיל בסיס עובדתי מספיק; ללא גלישה חדשה","0","לא נמצא בקבצי הפרופיל בסיס עובדתי עצמאי על גאלב סלאמנה, ולא בוצעה גלישה חדשה; לכן נשאר unknown לפי הכלל שלא מנחשים."
"גאלב סלאמנה","יכולות","ארגון, ניהול וביצוע","cap_011","ניסיון בניהול משברים ציבוריים, פוליטיים או ארגוניים","unknown","קובץ ההיגדים המצורף בלבד; לא נמצא בקבצי הפרופיל בסיס עובדתי מספיק; ללא גלישה חדשה","0","לא נמצא בקבצי הפרופיל בסיס עובדתי עצמאי על גאלב סלאמנה, ולא בוצעה גלישה חדשה; לכן נשאר unknown לפי הכלל שלא מנחשים."
"גאלב סלאמנה","יכולות","ארגון, ניהול וביצוע","cap_012","מוכנות לקחת אחריות אישית גבוהה על מהלך ציבורי או ארגוני","unknown","קובץ ההיגדים המצורף בלבד; לא נמצא בקבצי הפרופיל בסיס עובדתי מספיק; ללא גלישה חדשה","0","לא נמצא בקבצי הפרופיל בסיס עובדתי עצמאי על גאלב סלאמנה, ולא בוצעה גלישה חדשה; לכן נשאר unknown לפי הכלל שלא מנחשים."
"גאלב סלאמנה","יכולות","חקיקה, פוליטיקה ומוסדות","cap_013","ניסיון בעבודה פרלמנטרית, ועדות כנסת, חקיקה או הצעות חוק","unknown","קובץ ההיגדים המצורף בלבד; לא נמצא בקבצי הפרופיל בסיס עובדתי מספיק; ללא גלישה חדשה","0","לא נמצא בקבצי הפרופיל בסיס עובדתי עצמאי על גאלב סלאמנה, ולא בוצעה גלישה חדשה; לכן נשאר unknown לפי הכלל שלא מנחשים."
"גאלב סלאמנה","יכולות","חקיקה, פוליטיקה ומוסדות","cap_014","היכרות מעשית עם מנגנוני מפלגות, פריימריז, רשימות וקואליציות","unknown","קובץ ההיגדים המצורף בלבד; לא נמצא בקבצי הפרופיל בסיס עובדתי מספיק; ללא גלישה חדשה","0","לא נמצא בקבצי הפרופיל בסיס עובדתי עצמאי על גאלב סלאמנה, ולא בוצעה גלישה חדשה; לכן נשאר unknown לפי הכלל שלא מנחשים."
"גאלב סלאמנה","יכולות","חקיקה, פוליטיקה ומוסדות","cap_015","יכולת לפעול בתוך מוסדות קיימים ולא רק מחוץ להם","unknown","קובץ ההיגדים המצורף בלבד; לא נמצא בקבצי הפרופיל בסיס עובדתי מספיק; ללא גלישה חדשה","0","לא נמצא בקבצי הפרופיל בסיס עובדתי עצמאי על גאלב סלאמנה, ולא בוצעה גלישה חדשה; לכן נשאר unknown לפי הכלל שלא מנחשים."
"גאלב סלאמנה","יכולות","חקיקה, פוליטיקה ומוסדות","cap_016","ניסיון בבניית תנועה פוליטית, מפלגה או אלטרנטיבה שלטונית","unknown","קובץ ההיגדים המצורף בלבד; לא נמצא בקבצי הפרופיל בסיס עובדתי מספיק; ללא גלישה חדשה","0","לא נמצא בקבצי הפרופיל בסיס עובדתי עצמאי על גאלב סלאמנה, ולא בוצעה גלישה חדשה; לכן נשאר unknown לפי הכלל שלא מנחשים."
"גאלב סלאמנה","יכולות","חקיקה, פוליטיקה ומוסדות","cap_017","יכולת לייצר שיתופי פעולה בין זרמים, מפלגות או קבוצות אינטרס","unknown","קובץ ההיגדים המצורף בלבד; לא נמצא בקבצי הפרופיל בסיס עובדתי מספיק; ללא גלישה חדשה","0","לא נמצא בקבצי הפרופיל בסיס עובדתי עצמאי על גאלב סלאמנה, ולא בוצעה גלישה חדשה; לכן נשאר unknown לפי הכלל שלא מנחשים."
"גאלב סלאמנה","יכולות","חקיקה, פוליטיקה ומוסדות","cap_018","יכולת לתרגם עמדות אידיאולוגיות לפעולות מוסדיות או חקיקתיות","unknown","קובץ ההיגדים המצורף בלבד; לא נמצא בקבצי הפרופיל בסיס עובדתי מספיק; ללא גלישה חדשה","0","לא נמצא בקבצי הפרופיל בסיס עובדתי עצמאי על גאלב סלאמנה, ולא בוצעה גלישה חדשה; לכן נשאר unknown לפי הכלל שלא מנחשים."
"גאלב סלאמנה","יכולות","תקשורת, הסברה והשפעה ציבורית","cap_019","יכולת ליצור מסרים חדים, ברורים וזכירים","unknown","קובץ ההיגדים המצורף בלבד; לא נמצא בקבצי הפרופיל בסיס עובדתי מספיק; ללא גלישה חדשה","0","לא נמצא בקבצי הפרופיל בסיס עובדתי עצמאי על גאלב סלאמנה, ולא בוצעה גלישה חדשה; לכן נשאר unknown לפי הכלל שלא מנחשים."
"גאלב סלאמנה","יכולות","תקשורת, הסברה והשפעה ציבורית","cap_020","יכולת לייצר תוכן דיגיטלי, ויראלי או תקשורתי שמגיע לקהלים רחבים","unknown","קובץ ההיגדים המצורף בלבד; לא נמצא בקבצי הפרופיל בסיס עובדתי מספיק; ללא גלישה חדשה","0","לא נמצא בקבצי הפרופיל בסיס עובדתי עצמאי על גאלב סלאמנה, ולא בוצעה גלישה חדשה; לכן נשאר unknown לפי הכלל שלא מנחשים."
"גאלב סלאמנה","יכולות","תקשורת, הסברה והשפעה ציבורית","cap_021","ניסיון בהופעה ציבורית, ראיונות, פודקאסטים, קולנוע, כתיבה או הרצאות","unknown","קובץ ההיגדים המצורף בלבד; לא נמצא בקבצי הפרופיל בסיס עובדתי מספיק; ללא גלישה חדשה","0","לא נמצא בקבצי הפרופיל בסיס עובדתי עצמאי על גאלב סלאמנה, ולא בוצעה גלישה חדשה; לכן נשאר unknown לפי הכלל שלא מנחשים."
"גאלב סלאמנה","יכולות","תקשורת, הסברה והשפעה ציבורית","cap_022","יכולת להסביר נושאים מורכבים בשפה נגישה ולא טכנוקרטית","unknown","קובץ ההיגדים המצורף בלבד; לא נמצא בקבצי הפרופיל בסיס עובדתי מספיק; ללא גלישה חדשה","0","לא נמצא בקבצי הפרופיל בסיס עובדתי עצמאי על גאלב סלאמנה, ולא בוצעה גלישה חדשה; לכן נשאר unknown לפי הכלל שלא מנחשים."
"גאלב סלאמנה","יכולות","תקשורת, הסברה והשפעה ציבורית","cap_023","יכולת לנהל מאבק תודעתי מול יריבים פוליטיים או תקשורתיים","unknown","קובץ ההיגדים המצורף בלבד; לא נמצא בקבצי הפרופיל בסיס עובדתי מספיק; ללא גלישה חדשה","0","לא נמצא בקבצי הפרופיל בסיס עובדתי עצמאי על גאלב סלאמנה, ולא בוצעה גלישה חדשה; לכן נשאר unknown לפי הכלל שלא מנחשים."
"גאלב סלאמנה","יכולות","תקשורת, הסברה והשפעה ציבורית","cap_024","יכולת להפוך סיפור אישי או ערכי לכלי גיוס ציבורי","unknown","קובץ ההיגדים המצורף בלבד; לא נמצא בקבצי הפרופיל בסיס עובדתי מספיק; ללא גלישה חדשה","0","לא נמצא בקבצי הפרופיל בסיס עובדתי עצמאי על גאלב סלאמנה, ולא בוצעה גלישה חדשה; לכן נשאר unknown לפי הכלל שלא מנחשים."
"גאלב סלאמנה","יכולות","חיבור בין קהלים ועולמות","cap_025","יכולת לחבר בין יהודים לערבים בתוך מסגרת פוליטית או אזרחית משותפת","unknown","קובץ ההיגדים המצורף בלבד; לא נמצא בקבצי הפרופיל בסיס עובדתי מספיק; ללא גלישה חדשה","0","לא נמצא בקבצי הפרופיל בסיס עובדתי עצמאי על גאלב סלאמנה, ולא בוצעה גלישה חדשה; לכן נשאר unknown לפי הכלל שלא מנחשים."
"גאלב סלאמנה","יכולות","חיבור בין קהלים ועולמות","cap_026","יכולת לחבר בין שמאל ליברלי לבין פריפריה מזרחית, מסורתית או גיאוגרפית","unknown","קובץ ההיגדים המצורף בלבד; לא נמצא בקבצי הפרופיל בסיס עובדתי מספיק; ללא גלישה חדשה","0","לא נמצא בקבצי הפרופיל בסיס עובדתי עצמאי על גאלב סלאמנה, ולא בוצעה גלישה חדשה; לכן נשאר unknown לפי הכלל שלא מנחשים."
"גאלב סלאמנה","יכולות","חיבור בין קהלים ועולמות","cap_027","יכולת לחבר בין עולם המחאה לבין עבודה מפלגתית ומוסדית","unknown","קובץ ההיגדים המצורף בלבד; לא נמצא בקבצי הפרופיל בסיס עובדתי מספיק; ללא גלישה חדשה","0","לא נמצא בקבצי הפרופיל בסיס עובדתי עצמאי על גאלב סלאמנה, ולא בוצעה גלישה חדשה; לכן נשאר unknown לפי הכלל שלא מנחשים."
"גאלב סלאמנה","יכולות","חיבור בין קהלים ועולמות","cap_028","יכולת לחבר בין היי־טק, חדשנות ודיגיטל לבין פוליטיקה ציבורית","unknown","קובץ ההיגדים המצורף בלבד; לא נמצא בקבצי הפרופיל בסיס עובדתי מספיק; ללא גלישה חדשה","0","לא נמצא בקבצי הפרופיל בסיס עובדתי עצמאי על גאלב סלאמנה, ולא בוצעה גלישה חדשה; לכן נשאר unknown לפי הכלל שלא מנחשים."
"גאלב סלאמנה","יכולות","חיבור בין קהלים ועולמות","cap_029","יכולת לחבר בין שפה מקצועית־ביטחונית לבין שפה אזרחית וערכית","unknown","קובץ ההיגדים המצורף בלבד; לא נמצא בקבצי הפרופיל בסיס עובדתי מספיק; ללא גלישה חדשה","0","לא נמצא בקבצי הפרופיל בסיס עובדתי עצמאי על גאלב סלאמנה, ולא בוצעה גלישה חדשה; לכן נשאר unknown לפי הכלל שלא מנחשים."
"גאלב סלאמנה","יכולות","חיבור בין קהלים ועולמות","cap_030","אמינות מול קהילות שטח ולא רק מול קהל תקשורתי או אליטיסטי","unknown","קובץ ההיגדים המצורף בלבד; לא נמצא בקבצי הפרופיל בסיס עובדתי מספיק; ללא גלישה חדשה","0","לא נמצא בקבצי הפרופיל בסיס עובדתי עצמאי על גאלב סלאמנה, ולא בוצעה גלישה חדשה; לכן נשאר unknown לפי הכלל שלא מנחשים."
"גאלב סלאמנה","יכולות","חדשנות, למידה ושיתוף ציבור","cap_031","שימוש בטכנולוגיה, מידע או כלים דיגיטליים לשיתוף ציבור וארגון פוליטי","unknown","קובץ ההיגדים המצורף בלבד; לא נמצא בקבצי הפרופיל בסיס עובדתי מספיק; ללא גלישה חדשה","0","לא נמצא בקבצי הפרופיל בסיס עובדתי עצמאי על גאלב סלאמנה, ולא בוצעה גלישה חדשה; לכן נשאר unknown לפי הכלל שלא מנחשים."
"גאלב סלאמנה","יכולות","חדשנות, למידה ושיתוף ציבור","cap_032","חשיבה מערכתית שמזהה קשרים בין משבר פוליטי, כלכלה, ביטחון וחברה","unknown","קובץ ההיגדים המצורף בלבד; לא נמצא בקבצי הפרופיל בסיס עובדתי מספיק; ללא גלישה חדשה","0","לא נמצא בקבצי הפרופיל בסיס עובדתי עצמאי על גאלב סלאמנה, ולא בוצעה גלישה חדשה; לכן נשאר unknown לפי הכלל שלא מנחשים."
"גאלב סלאמנה","יכולות","חדשנות, למידה ושיתוף ציבור","cap_033","יזמות בפתרונות לא שגרתיים לבעיות פוליטיות או חברתיות","unknown","קובץ ההיגדים המצורף בלבד; לא נמצא בקבצי הפרופיל בסיס עובדתי מספיק; ללא גלישה חדשה","0","לא נמצא בקבצי הפרופיל בסיס עובדתי עצמאי על גאלב סלאמנה, ולא בוצעה גלישה חדשה; לכן נשאר unknown לפי הכלל שלא מנחשים."
"גאלב סלאמנה","יכולות","חדשנות, למידה ושיתוף ציבור","cap_034","יכולת ללמוד תחומים חדשים ולהפוך אותם לשפה ציבורית ברורה","unknown","קובץ ההיגדים המצורף בלבד; לא נמצא בקבצי הפרופיל בסיס עובדתי מספיק; ללא גלישה חדשה","0","לא נמצא בקבצי הפרופיל בסיס עובדתי עצמאי על גאלב סלאמנה, ולא בוצעה גלישה חדשה; לכן נשאר unknown לפי הכלל שלא מנחשים."
"גאלב סלאמנה","יכולות","חדשנות, למידה ושיתוף ציבור","cap_035","שילוב בין ידע מקצועי, ניסיון אישי וערכים פוליטיים","unknown","קובץ ההיגדים המצורף בלבד; לא נמצא בקבצי הפרופיל בסיס עובדתי מספיק; ללא גלישה חדשה","0","לא נמצא בקבצי הפרופיל בסיס עובדתי עצמאי על גאלב סלאמנה, ולא בוצעה גלישה חדשה; לכן נשאר unknown לפי הכלל שלא מנחשים."
"גאלב סלאמנה","יכולות","חדשנות, למידה ושיתוף ציבור","cap_036","פתיחות לניסויים ארגוניים ודמוקרטיים חדשים ולא רק לשיטות פוליטיות קיימות","unknown","קובץ ההיגדים המצורף בלבד; לא נמצא בקבצי הפרופיל בסיס עובדתי מספיק; ללא גלישה חדשה","0","לא נמצא בקבצי הפרופיל בסיס עובדתי עצמאי על גאלב סלאמנה, ולא בוצעה גלישה חדשה; לכן נשאר unknown לפי הכלל שלא מנחשים."
"הדס רגולסקי","דעות","דמוקרטיה, משילות ותיקון מוסדות המדינה","D-001","נטייה לתיקון חוקתי ומוסדי עמוק, ולא רק להחלפת ממשלה","supports","קבצי פרופיל פרויקט הדמוקרטים: דבר/הארץ על הצטרפות מובילי מחאה ובהם לי הופמן והדס רגולסקי; ללא גלישה חדשה","74","הפרופיל הזמין מציב אותה בין דמויות המחאה שהצטרפו לדמוקרטים; יש בסיס טוב לתמיכה במאבק דמוקרטי ובשקיפות ציבורית."
"הדס רגולסקי","דעות","דמוקרטיה, משילות ותיקון מוסדות המדינה","D-002","ראיית המשבר הדמוקרטי כתוצאה של שיטה פוליטית פגומה ולא רק של אדם או ממשלה מסוימת","supports","קבצי פרופיל פרויקט הדמוקרטים: דבר/הארץ על הצטרפות מובילי מחאה ובהם לי הופמן והדס רגולסקי; ללא גלישה חדשה","74","הפרופיל הזמין מציב אותה בין דמויות המחאה שהצטרפו לדמוקרטים; יש בסיס טוב לתמיכה במאבק דמוקרטי ובשקיפות ציבורית."
"הדס רגולסקי","דעות","דמוקרטיה, משילות ותיקון מוסדות המדינה","D-003","נכונות למאבק ציבורי חריף כאשר מוסדות המדינה נתפסים כמאוימים","supports","קבצי פרופיל פרויקט הדמוקרטים: דבר/הארץ על הצטרפות מובילי מחאה ובהם לי הופמן והדס רגולסקי; ללא גלישה חדשה","74","הפרופיל הזמין מציב אותה בין דמויות המחאה שהצטרפו לדמוקרטים; יש בסיס טוב לתמיכה במאבק דמוקרטי ובשקיפות ציבורית."
"הדס רגולסקי","דעות","דמוקרטיה, משילות ותיקון מוסדות המדינה","D-004","העדפה לשיקום ממלכתי, זהיר ומוסדי של המדינה לאחר המשבר","mixed","קבצי פרופיל פרויקט הדמוקרטים: דבר/הארץ על הצטרפות מובילי מחאה ובהם לי הופמן והדס רגולסקי; ללא גלישה חדשה","58","יש בסיס לשיקום דמוקרטי אך לא נמצא מידע שמכריע בין ממלכתיות זהירה לבין מאבק חד."
"הדס רגולסקי","דעות","דמוקרטיה, משילות ותיקון מוסדות המדינה","D-005","תמיכה בשיתוף ציבור, דמוקרטיה פנימית ושקיפות בתוך המפלגה ובמערכת הפוליטית","supports","קבצי פרופיל פרויקט הדמוקרטים: דבר/הארץ על הצטרפות מובילי מחאה ובהם לי הופמן והדס רגולסקי; ללא גלישה חדשה","74","הפרופיל הזמין מציב אותה בין דמויות המחאה שהצטרפו לדמוקרטים; יש בסיס טוב לתמיכה במאבק דמוקרטי ובשקיפות ציבורית."
"הדס רגולסקי","דעות","דמוקרטיה, משילות ותיקון מוסדות המדינה","D-006","נכונות להגביל כוח שלטוני גם כאשר הכוח נמצא בידי המחנה הקרוב אידיאולוגית","supports","קבצי פרופיל פרויקט הדמוקרטים: דבר/הארץ על הצטרפות מובילי מחאה ובהם לי הופמן והדס רגולסקי; ללא גלישה חדשה","74","הפרופיל הזמין מציב אותה בין דמויות המחאה שהצטרפו לדמוקרטים; יש בסיס טוב לתמיכה במאבק דמוקרטי ובשקיפות ציבורית."
"הדס רגולסקי","דעות","יחס למחנה השני ויכולת גישור","D-007","ראיית מצביעי המחנה השני כיריבים פוליטיים לגיטימיים ולא כאויבים","mixed","קבצי פרופיל פרויקט הדמוקרטים: דבר/הארץ על הצטרפות מובילי מחאה ובהם לי הופמן והדס רגולסקי; ללא גלישה חדשה","55","יש בסיס חלקי למחויבות דמוקרטית, אך לא נמצאה עמדה מפורטת על היחס למחנה השני."
"הדס רגולסקי","דעות","יחס למחנה השני ויכולת גישור","D-008","הבחנה בין הנהגת המחנה השני לבין הציבור הרחב שתומך בה","mixed","קבצי פרופיל פרויקט הדמוקרטים: דבר/הארץ על הצטרפות מובילי מחאה ובהם לי הופמן והדס רגולסקי; ללא גלישה חדשה","55","יש בסיס חלקי למחויבות דמוקרטית, אך לא נמצאה עמדה מפורטת על היחס למחנה השני."
"הדס רגולסקי","דעות","יחס למחנה השני ויכולת גישור","D-009","אמונה שאפשר לבנות גשר מחודש בין המחנה הדמוקרטי־ליברלי לבין חלקים מהימין המסורתי","mixed","קבצי פרופיל פרויקט הדמוקרטים: דבר/הארץ על הצטרפות מובילי מחאה ובהם לי הופמן והדס רגולסקי; ללא גלישה חדשה","55","השתלבות במחנה הדמוקרטי מאפשרת בסיס חלקי לרעיון גישור, אך אין בפרופיל הצהרה מספקת."
"הדס רגולסקי","דעות","יחס למחנה השני ויכולת גישור","D-010","העדפה להכרעה פוליטית ברורה על פני פיוס מוקדם עם המחנה השני","supports","קבצי פרופיל פרויקט הדמוקרטים: דבר/הארץ על הצטרפות מובילי מחאה ובהם לי הופמן והדס רגולסקי; ללא גלישה חדשה","63","הזיהוי עם מחאה נגד הממשלה מצביע על נכונות למאבק וקווים אדומים בנושאים דמוקרטיים."
"הדס רגולסקי","דעות","יחס למחנה השני ויכולת גישור","D-011","נכונות לשיח עם דתיים, מסורתיים, חרדים וימנים גם כאשר קיימת מחלוקת ערכית עמוקה","mixed","קבצי פרופיל פרויקט הדמוקרטים: דבר/הארץ על הצטרפות מובילי מחאה ובהם לי הופמן והדס רגולסקי; ללא גלישה חדשה","55","יש בסיס חלקי למחויבות דמוקרטית, אך לא נמצאה עמדה מפורטת על היחס למחנה השני."
"הדס רגולסקי","דעות","יחס למחנה השני ויכולת גישור","D-012","ראיית חלק מהמחנה השני כשותף עתידי אפשרי לשיקום המדינה לאחר עידן נתניהו","mixed","קבצי פרופיל פרויקט הדמוקרטים: דבר/הארץ על הצטרפות מובילי מחאה ובהם לי הופמן והדס רגולסקי; ללא גלישה חדשה","55","יש בסיס חלקי למחויבות דמוקרטית, אך לא נמצאה עמדה מפורטת על היחס למחנה השני."
"הדס רגולסקי","דעות","שסעים פנימיים בחברה היהודית","D-013","ראיית השסע העדתי והפריפריאלי כמרכיב מרכזי במשבר הפוליטי בישראל","unknown","קובץ ההיגדים המצורף בלבד; לא נמצא בקבצי הפרופיל בסיס עובדתי מספיק; ללא גלישה חדשה","0","לא נמצא בסיס מספק בפרופיל לעמדה על שסעים עדתיים, דתיים או פריפריאליים."
"הדס רגולסקי","דעות","שסעים פנימיים בחברה היהודית","D-014","נכונות לדבר עם מצביעים מזרחים, מסורתיים ופריפריאליים בשפה שאינה מתנשאת ואינה רק ליברלית־אשכנזית","unknown","קובץ ההיגדים המצורף בלבד; לא נמצא בקבצי הפרופיל בסיס עובדתי מספיק; ללא גלישה חדשה","0","לא נמצא בסיס מספק בפרופיל לעמדה על שסעים עדתיים, דתיים או פריפריאליים."
"הדס רגולסקי","דעות","שסעים פנימיים בחברה היהודית","D-015","ראיית השסע הדתי־חילוני כאיום מרכזי על הלכידות של החברה היהודית בישראל","unknown","קובץ ההיגדים המצורף בלבד; לא נמצא בקבצי הפרופיל בסיס עובדתי מספיק; ללא גלישה חדשה","0","לא נמצא בסיס מספק בפרופיל לעמדה על שסעים עדתיים, דתיים או פריפריאליים."
"הדס רגולסקי","דעות","שסעים פנימיים בחברה היהודית","D-016","תמיכה בבניית ברית חדשה בין ליברלים, מסורתיים, דתיים מתונים ופריפריה חברתית","mixed","קבצי פרופיל פרויקט הדמוקרטים: דבר/הארץ על הצטרפות מובילי מחאה ובהם לי הופמן והדס רגולסקי; ללא גלישה חדשה","55","השתלבות במחנה הדמוקרטי מאפשרת בסיס חלקי לרעיון גישור, אך אין בפרופיל הצהרה מספקת."
"הדס רגולסקי","דעות","שסעים פנימיים בחברה היהודית","D-017","ביקורת על מחנה המרכז־שמאל כאשר הוא נתפס כמנותק, אליטיסטי או חסר רגישות לפריפריה","unknown","קובץ ההיגדים המצורף בלבד; לא נמצא בקבצי הפרופיל בסיס עובדתי מספיק; ללא גלישה חדשה","0","לא נמצא בסיס מספק בפרופיל לעמדה על שסעים עדתיים, דתיים או פריפריאליים."
"הדס רגולסקי","דעות","שסעים פנימיים בחברה היהודית","D-018","העדפה לתיקון יחסי מרכז־פריפריה כחלק מבניית מחנה דמוקרטי רחב","unknown","קובץ ההיגדים המצורף בלבד; לא נמצא בקבצי הפרופיל בסיס עובדתי מספיק; ללא גלישה חדשה","0","לא נמצא בסיס מספק בפרופיל לעמדה על שסעים עדתיים, דתיים או פריפריאליים."
"הדס רגולסקי","דעות","מדינה יהודית ודמוקרטית, דת ומדינה","D-019","העדפה לזהות ישראלית שבה הרכיב הדמוקרטי קודם לרכיב הדתי־לאומי כאשר יש התנגשות ביניהם","supports","קבצי פרופיל פרויקט הדמוקרטים: דבר/הארץ על הצטרפות מובילי מחאה ובהם לי הופמן והדס רגולסקי; ללא גלישה חדשה","60","הזיקה למחנה הדמוקרטי־ליברלי נותנת בסיס חלקי לקו ליברלי בדת ומדינה, אך לא נמצא פירוט אישי."
"הדס רגולסקי","דעות","מדינה יהודית ודמוקרטית, דת ומדינה","D-020","העדפה לזהות ישראלית שבה היהדות היא מקור תרבותי וערכי, אך אינה צריכה לשלוט במוסדות המדינה","supports","קבצי פרופיל פרויקט הדמוקרטים: דבר/הארץ על הצטרפות מובילי מחאה ובהם לי הופמן והדס רגולסקי; ללא גלישה חדשה","60","הזיקה למחנה הדמוקרטי־ליברלי נותנת בסיס חלקי לקו ליברלי בדת ומדינה, אך לא נמצא פירוט אישי."
"הדס רגולסקי","דעות","מדינה יהודית ודמוקרטית, דת ומדינה","D-021","תמיכה בהפרדה ברורה יותר בין סמכות דתית לבין סמכות מדינתית","supports","קבצי פרופיל פרויקט הדמוקרטים: דבר/הארץ על הצטרפות מובילי מחאה ובהם לי הופמן והדס רגולסקי; ללא גלישה חדשה","60","הזיקה למחנה הדמוקרטי־ליברלי נותנת בסיס חלקי לקו ליברלי בדת ומדינה, אך לא נמצא פירוט אישי."
"הדס רגולסקי","דעות","מדינה יהודית ודמוקרטית, דת ומדינה","D-022","נכונות לשמר מרכיבים יהודיים־מסורתיים במרחב הציבורי כדי לאפשר שותפות עם ציבור מסורתי ודתי","mixed","קובץ ההיגדים המצורף בלבד; לא נמצא בקבצי הפרופיל בסיס עובדתי מספיק; ללא גלישה חדשה","50","לא נמצא בסיס מספיק לעמדה מפורטת על איזון מסורת או שוויון חובות."
"הדס רגולסקי","דעות","מדינה יהודית ודמוקרטית, דת ומדינה","D-023","התנגדות לכפייה דתית בנושאי נישואין, שבת, חינוך, מעמד אישי או שירות ציבורי","supports","קבצי פרופיל פרויקט הדמוקרטים: דבר/הארץ על הצטרפות מובילי מחאה ובהם לי הופמן והדס רגולסקי; ללא גלישה חדשה","60","הזיקה למחנה הדמוקרטי־ליברלי נותנת בסיס חלקי לקו ליברלי בדת ומדינה, אך לא נמצא פירוט אישי."
"הדס רגולסקי","דעות","מדינה יהודית ודמוקרטית, דת ומדינה","D-024","תמיכה בשוויון חובות אזרחיות בין קבוצות, כולל שאלת גיוס חרדים או שירות אזרחי","mixed","קובץ ההיגדים המצורף בלבד; לא נמצא בקבצי הפרופיל בסיס עובדתי מספיק; ללא גלישה חדשה","50","לא נמצא בסיס מספיק לעמדה מפורטת על איזון מסורת או שוויון חובות."
"הדס רגולסקי","דעות","הפרדה, גישור או שתי מדינות לעם היהודי","D-025","אמונה שהפער בין ישראל ליברלית לבין ישראל שמרנית־דתית עדיין ניתן לגישור פוליטי וחברתי","mixed","קבצי פרופיל פרויקט הדמוקרטים: דבר/הארץ על הצטרפות מובילי מחאה ובהם לי הופמן והדס רגולסקי; ללא גלישה חדשה","55","השתלבות במחנה הדמוקרטי מאפשרת בסיס חלקי לרעיון גישור, אך אין בפרופיל הצהרה מספקת."
"הדס רגולסקי","דעות","הפרדה, גישור או שתי מדינות לעם היהודי","D-026","ראיית הפער בין המחנות כעמוק עד כדי צורך בהסדרים של אוטונומיה, ביזור או הפרדה חלקית","unknown","קובץ ההיגדים המצורף בלבד; לא נמצא בקבצי הפרופיל בסיס עובדתי מספיק; ללא גלישה חדשה","0","לא נמצא בסיס עובדתי מספיק בפרופיל הזמין כדי לקבוע את ההיגד בלי ניחוש."
"הדס רגולסקי","דעות","הפרדה, גישור או שתי מדינות לעם היהודי","D-027","תמיכה בביזור סמכויות לשלטון מקומי כדי לאפשר לקהילות שונות לחיות לפי אורחות חיים שונים","unknown","קובץ ההיגדים המצורף בלבד; לא נמצא בקבצי הפרופיל בסיס עובדתי מספיק; ללא גלישה חדשה","0","לא נמצא בסיס עובדתי מספיק בפרופיל הזמין כדי לקבוע את ההיגד בלי ניחוש."
"הדס רגולסקי","דעות","הפרדה, גישור או שתי מדינות לעם היהודי","D-028","התנגדות לרעיון של שתי מדינות לעם היהודי והעדפה למאבק על מסגרת מדינתית אחת משותפת","unknown","קובץ ההיגדים המצורף בלבד; לא נמצא בקבצי הפרופיל בסיס עובדתי מספיק; ללא גלישה חדשה","0","לא נמצא בסיס עובדתי מספיק בפרופיל הזמין כדי לקבוע את ההיגד בלי ניחוש."
"הדס רגולסקי","דעות","הפרדה, גישור או שתי מדינות לעם היהודי","D-029","פתיחות לרעיון של הסדרים פנימיים חדשים בין חילונים, דתיים, חרדים, מסורתיים וליברלים","mixed","קבצי פרופיל פרויקט הדמוקרטים: דבר/הארץ על הצטרפות מובילי מחאה ובהם לי הופמן והדס רגולסקי; ללא גלישה חדשה","55","השתלבות במחנה הדמוקרטי מאפשרת בסיס חלקי לרעיון גישור, אך אין בפרופיל הצהרה מספקת."
"הדס רגולסקי","דעות","הפרדה, גישור או שתי מדינות לעם היהודי","D-030","ראיית המשבר הישראלי לא רק כמאבק ימין־שמאל אלא כמאבק בין מודלים שונים של חיים משותפים","mixed","קבצי פרופיל פרויקט הדמוקרטים: דבר/הארץ על הצטרפות מובילי מחאה ובהם לי הופמן והדס רגולסקי; ללא גלישה חדשה","55","השתלבות במחנה הדמוקרטי מאפשרת בסיס חלקי לרעיון גישור, אך אין בפרופיל הצהרה מספקת."
"הדס רגולסקי","דעות","יהודים־ערבים, שוויון אזרחי וחיים משותפים","D-031","ראיית אזרחי ישראל הערבים כחלק מלא מהדיון על עתיד המדינה ולא כעניין נפרד או משני","mixed","קבצי פרופיל פרויקט הדמוקרטים: דבר/הארץ על הצטרפות מובילי מחאה ובהם לי הופמן והדס רגולסקי; ללא גלישה חדשה","54","יש בסיס כללי לערכי שוויון דמוקרטיים, אך לא נמצאה עמדה ישירה בנושא יהודים־ערבים."
"הדס רגולסקי","דעות","יהודים־ערבים, שוויון אזרחי וחיים משותפים","D-032","תמיכה בשוויון אזרחי גם כאשר הוא מחייב שינוי בחוקים, סמלים או חלוקת משאבים","unknown","קובץ ההיגדים המצורף בלבד; לא נמצא בקבצי הפרופיל בסיס עובדתי מספיק; ללא גלישה חדשה","0","לא נמצא בסיס לקביעה על שינוי חוקים, סמלים או שילוב במוקדי החלטה."
"הדס רגולסקי","דעות","יהודים־ערבים, שוויון אזרחי וחיים משותפים","D-033","תמיכה בשותפות פוליטית יהודית־ערבית כחלק מבניית מחנה דמוקרטי רחב","mixed","קבצי פרופיל פרויקט הדמוקרטים: דבר/הארץ על הצטרפות מובילי מחאה ובהם לי הופמן והדס רגולסקי; ללא גלישה חדשה","54","יש בסיס כללי לערכי שוויון דמוקרטיים, אך לא נמצאה עמדה ישירה בנושא יהודים־ערבים."
"הדס רגולסקי","דעות","יהודים־ערבים, שוויון אזרחי וחיים משותפים","D-034","העדפה לשילוב אזרחים ערבים במוקדי קבלת החלטות, כולל בתחומים מדיניים וביטחוניים","unknown","קובץ ההיגדים המצורף בלבד; לא נמצא בקבצי הפרופיל בסיס עובדתי מספיק; ללא גלישה חדשה","0","לא נמצא בסיס לקביעה על שינוי חוקים, סמלים או שילוב במוקדי החלטה."
"הדס רגולסקי","דעות","יהודים־ערבים, שוויון אזרחי וחיים משותפים","D-035","התנגדות לגזענות, הדרה או דה־לגיטימציה של הציבור הערבי בישראל","mixed","קבצי פרופיל פרויקט הדמוקרטים: דבר/הארץ על הצטרפות מובילי מחאה ובהם לי הופמן והדס רגולסקי; ללא גלישה חדשה","54","יש בסיס כללי לערכי שוויון דמוקרטיים, אך לא נמצאה עמדה ישירה בנושא יהודים־ערבים."
"הדס רגולסקי","דעות","יהודים־ערבים, שוויון אזרחי וחיים משותפים","D-036","הכרה בכך שחיים משותפים מחייבים גם התמודדות עם פחדים, טראומות וחוסר אמון בשני הצדדים","mixed","קבצי פרופיל פרויקט הדמוקרטים: דבר/הארץ על הצטרפות מובילי מחאה ובהם לי הופמן והדס רגולסקי; ללא גלישה חדשה","54","יש בסיס כללי לערכי שוויון דמוקרטיים, אך לא נמצאה עמדה ישירה בנושא יהודים־ערבים."
"הדס רגולסקי","דעות","ביטחון, פלסטינים והסדר מדיני","D-037","תמיכה בנתיב מדיני ארוך טווח מול הפלסטינים, גם לאחר שבעה באוקטובר","unknown","קובץ ההיגדים המצורף בלבד; לא נמצא בקבצי הפרופיל בסיס עובדתי מספיק; ללא גלישה חדשה","0","לא נמצא בפרופיל בסיס לעמדה מדינית־ביטחונית מפורטת."
"הדס רגולסקי","דעות","ביטחון, פלסטינים והסדר מדיני","D-038","העדפה להיפרדות מדינית וביטחונית מהפלסטינים כדי לשמור על ישראל יהודית ודמוקרטית","unknown","קובץ ההיגדים המצורף בלבד; לא נמצא בקבצי הפרופיל בסיס עובדתי מספיק; ללא גלישה חדשה","0","לא נמצא בפרופיל בסיס לעמדה מדינית־ביטחונית מפורטת."
"הדס רגולסקי","דעות","ביטחון, פלסטינים והסדר מדיני","D-039","תמיכה בפתרון שתי מדינות או במודל קרוב לו כיעד אסטרטגי","unknown","קובץ ההיגדים המצורף בלבד; לא נמצא בקבצי הפרופיל בסיס עובדתי מספיק; ללא גלישה חדשה","0","לא נמצא בפרופיל בסיס לעמדה מדינית־ביטחונית מפורטת."
"הדס רגולסקי","דעות","ביטחון, פלסטינים והסדר מדיני","D-040","פתיחות למודלים מדיניים מורכבים כגון קונפדרציה, גבולות פתוחים או הסדר אזורי","unknown","קובץ ההיגדים המצורף בלבד; לא נמצא בקבצי הפרופיל בסיס עובדתי מספיק; ללא גלישה חדשה","0","לא נמצא בפרופיל בסיס לעמדה מדינית־ביטחונית מפורטת."
"הדס רגולסקי","דעות","ביטחון, פלסטינים והסדר מדיני","D-041","התנגדות להמשך שליטה ישראלית קבועה על אוכלוסייה פלסטינית ללא זכויות אזר מלאות","unknown","קובץ ההיגדים המצורף בלבד; לא נמצא בקבצי הפרופיל בסיס עובדתי מספיק; ללא גלישה חדשה","0","לא נמצא בפרופיל בסיס לעמדה מדינית־ביטחונית מפורטת."
"הדס רגולסקי","דעות","ביטחון, פלסטינים והסדר מדיני","D-042","ראיית הסדר אזורי עם מדינות ערביות מתונות כחלק מרכזי מהעתיד הביטחוני של ישראל","unknown","קובץ ההיגדים המצורף בלבד; לא נמצא בקבצי הפרופיל בסיס עובדתי מספיק; ללא גלישה חדשה","0","לא נמצא בפרופיל בסיס לעמדה מדינית־ביטחונית מפורטת."
"הדס רגולסקי","דעות","שבעה באוקטובר, אחריות, חטופים וזיכרון לאומי","D-043","ראיית שבעה באוקטובר כאירוע שמחייב חשבון נפש מדינתי, מוסדי וחברתי עמוק","supports","קבצי פרופיל פרויקט הדמוקרטים: דבר/הארץ על הצטרפות מובילי מחאה ובהם לי הופמן והדס רגולסקי; ללא גלישה חדשה","63","כדמות מחאה/תקשורת במחנה הדמוקרטי יש בסיס לחשבון נפש, אחריות והתנגדות לשימוש ציני בכאב ציבורי."
"הדס רגולסקי","דעות","שבעה באוקטובר, אחריות, חטופים וזיכרון לאומי","D-044","תמיכה בוועדת חקירה ממלכתית ובאחריות אישית של הדרג המדיני והביטחוני","supports","קבצי פרופיל פרויקט הדמוקרטים: דבר/הארץ על הצטרפות מובילי מחאה ובהם לי הופמן והדס רגולסקי; ללא גלישה חדשה","63","כדמות מחאה/תקשורת במחנה הדמוקרטי יש בסיס לחשבון נפש, אחריות והתנגדות לשימוש ציני בכאב ציבורי."
"הדס רגולסקי","דעות","שבעה באוקטובר, אחריות, חטופים וזיכרון לאומי","D-045","ראיית החטופים והמשפחות כסמל מוסרי מרכזי של אחריות המדינה לאזרחיה","mixed","קבצי פרופיל פרויקט הדמוקרטים: דבר/הארץ על הצטרפות מובילי מחאה ובהם לי הופמן והדס רגולסקי; ללא גלישה חדשה","55","יש בסיס כללי לאחריות מדינה, אך לא נמצא בפרופיל מיקוד מובהק בחטופים או בעוטף."
"הדס רגולסקי","דעות","שבעה באוקטובר, אחריות, חטופים וזיכרון לאומי","D-046","התנגדות לשימוש פוליטי ציני בכאב של משפחות, נפגעים או קהילות שנפגעו במלחמה","supports","קבצי פרופיל פרויקט הדמוקרטים: דבר/הארץ על הצטרפות מובילי מחאה ובהם לי הופמן והדס רגולסקי; ללא גלישה חדשה","63","כדמות מחאה/תקשורת במחנה הדמוקרטי יש בסיס לחשבון נפש, אחריות והתנגדות לשימוש ציני בכאב ציבורי."
"הדס רגולסקי","דעות","שבעה באוקטובר, אחריות, חטופים וזיכרון לאומי","D-047","תמיכה בשיקום העוטף והקהילות שנפגעו כחלק מהחוזה הבסיסי בין המדינה לאזרחיה","mixed","קבצי פרופיל פרויקט הדמוקרטים: דבר/הארץ על הצטרפות מובילי מחאה ובהם לי הופמן והדס רגולסקי; ללא גלישה חדשה","55","יש בסיס כללי לאחריות מדינה, אך לא נמצא בפרופיל מיקוד מובהק בחטופים או בעוטף."
"הדס רגולסקי","דעות","שבעה באוקטובר, אחריות, חטופים וזיכרון לאומי","D-048","ראיית הטראומה של שבעה באוקטובר כבסיס לבניית מדיניות חדשה, לא רק כהצדקה להמשך מלחמה","supports","קבצי פרופיל פרויקט הדמוקרטים: דבר/הארץ על הצטרפות מובילי מחאה ובהם לי הופמן והדס רגולסקי; ללא גלישה חדשה","63","כדמות מחאה/תקשורת במחנה הדמוקרטי יש בסיס לחשבון נפש, אחריות והתנגדות לשימוש ציני בכאב ציבורי."
"הדס רגולסקי","דעות","חברה, כלכלה, רווחה ופריפריה","D-049","הצבת צמצום אי־שוויון חברתי־כלכלי כנושא מרכזי בזהות הפוליטית","unknown","קובץ ההיגדים המצורף בלבד; לא נמצא בקבצי הפרופיל בסיס עובדתי מספיק; ללא גלישה חדשה","0","לא נמצא בפרופיל הזמין בסיס לעמדה חברתית־כלכלית מפורטת."
"הדס רגולסקי","דעות","חברה, כלכלה, רווחה ופריפריה","D-050","תמיכה בהרחבת אחריות המדינה בתחומי דיור, חינוך, בריאות ורווחה","unknown","קובץ ההיגדים המצורף בלבד; לא נמצא בקבצי הפרופיל בסיס עובדתי מספיק; ללא גלישה חדשה","0","לא נמצא בפרופיל הזמין בסיס לעמדה חברתית־כלכלית מפורטת."
"הדס רגולסקי","דעות","חברה, כלכלה, רווחה ופריפריה","D-051","תמיכה בזכויות עובדים, עבודה מאורגנת והגנה על שכבות מוחלשות","unknown","קובץ ההיגדים המצורף בלבד; לא נמצא בקבצי הפרופיל בסיס עובדתי מספיק; ללא גלישה חדשה","0","לא נמצא בפרופיל הזמין בסיס לעמדה חברתית־כלכלית מפורטת."
"הדס רגולסקי","דעות","חברה, כלכלה, רווחה ופריפריה","D-052","ראיית הפריפריה הגיאוגרפית והחברתית כשותפה אסטרטגית ולא כקהל יעד משני","unknown","קובץ ההיגדים המצורף בלבד; לא נמצא בקבצי הפרופיל בסיס עובדתי מספיק; ללא גלישה חדשה","0","לא נמצא בפרופיל הזמין בסיס לעמדה חברתית־כלכלית מפורטת."
"הדס רגולסקי","דעות","חברה, כלכלה, רווחה ופריפריה","D-053","תמיכה בהשקעה ארוכת טווח בנגב, בגליל, בעוטף ובערים מוחלשות","unknown","קובץ ההיגדים המצורף בלבד; לא נמצא בקבצי הפרופיל בסיס עובדתי מספיק; ללא גלישה חדשה","0","לא נמצא בפרופיל הזמין בסיס לעמדה חברתית־כלכלית מפורטת."
"הדס רגולסקי","דעות","חברה, כלכלה, רווחה ופריפריה","D-054","חיבור בין צדק חברתי לבין בניית מחנה פוליטי חדש ורחב יותר","unknown","קובץ ההיגדים המצורף בלבד; לא נמצא בקבצי הפרופיל בסיס עובדתי מספיק; ללא גלישה חדשה","0","לא נמצא בפרופיל הזמין בסיס לעמדה חברתית־כלכלית מפורטת."
"הדס רגולסקי","דעות","סגנון פשרה, גבולות ויכולת הסכמה","D-055","נכונות לפשרות פוליטיות רחבות כדי לשקם את המדינה גם במחיר ויתור אידיאולוגי חלקי","mixed","קבצי פרופיל פרויקט הדמוקרטים: דבר/הארץ על הצטרפות מובילי מחאה ובהם לי הופמן והדס רגולסקי; ללא גלישה חדשה","55","אין די מידע לקבוע סגנון פשרה וקואליציות; קיימת רק זיקה כללית למחנה דמוקרטי."
"הדס רגולסקי","דעות","סגנון פשרה, גבולות ויכולת הסכמה","D-056","הצבת קווים אדומים ברורים שמעליהם אין מקום לפשרה עם יריבים פוליטיים","supports","קבצי פרופיל פרויקט הדמוקרטים: דבר/הארץ על הצטרפות מובילי מחאה ובהם לי הופמן והדס רגולסקי; ללא גלישה חדשה","63","הזיהוי עם מחאה נגד הממשלה מצביע על נכונות למאבק וקווים אדומים בנושאים דמוקרטיים."
"הדס רגולסקי","דעות","סגנון פשרה, גבולות ויכולת הסכמה","D-057","העדפה להסכמות רחבות ולאיטיות על פני מהלכים חדים ומהירים","mixed","קבצי פרופיל פרויקט הדמוקרטים: דבר/הארץ על הצטרפות מובילי מחאה ובהם לי הופמן והדס רגולסקי; ללא גלישה חדשה","55","אין די מידע לקבוע סגנון פשרה וקואליציות; קיימת רק זיקה כללית למחנה דמוקרטי."
"הדס רגולסקי","דעות","סגנון פשרה, גבולות ויכולת הסכמה","D-058","העדפה למאבק חד וברור כאשר פשרה נתפסת ככניעה לכוחות אנטי־דמוקרטיים","supports","קבצי פרופיל פרויקט הדמוקרטים: דבר/הארץ על הצטרפות מובילי מחאה ובהם לי הופמן והדס רגולסקי; ללא גלישה חדשה","63","הזיהוי עם מחאה נגד הממשלה מצביע על נכונות למאבק וקווים אדומים בנושאים דמוקרטיים."
"הדס רגולסקי","דעות","סגנון פשרה, גבולות ויכולת הסכמה","D-059","יכולת להבחין בין פשרה עניינית לבין טשטוש ערכי מסוכן","mixed","קבצי פרופיל פרויקט הדמוקרטים: דבר/הארץ על הצטרפות מובילי מחאה ובהם לי הופמן והדס רגולסקי; ללא גלישה חדשה","55","אין די מידע לקבוע סגנון פשרה וקואליציות; קיימת רק זיקה כללית למחנה דמוקרטי."
"הדס רגולסקי","דעות","סגנון פשרה, גבולות ויכולת הסכמה","D-060","נכונות לבנות קואליציות עתידיות עם גורמים שאינם שייכים למחנה הטבעי, אם הם מקבלים כללי משחק דמוקרטיים","mixed","קבצי פרופיל פרויקט הדמוקרטים: דבר/הארץ על הצטרפות מובילי מחאה ובהם לי הופמן והדס רגולסקי; ללא גלישה חדשה","55","אין די מידע לקבוע סגנון פשרה וקואליציות; קיימת רק זיקה כללית למחנה דמוקרטי."
"הדס רגולסקי","יכולות","מומחיות מדינית, ביטחונית וממשלית","cap_001","ניסיון ישיר במערכות מדינה בכירות או במוקדי קבלת החלטות","unknown","קובץ ההיגדים המצורף בלבד; לא נמצא בקבצי הפרופיל בסיס עובדתי מספיק; ללא גלישה חדשה","0","לא נמצא בסיס עובדתי מספיק בפרופיל הזמין כדי לקבוע את ההיגד בלי ניחוש."
"הדס רגולסקי","יכולות","מומחיות מדינית, ביטחונית וממשלית","cap_002","הבנה מוכחת של סוגיות מדיניות, ביטחוניות ואזוריות מורכבות","unknown","קובץ ההיגדים המצורף בלבד; לא נמצא בקבצי הפרופיל בסיס עובדתי מספיק; ללא גלישה חדשה","0","לא נמצא בסיס עובדתי מספיק בפרופיל הזמין כדי לקבוע את ההיגד בלי ניחוש."
"הדס רגולסקי","יכולות","מומחיות מדינית, ביטחונית וממשלית","cap_003","ניסיון במשא ומתן, דיאלוג אסטרטגי או קשרים בינלאומיים","unknown","קובץ ההיגדים המצורף בלבד; לא נמצא בקבצי הפרופיל בסיס עובדתי מספיק; ללא גלישה חדשה","0","לא נמצא בסיס עובדתי מספיק בפרופיל הזמין כדי לקבוע את ההיגד בלי ניחוש."
"הדס רגולסקי","יכולות","מומחיות מדינית, ביטחונית וממשלית","cap_004","ניסיון צבאי, מודיעיני או ביטחוני בעל רלוונטיות לעבודה ציבורית","unknown","קובץ ההיגדים המצורף בלבד; לא נמצא בקבצי הפרופיל בסיס עובדתי מספיק; ללא גלישה חדשה","0","לא נמצא בסיס עובדתי מספיק בפרופיל הזמין כדי לקבוע את ההיגד בלי ניחוש."
"הדס רגולסקי","יכולות","מומחיות מדינית, ביטחונית וממשלית","cap_005","יכולת לגבש תפיסה מדינית־ביטחונית סדורה ולא רק עמדה ערכית כללית","unknown","קובץ ההיגדים המצורף בלבד; לא נמצא בקבצי הפרופיל בסיס עובדתי מספיק; ללא גלישה חדשה","0","לא נמצא בסיס עובדתי מספיק בפרופיל הזמין כדי לקבוע את ההיגד בלי ניחוש."
"הדס רגולסקי","יכולות","מומחיות מדינית, ביטחונית וממשלית","cap_006","יכולת לחבר בין יעדים ביטחוניים לבין יעדים מדיניים ארוכי טווח","unknown","קובץ ההיגדים המצורף בלבד; לא נמצא בקבצי הפרופיל בסיס עובדתי מספיק; ללא גלישה חדשה","0","לא נמצא בסיס עובדתי מספיק בפרופיל הזמין כדי לקבוע את ההיגד בלי ניחוש."
"הדס רגולסקי","יכולות","ארגון, ניהול וביצוע","cap_007","ניסיון בהקמה וניהול של ארגונים, חברות, תנועות או מטות פעולה","partial","קבצי פרופיל פרויקט הדמוקרטים: דבר/הארץ על הצטרפות מובילי מחאה ובהם לי הופמן והדס רגולסקי; ללא גלישה חדשה","60","השתייכות למובילי מחאה מעידה על ניסיון מסוים בהובלת פעולה ציבורית, אך לא נמצא פירוט על הקמה וניהול ארגונים."
"הדס רגולסקי","יכולות","ארגון, ניהול וביצוע","cap_008","יכולת להוביל צוותים, תקציבים, קהילות או מערכות מורכבות","unknown","קובץ ההיגדים המצורף בלבד; לא נמצא בקבצי הפרופיל בסיס עובדתי מספיק; ללא גלישה חדשה","0","לא נמצא בסיס עובדתי מספיק בפרופיל הזמין כדי לקבוע את ההיגד בלי ניחוש."
"הדס רגולסקי","יכולות","ארגון, ניהול וביצוע","cap_009","הובלת מאבקים ציבוריים שהניבו תוצאות ממשיות","partial","קבצי פרופיל פרויקט הדמוקרטים: דבר/הארץ על הצטרפות מובילי מחאה ובהם לי הופמן והדס רגולסקי; ללא גלישה חדשה","60","השתייכות למובילי מחאה מעידה על ניסיון מסוים בהובלת פעולה ציבורית, אך לא נמצא פירוט על הקמה וניהול ארגונים."
"הדס רגולסקי","יכולות","ארגון, ניהול וביצוע","cap_010","יכולת להפוך רעיון כללי לתשתית פעולה מתמשכת","partial","קבצי פרופיל פרויקט הדמוקרטים: דבר/הארץ על הצטרפות מובילי מחאה ובהם לי הופמן והדס רגולסקי; ללא גלישה חדשה","60","השתייכות למובילי מחאה מעידה על ניסיון מסוים בהובלת פעולה ציבורית, אך לא נמצא פירוט על הקמה וניהול ארגונים."
"הדס רגולסקי","יכולות","ארגון, ניהול וביצוע","cap_011","ניסיון בניהול משברים ציבוריים, פוליטיים או ארגוניים","partial","קבצי פרופיל פרויקט הדמוקרטים: דבר/הארץ על הצטרפות מובילי מחאה ובהם לי הופמן והדס רגולסקי; ללא גלישה חדשה","58","יש בסיס חלקי לאחריות ציבורית במסגרת מחאה ותקשורת, אך לא לניהול משבר מוסדי מלא."
"הדס רגולסקי","יכולות","ארגון, ניהול וביצוע","cap_012","מוכנות לקחת אחריות אישית גבוהה על מהלך ציבורי או ארגוני","partial","קבצי פרופיל פרויקט הדמוקרטים: דבר/הארץ על הצטרפות מובילי מחאה ובהם לי הופמן והדס רגולסקי; ללא גלישה חדשה","58","יש בסיס חלקי לאחריות ציבורית במסגרת מחאה ותקשורת, אך לא לניהול משבר מוסדי מלא."
"הדס רגולסקי","יכולות","חקיקה, פוליטיקה ומוסדות","cap_013","ניסיון בעבודה פרלמנטרית, ועדות כנסת, חקיקה או הצעות חוק","unknown","קובץ ההיגדים המצורף בלבד; לא נמצא בקבצי הפרופיל בסיס עובדתי מספיק; ללא גלישה חדשה","0","לא נמצא בסיס עובדתי מספיק בפרופיל הזמין כדי לקבוע את ההיגד בלי ניחוש."
"הדס רגולסקי","יכולות","חקיקה, פוליטיקה ומוסדות","cap_014","היכרות מעשית עם מנגנוני מפלגות, פריימריז, רשימות וקואליציות","unknown","קובץ ההיגדים המצורף בלבד; לא נמצא בקבצי הפרופיל בסיס עובדתי מספיק; ללא גלישה חדשה","0","לא נמצא בסיס עובדתי מספיק בפרופיל הזמין כדי לקבוע את ההיגד בלי ניחוש."
"הדס רגולסקי","יכולות","חקיקה, פוליטיקה ומוסדות","cap_015","יכולת לפעול בתוך מוסדות קיימים ולא רק מחוץ להם","unknown","קובץ ההיגדים המצורף בלבד; לא נמצא בקבצי הפרופיל בסיס עובדתי מספיק; ללא גלישה חדשה","0","לא נמצא בסיס עובדתי מספיק בפרופיל הזמין כדי לקבוע את ההיגד בלי ניחוש."
"הדס רגולסקי","יכולות","חקיקה, פוליטיקה ומוסדות","cap_016","ניסיון בבניית תנועה פוליטית, מפלגה או אלטרנטיבה שלטונית","unknown","קובץ ההיגדים המצורף בלבד; לא נמצא בקבצי הפרופיל בסיס עובדתי מספיק; ללא גלישה חדשה","0","לא נמצא בסיס עובדתי מספיק בפרופיל הזמין כדי לקבוע את ההיגד בלי ניחוש."
"הדס רגולסקי","יכולות","חקיקה, פוליטיקה ומוסדות","cap_017","יכולת לייצר שיתופי פעולה בין זרמים, מפלגות או קבוצות אינטרס","unknown","קובץ ההיגדים המצורף בלבד; לא נמצא בקבצי הפרופיל בסיס עובדתי מספיק; ללא גלישה חדשה","0","לא נמצא בסיס עובדתי מספיק בפרופיל הזמין כדי לקבוע את ההיגד בלי ניחוש."
"הדס רגולסקי","יכולות","חקיקה, פוליטיקה ומוסדות","cap_018","יכולת לתרגם עמדות אידיאולוגיות לפעולות מוסדיות או חקיקתיות","unknown","קובץ ההיגדים המצורף בלבד; לא נמצא בקבצי הפרופיל בסיס עובדתי מספיק; ללא גלישה חדשה","0","לא נמצא בסיס עובדתי מספיק בפרופיל הזמין כדי לקבוע את ההיגד בלי ניחוש."
"הדס רגולסקי","יכולות","תקשורת, הסברה והשפעה ציבורית","cap_019","יכולת ליצור מסרים חדים, ברורים וזכירים","has","קבצי פרופיל פרויקט הדמוקרטים: דבר/הארץ על הצטרפות מובילי מחאה ובהם לי הופמן והדס רגולסקי; ללא גלישה חדשה","76","הרקע העיתונאי והתקשורתי נותן בסיס טוב ליכולת מסר, תוכן, הופעה והסברה לציבור."
"הדס רגולסקי","יכולות","תקשורת, הסברה והשפעה ציבורית","cap_020","יכולת לייצר תוכן דיגיטלי, ויראלי או תקשורתי שמגיע לקהלים רחבים","has","קבצי פרופיל פרויקט הדמוקרטים: דבר/הארץ על הצטרפות מובילי מחאה ובהם לי הופמן והדס רגולסקי; ללא גלישה חדשה","76","הרקע העיתונאי והתקשורתי נותן בסיס טוב ליכולת מסר, תוכן, הופעה והסברה לציבור."
"הדס רגולסקי","יכולות","תקשורת, הסברה והשפעה ציבורית","cap_021","ניסיון בהופעה ציבורית, ראיונות, פודקאסטים, קולנוע, כתיבה או הרצאות","has","קבצי פרופיל פרויקט הדמוקרטים: דבר/הארץ על הצטרפות מובילי מחאה ובהם לי הופמן והדס רגולסקי; ללא גלישה חדשה","76","הרקע העיתונאי והתקשורתי נותן בסיס טוב ליכולת מסר, תוכן, הופעה והסברה לציבור."
"הדס רגולסקי","יכולות","תקשורת, הסברה והשפעה ציבורית","cap_022","יכולת להסביר נושאים מורכבים בשפה נגישה ולא טכנוקרטית","has","קבצי פרופיל פרויקט הדמוקרטים: דבר/הארץ על הצטרפות מובילי מחאה ובהם לי הופמן והדס רגולסקי; ללא גלישה חדשה","76","הרקע העיתונאי והתקשורתי נותן בסיס טוב ליכולת מסר, תוכן, הופעה והסברה לציבור."
"הדס רגולסקי","יכולות","תקשורת, הסברה והשפעה ציבורית","cap_023","יכולת לנהל מאבק תודעתי מול יריבים פוליטיים או תקשורתיים","has","קבצי פרופיל פרויקט הדמוקרטים: דבר/הארץ על הצטרפות מובילי מחאה ובהם לי הופמן והדס רגולסקי; ללא גלישה חדשה","76","הרקע העיתונאי והתקשורתי נותן בסיס טוב ליכולת מסר, תוכן, הופעה והסברה לציבור."
"הדס רגולסקי","יכולות","תקשורת, הסברה והשפעה ציבורית","cap_024","יכולת להפוך סיפור אישי או ערכי לכלי גיוס ציבורי","partial","קבצי פרופיל פרויקט הדמוקרטים: דבר/הארץ על הצטרפות מובילי מחאה ובהם לי הופמן והדס רגולסקי; ללא גלישה חדשה","64","יש בסיס לשימוש בסיפור ציבורי וערכי, אך לא נמצא פרופיל אישי־פוליטי מפורט מספיק לקביעה חזקה."
"הדס רגולסקי","יכולות","חיבור בין קהלים ועולמות","cap_025","יכולת לחבר בין יהודים לערבים בתוך מסגרת פוליטית או אזרחית משותפת","unknown","קובץ ההיגדים המצורף בלבד; לא נמצא בקבצי הפרופיל בסיס עובדתי מספיק; ללא גלישה חדשה","0","לא נמצא בסיס עובדתי מספיק בפרופיל הזמין כדי לקבוע את ההיגד בלי ניחוש."
"הדס רגולסקי","יכולות","חיבור בין קהלים ועולמות","cap_026","יכולת לחבר בין שמאל ליברלי לבין פריפריה מזרחית, מסורתית או גיאוגרפית","unknown","קובץ ההיגדים המצורף בלבד; לא נמצא בקבצי הפרופיל בסיס עובדתי מספיק; ללא גלישה חדשה","0","לא נמצא בסיס עובדתי מספיק בפרופיל הזמין כדי לקבוע את ההיגד בלי ניחוש."
"הדס רגולסקי","יכולות","חיבור בין קהלים ועולמות","cap_027","יכולת לחבר בין עולם המחאה לבין עבודה מפלגתית ומוסדית","has","קבצי פרופיל פרויקט הדמוקרטים: דבר/הארץ על הצטרפות מובילי מחאה ובהם לי הופמן והדס רגולסקי; ללא גלישה חדשה","70","המעבר מדמות מחאה/תקשורת למסגרת פריימריז נותן בסיס ליכולת חיבור בין מחאה לפוליטיקה מפלגתית."
"הדס רגולסקי","יכולות","חיבור בין קהלים ועולמות","cap_028","יכולת לחבר בין היי־טק, חדשנות ודיגיטל לבין פוליטיקה ציבורית","unknown","קובץ ההיגדים המצורף בלבד; לא נמצא בקבצי הפרופיל בסיס עובדתי מספיק; ללא גלישה חדשה","0","לא נמצא בסיס עובדתי מספיק בפרופיל הזמין כדי לקבוע את ההיגד בלי ניחוש."
"הדס רגולסקי","יכולות","חיבור בין קהלים ועולמות","cap_029","יכולת לחבר בין שפה מקצועית־ביטחונית לבין שפה אזרחית וערכית","unknown","קובץ ההיגדים המצורף בלבד; לא נמצא בקבצי הפרופיל בסיס עובדתי מספיק; ללא גלישה חדשה","0","לא נמצא בסיס עובדתי מספיק בפרופיל הזמין כדי לקבוע את ההיגד בלי ניחוש."
"הדס רגולסקי","יכולות","חיבור בין קהלים ועולמות","cap_030","אמינות מול קהילות שטח ולא רק מול קהל תקשורתי או אליטיסטי","unknown","קובץ ההיגדים המצורף בלבד; לא נמצא בקבצי הפרופיל בסיס עובדתי מספיק; ללא גלישה חדשה","0","לא נמצא בסיס עובדתי מספיק בפרופיל הזמין כדי לקבוע את ההיגד בלי ניחוש."
"הדס רגולסקי","יכולות","חדשנות, למידה ושיתוף ציבור","cap_031","שימוש בטכנולוגיה, מידע או כלים דיגיטליים לשיתוף ציבור וארגון פוליטי","partial","קבצי פרופיל פרויקט הדמוקרטים: דבר/הארץ על הצטרפות מובילי מחאה ובהם לי הופמן והדס רגולסקי; ללא גלישה חדשה","56","הרקע התקשורתי מאפשר בסיס חלקי לשימוש במידע ולתרגום נושאים ציבוריים לשפה נגישה."
"הדס רגולסקי","יכולות","חדשנות, למידה ושיתוף ציבור","cap_032","חשיבה מערכתית שמזהה קשרים בין משבר פוליטי, כלכלה, ביטחון וחברה","unknown","קובץ ההיגדים המצורף בלבד; לא נמצא בקבצי הפרופיל בסיס עובדתי מספיק; ללא גלישה חדשה","0","לא נמצא בסיס עובדתי מספיק בפרופיל הזמין כדי לקבוע את ההיגד בלי ניחוש."
"הדס רגולסקי","יכולות","חדשנות, למידה ושיתוף ציבור","cap_033","יזמות בפתרונות לא שגרתיים לבעיות פוליטיות או חברתיות","unknown","קובץ ההיגדים המצורף בלבד; לא נמצא בקבצי הפרופיל בסיס עובדתי מספיק; ללא גלישה חדשה","0","לא נמצא בסיס עובדתי מספיק בפרופיל הזמין כדי לקבוע את ההיגד בלי ניחוש."
"הדס רגולסקי","יכולות","חדשנות, למידה ושיתוף ציבור","cap_034","יכולת ללמוד תחומים חדשים ולהפוך אותם לשפה ציבורית ברורה","partial","קבצי פרופיל פרויקט הדמוקרטים: דבר/הארץ על הצטרפות מובילי מחאה ובהם לי הופמן והדס רגולסקי; ללא גלישה חדשה","56","הרקע התקשורתי מאפשר בסיס חלקי לשימוש במידע ולתרגום נושאים ציבוריים לשפה נגישה."
"הדס רגולסקי","יכולות","חדשנות, למידה ושיתוף ציבור","cap_035","שילוב בין ידע מקצועי, ניסיון אישי וערכים פוליטיים","partial","קבצי פרופיל פרויקט הדמוקרטים: דבר/הארץ על הצטרפות מובילי מחאה ובהם לי הופמן והדס רגולסקי; ללא גלישה חדשה","56","הרקע התקשורתי מאפשר בסיס חלקי לשימוש במידע ולתרגום נושאים ציבוריים לשפה נגישה."
"הדס רגולסקי","יכולות","חדשנות, למידה ושיתוף ציבור","cap_036","פתיחות לניסויים ארגוניים ודמוקרטיים חדשים ולא רק לשיטות פוליטיות קיימות","unknown","קובץ ההיגדים המצורף בלבד; לא נמצא בקבצי הפרופיל בסיס עובדתי מספיק; ללא גלישה חדשה","0","לא נמצא בסיס עובדתי מספיק בפרופיל הזמין כדי לקבוע את ההיגד בלי ניחוש."
"לי הופמן אגיב","תדמית","זהות וייצוג","T-001","המועמד מייצג את הקול הנשי בזירה הציבורית.","supports","קבצי פרופיל פרויקט הדמוקרטים: דבר/הארץ על הצטרפות מובילי מחאה ובהם לי הופמן והדס רגולסקי; ללא גלישה חדשה","78","כמועמדת ציבורית המזוהה עם מחאה אזרחית, יש בסיס טוב לכך שהיא מוסיפה ייצוג נשי; אין די מידע לקביעה מפורטת יותר על מדיניות מגדר."
"לי הופמן אגיב","תדמית","זהות וייצוג","T-002","המועמד נתפס בציבור הרחב כמי שמבין חסמים ייחודיים של נשים בפוליטיקה, בעבודה ובחברה.","supports","קבצי פרופיל פרויקט הדמוקרטים: דבר/הארץ על הצטרפות מובילי מחאה ובהם לי הופמן והדס רגולסקי; ללא גלישה חדשה","78","כמועמדת ציבורית המזוהה עם מחאה אזרחית, יש בסיס טוב לכך שהיא מוסיפה ייצוג נשי; אין די מידע לקביעה מפורטת יותר על מדיניות מגדר."
"לי הופמן אגיב","תדמית","זהות וייצוג","T-003","המועמד נתפס בציבור הרחב כמי שנותן מקום מכבד לקבוצות מיעוט בחברה הישראלית.","supports","קבצי פרופיל פרויקט הדמוקרטים: דבר/הארץ על הצטרפות מובילי מחאה ובהם לי הופמן והדס רגולסקי; ללא גלישה חדשה","62","נוכחותה ברשימה של מובילי מחאה מרחיבה את ייצוג החברה האזרחית והמחאה בתוך המפלגה."
"לי הופמן אגיב","תדמית","זהות וייצוג","T-004","המועמד נתפס בציבור הרחב כמי שיכול לייצג את בני המיעוטים הלא יהודיים.","unknown","קובץ ההיגדים המצורף בלבד; לא נמצא בקבצי הפרופיל בסיס עובדתי מספיק; ללא גלישה חדשה","0","לא נמצא בפרופיל הזמין בסיס מספק לייצוג מיעוטים, פריפריה, זהות מזרחית או גישור דתי־חילוני."
"לי הופמן אגיב","תדמית","זהות וייצוג","T-005","המועמד נתפס בציבור הרחב כמי שמביא את קול הפריפריה או מבין לעומק את צרכיה.","unknown","קובץ ההיגדים המצורף בלבד; לא נמצא בקבצי הפרופיל בסיס עובדתי מספיק; ללא גלישה חדשה","0","לא נמצא בפרופיל הזמין בסיס מספק לייצוג מיעוטים, פריפריה, זהות מזרחית או גישור דתי־חילוני."
"לי הופמן אגיב","תדמית","זהות וייצוג","T-006","המועמד נתפס בציבור הרחב כמי שיכול לצמצם את הפער התדמיתי והמעשי בין המרכז לפריפריה.","unknown","קובץ ההיגדים המצורף בלבד; לא נמצא בקבצי הפרופיל בסיס עובדתי מספיק; ללא גלישה חדשה","0","לא נמצא בפרופיל הזמין בסיס מספק לייצוג מיעוטים, פריפריה, זהות מזרחית או גישור דתי־חילוני."
"לי הופמן אגיב","תדמית","זהות וייצוג","T-007","המועמד נתפס בציבור הרחב כמי שמביא גאווה בזהות מזרחית בלי להפוך אותה לשסע מפריד.","unknown","קובץ ההיגדים המצורף בלבד; לא נמצא בקבצי הפרופיל בסיס עובדתי מספיק; ללא גלישה חדשה","0","לא נמצא בפרופיל הזמין בסיס מספק לייצוג מיעוטים, פריפריה, זהות מזרחית או גישור דתי־חילוני."
"לי הופמן אגיב","תדמית","זהות וייצוג","T-008","המועמד נתפס בציבור הרחב כמי שמכבד זהות דתית ומסורתית בתוך מרחב דמוקרטי וליברלי.","unknown","קובץ ההיגדים המצורף בלבד; לא נמצא בקבצי הפרופיל בסיס עובדתי מספיק; ללא גלישה חדשה","0","לא נמצא בפרופיל הזמין בסיס מספק לייצוג מיעוטים, פריפריה, זהות מזרחית או גישור דתי־חילוני."
"לי הופמן אגיב","תדמית","זהות וייצוג","T-009","המועמד נתפס בציבור הרחב כמי שיכול לגשר בין חילונים, מסורתיים ודתיים.","unknown","קובץ ההיגדים המצורף בלבד; לא נמצא בקבצי הפרופיל בסיס עובדתי מספיק; ללא גלישה חדשה","0","לא נמצא בפרופיל הזמין בסיס מספק לייצוג מיעוטים, פריפריה, זהות מזרחית או גישור דתי־חילוני."
"לי הופמן אגיב","תדמית","זהות וייצוג","T-010","המועמד נתפס בציבור הרחב כמי שנוכחותו ברשימה מרחיבה את תחושת הייצוג של קהלים מגוונים.","supports","קבצי פרופיל פרויקט הדמוקרטים: דבר/הארץ על הצטרפות מובילי מחאה ובהם לי הופמן והדס רגולסקי; ללא גלישה חדשה","62","נוכחותה ברשימה של מובילי מחאה מרחיבה את ייצוג החברה האזרחית והמחאה בתוך המפלגה."
"לי הופמן אגיב","תדמית","זהות וייצוג","T-011","המועמד נתפס בציבור הרחב כמי שמוסיף לרשימה עומק חברתי ולא רק ניסיון פוליטי או תקשורתי.","supports","קבצי פרופיל פרויקט הדמוקרטים: דבר/הארץ על הצטרפות מובילי מחאה ובהם לי הופמן והדס רגולסקי; ללא גלישה חדשה","62","נוכחותה ברשימה של מובילי מחאה מרחיבה את ייצוג החברה האזרחית והמחאה בתוך המפלגה."
"לי הופמן אגיב","תדמית","ממלכתיות ואחריות","T-012","המועמד נתפס בציבור הרחב כבעל עמוד שדרה ערכי.","supports","קבצי פרופיל פרויקט הדמוקרטים: דבר/הארץ על הצטרפות מובילי מחאה ובהם לי הופמן והדס רגולסקי; ללא גלישה חדשה","64","הפרופיל כמובילת מחאה אזרחית יוצר דימוי של שליחות ועמוד שדרה ערכי, אך בלי תיק ציבורי ארוך."
"לי הופמן אגיב","תדמית","ממלכתיות ואחריות","T-013","המועמד נתפס בציבור הרחב כדמות ממלכתית ואחראית.","mixed","קבצי פרופיל פרויקט הדמוקרטים: דבר/הארץ על הצטרפות מובילי מחאה ובהם לי הופמן והדס רגולסקי; ללא גלישה חדשה","55","יש תדמית ציבורית אזרחית, אך לא נמצא בסיס מספיק לניסיון מוסדי או פוליטי רחב."
"לי הופמן אגיב","תדמית","ממלכתיות ואחריות","T-014","המועמד נתפס בציבור הרחב כמי שמכבד מוסדות מדינה ושלטון חוק.","supports","קבצי פרופיל פרויקט הדמוקרטים: דבר/הארץ על הצטרפות מובילי מחאה ובהם לי הופמן והדס רגולסקי; ללא גלישה חדשה","64","הפרופיל כמובילת מחאה אזרחית יוצר דימוי של שליחות ועמוד שדרה ערכי, אך בלי תיק ציבורי ארוך."
"לי הופמן אגיב","תדמית","ממלכתיות ואחריות","T-015","המועמד נתפס בציבור הרחב כמי שמסוגל לפעול מתוך שיקול דעת ולא רק מתוך כעס.","mixed","קבצי פרופיל פרויקט הדמוקרטים: דבר/הארץ על הצטרפות מובילי מחאה ובהם לי הופמן והדס רגולסקי; ללא גלישה חדשה","55","יש תדמית ציבורית אזרחית, אך לא נמצא בסיס מספיק לניסיון מוסדי או פוליטי רחב."
"לי הופמן אגיב","תדמית","יושרה, אמינות וניסיון ","T-016","המועמד נתפס בציבור הרחב כמי שפועל מתוך שליחות ולא רק מתוך קריירה.","supports","קבצי פרופיל פרויקט הדמוקרטים: דבר/הארץ על הצטרפות מובילי מחאה ובהם לי הופמן והדס רגולסקי; ללא גלישה חדשה","64","הפרופיל כמובילת מחאה אזרחית יוצר דימוי של שליחות ועמוד שדרה ערכי, אך בלי תיק ציבורי ארוך."
"לי הופמן אגיב","תדמית","יושרה, אמינות וניסיון ","T-017","המועמד נתפס בציבור הרחב כאדם אמין וישר.","supports","קבצי פרופיל פרויקט הדמוקרטים: דבר/הארץ על הצטרפות מובילי מחאה ובהם לי הופמן והדס רגולסקי; ללא גלישה חדשה","64","הפרופיל כמובילת מחאה אזרחית יוצר דימוי של שליחות ועמוד שדרה ערכי, אך בלי תיק ציבורי ארוך."
"לי הופמן אגיב","תדמית","יושרה, אמינות וניסיון ","T-018","המועמד נתפס בציבור הרחב כדמות רצינית ולא כגימיק תקשורתי.","mixed","קבצי פרופיל פרויקט הדמוקרטים: דבר/הארץ על הצטרפות מובילי מחאה ובהם לי הופמן והדס רגולסקי; ללא גלישה חדשה","55","יש תדמית ציבורית אזרחית, אך לא נמצא בסיס מספיק לניסיון מוסדי או פוליטי רחב."
"לי הופמן אגיב","תדמית","יושרה, אמינות וניסיון ","T-019","המועמד נתפס בציבור הרחב כמי שאפשר לסמוך עליו בתפקיד ציבורי.","mixed","קבצי פרופיל פרויקט הדמוקרטים: דבר/הארץ על הצטרפות מובילי מחאה ובהם לי הופמן והדס רגולסקי; ללא גלישה חדשה","55","יש תדמית ציבורית אזרחית, אך לא נמצא בסיס מספיק לניסיון מוסדי או פוליטי רחב."
"לי הופמן אגיב","תדמית","יושרה, אמינות וניסיון ","T-020","המועמד נתפס בציבור הרחב כבעל ניסיון ציבורי משמעותי.","mixed","קבצי פרופיל פרויקט הדמוקרטים: דבר/הארץ על הצטרפות מובילי מחאה ובהם לי הופמן והדס רגולסקי; ללא גלישה חדשה","55","יש תדמית ציבורית אזרחית, אך לא נמצא בסיס מספיק לניסיון מוסדי או פוליטי רחב."
"לי הופמן אגיב","תדמית","יושרה, אמינות וניסיון ","T-021","המועמד נתפס בציבור הרחב כמי שמבין איך פועלת מערכת פוליטית.","mixed","קבצי פרופיל פרויקט הדמוקרטים: דבר/הארץ על הצטרפות מובילי מחאה ובהם לי הופמן והדס רגולסקי; ללא גלישה חדשה","55","יש תדמית ציבורית אזרחית, אך לא נמצא בסיס מספיק לניסיון מוסדי או פוליטי רחב."
"לי הופמן אגיב","תדמית","תקשורתיות ונראות","T-022","המועמד נתפס בציבור הרחב כדמות תקשורתית חזקה.","supports","קבצי פרופיל פרויקט הדמוקרטים: דבר/הארץ על הצטרפות מובילי מחאה ובהם לי הופמן והדס רגולסקי; ללא גלישה חדשה","60","הזיהוי עם מחאה ציבורית נותן בסיס לנראות ומסר, אך לא נמצא בסיס להעריך כוח תקשורתי רחב מאוד."
"לי הופמן אגיב","תדמית","תקשורתיות ונראות","T-023","המועמד נתפס בציבור הרחב כמי שיודע להעביר מסר ברור.","supports","קבצי פרופיל פרויקט הדמוקרטים: דבר/הארץ על הצטרפות מובילי מחאה ובהם לי הופמן והדס רגולסקי; ללא גלישה חדשה","60","הזיהוי עם מחאה ציבורית נותן בסיס לנראות ומסר, אך לא נמצא בסיס להעריך כוח תקשורתי רחב מאוד."
"לי הופמן אגיב","תדמית","תקשורתיות ונראות","T-024","המועמד נתפס בציבור הרחב כמי שמסוגל לבלוט בקמפיין בחירות.","supports","קבצי פרופיל פרויקט הדמוקרטים: דבר/הארץ על הצטרפות מובילי מחאה ובהם לי הופמן והדס רגולסקי; ללא גלישה חדשה","60","הזיהוי עם מחאה ציבורית נותן בסיס לנראות ומסר, אך לא נמצא בסיס להעריך כוח תקשורתי רחב מאוד."
"לי הופמן אגיב","תדמית","תקשורתיות ונראות","T-025","המועמד נתפס בציבור הרחב כמי שמביא ייצוג חשוב לרשימה.","supports","קבצי פרופיל פרויקט הדמוקרטים: דבר/הארץ על הצטרפות מובילי מחאה ובהם לי הופמן והדס רגולסקי; ללא גלישה חדשה","62","נוכחותה ברשימה של מובילי מחאה מרחיבה את ייצוג החברה האזרחית והמחאה בתוך המפלגה."
"לי הופמן אגיב","תדמית","תקשורתיות ונראות","T-026","המועמד נתפס בציבור הרחב כמי שמרחיב את הדימוי של המפלגה.","supports","קבצי פרופיל פרויקט הדמוקרטים: דבר/הארץ על הצטרפות מובילי מחאה ובהם לי הופמן והדס רגולסקי; ללא גלישה חדשה","62","נוכחותה ברשימה של מובילי מחאה מרחיבה את ייצוג החברה האזרחית והמחאה בתוך המפלגה."
"לי הופמן אגיב","תדמית","אותנטיות וסיפור אישי","T-027","המועמד נתפס בציבור הרחב כמי שפועל מתוך שליחות ולא רק מתוך קריירה.","supports","קבצי פרופיל פרויקט הדמוקרטים: דבר/הארץ על הצטרפות מובילי מחאה ובהם לי הופמן והדס רגולסקי; ללא גלישה חדשה","64","הפרופיל כמובילת מחאה אזרחית יוצר דימוי של שליחות ועמוד שדרה ערכי, אך בלי תיק ציבורי ארוך."
"יאיר רובינשטיין","תדמית","זהות וייצוג","T-001","המועמד מייצג את הקול הנשי בזירה הציבורית.","unknown","קובץ ההיגדים המצורף בלבד; לא נמצא בקבצי הפרופיל בסיס עובדתי מספיק; ללא גלישה חדשה","0","לא נמצא בסיס מספק לייצוג נשי, מיעוטים לא־יהודיים, פריפריה או זהות מזרחית."
"יאיר רובינשטיין","תדמית","זהות וייצוג","T-002","המועמד נתפס בציבור הרחב כמי שמבין חסמים ייחודיים של נשים בפוליטיקה, בעבודה ובחברה.","unknown","קובץ ההיגדים המצורף בלבד; לא נמצא בקבצי הפרופיל בסיס עובדתי מספיק; ללא גלישה חדשה","0","לא נמצא בסיס מספק לייצוג נשי, מיעוטים לא־יהודיים, פריפריה או זהות מזרחית."
"יאיר רובינשטיין","תדמית","זהות וייצוג","T-003","המועמד נתפס בציבור הרחב כמי שנותן מקום מכבד לקבוצות מיעוט בחברה הישראלית.","supports","קובץ פרופיל פרויקט הדמוקרטים: יאיר רובינשטיין — מומחה דת ומדינה וחירות דתית; דמוקרטים/גלעד קריב/פרסומים ציבוריים; ללא גלישה חדשה","62","הסיפור הפלורליסטי והמיקוד בדת ומדינה מרחיבים את הדימוי של הרשימה מעבר לקו חילוני־ליברלי בלבד."
"יאיר רובינשטיין","תדמית","זהות וייצוג","T-004","המועמד נתפס בציבור הרחב כמי שיכול לייצג את בני המיעוטים הלא יהודיים.","unknown","קובץ ההיגדים המצורף בלבד; לא נמצא בקבצי הפרופיל בסיס עובדתי מספיק; ללא גלישה חדשה","0","לא נמצא בסיס מספק לייצוג נשי, מיעוטים לא־יהודיים, פריפריה או זהות מזרחית."
"יאיר רובינשטיין","תדמית","זהות וייצוג","T-005","המועמד נתפס בציבור הרחב כמי שמביא את קול הפריפריה או מבין לעומק את צרכיה.","unknown","קובץ ההיגדים המצורף בלבד; לא נמצא בקבצי הפרופיל בסיס עובדתי מספיק; ללא גלישה חדשה","0","לא נמצא בסיס מספק לייצוג נשי, מיעוטים לא־יהודיים, פריפריה או זהות מזרחית."
"יאיר רובינשטיין","תדמית","זהות וייצוג","T-006","המועמד נתפס בציבור הרחב כמי שיכול לצמצם את הפער התדמיתי והמעשי בין המרכז לפריפריה.","unknown","קובץ ההיגדים המצורף בלבד; לא נמצא בקבצי הפרופיל בסיס עובדתי מספיק; ללא גלישה חדשה","0","לא נמצא בסיס מספק לייצוג נשי, מיעוטים לא־יהודיים, פריפריה או זהות מזרחית."
"יאיר רובינשטיין","תדמית","זהות וייצוג","T-007","המועמד נתפס בציבור הרחב כמי שמביא גאווה בזהות מזרחית בלי להפוך אותה לשסע מפריד.","unknown","קובץ ההיגדים המצורף בלבד; לא נמצא בקבצי הפרופיל בסיס עובדתי מספיק; ללא גלישה חדשה","0","לא נמצא בסיס מספק לייצוג נשי, מיעוטים לא־יהודיים, פריפריה או זהות מזרחית."
"יאיר רובינשטיין","תדמית","זהות וייצוג","T-008","המועמד נתפס בציבור הרחב כמי שמכבד זהות דתית ומסורתית בתוך מרחב דמוקרטי וליברלי.","supports","קובץ פרופיל פרויקט הדמוקרטים: יאיר רובינשטיין — מומחה דת ומדינה וחירות דתית; דמוקרטים/גלעד קריב/פרסומים ציבוריים; ללא גלישה חדשה","78","הפרופיל מציג אותו כמועמד שמכבד זהות דתית בתוך מרחב ליברלי ויכול לגשר בין עולמות דתיים וחילוניים."
"יאיר רובינשטיין","תדמית","זהות וייצוג","T-009","המועמד נתפס בציבור הרחב כמי שיכול לגשר בין חילונים, מסורתיים ודתיים.","supports","קובץ פרופיל פרויקט הדמוקרטים: יאיר רובינשטיין — מומחה דת ומדינה וחירות דתית; דמוקרטים/גלעד קריב/פרסומים ציבוריים; ללא גלישה חדשה","78","הפרופיל מציג אותו כמועמד שמכבד זהות דתית בתוך מרחב ליברלי ויכול לגשר בין עולמות דתיים וחילוניים."
"יאיר רובינשטיין","תדמית","זהות וייצוג","T-010","המועמד נתפס בציבור הרחב כמי שנוכחותו ברשימה מרחיבה את תחושת הייצוג של קהלים מגוונים.","supports","קובץ פרופיל פרויקט הדמוקרטים: יאיר רובינשטיין — מומחה דת ומדינה וחירות דתית; דמוקרטים/גלעד קריב/פרסומים ציבוריים; ללא גלישה חדשה","78","הפרופיל מציג אותו כמועמד שמכבד זהות דתית בתוך מרחב ליברלי ויכול לגשר בין עולמות דתיים וחילוניים."
"יאיר רובינשטיין","תדמית","זהות וייצוג","T-011","המועמד נתפס בציבור הרחב כמי שמוסיף לרשימה עומק חברתי ולא רק ניסיון פוליטי או תקשורתי.","supports","קובץ פרופיל פרויקט הדמוקרטים: יאיר רובינשטיין — מומחה דת ומדינה וחירות דתית; דמוקרטים/גלעד קריב/פרסומים ציבוריים; ללא גלישה חדשה","78","הפרופיל מציג אותו כמועמד שמכבד זהות דתית בתוך מרחב ליברלי ויכול לגשר בין עולמות דתיים וחילוניים."
"יאיר רובינשטיין","תדמית","ממלכתיות ואחריות","T-012","המועמד נתפס בציבור הרחב כבעל עמוד שדרה ערכי.","supports","קובץ פרופיל פרויקט הדמוקרטים: יאיר רובינשטיין — מומחה דת ומדינה וחירות דתית; דמוקרטים/גלעד קריב/פרסומים ציבוריים; ללא גלישה חדשה","60","הפרופיל מציג מועמד מקצועי, רציני וממוקד נושא, אך בעל נראות ציבורית מצומצמת יחסית."
"יאיר רובינשטיין","תדמית","ממלכתיות ואחריות","T-013","המועמד נתפס בציבור הרחב כדמות ממלכתית ואחראית.","supports","קובץ פרופיל פרויקט הדמוקרטים: יאיר רובינשטיין — מומחה דת ומדינה וחירות דתית; דמוקרטים/גלעד קריב/פרסומים ציבוריים; ללא גלישה חדשה","60","הפרופיל מציג מועמד מקצועי, רציני וממוקד נושא, אך בעל נראות ציבורית מצומצמת יחסית."
"יאיר רובינשטיין","תדמית","ממלכתיות ואחריות","T-014","המועמד נתפס בציבור הרחב כמי שמכבד מוסדות מדינה ושלטון חוק.","supports","קובץ פרופיל פרויקט הדמוקרטים: יאיר רובינשטיין — מומחה דת ומדינה וחירות דתית; דמוקרטים/גלעד קריב/פרסומים ציבוריים; ללא גלישה חדשה","60","הפרופיל מציג מועמד מקצועי, רציני וממוקד נושא, אך בעל נראות ציבורית מצומצמת יחסית."
"יאיר רובינשטיין","תדמית","ממלכתיות ואחריות","T-015","המועמד נתפס בציבור הרחב כמי שמסוגל לפעול מתוך שיקול דעת ולא רק מתוך כעס.","supports","קובץ פרופיל פרויקט הדמוקרטים: יאיר רובינשטיין — מומחה דת ומדינה וחירות דתית; דמוקרטים/גלעד קריב/פרסומים ציבוריים; ללא גלישה חדשה","60","הפרופיל מציג מועמד מקצועי, רציני וממוקד נושא, אך בעל נראות ציבורית מצומצמת יחסית."
"יאיר רובינשטיין","תדמית","יושרה, אמינות וניסיון ","T-016","המועמד נתפס בציבור הרחב כמי שפועל מתוך שליחות ולא רק מתוך קריירה.","supports","קובץ פרופיל פרויקט הדמוקרטים: יאיר רובינשטיין — מומחה דת ומדינה וחירות דתית; דמוקרטים/גלעד קריב/פרסומים ציבוריים; ללא גלישה חדשה","60","הפרופיל מציג מועמד מקצועי, רציני וממוקד נושא, אך בעל נראות ציבורית מצומצמת יחסית."
"יאיר רובינשטיין","תדמית","יושרה, אמינות וניסיון ","T-017","המועמד נתפס בציבור הרחב כאדם אמין וישר.","supports","קובץ פרופיל פרויקט הדמוקרטים: יאיר רובינשטיין — מומחה דת ומדינה וחירות דתית; דמוקרטים/גלעד קריב/פרסומים ציבוריים; ללא גלישה חדשה","60","הפרופיל מציג מועמד מקצועי, רציני וממוקד נושא, אך בעל נראות ציבורית מצומצמת יחסית."
"יאיר רובינשטיין","תדמית","יושרה, אמינות וניסיון ","T-018","המועמד נתפס בציבור הרחב כדמות רצינית ולא כגימיק תקשורתי.","supports","קובץ פרופיל פרויקט הדמוקרטים: יאיר רובינשטיין — מומחה דת ומדינה וחירות דתית; דמוקרטים/גלעד קריב/פרסומים ציבוריים; ללא גלישה חדשה","60","הפרופיל מציג מועמד מקצועי, רציני וממוקד נושא, אך בעל נראות ציבורית מצומצמת יחסית."
"יאיר רובינשטיין","תדמית","יושרה, אמינות וניסיון ","T-019","המועמד נתפס בציבור הרחב כמי שאפשר לסמוך עליו בתפקיד ציבורי.","supports","קובץ פרופיל פרויקט הדמוקרטים: יאיר רובינשטיין — מומחה דת ומדינה וחירות דתית; דמוקרטים/גלעד קריב/פרסומים ציבוריים; ללא גלישה חדשה","60","הפרופיל מציג מועמד מקצועי, רציני וממוקד נושא, אך בעל נראות ציבורית מצומצמת יחסית."
"יאיר רובינשטיין","תדמית","יושרה, אמינות וניסיון ","T-020","המועמד נתפס בציבור הרחב כבעל ניסיון ציבורי משמעותי.","mixed","קובץ פרופיל פרויקט הדמוקרטים: יאיר רובינשטיין — מומחה דת ומדינה וחירות דתית; דמוקרטים/גלעד קריב/פרסומים ציבוריים; ללא גלישה חדשה","50","יש מומחיות ציבורית בנושא דת ומדינה, אך לא נמצא ניסיון פוליטי־מוסדי רחב."
"יאיר רובינשטיין","תדמית","יושרה, אמינות וניסיון ","T-021","המועמד נתפס בציבור הרחב כמי שמבין איך פועלת מערכת פוליטית.","mixed","קובץ פרופיל פרויקט הדמוקרטים: יאיר רובינשטיין — מומחה דת ומדינה וחירות דתית; דמוקרטים/גלעד קריב/פרסומים ציבוריים; ללא גלישה חדשה","50","יש מומחיות ציבורית בנושא דת ומדינה, אך לא נמצא ניסיון פוליטי־מוסדי רחב."
"יאיר רובינשטיין","תדמית","תקשורתיות ונראות","T-022","המועמד נתפס בציבור הרחב כדמות תקשורתית חזקה.","mixed","קובץ פרופיל פרויקט הדמוקרטים: יאיר רובינשטיין — מומחה דת ומדינה וחירות דתית; דמוקרטים/גלעד קריב/פרסומים ציבוריים; ללא גלישה חדשה","50","הפרופיל עצמו מציין ציבוריות נמוכה יחסית; יש מסר נושא ברור אך לא כוח תקשורתי רחב."
"יאיר רובינשטיין","תדמית","תקשורתיות ונראות","T-023","המועמד נתפס בציבור הרחב כמי שיודע להעביר מסר ברור.","mixed","קובץ פרופיל פרויקט הדמוקרטים: יאיר רובינשטיין — מומחה דת ומדינה וחירות דתית; דמוקרטים/גלעד קריב/פרסומים ציבוריים; ללא גלישה חדשה","50","הפרופיל עצמו מציין ציבוריות נמוכה יחסית; יש מסר נושא ברור אך לא כוח תקשורתי רחב."
"יאיר רובינשטיין","תדמית","תקשורתיות ונראות","T-024","המועמד נתפס בציבור הרחב כמי שמסוגל לבלוט בקמפיין בחירות.","mixed","קובץ פרופיל פרויקט הדמוקרטים: יאיר רובינשטיין — מומחה דת ומדינה וחירות דתית; דמוקרטים/גלעד קריב/פרסומים ציבוריים; ללא גלישה חדשה","50","הפרופיל עצמו מציין ציבוריות נמוכה יחסית; יש מסר נושא ברור אך לא כוח תקשורתי רחב."
"יאיר רובינשטיין","תדמית","תקשורתיות ונראות","T-025","המועמד נתפס בציבור הרחב כמי שמביא ייצוג חשוב לרשימה.","supports","קובץ פרופיל פרויקט הדמוקרטים: יאיר רובינשטיין — מומחה דת ומדינה וחירות דתית; דמוקרטים/גלעד קריב/פרסומים ציבוריים; ללא גלישה חדשה","62","הסיפור הפלורליסטי והמיקוד בדת ומדינה מרחיבים את הדימוי של הרשימה מעבר לקו חילוני־ליברלי בלבד."
"יאיר רובינשטיין","תדמית","תקשורתיות ונראות","T-026","המועמד נתפס בציבור הרחב כמי שמרחיב את הדימוי של המפלגה.","supports","קובץ פרופיל פרויקט הדמוקרטים: יאיר רובינשטיין — מומחה דת ומדינה וחירות דתית; דמוקרטים/גלעד קריב/פרסומים ציבוריים; ללא גלישה חדשה","62","הסיפור הפלורליסטי והמיקוד בדת ומדינה מרחיבים את הדימוי של הרשימה מעבר לקו חילוני־ליברלי בלבד."
"יאיר רובינשטיין","תדמית","אותנטיות וסיפור אישי","T-027","המועמד נתפס בציבור הרחב כמי שפועל מתוך שליחות ולא רק מתוך קריירה.","supports","קובץ פרופיל פרויקט הדמוקרטים: יאיר רובינשטיין — מומחה דת ומדינה וחירות דתית; דמוקרטים/גלעד קריב/פרסומים ציבוריים; ללא גלישה חדשה","58","הפרופיל מציג מיקוד נושאי ושליחות סביב חירות דתית ושוויון בנטל."
"דני אלגרט","תדמית","זהות וייצוג","T-001","המועמד מייצג את הקול הנשי בזירה הציבורית.","unknown","קובץ ההיגדים המצורף בלבד; לא נמצא בקבצי הפרופיל בסיס עובדתי מספיק; ללא גלישה חדשה","0","לא נמצא בסיס מספק לייצוג נשי, מיעוטים, פריפריה, זהות מזרחית או גישור דתי־חילוני."
"דני אלגרט","תדמית","זהות וייצוג","T-002","המועמד נתפס בציבור הרחב כמי שמבין חסמים ייחודיים של נשים בפוליטיקה, בעבודה ובחברה.","unknown","קובץ ההיגדים המצורף בלבד; לא נמצא בקבצי הפרופיל בסיס עובדתי מספיק; ללא גלישה חדשה","0","לא נמצא בסיס מספק לייצוג נשי, מיעוטים, פריפריה, זהות מזרחית או גישור דתי־חילוני."
"דני אלגרט","תדמית","זהות וייצוג","T-003","המועמד נתפס בציבור הרחב כמי שנותן מקום מכבד לקבוצות מיעוט בחברה הישראלית.","unknown","קובץ ההיגדים המצורף בלבד; לא נמצא בקבצי הפרופיל בסיס עובדתי מספיק; ללא גלישה חדשה","0","לא נמצא בסיס מספק לייצוג נשי, מיעוטים, פריפריה, זהות מזרחית או גישור דתי־חילוני."
"דני אלגרט","תדמית","זהות וייצוג","T-004","המועמד נתפס בציבור הרחב כמי שיכול לייצג את בני המיעוטים הלא יהודיים.","unknown","קובץ ההיגדים המצורף בלבד; לא נמצא בקבצי הפרופיל בסיס עובדתי מספיק; ללא גלישה חדשה","0","לא נמצא בסיס מספק לייצוג נשי, מיעוטים, פריפריה, זהות מזרחית או גישור דתי־חילוני."
"דני אלגרט","תדמית","זהות וייצוג","T-005","המועמד נתפס בציבור הרחב כמי שמביא את קול הפריפריה או מבין לעומק את צרכיה.","unknown","קובץ ההיגדים המצורף בלבד; לא נמצא בקבצי הפרופיל בסיס עובדתי מספיק; ללא גלישה חדשה","0","לא נמצא בסיס מספק לייצוג נשי, מיעוטים, פריפריה, זהות מזרחית או גישור דתי־חילוני."
"דני אלגרט","תדמית","זהות וייצוג","T-006","המועמד נתפס בציבור הרחב כמי שיכול לצמצם את הפער התדמיתי והמעשי בין המרכז לפריפריה.","unknown","קובץ ההיגדים המצורף בלבד; לא נמצא בקבצי הפרופיל בסיס עובדתי מספיק; ללא גלישה חדשה","0","לא נמצא בסיס מספק לייצוג נשי, מיעוטים, פריפריה, זהות מזרחית או גישור דתי־חילוני."
"דני אלגרט","תדמית","זהות וייצוג","T-007","המועמד נתפס בציבור הרחב כמי שמביא גאווה בזהות מזרחית בלי להפוך אותה לשסע מפריד.","unknown","קובץ ההיגדים המצורף בלבד; לא נמצא בקבצי הפרופיל בסיס עובדתי מספיק; ללא גלישה חדשה","0","לא נמצא בסיס מספק לייצוג נשי, מיעוטים, פריפריה, זהות מזרחית או גישור דתי־חילוני."
"דני אלגרט","תדמית","זהות וייצוג","T-008","המועמד נתפס בציבור הרחב כמי שמכבד זהות דתית ומסורתית בתוך מרחב דמוקרטי וליברלי.","unknown","קובץ ההיגדים המצורף בלבד; לא נמצא בקבצי הפרופיל בסיס עובדתי מספיק; ללא גלישה חדשה","0","לא נמצא בסיס מספק לייצוג נשי, מיעוטים, פריפריה, זהות מזרחית או גישור דתי־חילוני."
"דני אלגרט","תדמית","זהות וייצוג","T-009","המועמד נתפס בציבור הרחב כמי שיכול לגשר בין חילונים, מסורתיים ודתיים.","unknown","קובץ ההיגדים המצורף בלבד; לא נמצא בקבצי הפרופיל בסיס עובדתי מספיק; ללא גלישה חדשה","0","לא נמצא בסיס מספק לייצוג נשי, מיעוטים, פריפריה, זהות מזרחית או גישור דתי־חילוני."
"דני אלגרט","תדמית","זהות וייצוג","T-010","המועמד נתפס בציבור הרחב כמי שנוכחותו ברשימה מרחיבה את תחושת הייצוג של קהלים מגוונים.","unknown","קובץ ההיגדים המצורף בלבד; לא נמצא בקבצי הפרופיל בסיס עובדתי מספיק; ללא גלישה חדשה","0","לא נמצא בסיס מספק לייצוג נשי, מיעוטים, פריפריה, זהות מזרחית או גישור דתי־חילוני."
"דני אלגרט","תדמית","זהות וייצוג","T-011","המועמד נתפס בציבור הרחב כמי שמוסיף לרשימה עומק חברתי ולא רק ניסיון פוליטי או תקשורתי.","unknown","קובץ ההיגדים המצורף בלבד; לא נמצא בקבצי הפרופיל בסיס עובדתי מספיק; ללא גלישה חדשה","0","לא נמצא בסיס מספק לייצוג נשי, מיעוטים, פריפריה, זהות מזרחית או גישור דתי־חילוני."
"דני אלגרט","תדמית","ממלכתיות ואחריות","T-012","המועמד נתפס בציבור הרחב כבעל עמוד שדרה ערכי.","supports","קובץ פרופיל פרויקט הדמוקרטים: דני אלגרט — סנ״צ בדימוס, פעיל חטופים, אחיו של איציק אלגרט; מטה המשפחות/ynet/mako/מעריב; ללא גלישה חדשה","78","הסיפור האישי סביב החטופים והפעילות הציבורית מייצרים דימוי של שליחות, רצינות ועמוד שדרה."
"דני אלגרט","תדמית","ממלכתיות ואחריות","T-013","המועמד נתפס בציבור הרחב כדמות ממלכתית ואחראית.","mixed","קובץ פרופיל פרויקט הדמוקרטים: דני אלגרט — סנ״צ בדימוס, פעיל חטופים, אחיו של איציק אלגרט; מטה המשפחות/ynet/mako/מעריב; ללא גלישה חדשה","60","השירות המשטרתי והאחריות הציבורית תומכים בממלכתיות, אך הסגנון מתואר כנחרץ ולעיתים עימותי."
"דני אלגרט","תדמית","ממלכתיות ואחריות","T-014","המועמד נתפס בציבור הרחב כמי שמכבד מוסדות מדינה ושלטון חוק.","mixed","קובץ פרופיל פרויקט הדמוקרטים: דני אלגרט — סנ״צ בדימוס, פעיל חטופים, אחיו של איציק אלגרט; מטה המשפחות/ynet/mako/מעריב; ללא גלישה חדשה","60","השירות המשטרתי והאחריות הציבורית תומכים בממלכתיות, אך הסגנון מתואר כנחרץ ולעיתים עימותי."
"דני אלגרט","תדמית","ממלכתיות ואחריות","T-015","המועמד נתפס בציבור הרחב כמי שמסוגל לפעול מתוך שיקול דעת ולא רק מתוך כעס.","mixed","קובץ פרופיל פרויקט הדמוקרטים: דני אלגרט — סנ״צ בדימוס, פעיל חטופים, אחיו של איציק אלגרט; מטה המשפחות/ynet/mako/מעריב; ללא גלישה חדשה","60","השירות המשטרתי והאחריות הציבורית תומכים בממלכתיות, אך הסגנון מתואר כנחרץ ולעיתים עימותי."
"דני אלגרט","תדמית","יושרה, אמינות וניסיון ","T-016","המועמד נתפס בציבור הרחב כמי שפועל מתוך שליחות ולא רק מתוך קריירה.","supports","קובץ פרופיל פרויקט הדמוקרטים: דני אלגרט — סנ״צ בדימוס, פעיל חטופים, אחיו של איציק אלגרט; מטה המשפחות/ynet/mako/מעריב; ללא גלישה חדשה","78","הסיפור האישי סביב החטופים והפעילות הציבורית מייצרים דימוי של שליחות, רצינות ועמוד שדרה."
"דני אלגרט","תדמית","יושרה, אמינות וניסיון ","T-017","המועמד נתפס בציבור הרחב כאדם אמין וישר.","supports","קובץ פרופיל פרויקט הדמוקרטים: דני אלגרט — סנ״צ בדימוס, פעיל חטופים, אחיו של איציק אלגרט; מטה המשפחות/ynet/mako/מעריב; ללא גלישה חדשה","78","הסיפור האישי סביב החטופים והפעילות הציבורית מייצרים דימוי של שליחות, רצינות ועמוד שדרה."
"דני אלגרט","תדמית","יושרה, אמינות וניסיון ","T-018","המועמד נתפס בציבור הרחב כדמות רצינית ולא כגימיק תקשורתי.","supports","קובץ פרופיל פרויקט הדמוקרטים: דני אלגרט — סנ״צ בדימוס, פעיל חטופים, אחיו של איציק אלגרט; מטה המשפחות/ynet/mako/מעריב; ללא גלישה חדשה","78","הסיפור האישי סביב החטופים והפעילות הציבורית מייצרים דימוי של שליחות, רצינות ועמוד שדרה."
"דני אלגרט","תדמית","יושרה, אמינות וניסיון ","T-019","המועמד נתפס בציבור הרחב כמי שאפשר לסמוך עליו בתפקיד ציבורי.","supports","קובץ פרופיל פרויקט הדמוקרטים: דני אלגרט — סנ״צ בדימוס, פעיל חטופים, אחיו של איציק אלגרט; מטה המשפחות/ynet/mako/מעריב; ללא גלישה חדשה","78","הסיפור האישי סביב החטופים והפעילות הציבורית מייצרים דימוי של שליחות, רצינות ועמוד שדרה."
"דני אלגרט","תדמית","יושרה, אמינות וניסיון ","T-020","המועמד נתפס בציבור הרחב כבעל ניסיון ציבורי משמעותי.","supports","קובץ פרופיל פרויקט הדמוקרטים: דני אלגרט — סנ״צ בדימוס, פעיל חטופים, אחיו של איציק אלגרט; מטה המשפחות/ynet/mako/מעריב; ללא גלישה חדשה","72","שירותו כסנ״צ בדימוס ופעילותו במאבק החטופים נותנים ניסיון ציבורי משמעותי."
"דני אלגרט","תדמית","יושרה, אמינות וניסיון ","T-021","המועמד נתפס בציבור הרחב כמי שמבין איך פועלת מערכת פוליטית.","mixed","קובץ פרופיל פרויקט הדמוקרטים: דני אלגרט — סנ״צ בדימוס, פעיל חטופים, אחיו של איציק אלגרט; מטה המשפחות/ynet/mako/מעריב; ללא גלישה חדשה","54","יש רקע ציבורי ומערכתי, אך לא נמצא ניסיון פוליטי מוסדי משמעותי."
"דני אלגרט","תדמית","תקשורתיות ונראות","T-022","המועמד נתפס בציבור הרחב כדמות תקשורתית חזקה.","supports","קובץ פרופיל פרויקט הדמוקרטים: דני אלגרט — סנ״צ בדימוס, פעיל חטופים, אחיו של איציק אלגרט; מטה המשפחות/ynet/mako/מעריב; ללא גלישה חדשה","70","כדמות בולטת במאבק החטופים יש לו מסר ברור ונראות ציבורית, גם אם הנראות מרוכזת בנושא אחד."
"דני אלגרט","תדמית","תקשורתיות ונראות","T-023","המועמד נתפס בציבור הרחב כמי שיודע להעביר מסר ברור.","supports","קובץ פרופיל פרויקט הדמוקרטים: דני אלגרט — סנ״צ בדימוס, פעיל חטופים, אחיו של איציק אלגרט; מטה המשפחות/ynet/mako/מעריב; ללא גלישה חדשה","70","כדמות בולטת במאבק החטופים יש לו מסר ברור ונראות ציבורית, גם אם הנראות מרוכזת בנושא אחד."
"דני אלגרט","תדמית","תקשורתיות ונראות","T-024","המועמד נתפס בציבור הרחב כמי שמסוגל לבלוט בקמפיין בחירות.","supports","קובץ פרופיל פרויקט הדמוקרטים: דני אלגרט — סנ״צ בדימוס, פעיל חטופים, אחיו של איציק אלגרט; מטה המשפחות/ynet/mako/מעריב; ללא גלישה חדשה","70","כדמות בולטת במאבק החטופים יש לו מסר ברור ונראות ציבורית, גם אם הנראות מרוכזת בנושא אחד."
"דני אלגרט","תדמית","תקשורתיות ונראות","T-025","המועמד נתפס בציבור הרחב כמי שמביא ייצוג חשוב לרשימה.","supports","קובץ פרופיל פרויקט הדמוקרטים: דני אלגרט — סנ״צ בדימוס, פעיל חטופים, אחיו של איציק אלגרט; מטה המשפחות/ynet/mako/מעריב; ללא גלישה חדשה","68","הוא מוסיף לרשימה קול של משפחות חטופים, אחריות מדינה ורקע ביטחוני־משטרתי."
"דני אלגרט","תדמית","תקשורתיות ונראות","T-026","המועמד נתפס בציבור הרחב כמי שמרחיב את הדימוי של המפלגה.","supports","קובץ פרופיל פרויקט הדמוקרטים: דני אלגרט — סנ״צ בדימוס, פעיל חטופים, אחיו של איציק אלגרט; מטה המשפחות/ynet/mako/מעריב; ללא גלישה חדשה","68","הוא מוסיף לרשימה קול של משפחות חטופים, אחריות מדינה ורקע ביטחוני־משטרתי."
"דני אלגרט","תדמית","אותנטיות וסיפור אישי","T-027","המועמד נתפס בציבור הרחב כמי שפועל מתוך שליחות ולא רק מתוך קריירה.","supports","קובץ פרופיל פרויקט הדמוקרטים: דני אלגרט — סנ״צ בדימוס, פעיל חטופים, אחיו של איציק אלגרט; מטה המשפחות/ynet/mako/מעריב; ללא גלישה חדשה","78","הסיפור האישי סביב החטופים והפעילות הציבורית מייצרים דימוי של שליחות, רצינות ועמוד שדרה."
"גאלב סלאמנה","תדמית","זהות וייצוג","T-001","המועמד מייצג את הקול הנשי בזירה הציבורית.","unknown","קובץ ההיגדים המצורף בלבד; לא נמצא בקבצי הפרופיל בסיס עובדתי מספיק; ללא גלישה חדשה","0","לא נמצא בקבצי הפרופיל בסיס עובדתי עצמאי על גאלב סלאמנה, ולא בוצעה גלישה חדשה; לכן נשאר unknown לפי הכלל שלא מנחשים."
"גאלב סלאמנה","תדמית","זהות וייצוג","T-002","המועמד נתפס בציבור הרחב כמי שמבין חסמים ייחודיים של נשים בפוליטיקה, בעבודה ובחברה.","unknown","קובץ ההיגדים המצורף בלבד; לא נמצא בקבצי הפרופיל בסיס עובדתי מספיק; ללא גלישה חדשה","0","לא נמצא בקבצי הפרופיל בסיס עובדתי עצמאי על גאלב סלאמנה, ולא בוצעה גלישה חדשה; לכן נשאר unknown לפי הכלל שלא מנחשים."
"גאלב סלאמנה","תדמית","זהות וייצוג","T-003","המועמד נתפס בציבור הרחב כמי שנותן מקום מכבד לקבוצות מיעוט בחברה הישראלית.","unknown","קובץ ההיגדים המצורף בלבד; לא נמצא בקבצי הפרופיל בסיס עובדתי מספיק; ללא גלישה חדשה","0","לא נמצא בקבצי הפרופיל בסיס עובדתי עצמאי על גאלב סלאמנה, ולא בוצעה גלישה חדשה; לכן נשאר unknown לפי הכלל שלא מנחשים."
"גאלב סלאמנה","תדמית","זהות וייצוג","T-004","המועמד נתפס בציבור הרחב כמי שיכול לייצג את בני המיעוטים הלא יהודיים.","unknown","קובץ ההיגדים המצורף בלבד; לא נמצא בקבצי הפרופיל בסיס עובדתי מספיק; ללא גלישה חדשה","0","לא נמצא בקבצי הפרופיל בסיס עובדתי עצמאי על גאלב סלאמנה, ולא בוצעה גלישה חדשה; לכן נשאר unknown לפי הכלל שלא מנחשים."
"גאלב סלאמנה","תדמית","זהות וייצוג","T-005","המועמד נתפס בציבור הרחב כמי שמביא את קול הפריפריה או מבין לעומק את צרכיה.","unknown","קובץ ההיגדים המצורף בלבד; לא נמצא בקבצי הפרופיל בסיס עובדתי מספיק; ללא גלישה חדשה","0","לא נמצא בקבצי הפרופיל בסיס עובדתי עצמאי על גאלב סלאמנה, ולא בוצעה גלישה חדשה; לכן נשאר unknown לפי הכלל שלא מנחשים."
"גאלב סלאמנה","תדמית","זהות וייצוג","T-006","המועמד נתפס בציבור הרחב כמי שיכול לצמצם את הפער התדמיתי והמעשי בין המרכז לפריפריה.","unknown","קובץ ההיגדים המצורף בלבד; לא נמצא בקבצי הפרופיל בסיס עובדתי מספיק; ללא גלישה חדשה","0","לא נמצא בקבצי הפרופיל בסיס עובדתי עצמאי על גאלב סלאמנה, ולא בוצעה גלישה חדשה; לכן נשאר unknown לפי הכלל שלא מנחשים."
"גאלב סלאמנה","תדמית","זהות וייצוג","T-007","המועמד נתפס בציבור הרחב כמי שמביא גאווה בזהות מזרחית בלי להפוך אותה לשסע מפריד.","unknown","קובץ ההיגדים המצורף בלבד; לא נמצא בקבצי הפרופיל בסיס עובדתי מספיק; ללא גלישה חדשה","0","לא נמצא בקבצי הפרופיל בסיס עובדתי עצמאי על גאלב סלאמנה, ולא בוצעה גלישה חדשה; לכן נשאר unknown לפי הכלל שלא מנחשים."
"גאלב סלאמנה","תדמית","זהות וייצוג","T-008","המועמד נתפס בציבור הרחב כמי שמכבד זהות דתית ומסורתית בתוך מרחב דמוקרטי וליברלי.","unknown","קובץ ההיגדים המצורף בלבד; לא נמצא בקבצי הפרופיל בסיס עובדתי מספיק; ללא גלישה חדשה","0","לא נמצא בקבצי הפרופיל בסיס עובדתי עצמאי על גאלב סלאמנה, ולא בוצעה גלישה חדשה; לכן נשאר unknown לפי הכלל שלא מנחשים."
"גאלב סלאמנה","תדמית","זהות וייצוג","T-009","המועמד נתפס בציבור הרחב כמי שיכול לגשר בין חילונים, מסורתיים ודתיים.","unknown","קובץ ההיגדים המצורף בלבד; לא נמצא בקבצי הפרופיל בסיס עובדתי מספיק; ללא גלישה חדשה","0","לא נמצא בקבצי הפרופיל בסיס עובדתי עצמאי על גאלב סלאמנה, ולא בוצעה גלישה חדשה; לכן נשאר unknown לפי הכלל שלא מנחשים."
"גאלב סלאמנה","תדמית","זהות וייצוג","T-010","המועמד נתפס בציבור הרחב כמי שנוכחותו ברשימה מרחיבה את תחושת הייצוג של קהלים מגוונים.","unknown","קובץ ההיגדים המצורף בלבד; לא נמצא בקבצי הפרופיל בסיס עובדתי מספיק; ללא גלישה חדשה","0","לא נמצא בקבצי הפרופיל בסיס עובדתי עצמאי על גאלב סלאמנה, ולא בוצעה גלישה חדשה; לכן נשאר unknown לפי הכלל שלא מנחשים."
"גאלב סלאמנה","תדמית","זהות וייצוג","T-011","המועמד נתפס בציבור הרחב כמי שמוסיף לרשימה עומק חברתי ולא רק ניסיון פוליטי או תקשורתי.","unknown","קובץ ההיגדים המצורף בלבד; לא נמצא בקבצי הפרופיל בסיס עובדתי מספיק; ללא גלישה חדשה","0","לא נמצא בקבצי הפרופיל בסיס עובדתי עצמאי על גאלב סלאמנה, ולא בוצעה גלישה חדשה; לכן נשאר unknown לפי הכלל שלא מנחשים."
"גאלב סלאמנה","תדמית","ממלכתיות ואחריות","T-012","המועמד נתפס בציבור הרחב כבעל עמוד שדרה ערכי.","unknown","קובץ ההיגדים המצורף בלבד; לא נמצא בקבצי הפרופיל בסיס עובדתי מספיק; ללא גלישה חדשה","0","לא נמצא בקבצי הפרופיל בסיס עובדתי עצמאי על גאלב סלאמנה, ולא בוצעה גלישה חדשה; לכן נשאר unknown לפי הכלל שלא מנחשים."
"גאלב סלאמנה","תדמית","ממלכתיות ואחריות","T-013","המועמד נתפס בציבור הרחב כדמות ממלכתית ואחראית.","unknown","קובץ ההיגדים המצורף בלבד; לא נמצא בקבצי הפרופיל בסיס עובדתי מספיק; ללא גלישה חדשה","0","לא נמצא בקבצי הפרופיל בסיס עובדתי עצמאי על גאלב סלאמנה, ולא בוצעה גלישה חדשה; לכן נשאר unknown לפי הכלל שלא מנחשים."
"גאלב סלאמנה","תדמית","ממלכתיות ואחריות","T-014","המועמד נתפס בציבור הרחב כמי שמכבד מוסדות מדינה ושלטון חוק.","unknown","קובץ ההיגדים המצורף בלבד; לא נמצא בקבצי הפרופיל בסיס עובדתי מספיק; ללא גלישה חדשה","0","לא נמצא בקבצי הפרופיל בסיס עובדתי עצמאי על גאלב סלאמנה, ולא בוצעה גלישה חדשה; לכן נשאר unknown לפי הכלל שלא מנחשים."
"גאלב סלאמנה","תדמית","ממלכתיות ואחריות","T-015","המועמד נתפס בציבור הרחב כמי שמסוגל לפעול מתוך שיקול דעת ולא רק מתוך כעס.","unknown","קובץ ההיגדים המצורף בלבד; לא נמצא בקבצי הפרופיל בסיס עובדתי מספיק; ללא גלישה חדשה","0","לא נמצא בקבצי הפרופיל בסיס עובדתי עצמאי על גאלב סלאמנה, ולא בוצעה גלישה חדשה; לכן נשאר unknown לפי הכלל שלא מנחשים."
"גאלב סלאמנה","תדמית","יושרה, אמינות וניסיון ","T-016","המועמד נתפס בציבור הרחב כמי שפועל מתוך שליחות ולא רק מתוך קריירה.","unknown","קובץ ההיגדים המצורף בלבד; לא נמצא בקבצי הפרופיל בסיס עובדתי מספיק; ללא גלישה חדשה","0","לא נמצא בקבצי הפרופיל בסיס עובדתי עצמאי על גאלב סלאמנה, ולא בוצעה גלישה חדשה; לכן נשאר unknown לפי הכלל שלא מנחשים."
"גאלב סלאמנה","תדמית","יושרה, אמינות וניסיון ","T-017","המועמד נתפס בציבור הרחב כאדם אמין וישר.","unknown","קובץ ההיגדים המצורף בלבד; לא נמצא בקבצי הפרופיל בסיס עובדתי מספיק; ללא גלישה חדשה","0","לא נמצא בקבצי הפרופיל בסיס עובדתי עצמאי על גאלב סלאמנה, ולא בוצעה גלישה חדשה; לכן נשאר unknown לפי הכלל שלא מנחשים."
"גאלב סלאמנה","תדמית","יושרה, אמינות וניסיון ","T-018","המועמד נתפס בציבור הרחב כדמות רצינית ולא כגימיק תקשורתי.","unknown","קובץ ההיגדים המצורף בלבד; לא נמצא בקבצי הפרופיל בסיס עובדתי מספיק; ללא גלישה חדשה","0","לא נמצא בקבצי הפרופיל בסיס עובדתי עצמאי על גאלב סלאמנה, ולא בוצעה גלישה חדשה; לכן נשאר unknown לפי הכלל שלא מנחשים."
"גאלב סלאמנה","תדמית","יושרה, אמינות וניסיון ","T-019","המועמד נתפס בציבור הרחב כמי שאפשר לסמוך עליו בתפקיד ציבורי.","unknown","קובץ ההיגדים המצורף בלבד; לא נמצא בקבצי הפרופיל בסיס עובדתי מספיק; ללא גלישה חדשה","0","לא נמצא בקבצי הפרופיל בסיס עובדתי עצמאי על גאלב סלאמנה, ולא בוצעה גלישה חדשה; לכן נשאר unknown לפי הכלל שלא מנחשים."
"גאלב סלאמנה","תדמית","יושרה, אמינות וניסיון ","T-020","המועמד נתפס בציבור הרחב כבעל ניסיון ציבורי משמעותי.","unknown","קובץ ההיגדים המצורף בלבד; לא נמצא בקבצי הפרופיל בסיס עובדתי מספיק; ללא גלישה חדשה","0","לא נמצא בקבצי הפרופיל בסיס עובדתי עצמאי על גאלב סלאמנה, ולא בוצעה גלישה חדשה; לכן נשאר unknown לפי הכלל שלא מנחשים."
"גאלב סלאמנה","תדמית","יושרה, אמינות וניסיון ","T-021","המועמד נתפס בציבור הרחב כמי שמבין איך פועלת מערכת פוליטית.","unknown","קובץ ההיגדים המצורף בלבד; לא נמצא בקבצי הפרופיל בסיס עובדתי מספיק; ללא גלישה חדשה","0","לא נמצא בקבצי הפרופיל בסיס עובדתי עצמאי על גאלב סלאמנה, ולא בוצעה גלישה חדשה; לכן נשאר unknown לפי הכלל שלא מנחשים."
"גאלב סלאמנה","תדמית","תקשורתיות ונראות","T-022","המועמד נתפס בציבור הרחב כדמות תקשורתית חזקה.","unknown","קובץ ההיגדים המצורף בלבד; לא נמצא בקבצי הפרופיל בסיס עובדתי מספיק; ללא גלישה חדשה","0","לא נמצא בקבצי הפרופיל בסיס עובדתי עצמאי על גאלב סלאמנה, ולא בוצעה גלישה חדשה; לכן נשאר unknown לפי הכלל שלא מנחשים."
"גאלב סלאמנה","תדמית","תקשורתיות ונראות","T-023","המועמד נתפס בציבור הרחב כמי שיודע להעביר מסר ברור.","unknown","קובץ ההיגדים המצורף בלבד; לא נמצא בקבצי הפרופיל בסיס עובדתי מספיק; ללא גלישה חדשה","0","לא נמצא בקבצי הפרופיל בסיס עובדתי עצמאי על גאלב סלאמנה, ולא בוצעה גלישה חדשה; לכן נשאר unknown לפי הכלל שלא מנחשים."
"גאלב סלאמנה","תדמית","תקשורתיות ונראות","T-024","המועמד נתפס בציבור הרחב כמי שמסוגל לבלוט בקמפיין בחירות.","unknown","קובץ ההיגדים המצורף בלבד; לא נמצא בקבצי הפרופיל בסיס עובדתי מספיק; ללא גלישה חדשה","0","לא נמצא בקבצי הפרופיל בסיס עובדתי עצמאי על גאלב סלאמנה, ולא בוצעה גלישה חדשה; לכן נשאר unknown לפי הכלל שלא מנחשים."
"גאלב סלאמנה","תדמית","תקשורתיות ונראות","T-025","המועמד נתפס בציבור הרחב כמי שמביא ייצוג חשוב לרשימה.","unknown","קובץ ההיגדים המצורף בלבד; לא נמצא בקבצי הפרופיל בסיס עובדתי מספיק; ללא גלישה חדשה","0","לא נמצא בקבצי הפרופיל בסיס עובדתי עצמאי על גאלב סלאמנה, ולא בוצעה גלישה חדשה; לכן נשאר unknown לפי הכלל שלא מנחשים."
"גאלב סלאמנה","תדמית","תקשורתיות ונראות","T-026","המועמד נתפס בציבור הרחב כמי שמרחיב את הדימוי של המפלגה.","unknown","קובץ ההיגדים המצורף בלבד; לא נמצא בקבצי הפרופיל בסיס עובדתי מספיק; ללא גלישה חדשה","0","לא נמצא בקבצי הפרופיל בסיס עובדתי עצמאי על גאלב סלאמנה, ולא בוצעה גלישה חדשה; לכן נשאר unknown לפי הכלל שלא מנחשים."
"גאלב סלאמנה","תדמית","אותנטיות וסיפור אישי","T-027","המועמד נתפס בציבור הרחב כמי שפועל מתוך שליחות ולא רק מתוך קריירה.","unknown","קובץ ההיגדים המצורף בלבד; לא נמצא בקבצי הפרופיל בסיס עובדתי מספיק; ללא גלישה חדשה","0","לא נמצא בקבצי הפרופיל בסיס עובדתי עצמאי על גאלב סלאמנה, ולא בוצעה גלישה חדשה; לכן נשאר unknown לפי הכלל שלא מנחשים."
"הדס רגולסקי","תדמית","זהות וייצוג","T-001","המועמד מייצג את הקול הנשי בזירה הציבורית.","supports","קבצי פרופיל פרויקט הדמוקרטים: דבר/הארץ על הצטרפות מובילי מחאה ובהם לי הופמן והדס רגולסקי; ללא גלישה חדשה","82","כמועמדת ודמות תקשורתית־ציבורית, יש בסיס טוב לכך שהיא מוסיפה ייצוג נשי וקול נשי ציבורי."
"הדס רגולסקי","תדמית","זהות וייצוג","T-002","המועמד נתפס בציבור הרחב כמי שמבין חסמים ייחודיים של נשים בפוליטיקה, בעבודה ובחברה.","supports","קבצי פרופיל פרויקט הדמוקרטים: דבר/הארץ על הצטרפות מובילי מחאה ובהם לי הופמן והדס רגולסקי; ללא גלישה חדשה","82","כמועמדת ודמות תקשורתית־ציבורית, יש בסיס טוב לכך שהיא מוסיפה ייצוג נשי וקול נשי ציבורי."
"הדס רגולסקי","תדמית","זהות וייצוג","T-003","המועמד נתפס בציבור הרחב כמי שנותן מקום מכבד לקבוצות מיעוט בחברה הישראלית.","supports","קבצי פרופיל פרויקט הדמוקרטים: דבר/הארץ על הצטרפות מובילי מחאה ובהם לי הופמן והדס רגולסקי; ללא גלישה חדשה","60","נוכחותה מרחיבה את ייצוג המחאה והתקשורת ברשימה, אך לא נמצאה התמחות ייעודית במיעוטים או פריפריה."
"הדס רגולסקי","תדמית","זהות וייצוג","T-004","המועמד נתפס בציבור הרחב כמי שיכול לייצג את בני המיעוטים הלא יהודיים.","unknown","קובץ ההיגדים המצורף בלבד; לא נמצא בקבצי הפרופיל בסיס עובדתי מספיק; ללא גלישה חדשה","0","לא נמצא בסיס מספק לייצוג מיעוטים, פריפריה, זהות מזרחית או גישור דתי־חילוני."
"הדס רגולסקי","תדמית","זהות וייצוג","T-005","המועמד נתפס בציבור הרחב כמי שמביא את קול הפריפריה או מבין לעומק את צרכיה.","unknown","קובץ ההיגדים המצורף בלבד; לא נמצא בקבצי הפרופיל בסיס עובדתי מספיק; ללא גלישה חדשה","0","לא נמצא בסיס מספק לייצוג מיעוטים, פריפריה, זהות מזרחית או גישור דתי־חילוני."
"הדס רגולסקי","תדמית","זהות וייצוג","T-006","המועמד נתפס בציבור הרחב כמי שיכול לצמצם את הפער התדמיתי והמעשי בין המרכז לפריפריה.","unknown","קובץ ההיגדים המצורף בלבד; לא נמצא בקבצי הפרופיל בסיס עובדתי מספיק; ללא גלישה חדשה","0","לא נמצא בסיס מספק לייצוג מיעוטים, פריפריה, זהות מזרחית או גישור דתי־חילוני."
"הדס רגולסקי","תדמית","זהות וייצוג","T-007","המועמד נתפס בציבור הרחב כמי שמביא גאווה בזהות מזרחית בלי להפוך אותה לשסע מפריד.","unknown","קובץ ההיגדים המצורף בלבד; לא נמצא בקבצי הפרופיל בסיס עובדתי מספיק; ללא גלישה חדשה","0","לא נמצא בסיס מספק לייצוג מיעוטים, פריפריה, זהות מזרחית או גישור דתי־חילוני."
"הדס רגולסקי","תדמית","זהות וייצוג","T-008","המועמד נתפס בציבור הרחב כמי שמכבד זהות דתית ומסורתית בתוך מרחב דמוקרטי וליברלי.","unknown","קובץ ההיגדים המצורף בלבד; לא נמצא בקבצי הפרופיל בסיס עובדתי מספיק; ללא גלישה חדשה","0","לא נמצא בסיס מספק לייצוג מיעוטים, פריפריה, זהות מזרחית או גישור דתי־חילוני."
"הדס רגולסקי","תדמית","זהות וייצוג","T-009","המועמד נתפס בציבור הרחב כמי שיכול לגשר בין חילונים, מסורתיים ודתיים.","unknown","קובץ ההיגדים המצורף בלבד; לא נמצא בקבצי הפרופיל בסיס עובדתי מספיק; ללא גלישה חדשה","0","לא נמצא בסיס מספק לייצוג מיעוטים, פריפריה, זהות מזרחית או גישור דתי־חילוני."
"הדס רגולסקי","תדמית","זהות וייצוג","T-010","המועמד נתפס בציבור הרחב כמי שנוכחותו ברשימה מרחיבה את תחושת הייצוג של קהלים מגוונים.","supports","קבצי פרופיל פרויקט הדמוקרטים: דבר/הארץ על הצטרפות מובילי מחאה ובהם לי הופמן והדס רגולסקי; ללא גלישה חדשה","60","נוכחותה מרחיבה את ייצוג המחאה והתקשורת ברשימה, אך לא נמצאה התמחות ייעודית במיעוטים או פריפריה."
"הדס רגולסקי","תדמית","זהות וייצוג","T-011","המועמד נתפס בציבור הרחב כמי שמוסיף לרשימה עומק חברתי ולא רק ניסיון פוליטי או תקשורתי.","supports","קבצי פרופיל פרויקט הדמוקרטים: דבר/הארץ על הצטרפות מובילי מחאה ובהם לי הופמן והדס רגולסקי; ללא גלישה חדשה","60","נוכחותה מרחיבה את ייצוג המחאה והתקשורת ברשימה, אך לא נמצאה התמחות ייעודית במיעוטים או פריפריה."
"הדס רגולסקי","תדמית","ממלכתיות ואחריות","T-012","המועמד נתפס בציבור הרחב כבעל עמוד שדרה ערכי.","supports","קבצי פרופיל פרויקט הדמוקרטים: דבר/הארץ על הצטרפות מובילי מחאה ובהם לי הופמן והדס רגולסקי; ללא גלישה חדשה","66","הפרופיל של עיתונאית/דמות מחאה יוצר דימוי של שליחות, רצינות ועמוד שדרה, אף שלא מדובר בניסיון פרלמנטרי."
"הדס רגולסקי","תדמית","ממלכתיות ואחריות","T-013","המועמד נתפס בציבור הרחב כדמות ממלכתית ואחראית.","mixed","קבצי פרופיל פרויקט הדמוקרטים: דבר/הארץ על הצטרפות מובילי מחאה ובהם לי הופמן והדס רגולסקי; ללא גלישה חדשה","58","יש תדמית ציבורית רצינית, אך לא נמצא בסיס מספיק להעריך ממלכתיות וניסיון מוסדי."
"הדס רגולסקי","תדמית","ממלכתיות ואחריות","T-014","המועמד נתפס בציבור הרחב כמי שמכבד מוסדות מדינה ושלטון חוק.","mixed","קבצי פרופיל פרויקט הדמוקרטים: דבר/הארץ על הצטרפות מובילי מחאה ובהם לי הופמן והדס רגולסקי; ללא גלישה חדשה","58","יש תדמית ציבורית רצינית, אך לא נמצא בסיס מספיק להעריך ממלכתיות וניסיון מוסדי."
"הדס רגולסקי","תדמית","ממלכתיות ואחריות","T-015","המועמד נתפס בציבור הרחב כמי שמסוגל לפעול מתוך שיקול דעת ולא רק מתוך כעס.","mixed","קבצי פרופיל פרויקט הדמוקרטים: דבר/הארץ על הצטרפות מובילי מחאה ובהם לי הופמן והדס רגולסקי; ללא גלישה חדשה","58","יש תדמית ציבורית רצינית, אך לא נמצא בסיס מספיק להעריך ממלכתיות וניסיון מוסדי."
"הדס רגולסקי","תדמית","יושרה, אמינות וניסיון ","T-016","המועמד נתפס בציבור הרחב כמי שפועל מתוך שליחות ולא רק מתוך קריירה.","supports","קבצי פרופיל פרויקט הדמוקרטים: דבר/הארץ על הצטרפות מובילי מחאה ובהם לי הופמן והדס רגולסקי; ללא גלישה חדשה","66","הפרופיל של עיתונאית/דמות מחאה יוצר דימוי של שליחות, רצינות ועמוד שדרה, אף שלא מדובר בניסיון פרלמנטרי."
"הדס רגולסקי","תדמית","יושרה, אמינות וניסיון ","T-017","המועמד נתפס בציבור הרחב כאדם אמין וישר.","supports","קבצי פרופיל פרויקט הדמוקרטים: דבר/הארץ על הצטרפות מובילי מחאה ובהם לי הופמן והדס רגולסקי; ללא גלישה חדשה","66","הפרופיל של עיתונאית/דמות מחאה יוצר דימוי של שליחות, רצינות ועמוד שדרה, אף שלא מדובר בניסיון פרלמנטרי."
"הדס רגולסקי","תדמית","יושרה, אמינות וניסיון ","T-018","המועמד נתפס בציבור הרחב כדמות רצינית ולא כגימיק תקשורתי.","supports","קבצי פרופיל פרויקט הדמוקרטים: דבר/הארץ על הצטרפות מובילי מחאה ובהם לי הופמן והדס רגולסקי; ללא גלישה חדשה","66","הפרופיל של עיתונאית/דמות מחאה יוצר דימוי של שליחות, רצינות ועמוד שדרה, אף שלא מדובר בניסיון פרלמנטרי."
"הדס רגולסקי","תדמית","יושרה, אמינות וניסיון ","T-019","המועמד נתפס בציבור הרחב כמי שאפשר לסמוך עליו בתפקיד ציבורי.","mixed","קבצי פרופיל פרויקט הדמוקרטים: דבר/הארץ על הצטרפות מובילי מחאה ובהם לי הופמן והדס רגולסקי; ללא גלישה חדשה","58","יש תדמית ציבורית רצינית, אך לא נמצא בסיס מספיק להעריך ממלכתיות וניסיון מוסדי."
"הדס רגולסקי","תדמית","יושרה, אמינות וניסיון ","T-020","המועמד נתפס בציבור הרחב כבעל ניסיון ציבורי משמעותי.","mixed","קבצי פרופיל פרויקט הדמוקרטים: דבר/הארץ על הצטרפות מובילי מחאה ובהם לי הופמן והדס רגולסקי; ללא גלישה חדשה","54","יש ניסיון תקשורתי וציבורי אך לא נמצא ניסיון פוליטי־מוסדי משמעותי."
"הדס רגולסקי","תדמית","יושרה, אמינות וניסיון ","T-021","המועמד נתפס בציבור הרחב כמי שמבין איך פועלת מערכת פוליטית.","mixed","קבצי פרופיל פרויקט הדמוקרטים: דבר/הארץ על הצטרפות מובילי מחאה ובהם לי הופמן והדס רגולסקי; ללא גלישה חדשה","54","יש ניסיון תקשורתי וציבורי אך לא נמצא ניסיון פוליטי־מוסדי משמעותי."
"הדס רגולסקי","תדמית","תקשורתיות ונראות","T-022","המועמד נתפס בציבור הרחב כדמות תקשורתית חזקה.","supports","קבצי פרופיל פרויקט הדמוקרטים: דבר/הארץ על הצטרפות מובילי מחאה ובהם לי הופמן והדס רגולסקי; ללא גלישה חדשה","78","הרקע התקשורתי נותן בסיס חזק לנראות, מסר ויכולת לבלוט בקמפיין."
"הדס רגולסקי","תדמית","תקשורתיות ונראות","T-023","המועמד נתפס בציבור הרחב כמי שיודע להעביר מסר ברור.","supports","קבצי פרופיל פרויקט הדמוקרטים: דבר/הארץ על הצטרפות מובילי מחאה ובהם לי הופמן והדס רגולסקי; ללא גלישה חדשה","78","הרקע התקשורתי נותן בסיס חזק לנראות, מסר ויכולת לבלוט בקמפיין."
"הדס רגולסקי","תדמית","תקשורתיות ונראות","T-024","המועמד נתפס בציבור הרחב כמי שמסוגל לבלוט בקמפיין בחירות.","supports","קבצי פרופיל פרויקט הדמוקרטים: דבר/הארץ על הצטרפות מובילי מחאה ובהם לי הופמן והדס רגולסקי; ללא גלישה חדשה","78","הרקע התקשורתי נותן בסיס חזק לנראות, מסר ויכולת לבלוט בקמפיין."
"הדס רגולסקי","תדמית","תקשורתיות ונראות","T-025","המועמד נתפס בציבור הרחב כמי שמביא ייצוג חשוב לרשימה.","supports","קבצי פרופיל פרויקט הדמוקרטים: דבר/הארץ על הצטרפות מובילי מחאה ובהם לי הופמן והדס רגולסקי; ללא גלישה חדשה","60","נוכחותה מרחיבה את ייצוג המחאה והתקשורת ברשימה, אך לא נמצאה התמחות ייעודית במיעוטים או פריפריה."
"הדס רגולסקי","תדמית","תקשורתיות ונראות","T-026","המועמד נתפס בציבור הרחב כמי שמרחיב את הדימוי של המפלגה.","supports","קבצי פרופיל פרויקט הדמוקרטים: דבר/הארץ על הצטרפות מובילי מחאה ובהם לי הופמן והדס רגולסקי; ללא גלישה חדשה","60","נוכחותה מרחיבה את ייצוג המחאה והתקשורת ברשימה, אך לא נמצאה התמחות ייעודית במיעוטים או פריפריה."
"הדס רגולסקי","תדמית","אותנטיות וסיפור אישי","T-027","המועמד נתפס בציבור הרחב כמי שפועל מתוך שליחות ולא רק מתוך קריירה.","supports","קבצי פרופיל פרויקט הדמוקרטים: דבר/הארץ על הצטרפות מובילי מחאה ובהם לי הופמן והדס רגולסקי; ללא גלישה חדשה","66","הפרופיל של עיתונאית/דמות מחאה יוצר דימוי של שליחות, רצינות ועמוד שדרה, אף שלא מדובר בניסיון פרלמנטרי."
