"candidate_id","axis","category","statement_id","statement_text","value","source","confidence","justification"
"לי הופמן אגיב","דעות","דמוקרטיה, משילות ותיקון מוסדות המדינה","D-001","נטייה לתיקון חוקתי ומוסדי עמוק, ולא רק להחלפת ממשלה","supports","https://hagush.org.il/candidates.html ; https://www.leehoffmannagiv.com/ ; https://www.ynet.co.il/news/article/rjakywcvzl ; https://www.bonot.org/events/pgyst-mwbylwt-sth-hwdsyt-bwnwt-ltrntybh-pbrwr ; https://www.ynet.co.il/news/article/r1tpwbrp2 ; https://www.israelhayom.co.il/magazine/special/article/17474694","82","המקורות מציגים אותה כמובילת מחאה אזרחית וכמי שמחברת מאבק דמוקרטי, אחריות שלטונית וחיזוק מוסדות; יש בסיס טוב לתמיכה בהיגד."
"לי הופמן אגיב","דעות","דמוקרטיה, משילות ותיקון מוסדות המדינה","D-002","ראיית המשבר הדמוקרטי כתוצאה של שיטה פוליטית פגומה ולא רק של אדם או ממשלה מסוימת","supports","https://hagush.org.il/candidates.html ; https://www.leehoffmannagiv.com/ ; https://www.ynet.co.il/news/article/rjakywcvzl ; https://www.bonot.org/events/pgyst-mwbylwt-sth-hwdsyt-bwnwt-ltrntybh-pbrwr ; https://www.ynet.co.il/news/article/r1tpwbrp2 ; https://www.israelhayom.co.il/magazine/special/article/17474694","82","המקורות מציגים אותה כמובילת מחאה אזרחית וכמי שמחברת מאבק דמוקרטי, אחריות שלטונית וחיזוק מוסדות; יש בסיס טוב לתמיכה בהיגד."
"לי הופמן אגיב","דעות","דמוקרטיה, משילות ותיקון מוסדות המדינה","D-003","נכונות למאבק ציבורי חריף כאשר מוסדות המדינה נתפסים כמאוימים","supports","https://hagush.org.il/candidates.html ; https://www.leehoffmannagiv.com/ ; https://www.ynet.co.il/news/article/rjakywcvzl ; https://www.bonot.org/events/pgyst-mwbylwt-sth-hwdsyt-bwnwt-ltrntybh-pbrwr ; https://www.ynet.co.il/news/article/r1tpwbrp2 ; https://www.israelhayom.co.il/magazine/special/article/17474694","82","המקורות מציגים אותה כמובילת מחאה אזרחית וכמי שמחברת מאבק דמוקרטי, אחריות שלטונית וחיזוק מוסדות; יש בסיס טוב לתמיכה בהיגד."
"לי הופמן אגיב","דעות","דמוקרטיה, משילות ותיקון מוסדות המדינה","D-004","העדפה לשיקום ממלכתי, זהיר ומוסדי של המדינה לאחר המשבר","mixed","https://hagush.org.il/candidates.html ; https://www.leehoffmannagiv.com/ ; https://www.ynet.co.il/news/article/rjakywcvzl ; https://www.bonot.org/events/pgyst-mwbylwt-sth-hwdsyt-bwnwt-ltrntybh-pbrwr ; https://www.ynet.co.il/news/article/r1tpwbrp2 ; https://www.israelhayom.co.il/magazine/special/article/17474694","62","יש בסיס לשיקום דמוקרטי, אך הדימוי המרכזי הוא של מאבק שטח נחרץ ולאו דווקא שיקום מוסדי זהיר בלבד."
"לי הופמן אגיב","דעות","דמוקרטיה, משילות ותיקון מוסדות המדינה","D-005","תמיכה בשיתוף ציבור, דמוקרטיה פנימית ושקיפות בתוך המפלגה ובמערכת הפוליטית","supports","https://hagush.org.il/candidates.html ; https://www.leehoffmannagiv.com/ ; https://www.ynet.co.il/news/article/rjakywcvzl ; https://www.bonot.org/events/pgyst-mwbylwt-sth-hwdsyt-bwnwt-ltrntybh-pbrwr ; https://www.ynet.co.il/news/article/r1tpwbrp2 ; https://www.israelhayom.co.il/magazine/special/article/17474694","82","המקורות מציגים אותה כמובילת מחאה אזרחית וכמי שמחברת מאבק דמוקרטי, אחריות שלטונית וחיזוק מוסדות; יש בסיס טוב לתמיכה בהיגד."
"לי הופמן אגיב","דעות","דמוקרטיה, משילות ותיקון מוסדות המדינה","D-006","נכונות להגביל כוח שלטוני גם כאשר הכוח נמצא בידי המחנה הקרוב אידיאולוגית","supports","https://hagush.org.il/candidates.html ; https://www.leehoffmannagiv.com/ ; https://www.ynet.co.il/news/article/rjakywcvzl ; https://www.bonot.org/events/pgyst-mwbylwt-sth-hwdsyt-bwnwt-ltrntybh-pbrwr ; https://www.ynet.co.il/news/article/r1tpwbrp2 ; https://www.israelhayom.co.il/magazine/special/article/17474694","82","המקורות מציגים אותה כמובילת מחאה אזרחית וכמי שמחברת מאבק דמוקרטי, אחריות שלטונית וחיזוק מוסדות; יש בסיס טוב לתמיכה בהיגד."
"לי הופמן אגיב","דעות","יחס למחנה השני ויכולת גישור","D-007","ראיית מצביעי המחנה השני כיריבים פוליטיים לגיטימיים ולא כאויבים","mixed","https://hagush.org.il/candidates.html ; https://www.leehoffmannagiv.com/ ; https://www.ynet.co.il/news/article/rjakywcvzl ; https://www.bonot.org/events/pgyst-mwbylwt-sth-hwdsyt-bwnwt-ltrntybh-pbrwr ; https://www.ynet.co.il/news/article/r1tpwbrp2 ; https://www.israelhayom.co.il/magazine/special/article/17474694","58","המקורות מדגישים מאבק דמוקרטי ושוויון, אך אינם מספקים עמדה מפורטת על לגיטימציה וגשר למחנה השני."
"לי הופמן אגיב","דעות","יחס למחנה השני ויכולת גישור","D-008","הבחנה בין הנהגת המחנה השני לבין הציבור הרחב שתומך בה","mixed","https://hagush.org.il/candidates.html ; https://www.leehoffmannagiv.com/ ; https://www.ynet.co.il/news/article/rjakywcvzl ; https://www.bonot.org/events/pgyst-mwbylwt-sth-hwdsyt-bwnwt-ltrntybh-pbrwr ; https://www.ynet.co.il/news/article/r1tpwbrp2 ; https://www.israelhayom.co.il/magazine/special/article/17474694","58","המקורות מדגישים מאבק דמוקרטי ושוויון, אך אינם מספקים עמדה מפורטת על לגיטימציה וגשר למחנה השני."
"לי הופמן אגיב","דעות","יחס למחנה השני ויכולת גישור","D-009","אמונה שאפשר לבנות גשר מחודש בין המחנה הדמוקרטי־ליברלי לבין חלקים מהימין המסורתי","mixed","https://hagush.org.il/candidates.html ; https://www.leehoffmannagiv.com/ ; https://www.ynet.co.il/news/article/rjakywcvzl ; https://www.bonot.org/events/pgyst-mwbylwt-sth-hwdsyt-bwnwt-ltrntybh-pbrwr ; https://www.ynet.co.il/news/article/r1tpwbrp2 ; https://www.israelhayom.co.il/magazine/special/article/17474694","56","המעבר ממחאה לפוליטיקה והעיסוק בשוויון מאפשרים בסיס חלקי לגישור, אך לא נמצאה תוכנית מפורשת לאיחוי בין מחנות."
"לי הופמן אגיב","דעות","יחס למחנה השני ויכולת גישור","D-010","העדפה להכרעה פוליטית ברורה על פני פיוס מוקדם עם המחנה השני","supports","https://hagush.org.il/candidates.html ; https://www.leehoffmannagiv.com/ ; https://www.ynet.co.il/news/article/rjakywcvzl ; https://www.bonot.org/events/pgyst-mwbylwt-sth-hwdsyt-bwnwt-ltrntybh-pbrwr ; https://www.ynet.co.il/news/article/r1tpwbrp2 ; https://www.israelhayom.co.il/magazine/special/article/17474694","76","הפרופיל הציבורי שלה נשען על מאבק חד נגד פגיעה בדמוקרטיה, כפייה והדרה; לכן יש בסיס לקווים אדומים ולמאבק נחרץ."
"לי הופמן אגיב","דעות","יחס למחנה השני ויכולת גישור","D-011","נכונות לשיח עם דתיים, מסורתיים, חרדים וימנים גם כאשר קיימת מחלוקת ערכית עמוקה","mixed","https://hagush.org.il/candidates.html ; https://www.leehoffmannagiv.com/ ; https://www.ynet.co.il/news/article/rjakywcvzl ; https://www.bonot.org/events/pgyst-mwbylwt-sth-hwdsyt-bwnwt-ltrntybh-pbrwr ; https://www.ynet.co.il/news/article/r1tpwbrp2 ; https://www.israelhayom.co.il/magazine/special/article/17474694","58","המקורות מדגישים מאבק דמוקרטי ושוויון, אך אינם מספקים עמדה מפורטת על לגיטימציה וגשר למחנה השני."
"לי הופמן אגיב","דעות","יחס למחנה השני ויכולת גישור","D-012","ראיית חלק מהמחנה השני כשותף עתידי אפשרי לשיקום המדינה לאחר עידן נתניהו","mixed","https://hagush.org.il/candidates.html ; https://www.leehoffmannagiv.com/ ; https://www.ynet.co.il/news/article/rjakywcvzl ; https://www.bonot.org/events/pgyst-mwbylwt-sth-hwdsyt-bwnwt-ltrntybh-pbrwr ; https://www.ynet.co.il/news/article/r1tpwbrp2 ; https://www.israelhayom.co.il/magazine/special/article/17474694","58","המקורות מדגישים מאבק דמוקרטי ושוויון, אך אינם מספקים עמדה מפורטת על לגיטימציה וגשר למחנה השני."
"לי הופמן אגיב","דעות","שסעים פנימיים בחברה היהודית","D-013","ראיית השסע העדתי והפריפריאלי כמרכיב מרכזי במשבר הפוליטי בישראל","unknown","לא נמצא מקור מספק בקובץ ההיגדים/פרופיל/מקורות הרשת שנבדקו; נשאר unknown לפי כלל לא לנחש","0","לא נמצא בסיס ישיר ומספיק במקורות שנבדקו לקביעה על היגד זה בלי ניחוש."
"לי הופמן אגיב","דעות","שסעים פנימיים בחברה היהודית","D-014","נכונות לדבר עם מצביעים מזרחים, מסורתיים ופריפריאליים בשפה שאינה מתנשאת ואינה רק ליברלית־אשכנזית","unknown","לא נמצא מקור מספק בקובץ ההיגדים/פרופיל/מקורות הרשת שנבדקו; נשאר unknown לפי כלל לא לנחש","0","לא נמצא בסיס ישיר ומספיק במקורות שנבדקו לקביעה על היגד זה בלי ניחוש."
"לי הופמן אגיב","דעות","שסעים פנימיים בחברה היהודית","D-015","ראיית השסע הדתי־חילוני כאיום מרכזי על הלכידות של החברה היהודית בישראל","unknown","לא נמצא מקור מספק בקובץ ההיגדים/פרופיל/מקורות הרשת שנבדקו; נשאר unknown לפי כלל לא לנחש","0","לא נמצא בסיס ישיר ומספיק במקורות שנבדקו לקביעה על היגד זה בלי ניחוש."
"לי הופמן אגיב","דעות","שסעים פנימיים בחברה היהודית","D-016","תמיכה בבניית ברית חדשה בין ליברלים, מסורתיים, דתיים מתונים ופריפריה חברתית","mixed","https://hagush.org.il/candidates.html ; https://www.leehoffmannagiv.com/ ; https://www.ynet.co.il/news/article/rjakywcvzl ; https://www.bonot.org/events/pgyst-mwbylwt-sth-hwdsyt-bwnwt-ltrntybh-pbrwr ; https://www.ynet.co.il/news/article/r1tpwbrp2 ; https://www.israelhayom.co.il/magazine/special/article/17474694","56","המעבר ממחאה לפוליטיקה והעיסוק בשוויון מאפשרים בסיס חלקי לגישור, אך לא נמצאה תוכנית מפורשת לאיחוי בין מחנות."
"לי הופמן אגיב","דעות","שסעים פנימיים בחברה היהודית","D-017","ביקורת על מחנה המרכז־שמאל כאשר הוא נתפס כמנותק, אליטיסטי או חסר רגישות לפריפריה","unknown","לא נמצא מקור מספק בקובץ ההיגדים/פרופיל/מקורות הרשת שנבדקו; נשאר unknown לפי כלל לא לנחש","0","לא נמצא בסיס ישיר ומספיק במקורות שנבדקו לקביעה על היגד זה בלי ניחוש."
"לי הופמן אגיב","דעות","שסעים פנימיים בחברה היהודית","D-018","העדפה לתיקון יחסי מרכז־פריפריה כחלק מבניית מחנה דמוקרטי רחב","unknown","לא נמצא מקור מספק בקובץ ההיגדים/פרופיל/מקורות הרשת שנבדקו; נשאר unknown לפי כלל לא לנחש","0","לא נמצא בסיס ישיר ומספיק במקורות שנבדקו לקביעה על היגד זה בלי ניחוש."
"לי הופמן אגיב","דעות","מדינה יהודית ודמוקרטית, דת ומדינה","D-019","העדפה לזהות ישראלית שבה הרכיב הדמוקרטי קודם לרכיב הדתי־לאומי כאשר יש התנגשות ביניהם","supports","https://hagush.org.il/candidates.html ; https://www.leehoffmannagiv.com/ ; https://www.ynet.co.il/news/article/rjakywcvzl ; https://www.bonot.org/events/pgyst-mwbylwt-sth-hwdsyt-bwnwt-ltrntybh-pbrwr ; https://www.ynet.co.il/news/article/r1tpwbrp2 ; https://www.israelhayom.co.il/magazine/special/article/17474694","78","במקורות על פעילותה בבונות אלטרנטיבה ובבני ברק מופיעות דרישות לשוויון זכויות, שוויון חובות, התנגדות להדרת נשים וכפייה דתית."
"לי הופמן אגיב","דעות","מדינה יהודית ודמוקרטית, דת ומדינה","D-020","העדפה לזהות ישראלית שבה היהדות היא מקור תרבותי וערכי, אך אינה צריכה לשלוט במוסדות המדינה","supports","https://hagush.org.il/candidates.html ; https://www.leehoffmannagiv.com/ ; https://www.ynet.co.il/news/article/rjakywcvzl ; https://www.bonot.org/events/pgyst-mwbylwt-sth-hwdsyt-bwnwt-ltrntybh-pbrwr ; https://www.ynet.co.il/news/article/r1tpwbrp2 ; https://www.israelhayom.co.il/magazine/special/article/17474694","78","במקורות על פעילותה בבונות אלטרנטיבה ובבני ברק מופיעות דרישות לשוויון זכויות, שוויון חובות, התנגדות להדרת נשים וכפייה דתית."
"לי הופמן אגיב","דעות","מדינה יהודית ודמוקרטית, דת ומדינה","D-021","תמיכה בהפרדה ברורה יותר בין סמכות דתית לבין סמכות מדינתית","supports","https://hagush.org.il/candidates.html ; https://www.leehoffmannagiv.com/ ; https://www.ynet.co.il/news/article/rjakywcvzl ; https://www.bonot.org/events/pgyst-mwbylwt-sth-hwdsyt-bwnwt-ltrntybh-pbrwr ; https://www.ynet.co.il/news/article/r1tpwbrp2 ; https://www.israelhayom.co.il/magazine/special/article/17474694","78","במקורות על פעילותה בבונות אלטרנטיבה ובבני ברק מופיעות דרישות לשוויון זכויות, שוויון חובות, התנגדות להדרת נשים וכפייה דתית."
"לי הופמן אגיב","דעות","מדינה יהודית ודמוקרטית, דת ומדינה","D-022","נכונות לשמר מרכיבים יהודיים־מסורתיים במרחב הציבורי כדי לאפשר שותפות עם ציבור מסורתי ודתי","mixed","https://hagush.org.il/candidates.html ; https://www.leehoffmannagiv.com/ ; https://www.ynet.co.il/news/article/rjakywcvzl ; https://www.bonot.org/events/pgyst-mwbylwt-sth-hwdsyt-bwnwt-ltrntybh-pbrwr ; https://www.ynet.co.il/news/article/r1tpwbrp2 ; https://www.israelhayom.co.il/magazine/special/article/17474694","52","יש עמדה ברורה נגד כפייה והדרה, אך אין די מידע על שימור מרכיבים מסורתיים במרחב הציבורי לצורכי שותפות."
"לי הופמן אגיב","דעות","מדינה יהודית ודמוקרטית, דת ומדינה","D-023","התנגדות לכפייה דתית בנושאי נישואין, שבת, חינוך, מעמד אישי או שירות ציבורי","supports","https://hagush.org.il/candidates.html ; https://www.leehoffmannagiv.com/ ; https://www.ynet.co.il/news/article/rjakywcvzl ; https://www.bonot.org/events/pgyst-mwbylwt-sth-hwdsyt-bwnwt-ltrntybh-pbrwr ; https://www.ynet.co.il/news/article/r1tpwbrp2 ; https://www.israelhayom.co.il/magazine/special/article/17474694","78","במקורות על פעילותה בבונות אלטרנטיבה ובבני ברק מופיעות דרישות לשוויון זכויות, שוויון חובות, התנגדות להדרת נשים וכפייה דתית."
"לי הופמן אגיב","דעות","מדינה יהודית ודמוקרטית, דת ומדינה","D-024","תמיכה בשוויון חובות אזרחיות בין קבוצות, כולל שאלת גיוס חרדים או שירות אזרחי","supports","https://hagush.org.il/candidates.html ; https://www.leehoffmannagiv.com/ ; https://www.ynet.co.il/news/article/rjakywcvzl ; https://www.bonot.org/events/pgyst-mwbylwt-sth-hwdsyt-bwnwt-ltrntybh-pbrwr ; https://www.ynet.co.il/news/article/r1tpwbrp2 ; https://www.israelhayom.co.il/magazine/special/article/17474694","78","במקורות על פעילותה בבונות אלטרנטיבה ובבני ברק מופיעות דרישות לשוויון זכויות, שוויון חובות, התנגדות להדרת נשים וכפייה דתית."
"לי הופמן אגיב","דעות","הפרדה, גישור או שתי מדינות לעם היהודי","D-025","אמונה שהפער בין ישראל ליברלית לבין ישראל שמרנית־דתית עדיין ניתן לגישור פוליטי וחברתי","mixed","https://hagush.org.il/candidates.html ; https://www.leehoffmannagiv.com/ ; https://www.ynet.co.il/news/article/rjakywcvzl ; https://www.bonot.org/events/pgyst-mwbylwt-sth-hwdsyt-bwnwt-ltrntybh-pbrwr ; https://www.ynet.co.il/news/article/r1tpwbrp2 ; https://www.israelhayom.co.il/magazine/special/article/17474694","56","המעבר ממחאה לפוליטיקה והעיסוק בשוויון מאפשרים בסיס חלקי לגישור, אך לא נמצאה תוכנית מפורשת לאיחוי בין מחנות."
"לי הופמן אגיב","דעות","הפרדה, גישור או שתי מדינות לעם היהודי","D-026","ראיית הפער בין המחנות כעמוק עד כדי צורך בהסדרים של אוטונומיה, ביזור או הפרדה חלקית","unknown","לא נמצא מקור מספק בקובץ ההיגדים/פרופיל/מקורות הרשת שנבדקו; נשאר unknown לפי כלל לא לנחש","0","לא נמצא בסיס ישיר ומספיק במקורות שנבדקו לקביעה על היגד זה בלי ניחוש."
"לי הופמן אגיב","דעות","הפרדה, גישור או שתי מדינות לעם היהודי","D-027","תמיכה בביזור סמכויות לשלטון מקומי כדי לאפשר לקהילות שונות לחיות לפי אורחות חיים שונים","unknown","לא נמצא מקור מספק בקובץ ההיגדים/פרופיל/מקורות הרשת שנבדקו; נשאר unknown לפי כלל לא לנחש","0","לא נמצא בסיס ישיר ומספיק במקורות שנבדקו לקביעה על היגד זה בלי ניחוש."
"לי הופמן אגיב","דעות","הפרדה, גישור או שתי מדינות לעם היהודי","D-028","התנגדות לרעיון של שתי מדינות לעם היהודי והעדפה למאבק על מסגרת מדינתית אחת משותפת","unknown","לא נמצא מקור מספק בקובץ ההיגדים/פרופיל/מקורות הרשת שנבדקו; נשאר unknown לפי כלל לא לנחש","0","לא נמצא בסיס עובדתי מספיק בפרופיל ובמקורות שנבדקו כדי לקבוע את ההיגד בלי ניחוש."
"לי הופמן אגיב","דעות","הפרדה, גישור או שתי מדינות לעם היהודי","D-029","פתיחות לרעיון של הסדרים פנימיים חדשים בין חילונים, דתיים, חרדים, מסורתיים וליברלים","mixed","https://hagush.org.il/candidates.html ; https://www.leehoffmannagiv.com/ ; https://www.ynet.co.il/news/article/rjakywcvzl ; https://www.bonot.org/events/pgyst-mwbylwt-sth-hwdsyt-bwnwt-ltrntybh-pbrwr ; https://www.ynet.co.il/news/article/r1tpwbrp2 ; https://www.israelhayom.co.il/magazine/special/article/17474694","56","המעבר ממחאה לפוליטיקה והעיסוק בשוויון מאפשרים בסיס חלקי לגישור, אך לא נמצאה תוכנית מפורשת לאיחוי בין מחנות."
"לי הופמן אגיב","דעות","הפרדה, גישור או שתי מדינות לעם היהודי","D-030","ראיית המשבר הישראלי לא רק כמאבק ימין־שמאל אלא כמאבק בין מודלים שונים של חיים משותפים","mixed","https://hagush.org.il/candidates.html ; https://www.leehoffmannagiv.com/ ; https://www.ynet.co.il/news/article/rjakywcvzl ; https://www.bonot.org/events/pgyst-mwbylwt-sth-hwdsyt-bwnwt-ltrntybh-pbrwr ; https://www.ynet.co.il/news/article/r1tpwbrp2 ; https://www.israelhayom.co.il/magazine/special/article/17474694","56","המעבר ממחאה לפוליטיקה והעיסוק בשוויון מאפשרים בסיס חלקי לגישור, אך לא נמצאה תוכנית מפורשת לאיחוי בין מחנות."
"לי הופמן אגיב","דעות","יהודים־ערבים, שוויון אזרחי וחיים משותפים","D-031","ראיית אזרחי ישראל הערבים כחלק מלא מהדיון על עתיד המדינה ולא כעניין נפרד או משני","mixed","https://hagush.org.il/candidates.html ; https://www.leehoffmannagiv.com/ ; https://www.ynet.co.il/news/article/rjakywcvzl ; https://www.bonot.org/events/pgyst-mwbylwt-sth-hwdsyt-bwnwt-ltrntybh-pbrwr ; https://www.ynet.co.il/news/article/r1tpwbrp2 ; https://www.israelhayom.co.il/magazine/special/article/17474694","55","המקורות מציגים שיח שוויוני ודמוקרטי כללי, אך לא עוסקים ישירות ובפירוט בשותפות יהודית־ערבית."
"לי הופמן אגיב","דעות","יהודים־ערבים, שוויון אזרחי וחיים משותפים","D-032","תמיכה בשוויון אזרחי גם כאשר הוא מחייב שינוי בחוקים, סמלים או חלוקת משאבים","unknown","לא נמצא מקור מספק בקובץ ההיגדים/פרופיל/מקורות הרשת שנבדקו; נשאר unknown לפי כלל לא לנחש","0","לא נמצא בסיס ישיר ומספיק במקורות שנבדקו לקביעה על היגד זה בלי ניחוש."
"לי הופמן אגיב","דעות","יהודים־ערבים, שוויון אזרחי וחיים משותפים","D-033","תמיכה בשותפות פוליטית יהודית־ערבית כחלק מבניית מחנה דמוקרטי רחב","unknown","לא נמצא מקור מספק בקובץ ההיגדים/פרופיל/מקורות הרשת שנבדקו; נשאר unknown לפי כלל לא לנחש","0","לא נמצא בסיס ישיר ומספיק במקורות שנבדקו לקביעה על היגד זה בלי ניחוש."
"לי הופמן אגיב","דעות","יהודים־ערבים, שוויון אזרחי וחיים משותפים","D-034","העדפה לשילוב אזרחים ערבים במוקדי קבלת החלטות, כולל בתחומים מדיניים וביטחוניים","unknown","לא נמצא מקור מספק בקובץ ההיגדים/פרופיל/מקורות הרשת שנבדקו; נשאר unknown לפי כלל לא לנחש","0","לא נמצא בסיס ישיר ומספיק במקורות שנבדקו לקביעה על היגד זה בלי ניחוש."
"לי הופמן אגיב","דעות","יהודים־ערבים, שוויון אזרחי וחיים משותפים","D-035","התנגדות לגזענות, הדרה או דה־לגיטימציה של הציבור הערבי בישראל","mixed","https://hagush.org.il/candidates.html ; https://www.leehoffmannagiv.com/ ; https://www.ynet.co.il/news/article/rjakywcvzl ; https://www.bonot.org/events/pgyst-mwbylwt-sth-hwdsyt-bwnwt-ltrntybh-pbrwr ; https://www.ynet.co.il/news/article/r1tpwbrp2 ; https://www.israelhayom.co.il/magazine/special/article/17474694","55","המקורות מציגים שיח שוויוני ודמוקרטי כללי, אך לא עוסקים ישירות ובפירוט בשותפות יהודית־ערבית."
"לי הופמן אגיב","דעות","יהודים־ערבים, שוויון אזרחי וחיים משותפים","D-036","הכרה בכך שחיים משותפים מחייבים גם התמודדות עם פחדים, טראומות וחוסר אמון בשני הצדדים","mixed","https://hagush.org.il/candidates.html ; https://www.leehoffmannagiv.com/ ; https://www.ynet.co.il/news/article/rjakywcvzl ; https://www.bonot.org/events/pgyst-mwbylwt-sth-hwdsyt-bwnwt-ltrntybh-pbrwr ; https://www.ynet.co.il/news/article/r1tpwbrp2 ; https://www.israelhayom.co.il/magazine/special/article/17474694","55","המקורות מציגים שיח שוויוני ודמוקרטי כללי, אך לא עוסקים ישירות ובפירוט בשותפות יהודית־ערבית."
"לי הופמן אגיב","דעות","ביטחון, פלסטינים והסדר מדיני","D-037","תמיכה בנתיב מדיני ארוך טווח מול הפלסטינים, גם לאחר שבעה באוקטובר","unknown","לא נמצא מקור מספק בקובץ ההיגדים/פרופיל/מקורות הרשת שנבדקו; נשאר unknown לפי כלל לא לנחש","0","לא נמצא בסיס ישיר ומספיק במקורות שנבדקו לקביעה על היגד זה בלי ניחוש."
"לי הופמן אגיב","דעות","ביטחון, פלסטינים והסדר מדיני","D-038","העדפה להיפרדות מדינית וביטחונית מהפלסטינים כדי לשמור על ישראל יהודית ודמוקרטית","unknown","לא נמצא מקור מספק בקובץ ההיגדים/פרופיל/מקורות הרשת שנבדקו; נשאר unknown לפי כלל לא לנחש","0","לא נמצא בסיס ישיר ומספיק במקורות שנבדקו לקביעה על היגד זה בלי ניחוש."
"לי הופמן אגיב","דעות","ביטחון, פלסטינים והסדר מדיני","D-039","תמיכה בפתרון שתי מדינות או במודל קרוב לו כיעד אסטרטגי","unknown","לא נמצא מקור מספק בקובץ ההיגדים/פרופיל/מקורות הרשת שנבדקו; נשאר unknown לפי כלל לא לנחש","0","לא נמצא בסיס ישיר ומספיק במקורות שנבדקו לקביעה על היגד זה בלי ניחוש."
"לי הופמן אגיב","דעות","ביטחון, פלסטינים והסדר מדיני","D-040","פתיחות למודלים מדיניים מורכבים כגון קונפדרציה, גבולות פתוחים או הסדר אזורי","unknown","לא נמצא מקור מספק בקובץ ההיגדים/פרופיל/מקורות הרשת שנבדקו; נשאר unknown לפי כלל לא לנחש","0","לא נמצא בסיס ישיר ומספיק במקורות שנבדקו לקביעה על היגד זה בלי ניחוש."
"לי הופמן אגיב","דעות","ביטחון, פלסטינים והסדר מדיני","D-041","התנגדות להמשך שליטה ישראלית קבועה על אוכלוסייה פלסטינית ללא זכויות אזר מלאות","unknown","לא נמצא מקור מספק בקובץ ההיגדים/פרופיל/מקורות הרשת שנבדקו; נשאר unknown לפי כלל לא לנחש","0","לא נמצא בסיס ישיר ומספיק במקורות שנבדקו לקביעה על היגד זה בלי ניחוש."
"לי הופמן אגיב","דעות","ביטחון, פלסטינים והסדר מדיני","D-042","ראיית הסדר אזורי עם מדינות ערביות מתונות כחלק מרכזי מהעתיד הביטחוני של ישראל","unknown","לא נמצא מקור מספק בקובץ ההיגדים/פרופיל/מקורות הרשת שנבדקו; נשאר unknown לפי כלל לא לנחש","0","לא נמצא בסיס ישיר ומספיק במקורות שנבדקו לקביעה על היגד זה בלי ניחוש."
"לי הופמן אגיב","דעות","שבעה באוקטובר, אחריות, חטופים וזיכרון לאומי","D-043","ראיית שבעה באוקטובר כאירוע שמחייב חשבון נפש מדינתי, מוסדי וחברתי עמוק","supports","https://hagush.org.il/candidates.html ; https://www.leehoffmannagiv.com/ ; https://www.ynet.co.il/news/article/rjakywcvzl ; https://www.bonot.org/events/pgyst-mwbylwt-sth-hwdsyt-bwnwt-ltrntybh-pbrwr ; https://www.ynet.co.il/news/article/r1tpwbrp2 ; https://www.israelhayom.co.il/magazine/special/article/17474694","80","המקורות מציינים הובלת מאבק ציבורי להשבת החטופים, אחריות שלטונית ומחויבות המדינה לאזרחיה לאחר 7 באוקטובר."
"לי הופמן אגיב","דעות","שבעה באוקטובר, אחריות, חטופים וזיכרון לאומי","D-044","תמיכה בוועדת חקירה ממלכתית ובאחריות אישית של הדרג המדיני והביטחוני","supports","https://hagush.org.il/candidates.html ; https://www.leehoffmannagiv.com/ ; https://www.ynet.co.il/news/article/rjakywcvzl ; https://www.bonot.org/events/pgyst-mwbylwt-sth-hwdsyt-bwnwt-ltrntybh-pbrwr ; https://www.ynet.co.il/news/article/r1tpwbrp2 ; https://www.israelhayom.co.il/magazine/special/article/17474694","80","המקורות מציינים הובלת מאבק ציבורי להשבת החטופים, אחריות שלטונית ומחויבות המדינה לאזרחיה לאחר 7 באוקטובר."
"לי הופמן אגיב","דעות","שבעה באוקטובר, אחריות, חטופים וזיכרון לאומי","D-045","ראיית החטופים והמשפחות כסמל מוסרי מרכזי של אחריות המדינה לאזרחיה","supports","https://hagush.org.il/candidates.html ; https://www.leehoffmannagiv.com/ ; https://www.ynet.co.il/news/article/rjakywcvzl ; https://www.bonot.org/events/pgyst-mwbylwt-sth-hwdsyt-bwnwt-ltrntybh-pbrwr ; https://www.ynet.co.il/news/article/r1tpwbrp2 ; https://www.israelhayom.co.il/magazine/special/article/17474694","80","המקורות מציינים הובלת מאבק ציבורי להשבת החטופים, אחריות שלטונית ומחויבות המדינה לאזרחיה לאחר 7 באוקטובר."
"לי הופמן אגיב","דעות","שבעה באוקטובר, אחריות, חטופים וזיכרון לאומי","D-046","התנגדות לשימוש פוליטי ציני בכאב של משפחות, נפגעים או קהילות שנפגעו במלחמה","supports","https://hagush.org.il/candidates.html ; https://www.leehoffmannagiv.com/ ; https://www.ynet.co.il/news/article/rjakywcvzl ; https://www.bonot.org/events/pgyst-mwbylwt-sth-hwdsyt-bwnwt-ltrntybh-pbrwr ; https://www.ynet.co.il/news/article/r1tpwbrp2 ; https://www.israelhayom.co.il/magazine/special/article/17474694","80","המקורות מציינים הובלת מאבק ציבורי להשבת החטופים, אחריות שלטונית ומחויבות המדינה לאזרחיה לאחר 7 באוקטובר."
"לי הופמן אגיב","דעות","שבעה באוקטובר, אחריות, חטופים וזיכרון לאומי","D-047","תמיכה בשיקום העוטף והקהילות שנפגעו כחלק מהחוזה הבסיסי בין המדינה לאזרחיה","supports","https://hagush.org.il/candidates.html ; https://www.leehoffmannagiv.com/ ; https://www.ynet.co.il/news/article/rjakywcvzl ; https://www.bonot.org/events/pgyst-mwbylwt-sth-hwdsyt-bwnwt-ltrntybh-pbrwr ; https://www.ynet.co.il/news/article/r1tpwbrp2 ; https://www.israelhayom.co.il/magazine/special/article/17474694","80","המקורות מציינים הובלת מאבק ציבורי להשבת החטופים, אחריות שלטונית ומחויבות המדינה לאזרחיה לאחר 7 באוקטובר."
"לי הופמן אגיב","דעות","שבעה באוקטובר, אחריות, חטופים וזיכרון לאומי","D-048","ראיית הטראומה של שבעה באוקטובר כבסיס לבניית מדיניות חדשה, לא רק כהצדקה להמשך מלחמה","supports","https://hagush.org.il/candidates.html ; https://www.leehoffmannagiv.com/ ; https://www.ynet.co.il/news/article/rjakywcvzl ; https://www.bonot.org/events/pgyst-mwbylwt-sth-hwdsyt-bwnwt-ltrntybh-pbrwr ; https://www.ynet.co.il/news/article/r1tpwbrp2 ; https://www.israelhayom.co.il/magazine/special/article/17474694","80","המקורות מציינים הובלת מאבק ציבורי להשבת החטופים, אחריות שלטונית ומחויבות המדינה לאזרחיה לאחר 7 באוקטובר."
"לי הופמן אגיב","דעות","חברה, כלכלה, רווחה ופריפריה","D-049","הצבת צמצום אי־שוויון חברתי־כלכלי כנושא מרכזי בזהות הפוליטית","supports","https://hagush.org.il/candidates.html ; https://www.leehoffmannagiv.com/ ; https://www.ynet.co.il/news/article/rjakywcvzl ; https://www.bonot.org/events/pgyst-mwbylwt-sth-hwdsyt-bwnwt-ltrntybh-pbrwr ; https://www.ynet.co.il/news/article/r1tpwbrp2 ; https://www.israelhayom.co.il/magazine/special/article/17474694","65","לפי Ynet היא מובילה גם מאבקים למען שוויון, חינוך ונגד יוקר המחיה; זה בסיס סביר אך לא מפורט למדיניות חברתית."
"לי הופמן אגיב","דעות","חברה, כלכלה, רווחה ופריפריה","D-050","תמיכה בהרחבת אחריות המדינה בתחומי דיור, חינוך, בריאות ורווחה","supports","https://hagush.org.il/candidates.html ; https://www.leehoffmannagiv.com/ ; https://www.ynet.co.il/news/article/rjakywcvzl ; https://www.bonot.org/events/pgyst-mwbylwt-sth-hwdsyt-bwnwt-ltrntybh-pbrwr ; https://www.ynet.co.il/news/article/r1tpwbrp2 ; https://www.israelhayom.co.il/magazine/special/article/17474694","65","לפי Ynet היא מובילה גם מאבקים למען שוויון, חינוך ונגד יוקר המחיה; זה בסיס סביר אך לא מפורט למדיניות חברתית."
"לי הופמן אגיב","דעות","חברה, כלכלה, רווחה ופריפריה","D-051","תמיכה בזכויות עובדים, עבודה מאורגנת והגנה על שכבות מוחלשות","mixed","https://hagush.org.il/candidates.html ; https://www.leehoffmannagiv.com/ ; https://www.ynet.co.il/news/article/rjakywcvzl ; https://www.bonot.org/events/pgyst-mwbylwt-sth-hwdsyt-bwnwt-ltrntybh-pbrwr ; https://www.ynet.co.il/news/article/r1tpwbrp2 ; https://www.israelhayom.co.il/magazine/special/article/17474694","50","יש בסיס חברתי כללי, אך לא נמצאה עמדה מפורשת על זכויות עובדים או השקעה אזורית ארוכת טווח."
"לי הופמן אגיב","דעות","חברה, כלכלה, רווחה ופריפריה","D-052","ראיית הפריפריה הגיאוגרפית והחברתית כשותפה אסטרטגית ולא כקהל יעד משני","supports","https://hagush.org.il/candidates.html ; https://www.leehoffmannagiv.com/ ; https://www.ynet.co.il/news/article/rjakywcvzl ; https://www.bonot.org/events/pgyst-mwbylwt-sth-hwdsyt-bwnwt-ltrntybh-pbrwr ; https://www.ynet.co.il/news/article/r1tpwbrp2 ; https://www.israelhayom.co.il/magazine/special/article/17474694","65","לפי Ynet היא מובילה גם מאבקים למען שוויון, חינוך ונגד יוקר המחיה; זה בסיס סביר אך לא מפורט למדיניות חברתית."
"לי הופמן אגיב","דעות","חברה, כלכלה, רווחה ופריפריה","D-053","תמיכה בהשקעה ארוכת טווח בנגב, בגליל, בעוטף ובערים מוחלשות","mixed","https://hagush.org.il/candidates.html ; https://www.leehoffmannagiv.com/ ; https://www.ynet.co.il/news/article/rjakywcvzl ; https://www.bonot.org/events/pgyst-mwbylwt-sth-hwdsyt-bwnwt-ltrntybh-pbrwr ; https://www.ynet.co.il/news/article/r1tpwbrp2 ; https://www.israelhayom.co.il/magazine/special/article/17474694","50","יש בסיס חברתי כללי, אך לא נמצאה עמדה מפורשת על זכויות עובדים או השקעה אזורית ארוכת טווח."
"לי הופמן אגיב","דעות","חברה, כלכלה, רווחה ופריפריה","D-054","חיבור בין צדק חברתי לבין בניית מחנה פוליטי חדש ורחב יותר","supports","https://hagush.org.il/candidates.html ; https://www.leehoffmannagiv.com/ ; https://www.ynet.co.il/news/article/rjakywcvzl ; https://www.bonot.org/events/pgyst-mwbylwt-sth-hwdsyt-bwnwt-ltrntybh-pbrwr ; https://www.ynet.co.il/news/article/r1tpwbrp2 ; https://www.israelhayom.co.il/magazine/special/article/17474694","65","לפי Ynet היא מובילה גם מאבקים למען שוויון, חינוך ונגד יוקר המחיה; זה בסיס סביר אך לא מפורט למדיניות חברתית."
"לי הופמן אגיב","דעות","סגנון פשרה, גבולות ויכולת הסכמה","D-055","נכונות לפשרות פוליטיות רחבות כדי לשקם את המדינה גם במחיר ויתור אידיאולוגי חלקי","mixed","https://hagush.org.il/candidates.html ; https://www.leehoffmannagiv.com/ ; https://www.ynet.co.il/news/article/rjakywcvzl ; https://www.bonot.org/events/pgyst-mwbylwt-sth-hwdsyt-bwnwt-ltrntybh-pbrwr ; https://www.ynet.co.il/news/article/r1tpwbrp2 ; https://www.israelhayom.co.il/magazine/special/article/17474694","55","יש רצון להשפעה פוליטית ושיקום, אך המקורות אינם מכריעים על סגנון הפשרה או קואליציות עתידיות."
"לי הופמן אגיב","דעות","סגנון פשרה, גבולות ויכולת הסכמה","D-056","הצבת קווים אדומים ברורים שמעליהם אין מקום לפשרה עם יריבים פוליטיים","supports","https://hagush.org.il/candidates.html ; https://www.leehoffmannagiv.com/ ; https://www.ynet.co.il/news/article/rjakywcvzl ; https://www.bonot.org/events/pgyst-mwbylwt-sth-hwdsyt-bwnwt-ltrntybh-pbrwr ; https://www.ynet.co.il/news/article/r1tpwbrp2 ; https://www.israelhayom.co.il/magazine/special/article/17474694","76","הפרופיל הציבורי שלה נשען על מאבק חד נגד פגיעה בדמוקרטיה, כפייה והדרה; לכן יש בסיס לקווים אדומים ולמאבק נחרץ."
"לי הופמן אגיב","דעות","סגנון פשרה, גבולות ויכולת הסכמה","D-057","העדפה להסכמות רחבות ולאיטיות על פני מהלכים חדים ומהירים","mixed","https://hagush.org.il/candidates.html ; https://www.leehoffmannagiv.com/ ; https://www.ynet.co.il/news/article/rjakywcvzl ; https://www.bonot.org/events/pgyst-mwbylwt-sth-hwdsyt-bwnwt-ltrntybh-pbrwr ; https://www.ynet.co.il/news/article/r1tpwbrp2 ; https://www.israelhayom.co.il/magazine/special/article/17474694","55","יש רצון להשפעה פוליטית ושיקום, אך המקורות אינם מכריעים על סגנון הפשרה או קואליציות עתידיות."
"לי הופמן אגיב","דעות","סגנון פשרה, גבולות ויכולת הסכמה","D-058","העדפה למאבק חד וברור כאשר פשרה נתפסת ככניעה לכוחות אנטי־דמוקרטיים","supports","https://hagush.org.il/candidates.html ; https://www.leehoffmannagiv.com/ ; https://www.ynet.co.il/news/article/rjakywcvzl ; https://www.bonot.org/events/pgyst-mwbylwt-sth-hwdsyt-bwnwt-ltrntybh-pbrwr ; https://www.ynet.co.il/news/article/r1tpwbrp2 ; https://www.israelhayom.co.il/magazine/special/article/17474694","76","הפרופיל הציבורי שלה נשען על מאבק חד נגד פגיעה בדמוקרטיה, כפייה והדרה; לכן יש בסיס לקווים אדומים ולמאבק נחרץ."
"לי הופמן אגיב","דעות","סגנון פשרה, גבולות ויכולת הסכמה","D-059","יכולת להבחין בין פשרה עניינית לבין טשטוש ערכי מסוכן","mixed","https://hagush.org.il/candidates.html ; https://www.leehoffmannagiv.com/ ; https://www.ynet.co.il/news/article/rjakywcvzl ; https://www.bonot.org/events/pgyst-mwbylwt-sth-hwdsyt-bwnwt-ltrntybh-pbrwr ; https://www.ynet.co.il/news/article/r1tpwbrp2 ; https://www.israelhayom.co.il/magazine/special/article/17474694","55","יש רצון להשפעה פוליטית ושיקום, אך המקורות אינם מכריעים על סגנון הפשרה או קואליציות עתידיות."
"לי הופמן אגיב","דעות","סגנון פשרה, גבולות ויכולת הסכמה","D-060","נכונות לבנות קואליציות עתידיות עם גורמים שאינם שייכים למחנה הטבעי, אם הם מקבלים כללי משחק דמוקרטיים","mixed","https://hagush.org.il/candidates.html ; https://www.leehoffmannagiv.com/ ; https://www.ynet.co.il/news/article/rjakywcvzl ; https://www.bonot.org/events/pgyst-mwbylwt-sth-hwdsyt-bwnwt-ltrntybh-pbrwr ; https://www.ynet.co.il/news/article/r1tpwbrp2 ; https://www.israelhayom.co.il/magazine/special/article/17474694","55","יש רצון להשפעה פוליטית ושיקום, אך המקורות אינם מכריעים על סגנון הפשרה או קואליציות עתידיות."
"לי הופמן אגיב","יכולות","מומחיות מדינית, ביטחונית וממשלית","cap_001","ניסיון ישיר במערכות מדינה בכירות או במוקדי קבלת החלטות","unknown","לא נמצא מקור מספק בקובץ ההיגדים/פרופיל/מקורות הרשת שנבדקו; נשאר unknown לפי כלל לא לנחש","0","לא נמצא בסיס מספק לניסיון מדיני־ביטחוני או ממשלתי בכיר."
"לי הופמן אגיב","יכולות","מומחיות מדינית, ביטחונית וממשלית","cap_002","הבנה מוכחת של סוגיות מדיניות, ביטחוניות ואזוריות מורכבות","unknown","לא נמצא מקור מספק בקובץ ההיגדים/פרופיל/מקורות הרשת שנבדקו; נשאר unknown לפי כלל לא לנחש","0","לא נמצא בסיס מספק לניסיון מדיני־ביטחוני או ממשלתי בכיר."
"לי הופמן אגיב","יכולות","מומחיות מדינית, ביטחונית וממשלית","cap_003","ניסיון במשא ומתן, דיאלוג אסטרטגי או קשרים בינלאומיים","unknown","לא נמצא מקור מספק בקובץ ההיגדים/פרופיל/מקורות הרשת שנבדקו; נשאר unknown לפי כלל לא לנחש","0","לא נמצא בסיס מספק לניסיון מדיני־ביטחוני או ממשלתי בכיר."
"לי הופמן אגיב","יכולות","מומחיות מדינית, ביטחונית וממשלית","cap_004","ניסיון צבאי, מודיעיני או ביטחוני בעל רלוונטיות לעבודה ציבורית","unknown","לא נמצא מקור מספק בקובץ ההיגדים/פרופיל/מקורות הרשת שנבדקו; נשאר unknown לפי כלל לא לנחש","0","לא נמצא בסיס מספק לניסיון מדיני־ביטחוני או ממשלתי בכיר."
"לי הופמן אגיב","יכולות","מומחיות מדינית, ביטחונית וממשלית","cap_005","יכולת לגבש תפיסה מדינית־ביטחונית סדורה ולא רק עמדה ערכית כללית","unknown","לא נמצא מקור מספק בקובץ ההיגדים/פרופיל/מקורות הרשת שנבדקו; נשאר unknown לפי כלל לא לנחש","0","לא נמצא בסיס מספק לניסיון מדיני־ביטחוני או ממשלתי בכיר."
"לי הופמן אגיב","יכולות","מומחיות מדינית, ביטחונית וממשלית","cap_006","יכולת לחבר בין יעדים ביטחוניים לבין יעדים מדיניים ארוכי טווח","unknown","לא נמצא מקור מספק בקובץ ההיגדים/פרופיל/מקורות הרשת שנבדקו; נשאר unknown לפי כלל לא לנחש","0","לא נמצא בסיס מספק לניסיון מדיני־ביטחוני או ממשלתי בכיר."
"לי הופמן אגיב","יכולות","ארגון, ניהול וביצוע","cap_007","ניסיון בהקמה וניהול של ארגונים, חברות, תנועות או מטות פעולה","has","https://hagush.org.il/candidates.html ; https://www.leehoffmannagiv.com/ ; https://www.ynet.co.il/news/article/rjakywcvzl ; https://www.bonot.org/events/pgyst-mwbylwt-sth-hwdsyt-bwnwt-ltrntybh-pbrwr ; https://www.ynet.co.il/news/article/r1tpwbrp2 ; https://www.israelhayom.co.il/magazine/special/article/17474694","82","המקורות מציגים אותה כמנהלת שטח/מאבקים בבונות אלטרנטיבה וכמי שבנתה רשת שטח וקהילות גדולה; זה בסיס טוב ליכולות ארגון וביצוע."
"לי הופמן אגיב","יכולות","ארגון, ניהול וביצוע","cap_008","יכולת להוביל צוותים, תקציבים, קהילות או מערכות מורכבות","has","https://hagush.org.il/candidates.html ; https://www.leehoffmannagiv.com/ ; https://www.ynet.co.il/news/article/rjakywcvzl ; https://www.bonot.org/events/pgyst-mwbylwt-sth-hwdsyt-bwnwt-ltrntybh-pbrwr ; https://www.ynet.co.il/news/article/r1tpwbrp2 ; https://www.israelhayom.co.il/magazine/special/article/17474694","82","המקורות מציגים אותה כמנהלת שטח/מאבקים בבונות אלטרנטיבה וכמי שבנתה רשת שטח וקהילות גדולה; זה בסיס טוב ליכולות ארגון וביצוע."
"לי הופמן אגיב","יכולות","ארגון, ניהול וביצוע","cap_009","הובלת מאבקים ציבוריים שהניבו תוצאות ממשיות","has","https://hagush.org.il/candidates.html ; https://www.leehoffmannagiv.com/ ; https://www.ynet.co.il/news/article/rjakywcvzl ; https://www.bonot.org/events/pgyst-mwbylwt-sth-hwdsyt-bwnwt-ltrntybh-pbrwr ; https://www.ynet.co.il/news/article/r1tpwbrp2 ; https://www.israelhayom.co.il/magazine/special/article/17474694","82","המקורות מציגים אותה כמנהלת שטח/מאבקים בבונות אלטרנטיבה וכמי שבנתה רשת שטח וקהילות גדולה; זה בסיס טוב ליכולות ארגון וביצוע."
"לי הופמן אגיב","יכולות","ארגון, ניהול וביצוע","cap_010","יכולת להפוך רעיון כללי לתשתית פעולה מתמשכת","has","https://hagush.org.il/candidates.html ; https://www.leehoffmannagiv.com/ ; https://www.ynet.co.il/news/article/rjakywcvzl ; https://www.bonot.org/events/pgyst-mwbylwt-sth-hwdsyt-bwnwt-ltrntybh-pbrwr ; https://www.ynet.co.il/news/article/r1tpwbrp2 ; https://www.israelhayom.co.il/magazine/special/article/17474694","82","המקורות מציגים אותה כמנהלת שטח/מאבקים בבונות אלטרנטיבה וכמי שבנתה רשת שטח וקהילות גדולה; זה בסיס טוב ליכולות ארגון וביצוע."
"לי הופמן אגיב","יכולות","ארגון, ניהול וביצוע","cap_011","ניסיון בניהול משברים ציבוריים, פוליטיים או ארגוניים","has","https://hagush.org.il/candidates.html ; https://www.leehoffmannagiv.com/ ; https://www.ynet.co.il/news/article/rjakywcvzl ; https://www.bonot.org/events/pgyst-mwbylwt-sth-hwdsyt-bwnwt-ltrntybh-pbrwr ; https://www.ynet.co.il/news/article/r1tpwbrp2 ; https://www.israelhayom.co.il/magazine/special/article/17474694","82","המקורות מציגים אותה כמנהלת שטח/מאבקים בבונות אלטרנטיבה וכמי שבנתה רשת שטח וקהילות גדולה; זה בסיס טוב ליכולות ארגון וביצוע."
"לי הופמן אגיב","יכולות","ארגון, ניהול וביצוע","cap_012","מוכנות לקחת אחריות אישית גבוהה על מהלך ציבורי או ארגוני","has","https://hagush.org.il/candidates.html ; https://www.leehoffmannagiv.com/ ; https://www.ynet.co.il/news/article/rjakywcvzl ; https://www.bonot.org/events/pgyst-mwbylwt-sth-hwdsyt-bwnwt-ltrntybh-pbrwr ; https://www.ynet.co.il/news/article/r1tpwbrp2 ; https://www.israelhayom.co.il/magazine/special/article/17474694","82","המקורות מציגים אותה כמנהלת שטח/מאבקים בבונות אלטרנטיבה וכמי שבנתה רשת שטח וקהילות גדולה; זה בסיס טוב ליכולות ארגון וביצוע."
"לי הופמן אגיב","יכולות","חקיקה, פוליטיקה ומוסדות","cap_013","ניסיון בעבודה פרלמנטרית, ועדות כנסת, חקיקה או הצעות חוק","partial","https://hagush.org.il/candidates.html ; https://www.leehoffmannagiv.com/ ; https://www.ynet.co.il/news/article/rjakywcvzl ; https://www.bonot.org/events/pgyst-mwbylwt-sth-hwdsyt-bwnwt-ltrntybh-pbrwr ; https://www.ynet.co.il/news/article/r1tpwbrp2 ; https://www.israelhayom.co.il/magazine/special/article/17474694","55","קיימת הופעה ופעילות ציבורית־פוליטית, כולל ועדות ומעבר לפריימריז, אך לא נמצא ניסיון פרלמנטרי מלא."
"לי הופמן אגיב","יכולות","חקיקה, פוליטיקה ומוסדות","cap_014","היכרות מעשית עם מנגנוני מפלגות, פריימריז, רשימות וקואליציות","partial","https://hagush.org.il/candidates.html ; https://www.leehoffmannagiv.com/ ; https://www.ynet.co.il/news/article/rjakywcvzl ; https://www.bonot.org/events/pgyst-mwbylwt-sth-hwdsyt-bwnwt-ltrntybh-pbrwr ; https://www.ynet.co.il/news/article/r1tpwbrp2 ; https://www.israelhayom.co.il/magazine/special/article/17474694","55","קיימת הופעה ופעילות ציבורית־פוליטית, כולל ועדות ומעבר לפריימריז, אך לא נמצא ניסיון פרלמנטרי מלא."
"לי הופמן אגיב","יכולות","חקיקה, פוליטיקה ומוסדות","cap_015","יכולת לפעול בתוך מוסדות קיימים ולא רק מחוץ להם","partial","https://hagush.org.il/candidates.html ; https://www.leehoffmannagiv.com/ ; https://www.ynet.co.il/news/article/rjakywcvzl ; https://www.bonot.org/events/pgyst-mwbylwt-sth-hwdsyt-bwnwt-ltrntybh-pbrwr ; https://www.ynet.co.il/news/article/r1tpwbrp2 ; https://www.israelhayom.co.il/magazine/special/article/17474694","55","קיימת הופעה ופעילות ציבורית־פוליטית, כולל ועדות ומעבר לפריימריז, אך לא נמצא ניסיון פרלמנטרי מלא."
"לי הופמן אגיב","יכולות","חקיקה, פוליטיקה ומוסדות","cap_016","ניסיון בבניית תנועה פוליטית, מפלגה או אלטרנטיבה שלטונית","partial","https://hagush.org.il/candidates.html ; https://www.leehoffmannagiv.com/ ; https://www.ynet.co.il/news/article/rjakywcvzl ; https://www.bonot.org/events/pgyst-mwbylwt-sth-hwdsyt-bwnwt-ltrntybh-pbrwr ; https://www.ynet.co.il/news/article/r1tpwbrp2 ; https://www.israelhayom.co.il/magazine/special/article/17474694","62","המעבר ממחאה למסגרת מפלגתית והקמת רשתות שטח מספקים בסיס חלקי לבניית כוח פוליטי, אך לא לבניית מפלגה עצמאית."
"לי הופמן אגיב","יכולות","חקיקה, פוליטיקה ומוסדות","cap_017","יכולת לייצר שיתופי פעולה בין זרמים, מפלגות או קבוצות אינטרס","partial","https://hagush.org.il/candidates.html ; https://www.leehoffmannagiv.com/ ; https://www.ynet.co.il/news/article/rjakywcvzl ; https://www.bonot.org/events/pgyst-mwbylwt-sth-hwdsyt-bwnwt-ltrntybh-pbrwr ; https://www.ynet.co.il/news/article/r1tpwbrp2 ; https://www.israelhayom.co.il/magazine/special/article/17474694","55","קיימת הופעה ופעילות ציבורית־פוליטית, כולל ועדות ומעבר לפריימריז, אך לא נמצא ניסיון פרלמנטרי מלא."
"לי הופמן אגיב","יכולות","חקיקה, פוליטיקה ומוסדות","cap_018","יכולת לתרגם עמדות אידיאולוגיות לפעולות מוסדיות או חקיקתיות","partial","https://hagush.org.il/candidates.html ; https://www.leehoffmannagiv.com/ ; https://www.ynet.co.il/news/article/rjakywcvzl ; https://www.bonot.org/events/pgyst-mwbylwt-sth-hwdsyt-bwnwt-ltrntybh-pbrwr ; https://www.ynet.co.il/news/article/r1tpwbrp2 ; https://www.israelhayom.co.il/magazine/special/article/17474694","55","קיימת הופעה ופעילות ציבורית־פוליטית, כולל ועדות ומעבר לפריימריז, אך לא נמצא ניסיון פרלמנטרי מלא."
"לי הופמן אגיב","יכולות","תקשורת, הסברה והשפעה ציבורית","cap_019","יכולת ליצור מסרים חדים, ברורים וזכירים","has","https://hagush.org.il/candidates.html ; https://www.leehoffmannagiv.com/ ; https://www.ynet.co.il/news/article/rjakywcvzl ; https://www.bonot.org/events/pgyst-mwbylwt-sth-hwdsyt-bwnwt-ltrntybh-pbrwr ; https://www.ynet.co.il/news/article/r1tpwbrp2 ; https://www.israelhayom.co.il/magazine/special/article/17474694","76","הובלת מחאה, פעילות תקשורתית ומאבקים ציבוריים מספקות בסיס טוב ליכולת מסר, הופעה וגיוס ציבורי."
"לי הופמן אגיב","יכולות","תקשורת, הסברה והשפעה ציבורית","cap_020","יכולת לייצר תוכן דיגיטלי, ויראלי או תקשורתי שמגיע לקהלים רחבים","has","https://hagush.org.il/candidates.html ; https://www.leehoffmannagiv.com/ ; https://www.ynet.co.il/news/article/rjakywcvzl ; https://www.bonot.org/events/pgyst-mwbylwt-sth-hwdsyt-bwnwt-ltrntybh-pbrwr ; https://www.ynet.co.il/news/article/r1tpwbrp2 ; https://www.israelhayom.co.il/magazine/special/article/17474694","76","הובלת מחאה, פעילות תקשורתית ומאבקים ציבוריים מספקות בסיס טוב ליכולת מסר, הופעה וגיוס ציבורי."
"לי הופמן אגיב","יכולות","תקשורת, הסברה והשפעה ציבורית","cap_021","ניסיון בהופעה ציבורית, ראיונות, פודקאסטים, קולנוע, כתיבה או הרצאות","has","https://hagush.org.il/candidates.html ; https://www.leehoffmannagiv.com/ ; https://www.ynet.co.il/news/article/rjakywcvzl ; https://www.bonot.org/events/pgyst-mwbylwt-sth-hwdsyt-bwnwt-ltrntybh-pbrwr ; https://www.ynet.co.il/news/article/r1tpwbrp2 ; https://www.israelhayom.co.il/magazine/special/article/17474694","76","הובלת מחאה, פעילות תקשורתית ומאבקים ציבוריים מספקות בסיס טוב ליכולת מסר, הופעה וגיוס ציבורי."
"לי הופמן אגיב","יכולות","תקשורת, הסברה והשפעה ציבורית","cap_022","יכולת להסביר נושאים מורכבים בשפה נגישה ולא טכנוקרטית","has","https://hagush.org.il/candidates.html ; https://www.leehoffmannagiv.com/ ; https://www.ynet.co.il/news/article/rjakywcvzl ; https://www.bonot.org/events/pgyst-mwbylwt-sth-hwdsyt-bwnwt-ltrntybh-pbrwr ; https://www.ynet.co.il/news/article/r1tpwbrp2 ; https://www.israelhayom.co.il/magazine/special/article/17474694","76","הובלת מחאה, פעילות תקשורתית ומאבקים ציבוריים מספקות בסיס טוב ליכולת מסר, הופעה וגיוס ציבורי."
"לי הופמן אגיב","יכולות","תקשורת, הסברה והשפעה ציבורית","cap_023","יכולת לנהל מאבק תודעתי מול יריבים פוליטיים או תקשורתיים","has","https://hagush.org.il/candidates.html ; https://www.leehoffmannagiv.com/ ; https://www.ynet.co.il/news/article/rjakywcvzl ; https://www.bonot.org/events/pgyst-mwbylwt-sth-hwdsyt-bwnwt-ltrntybh-pbrwr ; https://www.ynet.co.il/news/article/r1tpwbrp2 ; https://www.israelhayom.co.il/magazine/special/article/17474694","76","הובלת מחאה, פעילות תקשורתית ומאבקים ציבוריים מספקות בסיס טוב ליכולת מסר, הופעה וגיוס ציבורי."
"לי הופמן אגיב","יכולות","תקשורת, הסברה והשפעה ציבורית","cap_024","יכולת להפוך סיפור אישי או ערכי לכלי גיוס ציבורי","has","https://hagush.org.il/candidates.html ; https://www.leehoffmannagiv.com/ ; https://www.ynet.co.il/news/article/rjakywcvzl ; https://www.bonot.org/events/pgyst-mwbylwt-sth-hwdsyt-bwnwt-ltrntybh-pbrwr ; https://www.ynet.co.il/news/article/r1tpwbrp2 ; https://www.israelhayom.co.il/magazine/special/article/17474694","76","הובלת מחאה, פעילות תקשורתית ומאבקים ציבוריים מספקות בסיס טוב ליכולת מסר, הופעה וגיוס ציבורי."
"לי הופמן אגיב","יכולות","חיבור בין קהלים ועולמות","cap_025","יכולת לחבר בין יהודים לערבים בתוך מסגרת פוליטית או אזרחית משותפת","partial","https://hagush.org.il/candidates.html ; https://www.leehoffmannagiv.com/ ; https://www.ynet.co.il/news/article/rjakywcvzl ; https://www.bonot.org/events/pgyst-mwbylwt-sth-hwdsyt-bwnwt-ltrntybh-pbrwr ; https://www.ynet.co.il/news/article/r1tpwbrp2 ; https://www.israelhayom.co.il/magazine/special/article/17474694","52","יש ניסיון חיבור קהילות ושטח, אך לא נמצא בסיס חזק לחיבור יהודי־ערבי, פריפריאלי, הייטק או שפה ביטחונית."
"לי הופמן אגיב","יכולות","חיבור בין קהלים ועולמות","cap_026","יכולת לחבר בין שמאל ליברלי לבין פריפריה מזרחית, מסורתית או גיאוגרפית","partial","https://hagush.org.il/candidates.html ; https://www.leehoffmannagiv.com/ ; https://www.ynet.co.il/news/article/rjakywcvzl ; https://www.bonot.org/events/pgyst-mwbylwt-sth-hwdsyt-bwnwt-ltrntybh-pbrwr ; https://www.ynet.co.il/news/article/r1tpwbrp2 ; https://www.israelhayom.co.il/magazine/special/article/17474694","52","יש ניסיון חיבור קהילות ושטח, אך לא נמצא בסיס חזק לחיבור יהודי־ערבי, פריפריאלי, הייטק או שפה ביטחונית."
"לי הופמן אגיב","יכולות","חיבור בין קהלים ועולמות","cap_027","יכולת לחבר בין עולם המחאה לבין עבודה מפלגתית ומוסדית","has","https://hagush.org.il/candidates.html ; https://www.leehoffmannagiv.com/ ; https://www.ynet.co.il/news/article/rjakywcvzl ; https://www.bonot.org/events/pgyst-mwbylwt-sth-hwdsyt-bwnwt-ltrntybh-pbrwr ; https://www.ynet.co.il/news/article/r1tpwbrp2 ; https://www.israelhayom.co.il/magazine/special/article/17474694","70","היא מחברת בין שטח, קהילות, מחאה, דיגיטל ופוליטיקה מפלגתית; יש בסיס טוב אך לא מלא לכל רכיבי החדשנות."
"לי הופמן אגיב","יכולות","חיבור בין קהלים ועולמות","cap_028","יכולת לחבר בין היי־טק, חדשנות ודיגיטל לבין פוליטיקה ציבורית","partial","https://hagush.org.il/candidates.html ; https://www.leehoffmannagiv.com/ ; https://www.ynet.co.il/news/article/rjakywcvzl ; https://www.bonot.org/events/pgyst-mwbylwt-sth-hwdsyt-bwnwt-ltrntybh-pbrwr ; https://www.ynet.co.il/news/article/r1tpwbrp2 ; https://www.israelhayom.co.il/magazine/special/article/17474694","52","יש ניסיון חיבור קהילות ושטח, אך לא נמצא בסיס חזק לחיבור יהודי־ערבי, פריפריאלי, הייטק או שפה ביטחונית."
"לי הופמן אגיב","יכולות","חיבור בין קהלים ועולמות","cap_029","יכולת לחבר בין שפה מקצועית־ביטחונית לבין שפה אזרחית וערכית","partial","https://hagush.org.il/candidates.html ; https://www.leehoffmannagiv.com/ ; https://www.ynet.co.il/news/article/rjakywcvzl ; https://www.bonot.org/events/pgyst-mwbylwt-sth-hwdsyt-bwnwt-ltrntybh-pbrwr ; https://www.ynet.co.il/news/article/r1tpwbrp2 ; https://www.israelhayom.co.il/magazine/special/article/17474694","52","יש ניסיון חיבור קהילות ושטח, אך לא נמצא בסיס חזק לחיבור יהודי־ערבי, פריפריאלי, הייטק או שפה ביטחונית."
"לי הופמן אגיב","יכולות","חיבור בין קהלים ועולמות","cap_030","אמינות מול קהילות שטח ולא רק מול קהל תקשורתי או אליטיסטי","has","https://hagush.org.il/candidates.html ; https://www.leehoffmannagiv.com/ ; https://www.ynet.co.il/news/article/rjakywcvzl ; https://www.bonot.org/events/pgyst-mwbylwt-sth-hwdsyt-bwnwt-ltrntybh-pbrwr ; https://www.ynet.co.il/news/article/r1tpwbrp2 ; https://www.israelhayom.co.il/magazine/special/article/17474694","70","היא מחברת בין שטח, קהילות, מחאה, דיגיטל ופוליטיקה מפלגתית; יש בסיס טוב אך לא מלא לכל רכיבי החדשנות."
"לי הופמן אגיב","יכולות","חדשנות, למידה ושיתוף ציבור","cap_031","שימוש בטכנולוגיה, מידע או כלים דיגיטליים לשיתוף ציבור וארגון פוליטי","has","https://hagush.org.il/candidates.html ; https://www.leehoffmannagiv.com/ ; https://www.ynet.co.il/news/article/rjakywcvzl ; https://www.bonot.org/events/pgyst-mwbylwt-sth-hwdsyt-bwnwt-ltrntybh-pbrwr ; https://www.ynet.co.il/news/article/r1tpwbrp2 ; https://www.israelhayom.co.il/magazine/special/article/17474694","70","היא מחברת בין שטח, קהילות, מחאה, דיגיטל ופוליטיקה מפלגתית; יש בסיס טוב אך לא מלא לכל רכיבי החדשנות."
"לי הופמן אגיב","יכולות","חדשנות, למידה ושיתוף ציבור","cap_032","חשיבה מערכתית שמזהה קשרים בין משבר פוליטי, כלכלה, ביטחון וחברה","unknown","לא נמצא מקור מספק בקובץ ההיגדים/פרופיל/מקורות הרשת שנבדקו; נשאר unknown לפי כלל לא לנחש","0","לא נמצא בסיס עובדתי מספיק בפרופיל ובמקורות שנבדקו כדי לקבוע את ההיגד בלי ניחוש."
"לי הופמן אגיב","יכולות","חדשנות, למידה ושיתוף ציבור","cap_033","יזמות בפתרונות לא שגרתיים לבעיות פוליטיות או חברתיות","unknown","לא נמצא מקור מספק בקובץ ההיגדים/פרופיל/מקורות הרשת שנבדקו; נשאר unknown לפי כלל לא לנחש","0","לא נמצא בסיס עובדתי מספיק בפרופיל ובמקורות שנבדקו כדי לקבוע את ההיגד בלי ניחוש."
"לי הופמן אגיב","יכולות","חדשנות, למידה ושיתוף ציבור","cap_034","יכולת ללמוד תחומים חדשים ולהפוך אותם לשפה ציבורית ברורה","has","https://hagush.org.il/candidates.html ; https://www.leehoffmannagiv.com/ ; https://www.ynet.co.il/news/article/rjakywcvzl ; https://www.bonot.org/events/pgyst-mwbylwt-sth-hwdsyt-bwnwt-ltrntybh-pbrwr ; https://www.ynet.co.il/news/article/r1tpwbrp2 ; https://www.israelhayom.co.il/magazine/special/article/17474694","70","היא מחברת בין שטח, קהילות, מחאה, דיגיטל ופוליטיקה מפלגתית; יש בסיס טוב אך לא מלא לכל רכיבי החדשנות."
"לי הופמן אגיב","יכולות","חדשנות, למידה ושיתוף ציבור","cap_035","שילוב בין ידע מקצועי, ניסיון אישי וערכים פוליטיים","has","https://hagush.org.il/candidates.html ; https://www.leehoffmannagiv.com/ ; https://www.ynet.co.il/news/article/rjakywcvzl ; https://www.bonot.org/events/pgyst-mwbylwt-sth-hwdsyt-bwnwt-ltrntybh-pbrwr ; https://www.ynet.co.il/news/article/r1tpwbrp2 ; https://www.israelhayom.co.il/magazine/special/article/17474694","70","היא מחברת בין שטח, קהילות, מחאה, דיגיטל ופוליטיקה מפלגתית; יש בסיס טוב אך לא מלא לכל רכיבי החדשנות."
"לי הופמן אגיב","יכולות","חדשנות, למידה ושיתוף ציבור","cap_036","פתיחות לניסויים ארגוניים ודמוקרטיים חדשים ולא רק לשיטות פוליטיות קיימות","has","https://hagush.org.il/candidates.html ; https://www.leehoffmannagiv.com/ ; https://www.ynet.co.il/news/article/rjakywcvzl ; https://www.bonot.org/events/pgyst-mwbylwt-sth-hwdsyt-bwnwt-ltrntybh-pbrwr ; https://www.ynet.co.il/news/article/r1tpwbrp2 ; https://www.israelhayom.co.il/magazine/special/article/17474694","70","היא מחברת בין שטח, קהילות, מחאה, דיגיטל ופוליטיקה מפלגתית; יש בסיס טוב אך לא מלא לכל רכיבי החדשנות."
"יאיר רובינשטיין","דעות","דמוקרטיה, משילות ותיקון מוסדות המדינה","D-001","נטייה לתיקון חוקתי ומוסדי עמוק, ולא רק להחלפת ממשלה","supports","https://hagush.org.il/candidates.html ; https://yairrubinstein.org/ ; https://democrats.org.il/events/150925e/ ; https://e.democrats.org.il/Democrats_OpenHouses/240118","86","אתר הקמפיין מדגיש דמוקרטיה, ריסון שלטוני, שקיפות, יושרה, ביזור סמכויות והחזרת השלטון לשירות האזרח."
"יאיר רובינשטיין","דעות","דמוקרטיה, משילות ותיקון מוסדות המדינה","D-002","ראיית המשבר הדמוקרטי כתוצאה של שיטה פוליטית פגומה ולא רק של אדם או ממשלה מסוימת","supports","https://hagush.org.il/candidates.html ; https://yairrubinstein.org/ ; https://democrats.org.il/events/150925e/ ; https://e.democrats.org.il/Democrats_OpenHouses/240118","86","אתר הקמפיין מדגיש דמוקרטיה, ריסון שלטוני, שקיפות, יושרה, ביזור סמכויות והחזרת השלטון לשירות האזרח."
"יאיר רובינשטיין","דעות","דמוקרטיה, משילות ותיקון מוסדות המדינה","D-003","נכונות למאבק ציבורי חריף כאשר מוסדות המדינה נתפסים כמאוימים","mixed","https://hagush.org.il/candidates.html ; https://yairrubinstein.org/ ; https://democrats.org.il/events/150925e/ ; https://e.democrats.org.il/Democrats_OpenHouses/240118","58","הוא מדבר על שינוי עמוק ונחישות, אך גם על קירוב ולא הכרעה; אין בסיס למאבק חריף כקו יחיד."
"יאיר רובינשטיין","דעות","דמוקרטיה, משילות ותיקון מוסדות המדינה","D-004","העדפה לשיקום ממלכתי, זהיר ומוסדי של המדינה לאחר המשבר","supports","https://hagush.org.il/candidates.html ; https://yairrubinstein.org/ ; https://democrats.org.il/events/150925e/ ; https://e.democrats.org.il/Democrats_OpenHouses/240118","78","האתר מציג ניהול שינוי, עקביות, הישגים קטנים, שיתוף, בריתות וניהול איכותי; זה בסיס טוב לפשרה עניינית ושיקום."
"יאיר רובינשטיין","דעות","דמוקרטיה, משילות ותיקון מוסדות המדינה","D-005","תמיכה בשיתוף ציבור, דמוקרטיה פנימית ושקיפות בתוך המפלגה ובמערכת הפוליטית","supports","https://hagush.org.il/candidates.html ; https://yairrubinstein.org/ ; https://democrats.org.il/events/150925e/ ; https://e.democrats.org.il/Democrats_OpenHouses/240118","86","אתר הקמפיין מדגיש דמוקרטיה, ריסון שלטוני, שקיפות, יושרה, ביזור סמכויות והחזרת השלטון לשירות האזרח."
"יאיר רובינשטיין","דעות","דמוקרטיה, משילות ותיקון מוסדות המדינה","D-006","נכונות להגביל כוח שלטוני גם כאשר הכוח נמצא בידי המחנה הקרוב אידיאולוגית","supports","https://hagush.org.il/candidates.html ; https://yairrubinstein.org/ ; https://democrats.org.il/events/150925e/ ; https://e.democrats.org.il/Democrats_OpenHouses/240118","86","אתר הקמפיין מדגיש דמוקרטיה, ריסון שלטוני, שקיפות, יושרה, ביזור סמכויות והחזרת השלטון לשירות האזרח."
"יאיר רובינשטיין","דעות","יחס למחנה השני ויכולת גישור","D-007","ראיית מצביעי המחנה השני כיריבים פוליטיים לגיטימיים ולא כאויבים","supports","https://hagush.org.il/candidates.html ; https://yairrubinstein.org/ ; https://democrats.org.il/events/150925e/ ; https://e.democrats.org.il/Democrats_OpenHouses/240118","88","הוא כותב שמתנגדים פוליטיים אינם אויבים ושאין רצון לנצח או להכריע אותם אלא לקרב אותם."
"יאיר רובינשטיין","דעות","יחס למחנה השני ויכולת גישור","D-008","הבחנה בין הנהגת המחנה השני לבין הציבור הרחב שתומך בה","supports","https://hagush.org.il/candidates.html ; https://yairrubinstein.org/ ; https://democrats.org.il/events/150925e/ ; https://e.democrats.org.il/Democrats_OpenHouses/240118","88","הוא כותב שמתנגדים פוליטיים אינם אויבים ושאין רצון לנצח או להכריע אותם אלא לקרב אותם."
"יאיר רובינשטיין","דעות","יחס למחנה השני ויכולת גישור","D-009","אמונה שאפשר לבנות גשר מחודש בין המחנה הדמוקרטי־ליברלי לבין חלקים מהימין המסורתי","supports","https://hagush.org.il/candidates.html ; https://yairrubinstein.org/ ; https://democrats.org.il/events/150925e/ ; https://e.democrats.org.il/Democrats_OpenHouses/240118","88","הוא כותב שמתנגדים פוליטיים אינם אויבים ושאין רצון לנצח או להכריע אותם אלא לקרב אותם."
"יאיר רובינשטיין","דעות","יחס למחנה השני ויכולת גישור","D-010","העדפה להכרעה פוליטית ברורה על פני פיוס מוקדם עם המחנה השני","opposes","https://hagush.org.il/candidates.html ; https://yairrubinstein.org/ ; https://democrats.org.il/events/150925e/ ; https://e.democrats.org.il/Democrats_OpenHouses/240118","82","הוא מצהיר במפורש שאין רצון לנצח או להכריע את היריבים אלא לקרב אותם; לכן ההיגד על הכרעה על פני פיוס אינו נתמך."
"יאיר רובינשטיין","דעות","יחס למחנה השני ויכולת גישור","D-011","נכונות לשיח עם דתיים, מסורתיים, חרדים וימנים גם כאשר קיימת מחלוקת ערכית עמוקה","supports","https://hagush.org.il/candidates.html ; https://yairrubinstein.org/ ; https://democrats.org.il/events/150925e/ ; https://e.democrats.org.il/Democrats_OpenHouses/240118","88","הוא כותב שמתנגדים פוליטיים אינם אויבים ושאין רצון לנצח או להכריע אותם אלא לקרב אותם."
"יאיר רובינשטיין","דעות","יחס למחנה השני ויכולת גישור","D-012","ראיית חלק מהמחנה השני כשותף עתידי אפשרי לשיקום המדינה לאחר עידן נתניהו","supports","https://hagush.org.il/candidates.html ; https://yairrubinstein.org/ ; https://democrats.org.il/events/150925e/ ; https://e.democrats.org.il/Democrats_OpenHouses/240118","88","הוא כותב שמתנגדים פוליטיים אינם אויבים ושאין רצון לנצח או להכריע אותם אלא לקרב אותם."
"יאיר רובינשטיין","דעות","שסעים פנימיים בחברה היהודית","D-013","ראיית השסע העדתי והפריפריאלי כמרכיב מרכזי במשבר הפוליטי בישראל","mixed","https://hagush.org.il/candidates.html ; https://yairrubinstein.org/ ; https://democrats.org.il/events/150925e/ ; https://e.democrats.org.il/Democrats_OpenHouses/240118","50","יש דגש על שוויון, אזרח במרכז וביזור, אך אין התייחסות מפורטת לשסע עדתי/פריפריאלי."
"יאיר רובינשטיין","דעות","שסעים פנימיים בחברה היהודית","D-014","נכונות לדבר עם מצביעים מזרחים, מסורתיים ופריפריאליים בשפה שאינה מתנשאת ואינה רק ליברלית־אשכנזית","mixed","https://hagush.org.il/candidates.html ; https://yairrubinstein.org/ ; https://democrats.org.il/events/150925e/ ; https://e.democrats.org.il/Democrats_OpenHouses/240118","50","יש דגש על שוויון, אזרח במרכז וביזור, אך אין התייחסות מפורטת לשסע עדתי/פריפריאלי."
"יאיר רובינשטיין","דעות","שסעים פנימיים בחברה היהודית","D-015","ראיית השסע הדתי־חילוני כאיום מרכזי על הלכידות של החברה היהודית בישראל","supports","https://hagush.org.il/candidates.html ; https://yairrubinstein.org/ ; https://democrats.org.il/events/150925e/ ; https://e.democrats.org.il/Democrats_OpenHouses/240118","82","המטה שהקים בדת ומדינה והטקסטים על יהדות פלורליסטית תומכים בבניית גשר דתי־חילוני."
"יאיר רובינשטיין","דעות","שסעים פנימיים בחברה היהודית","D-016","תמיכה בבניית ברית חדשה בין ליברלים, מסורתיים, דתיים מתונים ופריפריה חברתית","supports","https://hagush.org.il/candidates.html ; https://yairrubinstein.org/ ; https://democrats.org.il/events/150925e/ ; https://e.democrats.org.il/Democrats_OpenHouses/240118","82","המטה שהקים בדת ומדינה והטקסטים על יהדות פלורליסטית תומכים בבניית גשר דתי־חילוני."
"יאיר רובינשטיין","דעות","שסעים פנימיים בחברה היהודית","D-017","ביקורת על מחנה המרכז־שמאל כאשר הוא נתפס כמנותק, אליטיסטי או חסר רגישות לפריפריה","mixed","https://hagush.org.il/candidates.html ; https://yairrubinstein.org/ ; https://democrats.org.il/events/150925e/ ; https://e.democrats.org.il/Democrats_OpenHouses/240118","50","יש דגש על שוויון, אזרח במרכז וביזור, אך אין התייחסות מפורטת לשסע עדתי/פריפריאלי."
"יאיר רובינשטיין","דעות","שסעים פנימיים בחברה היהודית","D-018","העדפה לתיקון יחסי מרכז־פריפריה כחלק מבניית מחנה דמוקרטי רחב","mixed","https://hagush.org.il/candidates.html ; https://yairrubinstein.org/ ; https://democrats.org.il/events/150925e/ ; https://e.democrats.org.il/Democrats_OpenHouses/240118","50","יש דגש על שוויון, אזרח במרכז וביזור, אך אין התייחסות מפורטת לשסע עדתי/פריפריאלי."
"יאיר רובינשטיין","דעות","מדינה יהודית ודמוקרטית, דת ומדינה","D-019","העדפה לזהות ישראלית שבה הרכיב הדמוקרטי קודם לרכיב הדתי־לאומי כאשר יש התנגשות ביניהם","supports","https://hagush.org.il/candidates.html ; https://yairrubinstein.org/ ; https://democrats.org.il/events/150925e/ ; https://e.democrats.org.il/Democrats_OpenHouses/240118","92","זה מוקד מובהק שלו: דת ומדינה, יהדות פלורליסטית, חופש פולחן, התנגדות להדרה ושוויון בפני החוק."
"יאיר רובינשטיין","דעות","מדינה יהודית ודמוקרטית, דת ומדינה","D-020","העדפה לזהות ישראלית שבה היהדות היא מקור תרבותי וערכי, אך אינה צריכה לשלוט במוסדות המדינה","supports","https://hagush.org.il/candidates.html ; https://yairrubinstein.org/ ; https://democrats.org.il/events/150925e/ ; https://e.democrats.org.il/Democrats_OpenHouses/240118","92","זה מוקד מובהק שלו: דת ומדינה, יהדות פלורליסטית, חופש פולחן, התנגדות להדרה ושוויון בפני החוק."
"יאיר רובינשטיין","דעות","מדינה יהודית ודמוקרטית, דת ומדינה","D-021","תמיכה בהפרדה ברורה יותר בין סמכות דתית לבין סמכות מדינתית","supports","https://hagush.org.il/candidates.html ; https://yairrubinstein.org/ ; https://democrats.org.il/events/150925e/ ; https://e.democrats.org.il/Democrats_OpenHouses/240118","92","זה מוקד מובהק שלו: דת ומדינה, יהדות פלורליסטית, חופש פולחן, התנגדות להדרה ושוויון בפני החוק."
"יאיר רובינשטיין","דעות","מדינה יהודית ודמוקרטית, דת ומדינה","D-022","נכונות לשמר מרכיבים יהודיים־מסורתיים במרחב הציבורי כדי לאפשר שותפות עם ציבור מסורתי ודתי","supports","https://hagush.org.il/candidates.html ; https://yairrubinstein.org/ ; https://democrats.org.il/events/150925e/ ; https://e.democrats.org.il/Democrats_OpenHouses/240118","92","זה מוקד מובהק שלו: דת ומדינה, יהדות פלורליסטית, חופש פולחן, התנגדות להדרה ושוויון בפני החוק."
"יאיר רובינשטיין","דעות","מדינה יהודית ודמוקרטית, דת ומדינה","D-023","התנגדות לכפייה דתית בנושאי נישואין, שבת, חינוך, מעמד אישי או שירות ציבורי","supports","https://hagush.org.il/candidates.html ; https://yairrubinstein.org/ ; https://democrats.org.il/events/150925e/ ; https://e.democrats.org.il/Democrats_OpenHouses/240118","92","זה מוקד מובהק שלו: דת ומדינה, יהדות פלורליסטית, חופש פולחן, התנגדות להדרה ושוויון בפני החוק."
"יאיר רובינשטיין","דעות","מדינה יהודית ודמוקרטית, דת ומדינה","D-024","תמיכה בשוויון חובות אזרחיות בין קבוצות, כולל שאלת גיוס חרדים או שירות אזרחי","supports","https://hagush.org.il/candidates.html ; https://yairrubinstein.org/ ; https://democrats.org.il/events/150925e/ ; https://e.democrats.org.il/Democrats_OpenHouses/240118","92","זה מוקד מובהק שלו: דת ומדינה, יהדות פלורליסטית, חופש פולחן, התנגדות להדרה ושוויון בפני החוק."
"יאיר רובינשטיין","דעות","הפרדה, גישור או שתי מדינות לעם היהודי","D-025","אמונה שהפער בין ישראל ליברלית לבין ישראל שמרנית־דתית עדיין ניתן לגישור פוליטי וחברתי","supports","https://hagush.org.il/candidates.html ; https://yairrubinstein.org/ ; https://democrats.org.il/events/150925e/ ; https://e.democrats.org.il/Democrats_OpenHouses/240118","76","הוא מדבר על ביזור סמכויות, ניהול שוני, קירוב מחנות ושימור מסגרת אזרחית משותפת."
"יאיר רובינשטיין","דעות","הפרדה, גישור או שתי מדינות לעם היהודי","D-026","ראיית הפער בין המחנות כעמוק עד כדי צורך בהסדרים של אוטונומיה, ביזור או הפרדה חלקית","mixed","https://hagush.org.il/candidates.html ; https://yairrubinstein.org/ ; https://democrats.org.il/events/150925e/ ; https://e.democrats.org.il/Democrats_OpenHouses/240118","58","יש אצלו תמיכה בביזור וניהול שונות, אך לא תמיכה מפורשת בהפרדה חברתית עמוקה או אוטונומיה."
"יאיר רובינשטיין","דעות","הפרדה, גישור או שתי מדינות לעם היהודי","D-027","תמיכה בביזור סמכויות לשלטון מקומי כדי לאפשר לקהילות שונות לחיות לפי אורחות חיים שונים","supports","https://hagush.org.il/candidates.html ; https://yairrubinstein.org/ ; https://democrats.org.il/events/150925e/ ; https://e.democrats.org.il/Democrats_OpenHouses/240118","76","הוא מדבר על ביזור סמכויות, ניהול שוני, קירוב מחנות ושימור מסגרת אזרחית משותפת."
"יאיר רובינשטיין","דעות","הפרדה, גישור או שתי מדינות לעם היהודי","D-028","התנגדות לרעיון של שתי מדינות לעם היהודי והעדפה למאבק על מסגרת מדינתית אחת משותפת","supports","https://hagush.org.il/candidates.html ; https://yairrubinstein.org/ ; https://democrats.org.il/events/150925e/ ; https://e.democrats.org.il/Democrats_OpenHouses/240118","76","הוא מדבר על ביזור סמכויות, ניהול שוני, קירוב מחנות ושימור מסגרת אזרחית משותפת."
"יאיר רובינשטיין","דעות","הפרדה, גישור או שתי מדינות לעם היהודי","D-029","פתיחות לרעיון של הסדרים פנימיים חדשים בין חילונים, דתיים, חרדים, מסורתיים וליברלים","supports","https://hagush.org.il/candidates.html ; https://yairrubinstein.org/ ; https://democrats.org.il/events/150925e/ ; https://e.democrats.org.il/Democrats_OpenHouses/240118","76","הוא מדבר על ביזור סמכויות, ניהול שוני, קירוב מחנות ושימור מסגרת אזרחית משותפת."
"יאיר רובינשטיין","דעות","הפרדה, גישור או שתי מדינות לעם היהודי","D-030","ראיית המשבר הישראלי לא רק כמאבק ימין־שמאל אלא כמאבק בין מודלים שונים של חיים משותפים","supports","https://hagush.org.il/candidates.html ; https://yairrubinstein.org/ ; https://democrats.org.il/events/150925e/ ; https://e.democrats.org.il/Democrats_OpenHouses/240118","76","הוא מדבר על ביזור סמכויות, ניהול שוני, קירוב מחנות ושימור מסגרת אזרחית משותפת."
"יאיר רובינשטיין","דעות","יהודים־ערבים, שוויון אזרחי וחיים משותפים","D-031","ראיית אזרחי ישראל הערבים כחלק מלא מהדיון על עתיד המדינה ולא כעניין נפרד או משני","supports","https://hagush.org.il/candidates.html ; https://yairrubinstein.org/ ; https://democrats.org.il/events/150925e/ ; https://e.democrats.org.il/Democrats_OpenHouses/240118","88","אתרו מדגיש שותפות יהודית־ערבית, שוויון זכויות מלא לכל אזרח, והתנגדות להנצחת ערבים כאזרחים סוג ב׳."
"יאיר רובינשטיין","דעות","יהודים־ערבים, שוויון אזרחי וחיים משותפים","D-032","תמיכה בשוויון אזרחי גם כאשר הוא מחייב שינוי בחוקים, סמלים או חלוקת משאבים","supports","https://hagush.org.il/candidates.html ; https://yairrubinstein.org/ ; https://democrats.org.il/events/150925e/ ; https://e.democrats.org.il/Democrats_OpenHouses/240118","88","אתרו מדגיש שותפות יהודית־ערבית, שוויון זכויות מלא לכל אזרח, והתנגדות להנצחת ערבים כאזרחים סוג ב׳."
"יאיר רובינשטיין","דעות","יהודים־ערבים, שוויון אזרחי וחיים משותפים","D-033","תמיכה בשותפות פוליטית יהודית־ערבית כחלק מבניית מחנה דמוקרטי רחב","supports","https://hagush.org.il/candidates.html ; https://yairrubinstein.org/ ; https://democrats.org.il/events/150925e/ ; https://e.democrats.org.il/Democrats_OpenHouses/240118","88","אתרו מדגיש שותפות יהודית־ערבית, שוויון זכויות מלא לכל אזרח, והתנגדות להנצחת ערבים כאזרחים סוג ב׳."
"יאיר רובינשטיין","דעות","יהודים־ערבים, שוויון אזרחי וחיים משותפים","D-034","העדפה לשילוב אזרחים ערבים במוקדי קבלת החלטות, כולל בתחומים מדיניים וביטחוניים","supports","https://hagush.org.il/candidates.html ; https://yairrubinstein.org/ ; https://democrats.org.il/events/150925e/ ; https://e.democrats.org.il/Democrats_OpenHouses/240118","88","אתרו מדגיש שותפות יהודית־ערבית, שוויון זכויות מלא לכל אזרח, והתנגדות להנצחת ערבים כאזרחים סוג ב׳."
"יאיר רובינשטיין","דעות","יהודים־ערבים, שוויון אזרחי וחיים משותפים","D-035","התנגדות לגזענות, הדרה או דה־לגיטימציה של הציבור הערבי בישראל","supports","https://hagush.org.il/candidates.html ; https://yairrubinstein.org/ ; https://democrats.org.il/events/150925e/ ; https://e.democrats.org.il/Democrats_OpenHouses/240118","88","אתרו מדגיש שותפות יהודית־ערבית, שוויון זכויות מלא לכל אזרח, והתנגדות להנצחת ערבים כאזרחים סוג ב׳."
"יאיר רובינשטיין","דעות","יהודים־ערבים, שוויון אזרחי וחיים משותפים","D-036","הכרה בכך שחיים משותפים מחייבים גם התמודדות עם פחדים, טראומות וחוסר אמון בשני הצדדים","supports","https://hagush.org.il/candidates.html ; https://yairrubinstein.org/ ; https://democrats.org.il/events/150925e/ ; https://e.democrats.org.il/Democrats_OpenHouses/240118","88","אתרו מדגיש שותפות יהודית־ערבית, שוויון זכויות מלא לכל אזרח, והתנגדות להנצחת ערבים כאזרחים סוג ב׳."
"יאיר רובינשטיין","דעות","ביטחון, פלסטינים והסדר מדיני","D-037","תמיכה בנתיב מדיני ארוך טווח מול הפלסטינים, גם לאחר שבעה באוקטובר","supports","https://hagush.org.il/candidates.html ; https://yairrubinstein.org/ ; https://democrats.org.il/events/150925e/ ; https://e.democrats.org.il/Democrats_OpenHouses/240118","75","האתר מדבר על ביטחון אמיתי דרך אינטרסים בינלאומיים, הסכמי שלום, והתנגדות לשליטה באנשים חסרי זכויות."
"יאיר רובינשטיין","דעות","ביטחון, פלסטינים והסדר מדיני","D-038","העדפה להיפרדות מדינית וביטחונית מהפלסטינים כדי לשמור על ישראל יהודית ודמוקרטית","mixed","https://hagush.org.il/candidates.html ; https://yairrubinstein.org/ ; https://democrats.org.il/events/150925e/ ; https://e.democrats.org.il/Democrats_OpenHouses/240118","55","יש קו מדיני־אזורי ושלום, אך אין פירוט מספק על היפרדות ביטחונית או מודלים כמו קונפדרציה."
"יאיר רובינשטיין","דעות","ביטחון, פלסטינים והסדר מדיני","D-039","תמיכה בפתרון שתי מדינות או במודל קרוב לו כיעד אסטרטגי","supports","https://hagush.org.il/candidates.html ; https://yairrubinstein.org/ ; https://democrats.org.il/events/150925e/ ; https://e.democrats.org.il/Democrats_OpenHouses/240118","75","האתר מדבר על ביטחון אמיתי דרך אינטרסים בינלאומיים, הסכמי שלום, והתנגדות לשליטה באנשים חסרי זכויות."
"יאיר רובינשטיין","דעות","ביטחון, פלסטינים והסדר מדיני","D-040","פתיחות למודלים מדיניים מורכבים כגון קונפדרציה, גבולות פתוחים או הסדר אזורי","mixed","https://hagush.org.il/candidates.html ; https://yairrubinstein.org/ ; https://democrats.org.il/events/150925e/ ; https://e.democrats.org.il/Democrats_OpenHouses/240118","55","יש קו מדיני־אזורי ושלום, אך אין פירוט מספק על היפרדות ביטחונית או מודלים כמו קונפדרציה."
"יאיר רובינשטיין","דעות","ביטחון, פלסטינים והסדר מדיני","D-041","התנגדות להמשך שליטה ישראלית קבועה על אוכלוסייה פלסטינית ללא זכויות אזר מלאות","supports","https://hagush.org.il/candidates.html ; https://yairrubinstein.org/ ; https://democrats.org.il/events/150925e/ ; https://e.democrats.org.il/Democrats_OpenHouses/240118","75","האתר מדבר על ביטחון אמיתי דרך אינטרסים בינלאומיים, הסכמי שלום, והתנגדות לשליטה באנשים חסרי זכויות."
"יאיר רובינשטיין","דעות","ביטחון, פלסטינים והסדר מדיני","D-042","ראיית הסדר אזורי עם מדינות ערביות מתונות כחלק מרכזי מהעתיד הביטחוני של ישראל","supports","https://hagush.org.il/candidates.html ; https://yairrubinstein.org/ ; https://democrats.org.il/events/150925e/ ; https://e.democrats.org.il/Democrats_OpenHouses/240118","75","האתר מדבר על ביטחון אמיתי דרך אינטרסים בינלאומיים, הסכמי שלום, והתנגדות לשליטה באנשים חסרי זכויות."
"יאיר רובינשטיין","דעות","שבעה באוקטובר, אחריות, חטופים וזיכרון לאומי","D-043","ראיית שבעה באוקטובר כאירוע שמחייב חשבון נפש מדינתי, מוסדי וחברתי עמוק","mixed","https://hagush.org.il/candidates.html ; https://yairrubinstein.org/ ; https://democrats.org.il/events/150925e/ ; https://e.democrats.org.il/Democrats_OpenHouses/240118","52","האתר מדבר על אובדן ביטחון ואחריות שלטונית, אך לא מציג עיסוק מפורט ב־7 באוקטובר, חקירה או חטופים."
"יאיר רובינשטיין","דעות","שבעה באוקטובר, אחריות, חטופים וזיכרון לאומי","D-044","תמיכה בוועדת חקירה ממלכתית ובאחריות אישית של הדרג המדיני והביטחוני","mixed","https://hagush.org.il/candidates.html ; https://yairrubinstein.org/ ; https://democrats.org.il/events/150925e/ ; https://e.democrats.org.il/Democrats_OpenHouses/240118","52","האתר מדבר על אובדן ביטחון ואחריות שלטונית, אך לא מציג עיסוק מפורט ב־7 באוקטובר, חקירה או חטופים."
"יאיר רובינשטיין","דעות","שבעה באוקטובר, אחריות, חטופים וזיכרון לאומי","D-045","ראיית החטופים והמשפחות כסמל מוסרי מרכזי של אחריות המדינה לאזרחיה","unknown","לא נמצא מקור מספק בקובץ ההיגדים/פרופיל/מקורות הרשת שנבדקו; נשאר unknown לפי כלל לא לנחש","0","לא נמצא בסיס ישיר במקורות שנבדקו לעמדה ממוקדת על החטופים או שיקום העוטף."
"יאיר רובינשטיין","דעות","שבעה באוקטובר, אחריות, חטופים וזיכרון לאומי","D-046","התנגדות לשימוש פוליטי ציני בכאב של משפחות, נפגעים או קהילות שנפגעו במלחמה","mixed","https://hagush.org.il/candidates.html ; https://yairrubinstein.org/ ; https://democrats.org.il/events/150925e/ ; https://e.democrats.org.il/Democrats_OpenHouses/240118","52","האתר מדבר על אובדן ביטחון ואחריות שלטונית, אך לא מציג עיסוק מפורט ב־7 באוקטובר, חקירה או חטופים."
"יאיר רובינשטיין","דעות","שבעה באוקטובר, אחריות, חטופים וזיכרון לאומי","D-047","תמיכה בשיקום העוטף והקהילות שנפגעו כחלק מהחוזה הבסיסי בין המדינה לאזרחיה","unknown","לא נמצא מקור מספק בקובץ ההיגדים/פרופיל/מקורות הרשת שנבדקו; נשאר unknown לפי כלל לא לנחש","0","לא נמצא בסיס ישיר במקורות שנבדקו לעמדה ממוקדת על החטופים או שיקום העוטף."
"יאיר רובינשטיין","דעות","שבעה באוקטובר, אחריות, חטופים וזיכרון לאומי","D-048","ראיית הטראומה של שבעה באוקטובר כבסיס לבניית מדיניות חדשה, לא רק כהצדקה להמשך מלחמה","mixed","https://hagush.org.il/candidates.html ; https://yairrubinstein.org/ ; https://democrats.org.il/events/150925e/ ; https://e.democrats.org.il/Democrats_OpenHouses/240118","52","האתר מדבר על אובדן ביטחון ואחריות שלטונית, אך לא מציג עיסוק מפורט ב־7 באוקטובר, חקירה או חטופים."
"יאיר רובינשטיין","דעות","חברה, כלכלה, רווחה ופריפריה","D-049","הצבת צמצום אי־שוויון חברתי־כלכלי כנושא מרכזי בזהות הפוליטית","supports","https://hagush.org.il/candidates.html ; https://yairrubinstein.org/ ; https://democrats.org.il/events/150925e/ ; https://e.democrats.org.il/Democrats_OpenHouses/240118","64","האתר מדבר על שוויון הזדמנויות, חינוך איכותי, תשתיות וקידום כלכלי; יש בסיס חברתי כללי."
"יאיר רובינשטיין","דעות","חברה, כלכלה, רווחה ופריפריה","D-050","תמיכה בהרחבת אחריות המדינה בתחומי דיור, חינוך, בריאות ורווחה","supports","https://hagush.org.il/candidates.html ; https://yairrubinstein.org/ ; https://democrats.org.il/events/150925e/ ; https://e.democrats.org.il/Democrats_OpenHouses/240118","64","האתר מדבר על שוויון הזדמנויות, חינוך איכותי, תשתיות וקידום כלכלי; יש בסיס חברתי כללי."
"יאיר רובינשטיין","דעות","חברה, כלכלה, רווחה ופריפריה","D-051","תמיכה בזכויות עובדים, עבודה מאורגנת והגנה על שכבות מוחלשות","unknown","לא נמצא מקור מספק בקובץ ההיגדים/פרופיל/מקורות הרשת שנבדקו; נשאר unknown לפי כלל לא לנחש","0","לא נמצא בסיס מספק לזכויות עובדים או השקעה ממוקדת בנגב/גליל/עוטף."
"יאיר רובינשטיין","דעות","חברה, כלכלה, רווחה ופריפריה","D-052","ראיית הפריפריה הגיאוגרפית והחברתית כשותפה אסטרטגית ולא כקהל יעד משני","supports","https://hagush.org.il/candidates.html ; https://yairrubinstein.org/ ; https://democrats.org.il/events/150925e/ ; https://e.democrats.org.il/Democrats_OpenHouses/240118","64","האתר מדבר על שוויון הזדמנויות, חינוך איכותי, תשתיות וקידום כלכלי; יש בסיס חברתי כללי."
"יאיר רובינשטיין","דעות","חברה, כלכלה, רווחה ופריפריה","D-053","תמיכה בהשקעה ארוכת טווח בנגב, בגליל, בעוטף ובערים מוחלשות","unknown","לא נמצא מקור מספק בקובץ ההיגדים/פרופיל/מקורות הרשת שנבדקו; נשאר unknown לפי כלל לא לנחש","0","לא נמצא בסיס מספק לזכויות עובדים או השקעה ממוקדת בנגב/גליל/עוטף."
"יאיר רובינשטיין","דעות","חברה, כלכלה, רווחה ופריפריה","D-054","חיבור בין צדק חברתי לבין בניית מחנה פוליטי חדש ורחב יותר","supports","https://hagush.org.il/candidates.html ; https://yairrubinstein.org/ ; https://democrats.org.il/events/150925e/ ; https://e.democrats.org.il/Democrats_OpenHouses/240118","64","האתר מדבר על שוויון הזדמנויות, חינוך איכותי, תשתיות וקידום כלכלי; יש בסיס חברתי כללי."
"יאיר רובינשטיין","דעות","סגנון פשרה, גבולות ויכולת הסכמה","D-055","נכונות לפשרות פוליטיות רחבות כדי לשקם את המדינה גם במחיר ויתור אידיאולוגי חלקי","supports","https://hagush.org.il/candidates.html ; https://yairrubinstein.org/ ; https://democrats.org.il/events/150925e/ ; https://e.democrats.org.il/Democrats_OpenHouses/240118","78","האתר מציג ניהול שינוי, עקביות, הישגים קטנים, שיתוף, בריתות וניהול איכותי; זה בסיס טוב לפשרה עניינית ושיקום."
"יאיר רובינשטיין","דעות","סגנון פשרה, גבולות ויכולת הסכמה","D-056","הצבת קווים אדומים ברורים שמעליהם אין מקום לפשרה עם יריבים פוליטיים","mixed","https://hagush.org.il/candidates.html ; https://yairrubinstein.org/ ; https://democrats.org.il/events/150925e/ ; https://e.democrats.org.il/Democrats_OpenHouses/240118","55","יש אצלו ערכים וקווים דמוקרטיים, אך הסגנון המוצהר הוא יותר בניית בריתות ושינוי מתמשך מאשר מאבק חד בלבד."
"יאיר רובינשטיין","דעות","סגנון פשרה, גבולות ויכולת הסכמה","D-057","העדפה להסכמות רחבות ולאיטיות על פני מהלכים חדים ומהירים","supports","https://hagush.org.il/candidates.html ; https://yairrubinstein.org/ ; https://democrats.org.il/events/150925e/ ; https://e.democrats.org.il/Democrats_OpenHouses/240118","78","האתר מציג ניהול שינוי, עקביות, הישגים קטנים, שיתוף, בריתות וניהול איכותי; זה בסיס טוב לפשרה עניינית ושיקום."
"יאיר רובינשטיין","דעות","סגנון פשרה, גבולות ויכולת הסכמה","D-058","העדפה למאבק חד וברור כאשר פשרה נתפסת ככניעה לכוחות אנטי־דמוקרטיים","mixed","https://hagush.org.il/candidates.html ; https://yairrubinstein.org/ ; https://democrats.org.il/events/150925e/ ; https://e.democrats.org.il/Democrats_OpenHouses/240118","55","יש אצלו ערכים וקווים דמוקרטיים, אך הסגנון המוצהר הוא יותר בניית בריתות ושינוי מתמשך מאשר מאבק חד בלבד."
"יאיר רובינשטיין","דעות","סגנון פשרה, גבולות ויכולת הסכמה","D-059","יכולת להבחין בין פשרה עניינית לבין טשטוש ערכי מסוכן","supports","https://hagush.org.il/candidates.html ; https://yairrubinstein.org/ ; https://democrats.org.il/events/150925e/ ; https://e.democrats.org.il/Democrats_OpenHouses/240118","78","האתר מציג ניהול שינוי, עקביות, הישגים קטנים, שיתוף, בריתות וניהול איכותי; זה בסיס טוב לפשרה עניינית ושיקום."
"יאיר רובינשטיין","דעות","סגנון פשרה, גבולות ויכולת הסכמה","D-060","נכונות לבנות קואליציות עתידיות עם גורמים שאינם שייכים למחנה הטבעי, אם הם מקבלים כללי משחק דמוקרטיים","supports","https://hagush.org.il/candidates.html ; https://yairrubinstein.org/ ; https://democrats.org.il/events/150925e/ ; https://e.democrats.org.il/Democrats_OpenHouses/240118","78","האתר מציג ניהול שינוי, עקביות, הישגים קטנים, שיתוף, בריתות וניהול איכותי; זה בסיס טוב לפשרה עניינית ושיקום."
"יאיר רובינשטיין","יכולות","מומחיות מדינית, ביטחונית וממשלית","cap_001","ניסיון ישיר במערכות מדינה בכירות או במוקדי קבלת החלטות","partial","https://hagush.org.il/candidates.html ; https://yairrubinstein.org/ ; https://democrats.org.il/events/150925e/ ; https://e.democrats.org.il/Democrats_OpenHouses/240118","64","הוא מציג ניסיון ניהולי ואסטרטגי, תפיסה מדינית כללית ודת־מדינה, אך לא ניסיון ממשלתי/ביטחוני בכיר."
"יאיר רובינשטיין","יכולות","מומחיות מדינית, ביטחונית וממשלית","cap_002","הבנה מוכחת של סוגיות מדיניות, ביטחוניות ואזוריות מורכבות","partial","https://hagush.org.il/candidates.html ; https://yairrubinstein.org/ ; https://democrats.org.il/events/150925e/ ; https://e.democrats.org.il/Democrats_OpenHouses/240118","64","הוא מציג ניסיון ניהולי ואסטרטגי, תפיסה מדינית כללית ודת־מדינה, אך לא ניסיון ממשלתי/ביטחוני בכיר."
"יאיר רובינשטיין","יכולות","מומחיות מדינית, ביטחונית וממשלית","cap_003","ניסיון במשא ומתן, דיאלוג אסטרטגי או קשרים בינלאומיים","partial","https://hagush.org.il/candidates.html ; https://yairrubinstein.org/ ; https://democrats.org.il/events/150925e/ ; https://e.democrats.org.il/Democrats_OpenHouses/240118","60","ניהול חברות בתחום האנרגיה בארץ ובעולם נותן בסיס חלקי לקשרים ודיאלוג אסטרטגי, אך לא בהכרח מדיני רשמי."
"יאיר רובינשטיין","יכולות","מומחיות מדינית, ביטחונית וממשלית","cap_004","ניסיון צבאי, מודיעיני או ביטחוני בעל רלוונטיות לעבודה ציבורית","unknown","לא נמצא מקור מספק בקובץ ההיגדים/פרופיל/מקורות הרשת שנבדקו; נשאר unknown לפי כלל לא לנחש","0","לא נמצא בסיס לניסיון צבאי, מודיעיני או ביטחוני רלוונטי."
"יאיר רובינשטיין","יכולות","מומחיות מדינית, ביטחונית וממשלית","cap_005","יכולת לגבש תפיסה מדינית־ביטחונית סדורה ולא רק עמדה ערכית כללית","partial","https://hagush.org.il/candidates.html ; https://yairrubinstein.org/ ; https://democrats.org.il/events/150925e/ ; https://e.democrats.org.il/Democrats_OpenHouses/240118","64","הוא מציג ניסיון ניהולי ואסטרטגי, תפיסה מדינית כללית ודת־מדינה, אך לא ניסיון ממשלתי/ביטחוני בכיר."
"יאיר רובינשטיין","יכולות","מומחיות מדינית, ביטחונית וממשלית","cap_006","יכולת לחבר בין יעדים ביטחוניים לבין יעדים מדיניים ארוכי טווח","partial","https://hagush.org.il/candidates.html ; https://yairrubinstein.org/ ; https://democrats.org.il/events/150925e/ ; https://e.democrats.org.il/Democrats_OpenHouses/240118","64","הוא מציג ניסיון ניהולי ואסטרטגי, תפיסה מדינית כללית ודת־מדינה, אך לא ניסיון ממשלתי/ביטחוני בכיר."
"יאיר רובינשטיין","יכולות","ארגון, ניהול וביצוע","cap_007","ניסיון בהקמה וניהול של ארגונים, חברות, תנועות או מטות פעולה","has","https://hagush.org.il/candidates.html ; https://yairrubinstein.org/ ; https://democrats.org.il/events/150925e/ ; https://e.democrats.org.il/Democrats_OpenHouses/240118","86","האתר מציין 25 שנות תכנון, הקמה וניהול של מערכות וחברות בתחום האנרגיה בארץ ובעולם."
"יאיר רובינשטיין","יכולות","ארגון, ניהול וביצוע","cap_008","יכולת להוביל צוותים, תקציבים, קהילות או מערכות מורכבות","has","https://hagush.org.il/candidates.html ; https://yairrubinstein.org/ ; https://democrats.org.il/events/150925e/ ; https://e.democrats.org.il/Democrats_OpenHouses/240118","86","האתר מציין 25 שנות תכנון, הקמה וניהול של מערכות וחברות בתחום האנרגיה בארץ ובעולם."
"יאיר רובינשטיין","יכולות","ארגון, ניהול וביצוע","cap_009","הובלת מאבקים ציבוריים שהניבו תוצאות ממשיות","partial","https://hagush.org.il/candidates.html ; https://yairrubinstein.org/ ; https://democrats.org.il/events/150925e/ ; https://e.democrats.org.il/Democrats_OpenHouses/240118","60","יש מעבר ממחאה לבנייה והקמת מטה דת ומדינה, אך לא נמצא תיעוד רחב לתוצאות מאבק ציבורי."
"יאיר רובינשטיין","יכולות","ארגון, ניהול וביצוע","cap_010","יכולת להפוך רעיון כללי לתשתית פעולה מתמשכת","has","https://hagush.org.il/candidates.html ; https://yairrubinstein.org/ ; https://democrats.org.il/events/150925e/ ; https://e.democrats.org.il/Democrats_OpenHouses/240118","86","האתר מציין 25 שנות תכנון, הקמה וניהול של מערכות וחברות בתחום האנרגיה בארץ ובעולם."
"יאיר רובינשטיין","יכולות","ארגון, ניהול וביצוע","cap_011","ניסיון בניהול משברים ציבוריים, פוליטיים או ארגוניים","has","https://hagush.org.il/candidates.html ; https://yairrubinstein.org/ ; https://democrats.org.il/events/150925e/ ; https://e.democrats.org.il/Democrats_OpenHouses/240118","86","האתר מציין 25 שנות תכנון, הקמה וניהול של מערכות וחברות בתחום האנרגיה בארץ ובעולם."
"יאיר רובינשטיין","יכולות","ארגון, ניהול וביצוע","cap_012","מוכנות לקחת אחריות אישית גבוהה על מהלך ציבורי או ארגוני","has","https://hagush.org.il/candidates.html ; https://yairrubinstein.org/ ; https://democrats.org.il/events/150925e/ ; https://e.democrats.org.il/Democrats_OpenHouses/240118","86","האתר מציין 25 שנות תכנון, הקמה וניהול של מערכות וחברות בתחום האנרגיה בארץ ובעולם."
"יאיר רובינשטיין","יכולות","חקיקה, פוליטיקה ומוסדות","cap_013","ניסיון בעבודה פרלמנטרית, ועדות כנסת, חקיקה או הצעות חוק","unknown","לא נמצא מקור מספק בקובץ ההיגדים/פרופיל/מקורות הרשת שנבדקו; נשאר unknown לפי כלל לא לנחש","0","לא נמצא בסיס לניסיון חקיקה, ועדות כנסת או עבודה פרלמנטרית."
"יאיר רובינשטיין","יכולות","חקיקה, פוליטיקה ומוסדות","cap_014","היכרות מעשית עם מנגנוני מפלגות, פריימריז, רשימות וקואליציות","unknown","לא נמצא מקור מספק בקובץ ההיגדים/פרופיל/מקורות הרשת שנבדקו; נשאר unknown לפי כלל לא לנחש","0","לא נמצא בסיס לניסיון חקיקה, ועדות כנסת או עבודה פרלמנטרית."
"יאיר רובינשטיין","יכולות","חקיקה, פוליטיקה ומוסדות","cap_015","יכולת לפעול בתוך מוסדות קיימים ולא רק מחוץ להם","partial","https://hagush.org.il/candidates.html ; https://yairrubinstein.org/ ; https://democrats.org.il/events/150925e/ ; https://e.democrats.org.il/Democrats_OpenHouses/240118","64","הקמת מטה דת ומדינה בדמוקרטים ופעילות מפלגתית נותנות בסיס חלקי לפעולה במוסדות ושיתופי פעולה."
"יאיר רובינשטיין","יכולות","חקיקה, פוליטיקה ומוסדות","cap_016","ניסיון בבניית תנועה פוליטית, מפלגה או אלטרנטיבה שלטונית","partial","https://hagush.org.il/candidates.html ; https://yairrubinstein.org/ ; https://democrats.org.il/events/150925e/ ; https://e.democrats.org.il/Democrats_OpenHouses/240118","64","הקמת מטה דת ומדינה בדמוקרטים ופעילות מפלגתית נותנות בסיס חלקי לפעולה במוסדות ושיתופי פעולה."
"יאיר רובינשטיין","יכולות","חקיקה, פוליטיקה ומוסדות","cap_017","יכולת לייצר שיתופי פעולה בין זרמים, מפלגות או קבוצות אינטרס","partial","https://hagush.org.il/candidates.html ; https://yairrubinstein.org/ ; https://democrats.org.il/events/150925e/ ; https://e.democrats.org.il/Democrats_OpenHouses/240118","64","הקמת מטה דת ומדינה בדמוקרטים ופעילות מפלגתית נותנות בסיס חלקי לפעולה במוסדות ושיתופי פעולה."
"יאיר רובינשטיין","יכולות","חקיקה, פוליטיקה ומוסדות","cap_018","יכולת לתרגם עמדות אידיאולוגיות לפעולות מוסדיות או חקיקתיות","unknown","לא נמצא מקור מספק בקובץ ההיגדים/פרופיל/מקורות הרשת שנבדקו; נשאר unknown לפי כלל לא לנחש","0","לא נמצא בסיס לניסיון חקיקה, ועדות כנסת או עבודה פרלמנטרית."
"יאיר רובינשטיין","יכולות","תקשורת, הסברה והשפעה ציבורית","cap_019","יכולת ליצור מסרים חדים, ברורים וזכירים","partial","https://hagush.org.il/candidates.html ; https://yairrubinstein.org/ ; https://democrats.org.il/events/150925e/ ; https://e.democrats.org.il/Democrats_OpenHouses/240118","64","יש אתר קמפיין, מפגשי ציבור וספרים/חומרים, אך לא נמצאה נראות תקשורתית רחבה במיוחד."
"יאיר רובינשטיין","יכולות","תקשורת, הסברה והשפעה ציבורית","cap_020","יכולת לייצר תוכן דיגיטלי, ויראלי או תקשורתי שמגיע לקהלים רחבים","partial","https://hagush.org.il/candidates.html ; https://yairrubinstein.org/ ; https://democrats.org.il/events/150925e/ ; https://e.democrats.org.il/Democrats_OpenHouses/240118","55","יש יכולת מסר מקוונת בסיסית, אך לא נמצא בסיס לוויראליות או מאבק תודעתי חזק."
"יאיר רובינשטיין","יכולות","תקשורת, הסברה והשפעה ציבורית","cap_021","ניסיון בהופעה ציבורית, ראיונות, פודקאסטים, קולנוע, כתיבה או הרצאות","partial","https://hagush.org.il/candidates.html ; https://yairrubinstein.org/ ; https://democrats.org.il/events/150925e/ ; https://e.democrats.org.il/Democrats_OpenHouses/240118","64","יש אתר קמפיין, מפגשי ציבור וספרים/חומרים, אך לא נמצאה נראות תקשורתית רחבה במיוחד."
"יאיר רובינשטיין","יכולות","תקשורת, הסברה והשפעה ציבורית","cap_022","יכולת להסביר נושאים מורכבים בשפה נגישה ולא טכנוקרטית","partial","https://hagush.org.il/candidates.html ; https://yairrubinstein.org/ ; https://democrats.org.il/events/150925e/ ; https://e.democrats.org.il/Democrats_OpenHouses/240118","64","יש אתר קמפיין, מפגשי ציבור וספרים/חומרים, אך לא נמצאה נראות תקשורתית רחבה במיוחד."
"יאיר רובינשטיין","יכולות","תקשורת, הסברה והשפעה ציבורית","cap_023","יכולת לנהל מאבק תודעתי מול יריבים פוליטיים או תקשורתיים","partial","https://hagush.org.il/candidates.html ; https://yairrubinstein.org/ ; https://democrats.org.il/events/150925e/ ; https://e.democrats.org.il/Democrats_OpenHouses/240118","55","יש יכולת מסר מקוונת בסיסית, אך לא נמצא בסיס לוויראליות או מאבק תודעתי חזק."
"יאיר רובינשטיין","יכולות","תקשורת, הסברה והשפעה ציבורית","cap_024","יכולת להפוך סיפור אישי או ערכי לכלי גיוס ציבורי","partial","https://hagush.org.il/candidates.html ; https://yairrubinstein.org/ ; https://democrats.org.il/events/150925e/ ; https://e.democrats.org.il/Democrats_OpenHouses/240118","64","יש אתר קמפיין, מפגשי ציבור וספרים/חומרים, אך לא נמצאה נראות תקשורתית רחבה במיוחד."
"יאיר רובינשטיין","יכולות","חיבור בין קהלים ועולמות","cap_025","יכולת לחבר בין יהודים לערבים בתוך מסגרת פוליטית או אזרחית משותפת","has","https://hagush.org.il/candidates.html ; https://yairrubinstein.org/ ; https://democrats.org.il/events/150925e/ ; https://e.democrats.org.il/Democrats_OpenHouses/240118","78","הוא מחבר בין דתיים וחילונים, יהודים וערבים, מחאה ומפלגה, וניהול מקצועי לשפה אזרחית."
"יאיר רובינשטיין","יכולות","חיבור בין קהלים ועולמות","cap_026","יכולת לחבר בין שמאל ליברלי לבין פריפריה מזרחית, מסורתית או גיאוגרפית","has","https://hagush.org.il/candidates.html ; https://yairrubinstein.org/ ; https://democrats.org.il/events/150925e/ ; https://e.democrats.org.il/Democrats_OpenHouses/240118","78","הוא מחבר בין דתיים וחילונים, יהודים וערבים, מחאה ומפלגה, וניהול מקצועי לשפה אזרחית."
"יאיר רובינשטיין","יכולות","חיבור בין קהלים ועולמות","cap_027","יכולת לחבר בין עולם המחאה לבין עבודה מפלגתית ומוסדית","has","https://hagush.org.il/candidates.html ; https://yairrubinstein.org/ ; https://democrats.org.il/events/150925e/ ; https://e.democrats.org.il/Democrats_OpenHouses/240118","78","הוא מחבר בין דתיים וחילונים, יהודים וערבים, מחאה ומפלגה, וניהול מקצועי לשפה אזרחית."
"יאיר רובינשטיין","יכולות","חיבור בין קהלים ועולמות","cap_028","יכולת לחבר בין היי־טק, חדשנות ודיגיטל לבין פוליטיקה ציבורית","partial","https://hagush.org.il/candidates.html ; https://yairrubinstein.org/ ; https://democrats.org.il/events/150925e/ ; https://e.democrats.org.il/Democrats_OpenHouses/240118","56","יש רקע עסקי ומערכתי, אך לא נמצא בסיס לחיבור היי־טק/דיגיטל כמומחיות."
"יאיר רובינשטיין","יכולות","חיבור בין קהלים ועולמות","cap_029","יכולת לחבר בין שפה מקצועית־ביטחונית לבין שפה אזרחית וערכית","has","https://hagush.org.il/candidates.html ; https://yairrubinstein.org/ ; https://democrats.org.il/events/150925e/ ; https://e.democrats.org.il/Democrats_OpenHouses/240118","78","הוא מחבר בין דתיים וחילונים, יהודים וערבים, מחאה ומפלגה, וניהול מקצועי לשפה אזרחית."
"יאיר רובינשטיין","יכולות","חיבור בין קהלים ועולמות","cap_030","אמינות מול קהילות שטח ולא רק מול קהל תקשורתי או אליטיסטי","has","https://hagush.org.il/candidates.html ; https://yairrubinstein.org/ ; https://democrats.org.il/events/150925e/ ; https://e.democrats.org.il/Democrats_OpenHouses/240118","78","הוא מחבר בין דתיים וחילונים, יהודים וערבים, מחאה ומפלגה, וניהול מקצועי לשפה אזרחית."
"יאיר רובינשטיין","יכולות","חדשנות, למידה ושיתוף ציבור","cap_031","שימוש בטכנולוגיה, מידע או כלים דיגיטליים לשיתוף ציבור וארגון פוליטי","partial","https://hagush.org.il/candidates.html ; https://yairrubinstein.org/ ; https://democrats.org.il/events/150925e/ ; https://e.democrats.org.il/Democrats_OpenHouses/240118","66","הוא מציג חשיבה מערכתית, ביזור, ניהול שינוי ולמידה ציבורית, אך לא בהכרח חדשנות טכנולוגית."
"יאיר רובינשטיין","יכולות","חדשנות, למידה ושיתוף ציבור","cap_032","חשיבה מערכתית שמזהה קשרים בין משבר פוליטי, כלכלה, ביטחון וחברה","partial","https://hagush.org.il/candidates.html ; https://yairrubinstein.org/ ; https://democrats.org.il/events/150925e/ ; https://e.democrats.org.il/Democrats_OpenHouses/240118","66","הוא מציג חשיבה מערכתית, ביזור, ניהול שינוי ולמידה ציבורית, אך לא בהכרח חדשנות טכנולוגית."
"יאיר רובינשטיין","יכולות","חדשנות, למידה ושיתוף ציבור","cap_033","יזמות בפתרונות לא שגרתיים לבעיות פוליטיות או חברתיות","partial","https://hagush.org.il/candidates.html ; https://yairrubinstein.org/ ; https://democrats.org.il/events/150925e/ ; https://e.democrats.org.il/Democrats_OpenHouses/240118","66","הוא מציג חשיבה מערכתית, ביזור, ניהול שינוי ולמידה ציבורית, אך לא בהכרח חדשנות טכנולוגית."
"יאיר רובינשטיין","יכולות","חדשנות, למידה ושיתוף ציבור","cap_034","יכולת ללמוד תחומים חדשים ולהפוך אותם לשפה ציבורית ברורה","partial","https://hagush.org.il/candidates.html ; https://yairrubinstein.org/ ; https://democrats.org.il/events/150925e/ ; https://e.democrats.org.il/Democrats_OpenHouses/240118","66","הוא מציג חשיבה מערכתית, ביזור, ניהול שינוי ולמידה ציבורית, אך לא בהכרח חדשנות טכנולוגית."
"יאיר רובינשטיין","יכולות","חדשנות, למידה ושיתוף ציבור","cap_035","שילוב בין ידע מקצועי, ניסיון אישי וערכים פוליטיים","partial","https://hagush.org.il/candidates.html ; https://yairrubinstein.org/ ; https://democrats.org.il/events/150925e/ ; https://e.democrats.org.il/Democrats_OpenHouses/240118","66","הוא מציג חשיבה מערכתית, ביזור, ניהול שינוי ולמידה ציבורית, אך לא בהכרח חדשנות טכנולוגית."
"יאיר רובינשטיין","יכולות","חדשנות, למידה ושיתוף ציבור","cap_036","פתיחות לניסויים ארגוניים ודמוקרטיים חדשים ולא רק לשיטות פוליטיות קיימות","partial","https://hagush.org.il/candidates.html ; https://yairrubinstein.org/ ; https://democrats.org.il/events/150925e/ ; https://e.democrats.org.il/Democrats_OpenHouses/240118","66","הוא מציג חשיבה מערכתית, ביזור, ניהול שינוי ולמידה ציבורית, אך לא בהכרח חדשנות טכנולוגית."
"דני אלגרט","דעות","דמוקרטיה, משילות ותיקון מוסדות המדינה","D-001","נטייה לתיקון חוקתי ומוסדי עמוק, ולא רק להחלפת ממשלה","supports","https://hagush.org.il/candidates.html ; https://e.democrats.org.il/Democrats_OpenHouses/228349 ; https://www.kan.org.il/content/kan-news/politic/987442/ ; https://www.ynet.co.il/news/article/rjakywcvzl","78","המקורות מציגים אותו כמי שעבר ממאבק החטופים למחאה פוליטית מתוך אחריות לערכי מגילת העצמאות ודמוקרטיה."
"דני אלגרט","דעות","דמוקרטיה, משילות ותיקון מוסדות המדינה","D-002","ראיית המשבר הדמוקרטי כתוצאה של שיטה פוליטית פגומה ולא רק של אדם או ממשלה מסוימת","supports","https://hagush.org.il/candidates.html ; https://e.democrats.org.il/Democrats_OpenHouses/228349 ; https://www.kan.org.il/content/kan-news/politic/987442/ ; https://www.ynet.co.il/news/article/rjakywcvzl","78","המקורות מציגים אותו כמי שעבר ממאבק החטופים למחאה פוליטית מתוך אחריות לערכי מגילת העצמאות ודמוקרטיה."
"דני אלגרט","דעות","דמוקרטיה, משילות ותיקון מוסדות המדינה","D-003","נכונות למאבק ציבורי חריף כאשר מוסדות המדינה נתפסים כמאוימים","supports","https://hagush.org.il/candidates.html ; https://e.democrats.org.il/Democrats_OpenHouses/228349 ; https://www.kan.org.il/content/kan-news/politic/987442/ ; https://www.ynet.co.il/news/article/rjakywcvzl","78","המקורות מציגים אותו כמי שעבר ממאבק החטופים למחאה פוליטית מתוך אחריות לערכי מגילת העצמאות ודמוקרטיה."
"דני אלגרט","דעות","דמוקרטיה, משילות ותיקון מוסדות המדינה","D-004","העדפה לשיקום ממלכתי, זהיר ומוסדי של המדינה לאחר המשבר","mixed","https://hagush.org.il/candidates.html ; https://e.democrats.org.il/Democrats_OpenHouses/228349 ; https://www.kan.org.il/content/kan-news/politic/987442/ ; https://www.ynet.co.il/news/article/rjakywcvzl","60","יש דגש על אחריות ובנייה, אך גם על מחאה חריפה ושביתת רעב; לכן אין העדפה חד־משמעית לשיקום זהיר בלבד."
"דני אלגרט","דעות","דמוקרטיה, משילות ותיקון מוסדות המדינה","D-005","תמיכה בשיתוף ציבור, דמוקרטיה פנימית ושקיפות בתוך המפלגה ובמערכת הפוליטית","supports","https://hagush.org.il/candidates.html ; https://e.democrats.org.il/Democrats_OpenHouses/228349 ; https://www.kan.org.il/content/kan-news/politic/987442/ ; https://www.ynet.co.il/news/article/rjakywcvzl","78","המקורות מציגים אותו כמי שעבר ממאבק החטופים למחאה פוליטית מתוך אחריות לערכי מגילת העצמאות ודמוקרטיה."
"דני אלגרט","דעות","דמוקרטיה, משילות ותיקון מוסדות המדינה","D-006","נכונות להגביל כוח שלטוני גם כאשר הכוח נמצא בידי המחנה הקרוב אידיאולוגית","supports","https://hagush.org.il/candidates.html ; https://e.democrats.org.il/Democrats_OpenHouses/228349 ; https://www.kan.org.il/content/kan-news/politic/987442/ ; https://www.ynet.co.il/news/article/rjakywcvzl","78","המקורות מציגים אותו כמי שעבר ממאבק החטופים למחאה פוליטית מתוך אחריות לערכי מגילת העצמאות ודמוקרטיה."
"דני אלגרט","דעות","יחס למחנה השני ויכולת גישור","D-007","ראיית מצביעי המחנה השני כיריבים פוליטיים לגיטימיים ולא כאויבים","unknown","לא נמצא מקור מספק בקובץ ההיגדים/פרופיל/מקורות הרשת שנבדקו; נשאר unknown לפי כלל לא לנחש","0","המקורות מתמקדים בחטופים, מחאה ואחריות המדינה; לא נמצא בסיס מספיק להיגד זה בלי ניחוש."
"דני אלגרט","דעות","יחס למחנה השני ויכולת גישור","D-008","הבחנה בין הנהגת המחנה השני לבין הציבור הרחב שתומך בה","unknown","לא נמצא מקור מספק בקובץ ההיגדים/פרופיל/מקורות הרשת שנבדקו; נשאר unknown לפי כלל לא לנחש","0","המקורות מתמקדים בחטופים, מחאה ואחריות המדינה; לא נמצא בסיס מספיק להיגד זה בלי ניחוש."
"דני אלגרט","דעות","יחס למחנה השני ויכולת גישור","D-009","אמונה שאפשר לבנות גשר מחודש בין המחנה הדמוקרטי־ליברלי לבין חלקים מהימין המסורתי","unknown","לא נמצא מקור מספק בקובץ ההיגדים/פרופיל/מקורות הרשת שנבדקו; נשאר unknown לפי כלל לא לנחש","0","המקורות מתמקדים בחטופים, מחאה ואחריות המדינה; לא נמצא בסיס מספיק להיגד זה בלי ניחוש."
"דני אלגרט","דעות","יחס למחנה השני ויכולת גישור","D-010","העדפה להכרעה פוליטית ברורה על פני פיוס מוקדם עם המחנה השני","supports","https://hagush.org.il/candidates.html ; https://e.democrats.org.il/Democrats_OpenHouses/228349 ; https://www.kan.org.il/content/kan-news/politic/987442/ ; https://www.ynet.co.il/news/article/rjakywcvzl","76","פעילותו לאחר 7 באוקטובר, הובלת מחאות ושביתת רעב מצביעות על נכונות למאבק ציבורי וקווים אדומים."
"דני אלגרט","דעות","יחס למחנה השני ויכולת גישור","D-011","נכונות לשיח עם דתיים, מסורתיים, חרדים וימנים גם כאשר קיימת מחלוקת ערכית עמוקה","unknown","לא נמצא מקור מספק בקובץ ההיגדים/פרופיל/מקורות הרשת שנבדקו; נשאר unknown לפי כלל לא לנחש","0","המקורות מתמקדים בחטופים, מחאה ואחריות המדינה; לא נמצא בסיס מספיק להיגד זה בלי ניחוש."
"דני אלגרט","דעות","יחס למחנה השני ויכולת גישור","D-012","ראיית חלק מהמחנה השני כשותף עתידי אפשרי לשיקום המדינה לאחר עידן נתניהו","unknown","לא נמצא מקור מספק בקובץ ההיגדים/פרופיל/מקורות הרשת שנבדקו; נשאר unknown לפי כלל לא לנחש","0","המקורות מתמקדים בחטופים, מחאה ואחריות המדינה; לא נמצא בסיס מספיק להיגד זה בלי ניחוש."
"דני אלגרט","דעות","שסעים פנימיים בחברה היהודית","D-013","ראיית השסע העדתי והפריפריאלי כמרכיב מרכזי במשבר הפוליטי בישראל","unknown","לא נמצא מקור מספק בקובץ ההיגדים/פרופיל/מקורות הרשת שנבדקו; נשאר unknown לפי כלל לא לנחש","0","המקורות מתמקדים בחטופים, מחאה ואחריות המדינה; לא נמצא בסיס מספיק להיגד זה בלי ניחוש."
"דני אלגרט","דעות","שסעים פנימיים בחברה היהודית","D-014","נכונות לדבר עם מצביעים מזרחים, מסורתיים ופריפריאליים בשפה שאינה מתנשאת ואינה רק ליברלית־אשכנזית","unknown","לא נמצא מקור מספק בקובץ ההיגדים/פרופיל/מקורות הרשת שנבדקו; נשאר unknown לפי כלל לא לנחש","0","המקורות מתמקדים בחטופים, מחאה ואחריות המדינה; לא נמצא בסיס מספיק להיגד זה בלי ניחוש."
"דני אלגרט","דעות","שסעים פנימיים בחברה היהודית","D-015","ראיית השסע הדתי־חילוני כאיום מרכזי על הלכידות של החברה היהודית בישראל","unknown","לא נמצא מקור מספק בקובץ ההיגדים/פרופיל/מקורות הרשת שנבדקו; נשאר unknown לפי כלל לא לנחש","0","המקורות מתמקדים בחטופים, מחאה ואחריות המדינה; לא נמצא בסיס מספיק להיגד זה בלי ניחוש."
"דני אלגרט","דעות","שסעים פנימיים בחברה היהודית","D-016","תמיכה בבניית ברית חדשה בין ליברלים, מסורתיים, דתיים מתונים ופריפריה חברתית","unknown","לא נמצא מקור מספק בקובץ ההיגדים/פרופיל/מקורות הרשת שנבדקו; נשאר unknown לפי כלל לא לנחש","0","המקורות מתמקדים בחטופים, מחאה ואחריות המדינה; לא נמצא בסיס מספיק להיגד זה בלי ניחוש."
"דני אלגרט","דעות","שסעים פנימיים בחברה היהודית","D-017","ביקורת על מחנה המרכז־שמאל כאשר הוא נתפס כמנותק, אליטיסטי או חסר רגישות לפריפריה","unknown","לא נמצא מקור מספק בקובץ ההיגדים/פרופיל/מקורות הרשת שנבדקו; נשאר unknown לפי כלל לא לנחש","0","המקורות מתמקדים בחטופים, מחאה ואחריות המדינה; לא נמצא בסיס מספיק להיגד זה בלי ניחוש."
"דני אלגרט","דעות","שסעים פנימיים בחברה היהודית","D-018","העדפה לתיקון יחסי מרכז־פריפריה כחלק מבניית מחנה דמוקרטי רחב","unknown","לא נמצא מקור מספק בקובץ ההיגדים/פרופיל/מקורות הרשת שנבדקו; נשאר unknown לפי כלל לא לנחש","0","המקורות מתמקדים בחטופים, מחאה ואחריות המדינה; לא נמצא בסיס מספיק להיגד זה בלי ניחוש."
"דני אלגרט","דעות","מדינה יהודית ודמוקרטית, דת ומדינה","D-019","העדפה לזהות ישראלית שבה הרכיב הדמוקרטי קודם לרכיב הדתי־לאומי כאשר יש התנגשות ביניהם","unknown","לא נמצא מקור מספק בקובץ ההיגדים/פרופיל/מקורות הרשת שנבדקו; נשאר unknown לפי כלל לא לנחש","0","המקורות מתמקדים בחטופים, מחאה ואחריות המדינה; לא נמצא בסיס מספיק להיגד זה בלי ניחוש."
"דני אלגרט","דעות","מדינה יהודית ודמוקרטית, דת ומדינה","D-020","העדפה לזהות ישראלית שבה היהדות היא מקור תרבותי וערכי, אך אינה צריכה לשלוט במוסדות המדינה","unknown","לא נמצא מקור מספק בקובץ ההיגדים/פרופיל/מקורות הרשת שנבדקו; נשאר unknown לפי כלל לא לנחש","0","המקורות מתמקדים בחטופים, מחאה ואחריות המדינה; לא נמצא בסיס מספיק להיגד זה בלי ניחוש."
"דני אלגרט","דעות","מדינה יהודית ודמוקרטית, דת ומדינה","D-021","תמיכה בהפרדה ברורה יותר בין סמכות דתית לבין סמכות מדינתית","unknown","לא נמצא מקור מספק בקובץ ההיגדים/פרופיל/מקורות הרשת שנבדקו; נשאר unknown לפי כלל לא לנחש","0","המקורות מתמקדים בחטופים, מחאה ואחריות המדינה; לא נמצא בסיס מספיק להיגד זה בלי ניחוש."
"דני אלגרט","דעות","מדינה יהודית ודמוקרטית, דת ומדינה","D-022","נכונות לשמר מרכיבים יהודיים־מסורתיים במרחב הציבורי כדי לאפשר שותפות עם ציבור מסורתי ודתי","unknown","לא נמצא מקור מספק בקובץ ההיגדים/פרופיל/מקורות הרשת שנבדקו; נשאר unknown לפי כלל לא לנחש","0","המקורות מתמקדים בחטופים, מחאה ואחריות המדינה; לא נמצא בסיס מספיק להיגד זה בלי ניחוש."
"דני אלגרט","דעות","מדינה יהודית ודמוקרטית, דת ומדינה","D-023","התנגדות לכפייה דתית בנושאי נישואין, שבת, חינוך, מעמד אישי או שירות ציבורי","unknown","לא נמצא מקור מספק בקובץ ההיגדים/פרופיל/מקורות הרשת שנבדקו; נשאר unknown לפי כלל לא לנחש","0","המקורות מתמקדים בחטופים, מחאה ואחריות המדינה; לא נמצא בסיס מספיק להיגד זה בלי ניחוש."
"דני אלגרט","דעות","מדינה יהודית ודמוקרטית, דת ומדינה","D-024","תמיכה בשוויון חובות אזרחיות בין קבוצות, כולל שאלת גיוס חרדים או שירות אזרחי","unknown","לא נמצא מקור מספק בקובץ ההיגדים/פרופיל/מקורות הרשת שנבדקו; נשאר unknown לפי כלל לא לנחש","0","המקורות מתמקדים בחטופים, מחאה ואחריות המדינה; לא נמצא בסיס מספיק להיגד זה בלי ניחוש."
"דני אלגרט","דעות","הפרדה, גישור או שתי מדינות לעם היהודי","D-025","אמונה שהפער בין ישראל ליברלית לבין ישראל שמרנית־דתית עדיין ניתן לגישור פוליטי וחברתי","unknown","לא נמצא מקור מספק בקובץ ההיגדים/פרופיל/מקורות הרשת שנבדקו; נשאר unknown לפי כלל לא לנחש","0","המקורות מתמקדים בחטופים, מחאה ואחריות המדינה; לא נמצא בסיס מספיק להיגד זה בלי ניחוש."
"דני אלגרט","דעות","הפרדה, גישור או שתי מדינות לעם היהודי","D-026","ראיית הפער בין המחנות כעמוק עד כדי צורך בהסדרים של אוטונומיה, ביזור או הפרדה חלקית","unknown","לא נמצא מקור מספק בקובץ ההיגדים/פרופיל/מקורות הרשת שנבדקו; נשאר unknown לפי כלל לא לנחש","0","המקורות מתמקדים בחטופים, מחאה ואחריות המדינה; לא נמצא בסיס מספיק להיגד זה בלי ניחוש."
"דני אלגרט","דעות","הפרדה, גישור או שתי מדינות לעם היהודי","D-027","תמיכה בביזור סמכויות לשלטון מקומי כדי לאפשר לקהילות שונות לחיות לפי אורחות חיים שונים","unknown","לא נמצא מקור מספק בקובץ ההיגדים/פרופיל/מקורות הרשת שנבדקו; נשאר unknown לפי כלל לא לנחש","0","המקורות מתמקדים בחטופים, מחאה ואחריות המדינה; לא נמצא בסיס מספיק להיגד זה בלי ניחוש."
"דני אלגרט","דעות","הפרדה, גישור או שתי מדינות לעם היהודי","D-028","התנגדות לרעיון של שתי מדינות לעם היהודי והעדפה למאבק על מסגרת מדינתית אחת משותפת","unknown","לא נמצא מקור מספק בקובץ ההיגדים/פרופיל/מקורות הרשת שנבדקו; נשאר unknown לפי כלל לא לנחש","0","המקורות מתמקדים בחטופים, מחאה ואחריות המדינה; לא נמצא בסיס מספיק להיגד זה בלי ניחוש."
"דני אלגרט","דעות","הפרדה, גישור או שתי מדינות לעם היהודי","D-029","פתיחות לרעיון של הסדרים פנימיים חדשים בין חילונים, דתיים, חרדים, מסורתיים וליברלים","unknown","לא נמצא מקור מספק בקובץ ההיגדים/פרופיל/מקורות הרשת שנבדקו; נשאר unknown לפי כלל לא לנחש","0","המקורות מתמקדים בחטופים, מחאה ואחריות המדינה; לא נמצא בסיס מספיק להיגד זה בלי ניחוש."
"דני אלגרט","דעות","הפרדה, גישור או שתי מדינות לעם היהודי","D-030","ראיית המשבר הישראלי לא רק כמאבק ימין־שמאל אלא כמאבק בין מודלים שונים של חיים משותפים","unknown","לא נמצא מקור מספק בקובץ ההיגדים/פרופיל/מקורות הרשת שנבדקו; נשאר unknown לפי כלל לא לנחש","0","המקורות מתמקדים בחטופים, מחאה ואחריות המדינה; לא נמצא בסיס מספיק להיגד זה בלי ניחוש."
"דני אלגרט","דעות","יהודים־ערבים, שוויון אזרחי וחיים משותפים","D-031","ראיית אזרחי ישראל הערבים כחלק מלא מהדיון על עתיד המדינה ולא כעניין נפרד או משני","unknown","לא נמצא מקור מספק בקובץ ההיגדים/פרופיל/מקורות הרשת שנבדקו; נשאר unknown לפי כלל לא לנחש","0","המקורות מתמקדים בחטופים, מחאה ואחריות המדינה; לא נמצא בסיס מספיק להיגד זה בלי ניחוש."
"דני אלגרט","דעות","יהודים־ערבים, שוויון אזרחי וחיים משותפים","D-032","תמיכה בשוויון אזרחי גם כאשר הוא מחייב שינוי בחוקים, סמלים או חלוקת משאבים","unknown","לא נמצא מקור מספק בקובץ ההיגדים/פרופיל/מקורות הרשת שנבדקו; נשאר unknown לפי כלל לא לנחש","0","המקורות מתמקדים בחטופים, מחאה ואחריות המדינה; לא נמצא בסיס מספיק להיגד זה בלי ניחוש."
"דני אלגרט","דעות","יהודים־ערבים, שוויון אזרחי וחיים משותפים","D-033","תמיכה בשותפות פוליטית יהודית־ערבית כחלק מבניית מחנה דמוקרטי רחב","unknown","לא נמצא מקור מספק בקובץ ההיגדים/פרופיל/מקורות הרשת שנבדקו; נשאר unknown לפי כלל לא לנחש","0","המקורות מתמקדים בחטופים, מחאה ואחריות המדינה; לא נמצא בסיס מספיק להיגד זה בלי ניחוש."
"דני אלגרט","דעות","יהודים־ערבים, שוויון אזרחי וחיים משותפים","D-034","העדפה לשילוב אזרחים ערבים במוקדי קבלת החלטות, כולל בתחומים מדיניים וביטחוניים","unknown","לא נמצא מקור מספק בקובץ ההיגדים/פרופיל/מקורות הרשת שנבדקו; נשאר unknown לפי כלל לא לנחש","0","המקורות מתמקדים בחטופים, מחאה ואחריות המדינה; לא נמצא בסיס מספיק להיגד זה בלי ניחוש."
"דני אלגרט","דעות","יהודים־ערבים, שוויון אזרחי וחיים משותפים","D-035","התנגדות לגזענות, הדרה או דה־לגיטימציה של הציבור הערבי בישראל","unknown","לא נמצא מקור מספק בקובץ ההיגדים/פרופיל/מקורות הרשת שנבדקו; נשאר unknown לפי כלל לא לנחש","0","המקורות מתמקדים בחטופים, מחאה ואחריות המדינה; לא נמצא בסיס מספיק להיגד זה בלי ניחוש."
"דני אלגרט","דעות","יהודים־ערבים, שוויון אזרחי וחיים משותפים","D-036","הכרה בכך שחיים משותפים מחייבים גם התמודדות עם פחדים, טראומות וחוסר אמון בשני הצדדים","unknown","לא נמצא מקור מספק בקובץ ההיגדים/פרופיל/מקורות הרשת שנבדקו; נשאר unknown לפי כלל לא לנחש","0","המקורות מתמקדים בחטופים, מחאה ואחריות המדינה; לא נמצא בסיס מספיק להיגד זה בלי ניחוש."
"דני אלגרט","דעות","ביטחון, פלסטינים והסדר מדיני","D-037","תמיכה בנתיב מדיני ארוך טווח מול הפלסטינים, גם לאחר שבעה באוקטובר","unknown","לא נמצא מקור מספק בקובץ ההיגדים/פרופיל/מקורות הרשת שנבדקו; נשאר unknown לפי כלל לא לנחש","0","המקורות מתמקדים בחטופים, מחאה ואחריות המדינה; לא נמצא בסיס מספיק להיגד זה בלי ניחוש."
"דני אלגרט","דעות","ביטחון, פלסטינים והסדר מדיני","D-038","העדפה להיפרדות מדינית וביטחונית מהפלסטינים כדי לשמור על ישראל יהודית ודמוקרטית","unknown","לא נמצא מקור מספק בקובץ ההיגדים/פרופיל/מקורות הרשת שנבדקו; נשאר unknown לפי כלל לא לנחש","0","המקורות מתמקדים בחטופים, מחאה ואחריות המדינה; לא נמצא בסיס מספיק להיגד זה בלי ניחוש."
"דני אלגרט","דעות","ביטחון, פלסטינים והסדר מדיני","D-039","תמיכה בפתרון שתי מדינות או במודל קרוב לו כיעד אסטרטגי","unknown","לא נמצא מקור מספק בקובץ ההיגדים/פרופיל/מקורות הרשת שנבדקו; נשאר unknown לפי כלל לא לנחש","0","המקורות מתמקדים בחטופים, מחאה ואחריות המדינה; לא נמצא בסיס מספיק להיגד זה בלי ניחוש."
"דני אלגרט","דעות","ביטחון, פלסטינים והסדר מדיני","D-040","פתיחות למודלים מדיניים מורכבים כגון קונפדרציה, גבולות פתוחים או הסדר אזורי","unknown","לא נמצא מקור מספק בקובץ ההיגדים/פרופיל/מקורות הרשת שנבדקו; נשאר unknown לפי כלל לא לנחש","0","המקורות מתמקדים בחטופים, מחאה ואחריות המדינה; לא נמצא בסיס מספיק להיגד זה בלי ניחוש."
"דני אלגרט","דעות","ביטחון, פלסטינים והסדר מדיני","D-041","התנגדות להמשך שליטה ישראלית קבועה על אוכלוסייה פלסטינית ללא זכויות אזר מלאות","unknown","לא נמצא מקור מספק בקובץ ההיגדים/פרופיל/מקורות הרשת שנבדקו; נשאר unknown לפי כלל לא לנחש","0","המקורות מתמקדים בחטופים, מחאה ואחריות המדינה; לא נמצא בסיס מספיק להיגד זה בלי ניחוש."
"דני אלגרט","דעות","ביטחון, פלסטינים והסדר מדיני","D-042","ראיית הסדר אזורי עם מדינות ערביות מתונות כחלק מרכזי מהעתיד הביטחוני של ישראל","unknown","לא נמצא מקור מספק בקובץ ההיגדים/פרופיל/מקורות הרשת שנבדקו; נשאר unknown לפי כלל לא לנחש","0","המקורות מתמקדים בחטופים, מחאה ואחריות המדינה; לא נמצא בסיס מספיק להיגד זה בלי ניחוש."
"דני אלגרט","דעות","שבעה באוקטובר, אחריות, חטופים וזיכרון לאומי","D-043","ראיית שבעה באוקטובר כאירוע שמחייב חשבון נפש מדינתי, מוסדי וחברתי עמוק","supports","https://hagush.org.il/candidates.html ; https://e.democrats.org.il/Democrats_OpenHouses/228349 ; https://www.kan.org.il/content/kan-news/politic/987442/ ; https://www.ynet.co.il/news/article/rjakywcvzl","94","זהו מוקד הפרופיל: אחיו וגיסו נחטפו ונרצחו, הוא הוביל מחאות ופעולות שטח למען החטופים ואחריות המדינה."
"דני אלגרט","דעות","שבעה באוקטובר, אחריות, חטופים וזיכרון לאומי","D-044","תמיכה בוועדת חקירה ממלכתית ובאחריות אישית של הדרג המדיני והביטחוני","supports","https://hagush.org.il/candidates.html ; https://e.democrats.org.il/Democrats_OpenHouses/228349 ; https://www.kan.org.il/content/kan-news/politic/987442/ ; https://www.ynet.co.il/news/article/rjakywcvzl","94","זהו מוקד הפרופיל: אחיו וגיסו נחטפו ונרצחו, הוא הוביל מחאות ופעולות שטח למען החטופים ואחריות המדינה."
"דני אלגרט","דעות","שבעה באוקטובר, אחריות, חטופים וזיכרון לאומי","D-045","ראיית החטופים והמשפחות כסמל מוסרי מרכזי של אחריות המדינה לאזרחיה","supports","https://hagush.org.il/candidates.html ; https://e.democrats.org.il/Democrats_OpenHouses/228349 ; https://www.kan.org.il/content/kan-news/politic/987442/ ; https://www.ynet.co.il/news/article/rjakywcvzl","94","זהו מוקד הפרופיל: אחיו וגיסו נחטפו ונרצחו, הוא הוביל מחאות ופעולות שטח למען החטופים ואחריות המדינה."
"דני אלגרט","דעות","שבעה באוקטובר, אחריות, חטופים וזיכרון לאומי","D-046","התנגדות לשימוש פוליטי ציני בכאב של משפחות, נפגעים או קהילות שנפגעו במלחמה","supports","https://hagush.org.il/candidates.html ; https://e.democrats.org.il/Democrats_OpenHouses/228349 ; https://www.kan.org.il/content/kan-news/politic/987442/ ; https://www.ynet.co.il/news/article/rjakywcvzl","94","זהו מוקד הפרופיל: אחיו וגיסו נחטפו ונרצחו, הוא הוביל מחאות ופעולות שטח למען החטופים ואחריות המדינה."
"דני אלגרט","דעות","שבעה באוקטובר, אחריות, חטופים וזיכרון לאומי","D-047","תמיכה בשיקום העוטף והקהילות שנפגעו כחלק מהחוזה הבסיסי בין המדינה לאזרחיה","supports","https://hagush.org.il/candidates.html ; https://e.democrats.org.il/Democrats_OpenHouses/228349 ; https://www.kan.org.il/content/kan-news/politic/987442/ ; https://www.ynet.co.il/news/article/rjakywcvzl","94","זהו מוקד הפרופיל: אחיו וגיסו נחטפו ונרצחו, הוא הוביל מחאות ופעולות שטח למען החטופים ואחריות המדינה."
"דני אלגרט","דעות","שבעה באוקטובר, אחריות, חטופים וזיכרון לאומי","D-048","ראיית הטראומה של שבעה באוקטובר כבסיס לבניית מדיניות חדשה, לא רק כהצדקה להמשך מלחמה","supports","https://hagush.org.il/candidates.html ; https://e.democrats.org.il/Democrats_OpenHouses/228349 ; https://www.kan.org.il/content/kan-news/politic/987442/ ; https://www.ynet.co.il/news/article/rjakywcvzl","94","זהו מוקד הפרופיל: אחיו וגיסו נחטפו ונרצחו, הוא הוביל מחאות ופעולות שטח למען החטופים ואחריות המדינה."
"דני אלגרט","דעות","חברה, כלכלה, רווחה ופריפריה","D-049","הצבת צמצום אי־שוויון חברתי־כלכלי כנושא מרכזי בזהות הפוליטית","unknown","לא נמצא מקור מספק בקובץ ההיגדים/פרופיל/מקורות הרשת שנבדקו; נשאר unknown לפי כלל לא לנחש","0","המקורות מתמקדים בחטופים, מחאה ואחריות המדינה; לא נמצא בסיס מספיק להיגד זה בלי ניחוש."
"דני אלגרט","דעות","חברה, כלכלה, רווחה ופריפריה","D-050","תמיכה בהרחבת אחריות המדינה בתחומי דיור, חינוך, בריאות ורווחה","unknown","לא נמצא מקור מספק בקובץ ההיגדים/פרופיל/מקורות הרשת שנבדקו; נשאר unknown לפי כלל לא לנחש","0","המקורות מתמקדים בחטופים, מחאה ואחריות המדינה; לא נמצא בסיס מספיק להיגד זה בלי ניחוש."
"דני אלגרט","דעות","חברה, כלכלה, רווחה ופריפריה","D-051","תמיכה בזכויות עובדים, עבודה מאורגנת והגנה על שכבות מוחלשות","unknown","לא נמצא מקור מספק בקובץ ההיגדים/פרופיל/מקורות הרשת שנבדקו; נשאר unknown לפי כלל לא לנחש","0","המקורות מתמקדים בחטופים, מחאה ואחריות המדינה; לא נמצא בסיס מספיק להיגד זה בלי ניחוש."
"דני אלגרט","דעות","חברה, כלכלה, רווחה ופריפריה","D-052","ראיית הפריפריה הגיאוגרפית והחברתית כשותפה אסטרטגית ולא כקהל יעד משני","unknown","לא נמצא מקור מספק בקובץ ההיגדים/פרופיל/מקורות הרשת שנבדקו; נשאר unknown לפי כלל לא לנחש","0","המקורות מתמקדים בחטופים, מחאה ואחריות המדינה; לא נמצא בסיס מספיק להיגד זה בלי ניחוש."
"דני אלגרט","דעות","חברה, כלכלה, רווחה ופריפריה","D-053","תמיכה בהשקעה ארוכת טווח בנגב, בגליל, בעוטף ובערים מוחלשות","unknown","לא נמצא מקור מספק בקובץ ההיגדים/פרופיל/מקורות הרשת שנבדקו; נשאר unknown לפי כלל לא לנחש","0","המקורות מתמקדים בחטופים, מחאה ואחריות המדינה; לא נמצא בסיס מספיק להיגד זה בלי ניחוש."
"דני אלגרט","דעות","חברה, כלכלה, רווחה ופריפריה","D-054","חיבור בין צדק חברתי לבין בניית מחנה פוליטי חדש ורחב יותר","unknown","לא נמצא מקור מספק בקובץ ההיגדים/פרופיל/מקורות הרשת שנבדקו; נשאר unknown לפי כלל לא לנחש","0","המקורות מתמקדים בחטופים, מחאה ואחריות המדינה; לא נמצא בסיס מספיק להיגד זה בלי ניחוש."
"דני אלגרט","דעות","סגנון פשרה, גבולות ויכולת הסכמה","D-055","נכונות לפשרות פוליטיות רחבות כדי לשקם את המדינה גם במחיר ויתור אידיאולוגי חלקי","mixed","https://hagush.org.il/candidates.html ; https://e.democrats.org.il/Democrats_OpenHouses/228349 ; https://www.kan.org.il/content/kan-news/politic/987442/ ; https://www.ynet.co.il/news/article/rjakywcvzl","55","יש שפת אחריות ובנייה, אך המקורות אינם מפרטים תפיסת פשרה פוליטית רחבה."
"דני אלגרט","דעות","סגנון פשרה, גבולות ויכולת הסכמה","D-056","הצבת קווים אדומים ברורים שמעליהם אין מקום לפשרה עם יריבים פוליטיים","supports","https://hagush.org.il/candidates.html ; https://e.democrats.org.il/Democrats_OpenHouses/228349 ; https://www.kan.org.il/content/kan-news/politic/987442/ ; https://www.ynet.co.il/news/article/rjakywcvzl","76","פעילותו לאחר 7 באוקטובר, הובלת מחאות ושביתת רעב מצביעות על נכונות למאבק ציבורי וקווים אדומים."
"דני אלגרט","דעות","סגנון פשרה, גבולות ויכולת הסכמה","D-057","העדפה להסכמות רחבות ולאיטיות על פני מהלכים חדים ומהירים","unknown","לא נמצא מקור מספק בקובץ ההיגדים/פרופיל/מקורות הרשת שנבדקו; נשאר unknown לפי כלל לא לנחש","0","המקורות מתמקדים בחטופים, מחאה ואחריות המדינה; לא נמצא בסיס מספיק להיגד זה בלי ניחוש."
"דני אלגרט","דעות","סגנון פשרה, גבולות ויכולת הסכמה","D-058","העדפה למאבק חד וברור כאשר פשרה נתפסת ככניעה לכוחות אנטי־דמוקרטיים","supports","https://hagush.org.il/candidates.html ; https://e.democrats.org.il/Democrats_OpenHouses/228349 ; https://www.kan.org.il/content/kan-news/politic/987442/ ; https://www.ynet.co.il/news/article/rjakywcvzl","76","פעילותו לאחר 7 באוקטובר, הובלת מחאות ושביתת רעב מצביעות על נכונות למאבק ציבורי וקווים אדומים."
"דני אלגרט","דעות","סגנון פשרה, גבולות ויכולת הסכמה","D-059","יכולת להבחין בין פשרה עניינית לבין טשטוש ערכי מסוכן","mixed","https://hagush.org.il/candidates.html ; https://e.democrats.org.il/Democrats_OpenHouses/228349 ; https://www.kan.org.il/content/kan-news/politic/987442/ ; https://www.ynet.co.il/news/article/rjakywcvzl","55","יש שפת אחריות ובנייה, אך המקורות אינם מפרטים תפיסת פשרה פוליטית רחבה."
"דני אלגרט","דעות","סגנון פשרה, גבולות ויכולת הסכמה","D-060","נכונות לבנות קואליציות עתידיות עם גורמים שאינם שייכים למחנה הטבעי, אם הם מקבלים כללי משחק דמוקרטיים","unknown","לא נמצא מקור מספק בקובץ ההיגדים/פרופיל/מקורות הרשת שנבדקו; נשאר unknown לפי כלל לא לנחש","0","המקורות מתמקדים בחטופים, מחאה ואחריות המדינה; לא נמצא בסיס מספיק להיגד זה בלי ניחוש."
"דני אלגרט","יכולות","מומחיות מדינית, ביטחונית וממשלית","cap_001","ניסיון ישיר במערכות מדינה בכירות או במוקדי קבלת החלטות","has","https://hagush.org.il/candidates.html ; https://e.democrats.org.il/Democrats_OpenHouses/228349 ; https://www.kan.org.il/content/kan-news/politic/987442/ ; https://www.ynet.co.il/news/article/rjakywcvzl","86","המקור הרשמי של הדמוקרטים מציג אותו כסנ״צ בדימוס; יש בסיס לניסיון מערכתי וביטחוני־משטרתי."
"דני אלגרט","יכולות","מומחיות מדינית, ביטחונית וממשלית","cap_002","הבנה מוכחת של סוגיות מדיניות, ביטחוניות ואזוריות מורכבות","partial","https://hagush.org.il/candidates.html ; https://e.democrats.org.il/Democrats_OpenHouses/228349 ; https://www.kan.org.il/content/kan-news/politic/987442/ ; https://www.ynet.co.il/news/article/rjakywcvzl","62","יש רקע משטרתי־ביטחוני וסיפור אזרחי־ביטחוני חזק, אך לא תפיסה מדינית־ביטחונית סדורה במקורות."
"דני אלגרט","יכולות","מומחיות מדינית, ביטחונית וממשלית","cap_003","ניסיון במשא ומתן, דיאלוג אסטרטגי או קשרים בינלאומיים","unknown","לא נמצא מקור מספק בקובץ ההיגדים/פרופיל/מקורות הרשת שנבדקו; נשאר unknown לפי כלל לא לנחש","0","לא נמצא בסיס מספיק ליכולת זו במקורות שנבדקו."
"דני אלגרט","יכולות","מומחיות מדינית, ביטחונית וממשלית","cap_004","ניסיון צבאי, מודיעיני או ביטחוני בעל רלוונטיות לעבודה ציבורית","has","https://hagush.org.il/candidates.html ; https://e.democrats.org.il/Democrats_OpenHouses/228349 ; https://www.kan.org.il/content/kan-news/politic/987442/ ; https://www.ynet.co.il/news/article/rjakywcvzl","86","המקור הרשמי של הדמוקרטים מציג אותו כסנ״צ בדימוס; יש בסיס לניסיון מערכתי וביטחוני־משטרתי."
"דני אלגרט","יכולות","מומחיות מדינית, ביטחונית וממשלית","cap_005","יכולת לגבש תפיסה מדינית־ביטחונית סדורה ולא רק עמדה ערכית כללית","partial","https://hagush.org.il/candidates.html ; https://e.democrats.org.il/Democrats_OpenHouses/228349 ; https://www.kan.org.il/content/kan-news/politic/987442/ ; https://www.ynet.co.il/news/article/rjakywcvzl","62","יש רקע משטרתי־ביטחוני וסיפור אזרחי־ביטחוני חזק, אך לא תפיסה מדינית־ביטחונית סדורה במקורות."
"דני אלגרט","יכולות","מומחיות מדינית, ביטחונית וממשלית","cap_006","יכולת לחבר בין יעדים ביטחוניים לבין יעדים מדיניים ארוכי טווח","partial","https://hagush.org.il/candidates.html ; https://e.democrats.org.il/Democrats_OpenHouses/228349 ; https://www.kan.org.il/content/kan-news/politic/987442/ ; https://www.ynet.co.il/news/article/rjakywcvzl","62","יש רקע משטרתי־ביטחוני וסיפור אזרחי־ביטחוני חזק, אך לא תפיסה מדינית־ביטחונית סדורה במקורות."
"דני אלגרט","יכולות","ארגון, ניהול וביצוע","cap_007","ניסיון בהקמה וניהול של ארגונים, חברות, תנועות או מטות פעולה","has","https://hagush.org.il/candidates.html ; https://e.democrats.org.il/Democrats_OpenHouses/228349 ; https://www.kan.org.il/content/kan-news/politic/987442/ ; https://www.ynet.co.il/news/article/rjakywcvzl","80","הוא הוביל מחאות, יזם פעולות שטח ועמד 160 ימים בשביתת רעב; זה בסיס טוב להובלה, משבר ואחריות."
"דני אלגרט","יכולות","ארגון, ניהול וביצוע","cap_008","יכולת להוביל צוותים, תקציבים, קהילות או מערכות מורכבות","has","https://hagush.org.il/candidates.html ; https://e.democrats.org.il/Democrats_OpenHouses/228349 ; https://www.kan.org.il/content/kan-news/politic/987442/ ; https://www.ynet.co.il/news/article/rjakywcvzl","80","הוא הוביל מחאות, יזם פעולות שטח ועמד 160 ימים בשביתת רעב; זה בסיס טוב להובלה, משבר ואחריות."
"דני אלגרט","יכולות","ארגון, ניהול וביצוע","cap_009","הובלת מאבקים ציבוריים שהניבו תוצאות ממשיות","has","https://hagush.org.il/candidates.html ; https://e.democrats.org.il/Democrats_OpenHouses/228349 ; https://www.kan.org.il/content/kan-news/politic/987442/ ; https://www.ynet.co.il/news/article/rjakywcvzl","80","הוא הוביל מחאות, יזם פעולות שטח ועמד 160 ימים בשביתת רעב; זה בסיס טוב להובלה, משבר ואחריות."
"דני אלגרט","יכולות","ארגון, ניהול וביצוע","cap_010","יכולת להפוך רעיון כללי לתשתית פעולה מתמשכת","has","https://hagush.org.il/candidates.html ; https://e.democrats.org.il/Democrats_OpenHouses/228349 ; https://www.kan.org.il/content/kan-news/politic/987442/ ; https://www.ynet.co.il/news/article/rjakywcvzl","80","הוא הוביל מחאות, יזם פעולות שטח ועמד 160 ימים בשביתת רעב; זה בסיס טוב להובלה, משבר ואחריות."
"דני אלגרט","יכולות","ארגון, ניהול וביצוע","cap_011","ניסיון בניהול משברים ציבוריים, פוליטיים או ארגוניים","has","https://hagush.org.il/candidates.html ; https://e.democrats.org.il/Democrats_OpenHouses/228349 ; https://www.kan.org.il/content/kan-news/politic/987442/ ; https://www.ynet.co.il/news/article/rjakywcvzl","80","הוא הוביל מחאות, יזם פעולות שטח ועמד 160 ימים בשביתת רעב; זה בסיס טוב להובלה, משבר ואחריות."
"דני אלגרט","יכולות","ארגון, ניהול וביצוע","cap_012","מוכנות לקחת אחריות אישית גבוהה על מהלך ציבורי או ארגוני","has","https://hagush.org.il/candidates.html ; https://e.democrats.org.il/Democrats_OpenHouses/228349 ; https://www.kan.org.il/content/kan-news/politic/987442/ ; https://www.ynet.co.il/news/article/rjakywcvzl","80","הוא הוביל מחאות, יזם פעולות שטח ועמד 160 ימים בשביתת רעב; זה בסיס טוב להובלה, משבר ואחריות."
"דני אלגרט","יכולות","חקיקה, פוליטיקה ומוסדות","cap_013","ניסיון בעבודה פרלמנטרית, ועדות כנסת, חקיקה או הצעות חוק","unknown","לא נמצא מקור מספק בקובץ ההיגדים/פרופיל/מקורות הרשת שנבדקו; נשאר unknown לפי כלל לא לנחש","0","לא נמצא בסיס מספיק ליכולת זו במקורות שנבדקו."
"דני אלגרט","יכולות","חקיקה, פוליטיקה ומוסדות","cap_014","היכרות מעשית עם מנגנוני מפלגות, פריימריז, רשימות וקואליציות","unknown","לא נמצא מקור מספק בקובץ ההיגדים/פרופיל/מקורות הרשת שנבדקו; נשאר unknown לפי כלל לא לנחש","0","לא נמצא בסיס מספיק ליכולת זו במקורות שנבדקו."
"דני אלגרט","יכולות","חקיקה, פוליטיקה ומוסדות","cap_015","יכולת לפעול בתוך מוסדות קיימים ולא רק מחוץ להם","partial","https://hagush.org.il/candidates.html ; https://e.democrats.org.il/Democrats_OpenHouses/228349 ; https://www.kan.org.il/content/kan-news/politic/987442/ ; https://www.ynet.co.il/news/article/rjakywcvzl","56","המעבר ממאבק אזרחי למסגרת פריימריז יוצר בסיס חלקי לפעולה מוסדית וחיבור מחאה־פוליטיקה."
"דני אלגרט","יכולות","חקיקה, פוליטיקה ומוסדות","cap_016","ניסיון בבניית תנועה פוליטית, מפלגה או אלטרנטיבה שלטונית","unknown","לא נמצא מקור מספק בקובץ ההיגדים/פרופיל/מקורות הרשת שנבדקו; נשאר unknown לפי כלל לא לנחש","0","לא נמצא בסיס מספיק ליכולת זו במקורות שנבדקו."
"דני אלגרט","יכולות","חקיקה, פוליטיקה ומוסדות","cap_017","יכולת לייצר שיתופי פעולה בין זרמים, מפלגות או קבוצות אינטרס","partial","https://hagush.org.il/candidates.html ; https://e.democrats.org.il/Democrats_OpenHouses/228349 ; https://www.kan.org.il/content/kan-news/politic/987442/ ; https://www.ynet.co.il/news/article/rjakywcvzl","56","המעבר ממאבק אזרחי למסגרת פריימריז יוצר בסיס חלקי לפעולה מוסדית וחיבור מחאה־פוליטיקה."
"דני אלגרט","יכולות","חקיקה, פוליטיקה ומוסדות","cap_018","יכולת לתרגם עמדות אידיאולוגיות לפעולות מוסדיות או חקיקתיות","unknown","לא נמצא מקור מספק בקובץ ההיגדים/פרופיל/מקורות הרשת שנבדקו; נשאר unknown לפי כלל לא לנחש","0","לא נמצא בסיס מספיק ליכולת זו במקורות שנבדקו."
"דני אלגרט","יכולות","תקשורת, הסברה והשפעה ציבורית","cap_019","יכולת ליצור מסרים חדים, ברורים וזכירים","has","https://hagush.org.il/candidates.html ; https://e.democrats.org.il/Democrats_OpenHouses/228349 ; https://www.kan.org.il/content/kan-news/politic/987442/ ; https://www.ynet.co.il/news/article/rjakywcvzl","76","סיפורו האישי ומעמדו במאבק החטופים מעניקים יכולת מסר, הופעה והנעת ציבור סביב ערך מוסרי."
"דני אלגרט","יכולות","תקשורת, הסברה והשפעה ציבורית","cap_020","יכולת לייצר תוכן דיגיטלי, ויראלי או תקשורתי שמגיע לקהלים רחבים","partial","https://hagush.org.il/candidates.html ; https://e.democrats.org.il/Democrats_OpenHouses/228349 ; https://www.kan.org.il/content/kan-news/politic/987442/ ; https://www.ynet.co.il/news/article/rjakywcvzl","58","יש נראות ציבורית ומסר ברור, אך לא נמצא בסיס חזק ליצירת תוכן דיגיטלי רחב או הסברה מורכבת."
"דני אלגרט","יכולות","תקשורת, הסברה והשפעה ציבורית","cap_021","ניסיון בהופעה ציבורית, ראיונות, פודקאסטים, קולנוע, כתיבה או הרצאות","has","https://hagush.org.il/candidates.html ; https://e.democrats.org.il/Democrats_OpenHouses/228349 ; https://www.kan.org.il/content/kan-news/politic/987442/ ; https://www.ynet.co.il/news/article/rjakywcvzl","76","סיפורו האישי ומעמדו במאבק החטופים מעניקים יכולת מסר, הופעה והנעת ציבור סביב ערך מוסרי."
"דני אלגרט","יכולות","תקשורת, הסברה והשפעה ציבורית","cap_022","יכולת להסביר נושאים מורכבים בשפה נגישה ולא טכנוקרטית","partial","https://hagush.org.il/candidates.html ; https://e.democrats.org.il/Democrats_OpenHouses/228349 ; https://www.kan.org.il/content/kan-news/politic/987442/ ; https://www.ynet.co.il/news/article/rjakywcvzl","58","יש נראות ציבורית ומסר ברור, אך לא נמצא בסיס חזק ליצירת תוכן דיגיטלי רחב או הסברה מורכבת."
"דני אלגרט","יכולות","תקשורת, הסברה והשפעה ציבורית","cap_023","יכולת לנהל מאבק תודעתי מול יריבים פוליטיים או תקשורתיים","has","https://hagush.org.il/candidates.html ; https://e.democrats.org.il/Democrats_OpenHouses/228349 ; https://www.kan.org.il/content/kan-news/politic/987442/ ; https://www.ynet.co.il/news/article/rjakywcvzl","76","סיפורו האישי ומעמדו במאבק החטופים מעניקים יכולת מסר, הופעה והנעת ציבור סביב ערך מוסרי."
"דני אלגרט","יכולות","תקשורת, הסברה והשפעה ציבורית","cap_024","יכולת להפוך סיפור אישי או ערכי לכלי גיוס ציבורי","has","https://hagush.org.il/candidates.html ; https://e.democrats.org.il/Democrats_OpenHouses/228349 ; https://www.kan.org.il/content/kan-news/politic/987442/ ; https://www.ynet.co.il/news/article/rjakywcvzl","76","סיפורו האישי ומעמדו במאבק החטופים מעניקים יכולת מסר, הופעה והנעת ציבור סביב ערך מוסרי."
"דני אלגרט","יכולות","חיבור בין קהלים ועולמות","cap_025","יכולת לחבר בין יהודים לערבים בתוך מסגרת פוליטית או אזרחית משותפת","unknown","לא נמצא מקור מספק בקובץ ההיגדים/פרופיל/מקורות הרשת שנבדקו; נשאר unknown לפי כלל לא לנחש","0","לא נמצא בסיס מספיק ליכולת זו במקורות שנבדקו."
"דני אלגרט","יכולות","חיבור בין קהלים ועולמות","cap_026","יכולת לחבר בין שמאל ליברלי לבין פריפריה מזרחית, מסורתית או גיאוגרפית","unknown","לא נמצא מקור מספק בקובץ ההיגדים/פרופיל/מקורות הרשת שנבדקו; נשאר unknown לפי כלל לא לנחש","0","לא נמצא בסיס מספיק ליכולת זו במקורות שנבדקו."
"דני אלגרט","יכולות","חיבור בין קהלים ועולמות","cap_027","יכולת לחבר בין עולם המחאה לבין עבודה מפלגתית ומוסדית","partial","https://hagush.org.il/candidates.html ; https://e.democrats.org.il/Democrats_OpenHouses/228349 ; https://www.kan.org.il/content/kan-news/politic/987442/ ; https://www.ynet.co.il/news/article/rjakywcvzl","56","המעבר ממאבק אזרחי למסגרת פריימריז יוצר בסיס חלקי לפעולה מוסדית וחיבור מחאה־פוליטיקה."
"דני אלגרט","יכולות","חיבור בין קהלים ועולמות","cap_028","יכולת לחבר בין היי־טק, חדשנות ודיגיטל לבין פוליטיקה ציבורית","unknown","לא נמצא מקור מספק בקובץ ההיגדים/פרופיל/מקורות הרשת שנבדקו; נשאר unknown לפי כלל לא לנחש","0","לא נמצא בסיס מספיק ליכולת זו במקורות שנבדקו."
"דני אלגרט","יכולות","חיבור בין קהלים ועולמות","cap_029","יכולת לחבר בין שפה מקצועית־ביטחונית לבין שפה אזרחית וערכית","partial","https://hagush.org.il/candidates.html ; https://e.democrats.org.il/Democrats_OpenHouses/228349 ; https://www.kan.org.il/content/kan-news/politic/987442/ ; https://www.ynet.co.il/news/article/rjakywcvzl","62","יש רקע משטרתי־ביטחוני וסיפור אזרחי־ביטחוני חזק, אך לא תפיסה מדינית־ביטחונית סדורה במקורות."
"דני אלגרט","יכולות","חיבור בין קהלים ועולמות","cap_030","אמינות מול קהילות שטח ולא רק מול קהל תקשורתי או אליטיסטי","partial","https://hagush.org.il/candidates.html ; https://e.democrats.org.il/Democrats_OpenHouses/228349 ; https://www.kan.org.il/content/kan-news/politic/987442/ ; https://www.ynet.co.il/news/article/rjakywcvzl","56","המעבר ממאבק אזרחי למסגרת פריימריז יוצר בסיס חלקי לפעולה מוסדית וחיבור מחאה־פוליטיקה."
"דני אלגרט","יכולות","חדשנות, למידה ושיתוף ציבור","cap_031","שימוש בטכנולוגיה, מידע או כלים דיגיטליים לשיתוף ציבור וארגון פוליטי","unknown","לא נמצא מקור מספק בקובץ ההיגדים/פרופיל/מקורות הרשת שנבדקו; נשאר unknown לפי כלל לא לנחש","0","לא נמצא בסיס מספיק ליכולת זו במקורות שנבדקו."
"דני אלגרט","יכולות","חדשנות, למידה ושיתוף ציבור","cap_032","חשיבה מערכתית שמזהה קשרים בין משבר פוליטי, כלכלה, ביטחון וחברה","partial","https://hagush.org.il/candidates.html ; https://e.democrats.org.il/Democrats_OpenHouses/228349 ; https://www.kan.org.il/content/kan-news/politic/987442/ ; https://www.ynet.co.il/news/article/rjakywcvzl","56","המעבר ממאבק אזרחי למסגרת פריימריז יוצר בסיס חלקי לפעולה מוסדית וחיבור מחאה־פוליטיקה."
"דני אלגרט","יכולות","חדשנות, למידה ושיתוף ציבור","cap_033","יזמות בפתרונות לא שגרתיים לבעיות פוליטיות או חברתיות","unknown","לא נמצא מקור מספק בקובץ ההיגדים/פרופיל/מקורות הרשת שנבדקו; נשאר unknown לפי כלל לא לנחש","0","לא נמצא בסיס מספיק ליכולת זו במקורות שנבדקו."
"דני אלגרט","יכולות","חדשנות, למידה ושיתוף ציבור","cap_034","יכולת ללמוד תחומים חדשים ולהפוך אותם לשפה ציבורית ברורה","partial","https://hagush.org.il/candidates.html ; https://e.democrats.org.il/Democrats_OpenHouses/228349 ; https://www.kan.org.il/content/kan-news/politic/987442/ ; https://www.ynet.co.il/news/article/rjakywcvzl","56","המעבר ממאבק אזרחי למסגרת פריימריז יוצר בסיס חלקי לפעולה מוסדית וחיבור מחאה־פוליטיקה."
"דני אלגרט","יכולות","חדשנות, למידה ושיתוף ציבור","cap_035","שילוב בין ידע מקצועי, ניסיון אישי וערכים פוליטיים","partial","https://hagush.org.il/candidates.html ; https://e.democrats.org.il/Democrats_OpenHouses/228349 ; https://www.kan.org.il/content/kan-news/politic/987442/ ; https://www.ynet.co.il/news/article/rjakywcvzl","62","יש רקע משטרתי־ביטחוני וסיפור אזרחי־ביטחוני חזק, אך לא תפיסה מדינית־ביטחונית סדורה במקורות."
"דני אלגרט","יכולות","חדשנות, למידה ושיתוף ציבור","cap_036","פתיחות לניסויים ארגוניים ודמוקרטיים חדשים ולא רק לשיטות פוליטיות קיימות","unknown","לא נמצא מקור מספק בקובץ ההיגדים/פרופיל/מקורות הרשת שנבדקו; נשאר unknown לפי כלל לא לנחש","0","לא נמצא בסיס מספיק ליכולת זו במקורות שנבדקו."
"גאלב סלאמנה","דעות","דמוקרטיה, משילות ותיקון מוסדות המדינה","D-001","נטייה לתיקון חוקתי ומוסדי עמוק, ולא רק להחלפת ממשלה","supports","https://hagush.org.il/candidates.html ; https://democrats.org.il/%D7%A4%D7%A8%D7%95%D7%98%D7%95%D7%A7%D7%95%D7%9C-%D7%99%D7%A9%D7%99%D7%91%D7%AA-%D7%9E%D7%95%D7%A2%D7%A6%D7%94-%D7%94%D7%93%D7%9E%D7%95%D7%A7%D7%A8%D7%98%D7%99%D7%9D-%D7%94%D7%A6%D7%A2%D7%99-2/ ; https://e.democrats.org.il/Democrats_OpenHouses/260787 ; https://e.democrats.org.il/Democrats_OpenHouses/259509 ; https://lawbuzz.co.il/lawyer/galb-slamnh-275363/ ; https://www.facebook.com/61586677934863/posts/122112012279222597/ ; https://www.facebook.com/zichrondemocracy/videos/1931766194360758/","72","המקורות מציגים אותו כעו״ד, פעיל במערך עוטף עצורים, רכז מיעוטים בדמוקרטים הצעירים ודובר במפגשי דמוקרטיה משותפת."
"גאלב סלאמנה","דעות","דמוקרטיה, משילות ותיקון מוסדות המדינה","D-002","ראיית המשבר הדמוקרטי כתוצאה של שיטה פוליטית פגומה ולא רק של אדם או ממשלה מסוימת","supports","https://hagush.org.il/candidates.html ; https://democrats.org.il/%D7%A4%D7%A8%D7%95%D7%98%D7%95%D7%A7%D7%95%D7%9C-%D7%99%D7%A9%D7%99%D7%91%D7%AA-%D7%9E%D7%95%D7%A2%D7%A6%D7%94-%D7%94%D7%93%D7%9E%D7%95%D7%A7%D7%A8%D7%98%D7%99%D7%9D-%D7%94%D7%A6%D7%A2%D7%99-2/ ; https://e.democrats.org.il/Democrats_OpenHouses/260787 ; https://e.democrats.org.il/Democrats_OpenHouses/259509 ; https://lawbuzz.co.il/lawyer/galb-slamnh-275363/ ; https://www.facebook.com/61586677934863/posts/122112012279222597/ ; https://www.facebook.com/zichrondemocracy/videos/1931766194360758/","72","המקורות מציגים אותו כעו״ד, פעיל במערך עוטף עצורים, רכז מיעוטים בדמוקרטים הצעירים ודובר במפגשי דמוקרטיה משותפת."
"גאלב סלאמנה","דעות","דמוקרטיה, משילות ותיקון מוסדות המדינה","D-003","נכונות למאבק ציבורי חריף כאשר מוסדות המדינה נתפסים כמאוימים","supports","https://hagush.org.il/candidates.html ; https://democrats.org.il/%D7%A4%D7%A8%D7%95%D7%98%D7%95%D7%A7%D7%95%D7%9C-%D7%99%D7%A9%D7%99%D7%91%D7%AA-%D7%9E%D7%95%D7%A2%D7%A6%D7%94-%D7%94%D7%93%D7%9E%D7%95%D7%A7%D7%A8%D7%98%D7%99%D7%9D-%D7%94%D7%A6%D7%A2%D7%99-2/ ; https://e.democrats.org.il/Democrats_OpenHouses/260787 ; https://e.democrats.org.il/Democrats_OpenHouses/259509 ; https://lawbuzz.co.il/lawyer/galb-slamnh-275363/ ; https://www.facebook.com/61586677934863/posts/122112012279222597/ ; https://www.facebook.com/zichrondemocracy/videos/1931766194360758/","72","המקורות מציגים אותו כעו״ד, פעיל במערך עוטף עצורים, רכז מיעוטים בדמוקרטים הצעירים ודובר במפגשי דמוקרטיה משותפת."
"גאלב סלאמנה","דעות","דמוקרטיה, משילות ותיקון מוסדות המדינה","D-004","העדפה לשיקום ממלכתי, זהיר ומוסדי של המדינה לאחר המשבר","mixed","https://hagush.org.il/candidates.html ; https://democrats.org.il/%D7%A4%D7%A8%D7%95%D7%98%D7%95%D7%A7%D7%95%D7%9C-%D7%99%D7%A9%D7%99%D7%91%D7%AA-%D7%9E%D7%95%D7%A2%D7%A6%D7%94-%D7%94%D7%93%D7%9E%D7%95%D7%A7%D7%A8%D7%98%D7%99%D7%9D-%D7%94%D7%A6%D7%A2%D7%99-2/ ; https://e.democrats.org.il/Democrats_OpenHouses/260787 ; https://e.democrats.org.il/Democrats_OpenHouses/259509 ; https://lawbuzz.co.il/lawyer/galb-slamnh-275363/ ; https://www.facebook.com/61586677934863/posts/122112012279222597/ ; https://www.facebook.com/zichrondemocracy/videos/1931766194360758/","58","יש בסיס לשלטון חוק, שותפות ודמוקרטיה, אך לא נמצאה שיטה מוסדית מפורטת לשיקום המדינה או פשרות רחבות."
"גאלב סלאמנה","דעות","דמוקרטיה, משילות ותיקון מוסדות המדינה","D-005","תמיכה בשיתוף ציבור, דמוקרטיה פנימית ושקיפות בתוך המפלגה ובמערכת הפוליטית","supports","https://hagush.org.il/candidates.html ; https://democrats.org.il/%D7%A4%D7%A8%D7%95%D7%98%D7%95%D7%A7%D7%95%D7%9C-%D7%99%D7%A9%D7%99%D7%91%D7%AA-%D7%9E%D7%95%D7%A2%D7%A6%D7%94-%D7%94%D7%93%D7%9E%D7%95%D7%A7%D7%A8%D7%98%D7%99%D7%9D-%D7%94%D7%A6%D7%A2%D7%99-2/ ; https://e.democrats.org.il/Democrats_OpenHouses/260787 ; https://e.democrats.org.il/Democrats_OpenHouses/259509 ; https://lawbuzz.co.il/lawyer/galb-slamnh-275363/ ; https://www.facebook.com/61586677934863/posts/122112012279222597/ ; https://www.facebook.com/zichrondemocracy/videos/1931766194360758/","72","המקורות מציגים אותו כעו״ד, פעיל במערך עוטף עצורים, רכז מיעוטים בדמוקרטים הצעירים ודובר במפגשי דמוקרטיה משותפת."
"גאלב סלאמנה","דעות","דמוקרטיה, משילות ותיקון מוסדות המדינה","D-006","נכונות להגביל כוח שלטוני גם כאשר הכוח נמצא בידי המחנה הקרוב אידיאולוגית","supports","https://hagush.org.il/candidates.html ; https://democrats.org.il/%D7%A4%D7%A8%D7%95%D7%98%D7%95%D7%A7%D7%95%D7%9C-%D7%99%D7%A9%D7%99%D7%91%D7%AA-%D7%9E%D7%95%D7%A2%D7%A6%D7%94-%D7%94%D7%93%D7%9E%D7%95%D7%A7%D7%A8%D7%98%D7%99%D7%9D-%D7%94%D7%A6%D7%A2%D7%99-2/ ; https://e.democrats.org.il/Democrats_OpenHouses/260787 ; https://e.democrats.org.il/Democrats_OpenHouses/259509 ; https://lawbuzz.co.il/lawyer/galb-slamnh-275363/ ; https://www.facebook.com/61586677934863/posts/122112012279222597/ ; https://www.facebook.com/zichrondemocracy/videos/1931766194360758/","72","המקורות מציגים אותו כעו״ד, פעיל במערך עוטף עצורים, רכז מיעוטים בדמוקרטים הצעירים ודובר במפגשי דמוקרטיה משותפת."
"גאלב סלאמנה","דעות","יחס למחנה השני ויכולת גישור","D-007","ראיית מצביעי המחנה השני כיריבים פוליטיים לגיטימיים ולא כאויבים","supports","https://hagush.org.il/candidates.html ; https://democrats.org.il/%D7%A4%D7%A8%D7%95%D7%98%D7%95%D7%A7%D7%95%D7%9C-%D7%99%D7%A9%D7%99%D7%91%D7%AA-%D7%9E%D7%95%D7%A2%D7%A6%D7%94-%D7%94%D7%93%D7%9E%D7%95%D7%A7%D7%A8%D7%98%D7%99%D7%9D-%D7%94%D7%A6%D7%A2%D7%99-2/ ; https://e.democrats.org.il/Democrats_OpenHouses/260787 ; https://e.democrats.org.il/Democrats_OpenHouses/259509 ; https://lawbuzz.co.il/lawyer/galb-slamnh-275363/ ; https://www.facebook.com/61586677934863/posts/122112012279222597/ ; https://www.facebook.com/zichrondemocracy/videos/1931766194360758/","72","המקורות מדגישים שותפות, שוויון ושלום, דמוקרטיה משותפת וחיבור בין חלקי החברה; יש בסיס טוב לגישור."
"גאלב סלאמנה","דעות","יחס למחנה השני ויכולת גישור","D-008","הבחנה בין הנהגת המחנה השני לבין הציבור הרחב שתומך בה","supports","https://hagush.org.il/candidates.html ; https://democrats.org.il/%D7%A4%D7%A8%D7%95%D7%98%D7%95%D7%A7%D7%95%D7%9C-%D7%99%D7%A9%D7%99%D7%91%D7%AA-%D7%9E%D7%95%D7%A2%D7%A6%D7%94-%D7%94%D7%93%D7%9E%D7%95%D7%A7%D7%A8%D7%98%D7%99%D7%9D-%D7%94%D7%A6%D7%A2%D7%99-2/ ; https://e.democrats.org.il/Democrats_OpenHouses/260787 ; https://e.democrats.org.il/Democrats_OpenHouses/259509 ; https://lawbuzz.co.il/lawyer/galb-slamnh-275363/ ; https://www.facebook.com/61586677934863/posts/122112012279222597/ ; https://www.facebook.com/zichrondemocracy/videos/1931766194360758/","72","המקורות מדגישים שותפות, שוויון ושלום, דמוקרטיה משותפת וחיבור בין חלקי החברה; יש בסיס טוב לגישור."
"גאלב סלאמנה","דעות","יחס למחנה השני ויכולת גישור","D-009","אמונה שאפשר לבנות גשר מחודש בין המחנה הדמוקרטי־ליברלי לבין חלקים מהימין המסורתי","supports","https://hagush.org.il/candidates.html ; https://democrats.org.il/%D7%A4%D7%A8%D7%95%D7%98%D7%95%D7%A7%D7%95%D7%9C-%D7%99%D7%A9%D7%99%D7%91%D7%AA-%D7%9E%D7%95%D7%A2%D7%A6%D7%94-%D7%94%D7%93%D7%9E%D7%95%D7%A7%D7%A8%D7%98%D7%99%D7%9D-%D7%94%D7%A6%D7%A2%D7%99-2/ ; https://e.democrats.org.il/Democrats_OpenHouses/260787 ; https://e.democrats.org.il/Democrats_OpenHouses/259509 ; https://lawbuzz.co.il/lawyer/galb-slamnh-275363/ ; https://www.facebook.com/61586677934863/posts/122112012279222597/ ; https://www.facebook.com/zichrondemocracy/videos/1931766194360758/","72","המקורות מדגישים שותפות, שוויון ושלום, דמוקרטיה משותפת וחיבור בין חלקי החברה; יש בסיס טוב לגישור."
"גאלב סלאמנה","דעות","יחס למחנה השני ויכולת גישור","D-010","העדפה להכרעה פוליטית ברורה על פני פיוס מוקדם עם המחנה השני","mixed","https://hagush.org.il/candidates.html ; https://democrats.org.il/%D7%A4%D7%A8%D7%95%D7%98%D7%95%D7%A7%D7%95%D7%9C-%D7%99%D7%A9%D7%99%D7%91%D7%AA-%D7%9E%D7%95%D7%A2%D7%A6%D7%94-%D7%94%D7%93%D7%9E%D7%95%D7%A7%D7%A8%D7%98%D7%99%D7%9D-%D7%94%D7%A6%D7%A2%D7%99-2/ ; https://e.democrats.org.il/Democrats_OpenHouses/260787 ; https://e.democrats.org.il/Democrats_OpenHouses/259509 ; https://lawbuzz.co.il/lawyer/galb-slamnh-275363/ ; https://www.facebook.com/61586677934863/posts/122112012279222597/ ; https://www.facebook.com/zichrondemocracy/videos/1931766194360758/","56","יש מאבק דמוקרטי נחרץ, אך השפה המרכזית היא שותפות ושוויון ולא הכרעה פוליטית על פני פיוס."
"גאלב סלאמנה","דעות","יחס למחנה השני ויכולת גישור","D-011","נכונות לשיח עם דתיים, מסורתיים, חרדים וימנים גם כאשר קיימת מחלוקת ערכית עמוקה","supports","https://hagush.org.il/candidates.html ; https://democrats.org.il/%D7%A4%D7%A8%D7%95%D7%98%D7%95%D7%A7%D7%95%D7%9C-%D7%99%D7%A9%D7%99%D7%91%D7%AA-%D7%9E%D7%95%D7%A2%D7%A6%D7%94-%D7%94%D7%93%D7%9E%D7%95%D7%A7%D7%A8%D7%98%D7%99%D7%9D-%D7%94%D7%A6%D7%A2%D7%99-2/ ; https://e.democrats.org.il/Democrats_OpenHouses/260787 ; https://e.democrats.org.il/Democrats_OpenHouses/259509 ; https://lawbuzz.co.il/lawyer/galb-slamnh-275363/ ; https://www.facebook.com/61586677934863/posts/122112012279222597/ ; https://www.facebook.com/zichrondemocracy/videos/1931766194360758/","72","המקורות מדגישים שותפות, שוויון ושלום, דמוקרטיה משותפת וחיבור בין חלקי החברה; יש בסיס טוב לגישור."
"גאלב סלאמנה","דעות","יחס למחנה השני ויכולת גישור","D-012","ראיית חלק מהמחנה השני כשותף עתידי אפשרי לשיקום המדינה לאחר עידן נתניהו","supports","https://hagush.org.il/candidates.html ; https://democrats.org.il/%D7%A4%D7%A8%D7%95%D7%98%D7%95%D7%A7%D7%95%D7%9C-%D7%99%D7%A9%D7%99%D7%91%D7%AA-%D7%9E%D7%95%D7%A2%D7%A6%D7%94-%D7%94%D7%93%D7%9E%D7%95%D7%A7%D7%A8%D7%98%D7%99%D7%9D-%D7%94%D7%A6%D7%A2%D7%99-2/ ; https://e.democrats.org.il/Democrats_OpenHouses/260787 ; https://e.democrats.org.il/Democrats_OpenHouses/259509 ; https://lawbuzz.co.il/lawyer/galb-slamnh-275363/ ; https://www.facebook.com/61586677934863/posts/122112012279222597/ ; https://www.facebook.com/zichrondemocracy/videos/1931766194360758/","72","המקורות מדגישים שותפות, שוויון ושלום, דמוקרטיה משותפת וחיבור בין חלקי החברה; יש בסיס טוב לגישור."
"גאלב סלאמנה","דעות","שסעים פנימיים בחברה היהודית","D-013","ראיית השסע העדתי והפריפריאלי כמרכיב מרכזי במשבר הפוליטי בישראל","mixed","https://hagush.org.il/candidates.html ; https://democrats.org.il/%D7%A4%D7%A8%D7%95%D7%98%D7%95%D7%A7%D7%95%D7%9C-%D7%99%D7%A9%D7%99%D7%91%D7%AA-%D7%9E%D7%95%D7%A2%D7%A6%D7%94-%D7%94%D7%93%D7%9E%D7%95%D7%A7%D7%A8%D7%98%D7%99%D7%9D-%D7%94%D7%A6%D7%A2%D7%99-2/ ; https://e.democrats.org.il/Democrats_OpenHouses/260787 ; https://e.democrats.org.il/Democrats_OpenHouses/259509 ; https://lawbuzz.co.il/lawyer/galb-slamnh-275363/ ; https://www.facebook.com/61586677934863/posts/122112012279222597/ ; https://www.facebook.com/zichrondemocracy/videos/1931766194360758/","55","היותו מועמד מהחברה הערבית והגליל מספק בסיס חלקי לרגישות לפריפריה וזהות, אך לא נמצאה עמדה מפורטת על השסע העדתי־יהודי."
"גאלב סלאמנה","דעות","שסעים פנימיים בחברה היהודית","D-014","נכונות לדבר עם מצביעים מזרחים, מסורתיים ופריפריאליים בשפה שאינה מתנשאת ואינה רק ליברלית־אשכנזית","mixed","https://hagush.org.il/candidates.html ; https://democrats.org.il/%D7%A4%D7%A8%D7%95%D7%98%D7%95%D7%A7%D7%95%D7%9C-%D7%99%D7%A9%D7%99%D7%91%D7%AA-%D7%9E%D7%95%D7%A2%D7%A6%D7%94-%D7%94%D7%93%D7%9E%D7%95%D7%A7%D7%A8%D7%98%D7%99%D7%9D-%D7%94%D7%A6%D7%A2%D7%99-2/ ; https://e.democrats.org.il/Democrats_OpenHouses/260787 ; https://e.democrats.org.il/Democrats_OpenHouses/259509 ; https://lawbuzz.co.il/lawyer/galb-slamnh-275363/ ; https://www.facebook.com/61586677934863/posts/122112012279222597/ ; https://www.facebook.com/zichrondemocracy/videos/1931766194360758/","55","היותו מועמד מהחברה הערבית והגליל מספק בסיס חלקי לרגישות לפריפריה וזהות, אך לא נמצאה עמדה מפורטת על השסע העדתי־יהודי."
"גאלב סלאמנה","דעות","שסעים פנימיים בחברה היהודית","D-015","ראיית השסע הדתי־חילוני כאיום מרכזי על הלכידות של החברה היהודית בישראל","mixed","https://hagush.org.il/candidates.html ; https://democrats.org.il/%D7%A4%D7%A8%D7%95%D7%98%D7%95%D7%A7%D7%95%D7%9C-%D7%99%D7%A9%D7%99%D7%91%D7%AA-%D7%9E%D7%95%D7%A2%D7%A6%D7%94-%D7%94%D7%93%D7%9E%D7%95%D7%A7%D7%A8%D7%98%D7%99%D7%9D-%D7%94%D7%A6%D7%A2%D7%99-2/ ; https://e.democrats.org.il/Democrats_OpenHouses/260787 ; https://e.democrats.org.il/Democrats_OpenHouses/259509 ; https://lawbuzz.co.il/lawyer/galb-slamnh-275363/ ; https://www.facebook.com/61586677934863/posts/122112012279222597/ ; https://www.facebook.com/zichrondemocracy/videos/1931766194360758/","55","המקורות מציגים קו דמוקרטי ושוויוני, אך לא עמדה מפורטת על דת ומדינה בתוך החברה היהודית."
"גאלב סלאמנה","דעות","שסעים פנימיים בחברה היהודית","D-016","תמיכה בבניית ברית חדשה בין ליברלים, מסורתיים, דתיים מתונים ופריפריה חברתית","supports","https://hagush.org.il/candidates.html ; https://democrats.org.il/%D7%A4%D7%A8%D7%95%D7%98%D7%95%D7%A7%D7%95%D7%9C-%D7%99%D7%A9%D7%99%D7%91%D7%AA-%D7%9E%D7%95%D7%A2%D7%A6%D7%94-%D7%94%D7%93%D7%9E%D7%95%D7%A7%D7%A8%D7%98%D7%99%D7%9D-%D7%94%D7%A6%D7%A2%D7%99-2/ ; https://e.democrats.org.il/Democrats_OpenHouses/260787 ; https://e.democrats.org.il/Democrats_OpenHouses/259509 ; https://lawbuzz.co.il/lawyer/galb-slamnh-275363/ ; https://www.facebook.com/61586677934863/posts/122112012279222597/ ; https://www.facebook.com/zichrondemocracy/videos/1931766194360758/","72","המקורות מדגישים שותפות, שוויון ושלום, דמוקרטיה משותפת וחיבור בין חלקי החברה; יש בסיס טוב לגישור."
"גאלב סלאמנה","דעות","שסעים פנימיים בחברה היהודית","D-017","ביקורת על מחנה המרכז־שמאל כאשר הוא נתפס כמנותק, אליטיסטי או חסר רגישות לפריפריה","mixed","https://hagush.org.il/candidates.html ; https://democrats.org.il/%D7%A4%D7%A8%D7%95%D7%98%D7%95%D7%A7%D7%95%D7%9C-%D7%99%D7%A9%D7%99%D7%91%D7%AA-%D7%9E%D7%95%D7%A2%D7%A6%D7%94-%D7%94%D7%93%D7%9E%D7%95%D7%A7%D7%A8%D7%98%D7%99%D7%9D-%D7%94%D7%A6%D7%A2%D7%99-2/ ; https://e.democrats.org.il/Democrats_OpenHouses/260787 ; https://e.democrats.org.il/Democrats_OpenHouses/259509 ; https://lawbuzz.co.il/lawyer/galb-slamnh-275363/ ; https://www.facebook.com/61586677934863/posts/122112012279222597/ ; https://www.facebook.com/zichrondemocracy/videos/1931766194360758/","55","היותו מועמד מהחברה הערבית והגליל מספק בסיס חלקי לרגישות לפריפריה וזהות, אך לא נמצאה עמדה מפורטת על השסע העדתי־יהודי."
"גאלב סלאמנה","דעות","שסעים פנימיים בחברה היהודית","D-018","העדפה לתיקון יחסי מרכז־פריפריה כחלק מבניית מחנה דמוקרטי רחב","mixed","https://hagush.org.il/candidates.html ; https://democrats.org.il/%D7%A4%D7%A8%D7%95%D7%98%D7%95%D7%A7%D7%95%D7%9C-%D7%99%D7%A9%D7%99%D7%91%D7%AA-%D7%9E%D7%95%D7%A2%D7%A6%D7%94-%D7%94%D7%93%D7%9E%D7%95%D7%A7%D7%A8%D7%98%D7%99%D7%9D-%D7%94%D7%A6%D7%A2%D7%99-2/ ; https://e.democrats.org.il/Democrats_OpenHouses/260787 ; https://e.democrats.org.il/Democrats_OpenHouses/259509 ; https://lawbuzz.co.il/lawyer/galb-slamnh-275363/ ; https://www.facebook.com/61586677934863/posts/122112012279222597/ ; https://www.facebook.com/zichrondemocracy/videos/1931766194360758/","55","היותו מועמד מהחברה הערבית והגליל מספק בסיס חלקי לרגישות לפריפריה וזהות, אך לא נמצאה עמדה מפורטת על השסע העדתי־יהודי."
"גאלב סלאמנה","דעות","מדינה יהודית ודמוקרטית, דת ומדינה","D-019","העדפה לזהות ישראלית שבה הרכיב הדמוקרטי קודם לרכיב הדתי־לאומי כאשר יש התנגשות ביניהם","mixed","https://hagush.org.il/candidates.html ; https://democrats.org.il/%D7%A4%D7%A8%D7%95%D7%98%D7%95%D7%A7%D7%95%D7%9C-%D7%99%D7%A9%D7%99%D7%91%D7%AA-%D7%9E%D7%95%D7%A2%D7%A6%D7%94-%D7%94%D7%93%D7%9E%D7%95%D7%A7%D7%A8%D7%98%D7%99%D7%9D-%D7%94%D7%A6%D7%A2%D7%99-2/ ; https://e.democrats.org.il/Democrats_OpenHouses/260787 ; https://e.democrats.org.il/Democrats_OpenHouses/259509 ; https://lawbuzz.co.il/lawyer/galb-slamnh-275363/ ; https://www.facebook.com/61586677934863/posts/122112012279222597/ ; https://www.facebook.com/zichrondemocracy/videos/1931766194360758/","55","המקורות מציגים קו דמוקרטי ושוויוני, אך לא עמדה מפורטת על דת ומדינה בתוך החברה היהודית."
"גאלב סלאמנה","דעות","מדינה יהודית ודמוקרטית, דת ומדינה","D-020","העדפה לזהות ישראלית שבה היהדות היא מקור תרבותי וערכי, אך אינה צריכה לשלוט במוסדות המדינה","mixed","https://hagush.org.il/candidates.html ; https://democrats.org.il/%D7%A4%D7%A8%D7%95%D7%98%D7%95%D7%A7%D7%95%D7%9C-%D7%99%D7%A9%D7%99%D7%91%D7%AA-%D7%9E%D7%95%D7%A2%D7%A6%D7%94-%D7%94%D7%93%D7%9E%D7%95%D7%A7%D7%A8%D7%98%D7%99%D7%9D-%D7%94%D7%A6%D7%A2%D7%99-2/ ; https://e.democrats.org.il/Democrats_OpenHouses/260787 ; https://e.democrats.org.il/Democrats_OpenHouses/259509 ; https://lawbuzz.co.il/lawyer/galb-slamnh-275363/ ; https://www.facebook.com/61586677934863/posts/122112012279222597/ ; https://www.facebook.com/zichrondemocracy/videos/1931766194360758/","55","המקורות מציגים קו דמוקרטי ושוויוני, אך לא עמדה מפורטת על דת ומדינה בתוך החברה היהודית."
"גאלב סלאמנה","דעות","מדינה יהודית ודמוקרטית, דת ומדינה","D-021","תמיכה בהפרדה ברורה יותר בין סמכות דתית לבין סמכות מדינתית","mixed","https://hagush.org.il/candidates.html ; https://democrats.org.il/%D7%A4%D7%A8%D7%95%D7%98%D7%95%D7%A7%D7%95%D7%9C-%D7%99%D7%A9%D7%99%D7%91%D7%AA-%D7%9E%D7%95%D7%A2%D7%A6%D7%94-%D7%94%D7%93%D7%9E%D7%95%D7%A7%D7%A8%D7%98%D7%99%D7%9D-%D7%94%D7%A6%D7%A2%D7%99-2/ ; https://e.democrats.org.il/Democrats_OpenHouses/260787 ; https://e.democrats.org.il/Democrats_OpenHouses/259509 ; https://lawbuzz.co.il/lawyer/galb-slamnh-275363/ ; https://www.facebook.com/61586677934863/posts/122112012279222597/ ; https://www.facebook.com/zichrondemocracy/videos/1931766194360758/","55","המקורות מציגים קו דמוקרטי ושוויוני, אך לא עמדה מפורטת על דת ומדינה בתוך החברה היהודית."
"גאלב סלאמנה","דעות","מדינה יהודית ודמוקרטית, דת ומדינה","D-022","נכונות לשמר מרכיבים יהודיים־מסורתיים במרחב הציבורי כדי לאפשר שותפות עם ציבור מסורתי ודתי","unknown","לא נמצא מקור מספק בקובץ ההיגדים/פרופיל/מקורות הרשת שנבדקו; נשאר unknown לפי כלל לא לנחש","0","לא נמצא בסיס מספק לשימור מרכיבים מסורתיים יהודיים או לשוויון חובות אזרחיות בכלל הקבוצות."
"גאלב סלאמנה","דעות","מדינה יהודית ודמוקרטית, דת ומדינה","D-023","התנגדות לכפייה דתית בנושאי נישואין, שבת, חינוך, מעמד אישי או שירות ציבורי","mixed","https://hagush.org.il/candidates.html ; https://democrats.org.il/%D7%A4%D7%A8%D7%95%D7%98%D7%95%D7%A7%D7%95%D7%9C-%D7%99%D7%A9%D7%99%D7%91%D7%AA-%D7%9E%D7%95%D7%A2%D7%A6%D7%94-%D7%94%D7%93%D7%9E%D7%95%D7%A7%D7%A8%D7%98%D7%99%D7%9D-%D7%94%D7%A6%D7%A2%D7%99-2/ ; https://e.democrats.org.il/Democrats_OpenHouses/260787 ; https://e.democrats.org.il/Democrats_OpenHouses/259509 ; https://lawbuzz.co.il/lawyer/galb-slamnh-275363/ ; https://www.facebook.com/61586677934863/posts/122112012279222597/ ; https://www.facebook.com/zichrondemocracy/videos/1931766194360758/","55","המקורות מציגים קו דמוקרטי ושוויוני, אך לא עמדה מפורטת על דת ומדינה בתוך החברה היהודית."
"גאלב סלאמנה","דעות","מדינה יהודית ודמוקרטית, דת ומדינה","D-024","תמיכה בשוויון חובות אזרחיות בין קבוצות, כולל שאלת גיוס חרדים או שירות אזרחי","unknown","לא נמצא מקור מספק בקובץ ההיגדים/פרופיל/מקורות הרשת שנבדקו; נשאר unknown לפי כלל לא לנחש","0","לא נמצא בסיס מספק לשימור מרכיבים מסורתיים יהודיים או לשוויון חובות אזרחיות בכלל הקבוצות."
"גאלב סלאמנה","דעות","הפרדה, גישור או שתי מדינות לעם היהודי","D-025","אמונה שהפער בין ישראל ליברלית לבין ישראל שמרנית־דתית עדיין ניתן לגישור פוליטי וחברתי","supports","https://hagush.org.il/candidates.html ; https://democrats.org.il/%D7%A4%D7%A8%D7%95%D7%98%D7%95%D7%A7%D7%95%D7%9C-%D7%99%D7%A9%D7%99%D7%91%D7%AA-%D7%9E%D7%95%D7%A2%D7%A6%D7%94-%D7%94%D7%93%D7%9E%D7%95%D7%A7%D7%A8%D7%98%D7%99%D7%9D-%D7%94%D7%A6%D7%A2%D7%99-2/ ; https://e.democrats.org.il/Democrats_OpenHouses/260787 ; https://e.democrats.org.il/Democrats_OpenHouses/259509 ; https://lawbuzz.co.il/lawyer/galb-slamnh-275363/ ; https://www.facebook.com/61586677934863/posts/122112012279222597/ ; https://www.facebook.com/zichrondemocracy/videos/1931766194360758/","72","המקורות מדגישים שותפות, שוויון ושלום, דמוקרטיה משותפת וחיבור בין חלקי החברה; יש בסיס טוב לגישור."
"גאלב סלאמנה","דעות","הפרדה, גישור או שתי מדינות לעם היהודי","D-026","ראיית הפער בין המחנות כעמוק עד כדי צורך בהסדרים של אוטונומיה, ביזור או הפרדה חלקית","unknown","לא נמצא מקור מספק בקובץ ההיגדים/פרופיל/מקורות הרשת שנבדקו; נשאר unknown לפי כלל לא לנחש","0","לא נמצא בסיס מפורש לביזור סמכויות, אוטונומיה או הפרדה פנימית."
"גאלב סלאמנה","דעות","הפרדה, גישור או שתי מדינות לעם היהודי","D-027","תמיכה בביזור סמכויות לשלטון מקומי כדי לאפשר לקהילות שונות לחיות לפי אורחות חיים שונים","unknown","לא נמצא מקור מספק בקובץ ההיגדים/פרופיל/מקורות הרשת שנבדקו; נשאר unknown לפי כלל לא לנחש","0","לא נמצא בסיס מפורש לביזור סמכויות, אוטונומיה או הפרדה פנימית."
"גאלב סלאמנה","דעות","הפרדה, גישור או שתי מדינות לעם היהודי","D-028","התנגדות לרעיון של שתי מדינות לעם היהודי והעדפה למאבק על מסגרת מדינתית אחת משותפת","supports","https://hagush.org.il/candidates.html ; https://democrats.org.il/%D7%A4%D7%A8%D7%95%D7%98%D7%95%D7%A7%D7%95%D7%9C-%D7%99%D7%A9%D7%99%D7%91%D7%AA-%D7%9E%D7%95%D7%A2%D7%A6%D7%94-%D7%94%D7%93%D7%9E%D7%95%D7%A7%D7%A8%D7%98%D7%99%D7%9D-%D7%94%D7%A6%D7%A2%D7%99-2/ ; https://e.democrats.org.il/Democrats_OpenHouses/260787 ; https://e.democrats.org.il/Democrats_OpenHouses/259509 ; https://lawbuzz.co.il/lawyer/galb-slamnh-275363/ ; https://www.facebook.com/61586677934863/posts/122112012279222597/ ; https://www.facebook.com/zichrondemocracy/videos/1931766194360758/","72","המקורות מדגישים שותפות, שוויון ושלום, דמוקרטיה משותפת וחיבור בין חלקי החברה; יש בסיס טוב לגישור."
"גאלב סלאמנה","דעות","הפרדה, גישור או שתי מדינות לעם היהודי","D-029","פתיחות לרעיון של הסדרים פנימיים חדשים בין חילונים, דתיים, חרדים, מסורתיים וליברלים","supports","https://hagush.org.il/candidates.html ; https://democrats.org.il/%D7%A4%D7%A8%D7%95%D7%98%D7%95%D7%A7%D7%95%D7%9C-%D7%99%D7%A9%D7%99%D7%91%D7%AA-%D7%9E%D7%95%D7%A2%D7%A6%D7%94-%D7%94%D7%93%D7%9E%D7%95%D7%A7%D7%A8%D7%98%D7%99%D7%9D-%D7%94%D7%A6%D7%A2%D7%99-2/ ; https://e.democrats.org.il/Democrats_OpenHouses/260787 ; https://e.democrats.org.il/Democrats_OpenHouses/259509 ; https://lawbuzz.co.il/lawyer/galb-slamnh-275363/ ; https://www.facebook.com/61586677934863/posts/122112012279222597/ ; https://www.facebook.com/zichrondemocracy/videos/1931766194360758/","72","המקורות מדגישים שותפות, שוויון ושלום, דמוקרטיה משותפת וחיבור בין חלקי החברה; יש בסיס טוב לגישור."
"גאלב סלאמנה","דעות","הפרדה, גישור או שתי מדינות לעם היהודי","D-030","ראיית המשבר הישראלי לא רק כמאבק ימין־שמאל אלא כמאבק בין מודלים שונים של חיים משותפים","supports","https://hagush.org.il/candidates.html ; https://democrats.org.il/%D7%A4%D7%A8%D7%95%D7%98%D7%95%D7%A7%D7%95%D7%9C-%D7%99%D7%A9%D7%99%D7%91%D7%AA-%D7%9E%D7%95%D7%A2%D7%A6%D7%94-%D7%94%D7%93%D7%9E%D7%95%D7%A7%D7%A8%D7%98%D7%99%D7%9D-%D7%94%D7%A6%D7%A2%D7%99-2/ ; https://e.democrats.org.il/Democrats_OpenHouses/260787 ; https://e.democrats.org.il/Democrats_OpenHouses/259509 ; https://lawbuzz.co.il/lawyer/galb-slamnh-275363/ ; https://www.facebook.com/61586677934863/posts/122112012279222597/ ; https://www.facebook.com/zichrondemocracy/videos/1931766194360758/","72","המקורות מדגישים שותפות, שוויון ושלום, דמוקרטיה משותפת וחיבור בין חלקי החברה; יש בסיס טוב לגישור."
"גאלב סלאמנה","דעות","יהודים־ערבים, שוויון אזרחי וחיים משותפים","D-031","ראיית אזרחי ישראל הערבים כחלק מלא מהדיון על עתיד המדינה ולא כעניין נפרד או משני","supports","https://hagush.org.il/candidates.html ; https://democrats.org.il/%D7%A4%D7%A8%D7%95%D7%98%D7%95%D7%A7%D7%95%D7%9C-%D7%99%D7%A9%D7%99%D7%91%D7%AA-%D7%9E%D7%95%D7%A2%D7%A6%D7%94-%D7%94%D7%93%D7%9E%D7%95%D7%A7%D7%A8%D7%98%D7%99%D7%9D-%D7%94%D7%A6%D7%A2%D7%99-2/ ; https://e.democrats.org.il/Democrats_OpenHouses/260787 ; https://e.democrats.org.il/Democrats_OpenHouses/259509 ; https://lawbuzz.co.il/lawyer/galb-slamnh-275363/ ; https://www.facebook.com/61586677934863/posts/122112012279222597/ ; https://www.facebook.com/zichrondemocracy/videos/1931766194360758/","86","תפקידו כרכז מיעוטים, זהותו הציבורית כעו״ד ערבי, ומפגשי דמוקרטיה משותפת נותנים בסיס חזק לשוויון ושותפות יהודית־ערבית."
"גאלב סלאמנה","דעות","יהודים־ערבים, שוויון אזרחי וחיים משותפים","D-032","תמיכה בשוויון אזרחי גם כאשר הוא מחייב שינוי בחוקים, סמלים או חלוקת משאבים","supports","https://hagush.org.il/candidates.html ; https://democrats.org.il/%D7%A4%D7%A8%D7%95%D7%98%D7%95%D7%A7%D7%95%D7%9C-%D7%99%D7%A9%D7%99%D7%91%D7%AA-%D7%9E%D7%95%D7%A2%D7%A6%D7%94-%D7%94%D7%93%D7%9E%D7%95%D7%A7%D7%A8%D7%98%D7%99%D7%9D-%D7%94%D7%A6%D7%A2%D7%99-2/ ; https://e.democrats.org.il/Democrats_OpenHouses/260787 ; https://e.democrats.org.il/Democrats_OpenHouses/259509 ; https://lawbuzz.co.il/lawyer/galb-slamnh-275363/ ; https://www.facebook.com/61586677934863/posts/122112012279222597/ ; https://www.facebook.com/zichrondemocracy/videos/1931766194360758/","86","תפקידו כרכז מיעוטים, זהותו הציבורית כעו״ד ערבי, ומפגשי דמוקרטיה משותפת נותנים בסיס חזק לשוויון ושותפות יהודית־ערבית."
"גאלב סלאמנה","דעות","יהודים־ערבים, שוויון אזרחי וחיים משותפים","D-033","תמיכה בשותפות פוליטית יהודית־ערבית כחלק מבניית מחנה דמוקרטי רחב","supports","https://hagush.org.il/candidates.html ; https://democrats.org.il/%D7%A4%D7%A8%D7%95%D7%98%D7%95%D7%A7%D7%95%D7%9C-%D7%99%D7%A9%D7%99%D7%91%D7%AA-%D7%9E%D7%95%D7%A2%D7%A6%D7%94-%D7%94%D7%93%D7%9E%D7%95%D7%A7%D7%A8%D7%98%D7%99%D7%9D-%D7%94%D7%A6%D7%A2%D7%99-2/ ; https://e.democrats.org.il/Democrats_OpenHouses/260787 ; https://e.democrats.org.il/Democrats_OpenHouses/259509 ; https://lawbuzz.co.il/lawyer/galb-slamnh-275363/ ; https://www.facebook.com/61586677934863/posts/122112012279222597/ ; https://www.facebook.com/zichrondemocracy/videos/1931766194360758/","86","תפקידו כרכז מיעוטים, זהותו הציבורית כעו״ד ערבי, ומפגשי דמוקרטיה משותפת נותנים בסיס חזק לשוויון ושותפות יהודית־ערבית."
"גאלב סלאמנה","דעות","יהודים־ערבים, שוויון אזרחי וחיים משותפים","D-034","העדפה לשילוב אזרחים ערבים במוקדי קבלת החלטות, כולל בתחומים מדיניים וביטחוניים","supports","https://hagush.org.il/candidates.html ; https://democrats.org.il/%D7%A4%D7%A8%D7%95%D7%98%D7%95%D7%A7%D7%95%D7%9C-%D7%99%D7%A9%D7%99%D7%91%D7%AA-%D7%9E%D7%95%D7%A2%D7%A6%D7%94-%D7%94%D7%93%D7%9E%D7%95%D7%A7%D7%A8%D7%98%D7%99%D7%9D-%D7%94%D7%A6%D7%A2%D7%99-2/ ; https://e.democrats.org.il/Democrats_OpenHouses/260787 ; https://e.democrats.org.il/Democrats_OpenHouses/259509 ; https://lawbuzz.co.il/lawyer/galb-slamnh-275363/ ; https://www.facebook.com/61586677934863/posts/122112012279222597/ ; https://www.facebook.com/zichrondemocracy/videos/1931766194360758/","86","תפקידו כרכז מיעוטים, זהותו הציבורית כעו״ד ערבי, ומפגשי דמוקרטיה משותפת נותנים בסיס חזק לשוויון ושותפות יהודית־ערבית."
"גאלב סלאמנה","דעות","יהודים־ערבים, שוויון אזרחי וחיים משותפים","D-035","התנגדות לגזענות, הדרה או דה־לגיטימציה של הציבור הערבי בישראל","supports","https://hagush.org.il/candidates.html ; https://democrats.org.il/%D7%A4%D7%A8%D7%95%D7%98%D7%95%D7%A7%D7%95%D7%9C-%D7%99%D7%A9%D7%99%D7%91%D7%AA-%D7%9E%D7%95%D7%A2%D7%A6%D7%94-%D7%94%D7%93%D7%9E%D7%95%D7%A7%D7%A8%D7%98%D7%99%D7%9D-%D7%94%D7%A6%D7%A2%D7%99-2/ ; https://e.democrats.org.il/Democrats_OpenHouses/260787 ; https://e.democrats.org.il/Democrats_OpenHouses/259509 ; https://lawbuzz.co.il/lawyer/galb-slamnh-275363/ ; https://www.facebook.com/61586677934863/posts/122112012279222597/ ; https://www.facebook.com/zichrondemocracy/videos/1931766194360758/","86","תפקידו כרכז מיעוטים, זהותו הציבורית כעו״ד ערבי, ומפגשי דמוקרטיה משותפת נותנים בסיס חזק לשוויון ושותפות יהודית־ערבית."
"גאלב סלאמנה","דעות","יהודים־ערבים, שוויון אזרחי וחיים משותפים","D-036","הכרה בכך שחיים משותפים מחייבים גם התמודדות עם פחדים, טראומות וחוסר אמון בשני הצדדים","supports","https://hagush.org.il/candidates.html ; https://democrats.org.il/%D7%A4%D7%A8%D7%95%D7%98%D7%95%D7%A7%D7%95%D7%9C-%D7%99%D7%A9%D7%99%D7%91%D7%AA-%D7%9E%D7%95%D7%A2%D7%A6%D7%94-%D7%94%D7%93%D7%9E%D7%95%D7%A7%D7%A8%D7%98%D7%99%D7%9D-%D7%94%D7%A6%D7%A2%D7%99-2/ ; https://e.democrats.org.il/Democrats_OpenHouses/260787 ; https://e.democrats.org.il/Democrats_OpenHouses/259509 ; https://lawbuzz.co.il/lawyer/galb-slamnh-275363/ ; https://www.facebook.com/61586677934863/posts/122112012279222597/ ; https://www.facebook.com/zichrondemocracy/videos/1931766194360758/","86","תפקידו כרכז מיעוטים, זהותו הציבורית כעו״ד ערבי, ומפגשי דמוקרטיה משותפת נותנים בסיס חזק לשוויון ושותפות יהודית־ערבית."
"גאלב סלאמנה","דעות","ביטחון, פלסטינים והסדר מדיני","D-037","תמיכה בנתיב מדיני ארוך טווח מול הפלסטינים, גם לאחר שבעה באוקטובר","supports","https://hagush.org.il/candidates.html ; https://democrats.org.il/%D7%A4%D7%A8%D7%95%D7%98%D7%95%D7%A7%D7%95%D7%9C-%D7%99%D7%A9%D7%99%D7%91%D7%AA-%D7%9E%D7%95%D7%A2%D7%A6%D7%94-%D7%94%D7%93%D7%9E%D7%95%D7%A7%D7%A8%D7%98%D7%99%D7%9D-%D7%94%D7%A6%D7%A2%D7%99-2/ ; https://e.democrats.org.il/Democrats_OpenHouses/260787 ; https://e.democrats.org.il/Democrats_OpenHouses/259509 ; https://lawbuzz.co.il/lawyer/galb-slamnh-275363/ ; https://www.facebook.com/61586677934863/posts/122112012279222597/ ; https://www.facebook.com/zichrondemocracy/videos/1931766194360758/","62","השפה שלו על שותפות, שוויון ושלום מספקת בסיס חלקי לקו מדיני של זכויות ושלום, אך לא תוכנית מדינית מפורטת."
"גאלב סלאמנה","דעות","ביטחון, פלסטינים והסדר מדיני","D-038","העדפה להיפרדות מדינית וביטחונית מהפלסטינים כדי לשמור על ישראל יהודית ודמוקרטית","mixed","https://hagush.org.il/candidates.html ; https://democrats.org.il/%D7%A4%D7%A8%D7%95%D7%98%D7%95%D7%A7%D7%95%D7%9C-%D7%99%D7%A9%D7%99%D7%91%D7%AA-%D7%9E%D7%95%D7%A2%D7%A6%D7%94-%D7%94%D7%93%D7%9E%D7%95%D7%A7%D7%A8%D7%98%D7%99%D7%9D-%D7%94%D7%A6%D7%A2%D7%99-2/ ; https://e.democrats.org.il/Democrats_OpenHouses/260787 ; https://e.democrats.org.il/Democrats_OpenHouses/259509 ; https://lawbuzz.co.il/lawyer/galb-slamnh-275363/ ; https://www.facebook.com/61586677934863/posts/122112012279222597/ ; https://www.facebook.com/zichrondemocracy/videos/1931766194360758/","50","יש קו כללי של שלום ושותפות, אך לא נמצאה עמדה מפורטת על היפרדות, קונפדרציה או הסדר אזורי."
"גאלב סלאמנה","דעות","ביטחון, פלסטינים והסדר מדיני","D-039","תמיכה בפתרון שתי מדינות או במודל קרוב לו כיעד אסטרטגי","supports","https://hagush.org.il/candidates.html ; https://democrats.org.il/%D7%A4%D7%A8%D7%95%D7%98%D7%95%D7%A7%D7%95%D7%9C-%D7%99%D7%A9%D7%99%D7%91%D7%AA-%D7%9E%D7%95%D7%A2%D7%A6%D7%94-%D7%94%D7%93%D7%9E%D7%95%D7%A7%D7%A8%D7%98%D7%99%D7%9D-%D7%94%D7%A6%D7%A2%D7%99-2/ ; https://e.democrats.org.il/Democrats_OpenHouses/260787 ; https://e.democrats.org.il/Democrats_OpenHouses/259509 ; https://lawbuzz.co.il/lawyer/galb-slamnh-275363/ ; https://www.facebook.com/61586677934863/posts/122112012279222597/ ; https://www.facebook.com/zichrondemocracy/videos/1931766194360758/","62","השפה שלו על שותפות, שוויון ושלום מספקת בסיס חלקי לקו מדיני של זכויות ושלום, אך לא תוכנית מדינית מפורטת."
"גאלב סלאמנה","דעות","ביטחון, פלסטינים והסדר מדיני","D-040","פתיחות למודלים מדיניים מורכבים כגון קונפדרציה, גבולות פתוחים או הסדר אזורי","mixed","https://hagush.org.il/candidates.html ; https://democrats.org.il/%D7%A4%D7%A8%D7%95%D7%98%D7%95%D7%A7%D7%95%D7%9C-%D7%99%D7%A9%D7%99%D7%91%D7%AA-%D7%9E%D7%95%D7%A2%D7%A6%D7%94-%D7%94%D7%93%D7%9E%D7%95%D7%A7%D7%A8%D7%98%D7%99%D7%9D-%D7%94%D7%A6%D7%A2%D7%99-2/ ; https://e.democrats.org.il/Democrats_OpenHouses/260787 ; https://e.democrats.org.il/Democrats_OpenHouses/259509 ; https://lawbuzz.co.il/lawyer/galb-slamnh-275363/ ; https://www.facebook.com/61586677934863/posts/122112012279222597/ ; https://www.facebook.com/zichrondemocracy/videos/1931766194360758/","50","יש קו כללי של שלום ושותפות, אך לא נמצאה עמדה מפורטת על היפרדות, קונפדרציה או הסדר אזורי."
"גאלב סלאמנה","דעות","ביטחון, פלסטינים והסדר מדיני","D-041","התנגדות להמשך שליטה ישראלית קבועה על אוכלוסייה פלסטינית ללא זכויות אזר מלאות","supports","https://hagush.org.il/candidates.html ; https://democrats.org.il/%D7%A4%D7%A8%D7%95%D7%98%D7%95%D7%A7%D7%95%D7%9C-%D7%99%D7%A9%D7%99%D7%91%D7%AA-%D7%9E%D7%95%D7%A2%D7%A6%D7%94-%D7%94%D7%93%D7%9E%D7%95%D7%A7%D7%A8%D7%98%D7%99%D7%9D-%D7%94%D7%A6%D7%A2%D7%99-2/ ; https://e.democrats.org.il/Democrats_OpenHouses/260787 ; https://e.democrats.org.il/Democrats_OpenHouses/259509 ; https://lawbuzz.co.il/lawyer/galb-slamnh-275363/ ; https://www.facebook.com/61586677934863/posts/122112012279222597/ ; https://www.facebook.com/zichrondemocracy/videos/1931766194360758/","62","השפה שלו על שותפות, שוויון ושלום מספקת בסיס חלקי לקו מדיני של זכויות ושלום, אך לא תוכנית מדינית מפורטת."
"גאלב סלאמנה","דעות","ביטחון, פלסטינים והסדר מדיני","D-042","ראיית הסדר אזורי עם מדינות ערביות מתונות כחלק מרכזי מהעתיד הביטחוני של ישראל","mixed","https://hagush.org.il/candidates.html ; https://democrats.org.il/%D7%A4%D7%A8%D7%95%D7%98%D7%95%D7%A7%D7%95%D7%9C-%D7%99%D7%A9%D7%99%D7%91%D7%AA-%D7%9E%D7%95%D7%A2%D7%A6%D7%94-%D7%94%D7%93%D7%9E%D7%95%D7%A7%D7%A8%D7%98%D7%99%D7%9D-%D7%94%D7%A6%D7%A2%D7%99-2/ ; https://e.democrats.org.il/Democrats_OpenHouses/260787 ; https://e.democrats.org.il/Democrats_OpenHouses/259509 ; https://lawbuzz.co.il/lawyer/galb-slamnh-275363/ ; https://www.facebook.com/61586677934863/posts/122112012279222597/ ; https://www.facebook.com/zichrondemocracy/videos/1931766194360758/","50","יש קו כללי של שלום ושותפות, אך לא נמצאה עמדה מפורטת על היפרדות, קונפדרציה או הסדר אזורי."
"גאלב סלאמנה","דעות","שבעה באוקטובר, אחריות, חטופים וזיכרון לאומי","D-043","ראיית שבעה באוקטובר כאירוע שמחייב חשבון נפש מדינתי, מוסדי וחברתי עמוק","supports","https://hagush.org.il/candidates.html ; https://democrats.org.il/%D7%A4%D7%A8%D7%95%D7%98%D7%95%D7%A7%D7%95%D7%9C-%D7%99%D7%A9%D7%99%D7%91%D7%AA-%D7%9E%D7%95%D7%A2%D7%A6%D7%94-%D7%94%D7%93%D7%9E%D7%95%D7%A7%D7%A8%D7%98%D7%99%D7%9D-%D7%94%D7%A6%D7%A2%D7%99-2/ ; https://e.democrats.org.il/Democrats_OpenHouses/260787 ; https://e.democrats.org.il/Democrats_OpenHouses/259509 ; https://lawbuzz.co.il/lawyer/galb-slamnh-275363/ ; https://www.facebook.com/61586677934863/posts/122112012279222597/ ; https://www.facebook.com/zichrondemocracy/videos/1931766194360758/","66","במקורות מחאה מופיעים ועדת חקירה ממלכתית, שלטון חוק ומאבק דמוקרטי; יש בסיס חלקי לחשבון נפש ואחריות."
"גאלב סלאמנה","דעות","שבעה באוקטובר, אחריות, חטופים וזיכרון לאומי","D-044","תמיכה בוועדת חקירה ממלכתית ובאחריות אישית של הדרג המדיני והביטחוני","supports","https://hagush.org.il/candidates.html ; https://democrats.org.il/%D7%A4%D7%A8%D7%95%D7%98%D7%95%D7%A7%D7%95%D7%9C-%D7%99%D7%A9%D7%99%D7%91%D7%AA-%D7%9E%D7%95%D7%A2%D7%A6%D7%94-%D7%94%D7%93%D7%9E%D7%95%D7%A7%D7%A8%D7%98%D7%99%D7%9D-%D7%94%D7%A6%D7%A2%D7%99-2/ ; https://e.democrats.org.il/Democrats_OpenHouses/260787 ; https://e.democrats.org.il/Democrats_OpenHouses/259509 ; https://lawbuzz.co.il/lawyer/galb-slamnh-275363/ ; https://www.facebook.com/61586677934863/posts/122112012279222597/ ; https://www.facebook.com/zichrondemocracy/videos/1931766194360758/","66","במקורות מחאה מופיעים ועדת חקירה ממלכתית, שלטון חוק ומאבק דמוקרטי; יש בסיס חלקי לחשבון נפש ואחריות."
"גאלב סלאמנה","דעות","שבעה באוקטובר, אחריות, חטופים וזיכרון לאומי","D-045","ראיית החטופים והמשפחות כסמל מוסרי מרכזי של אחריות המדינה לאזרחיה","unknown","לא נמצא מקור מספק בקובץ ההיגדים/פרופיל/מקורות הרשת שנבדקו; נשאר unknown לפי כלל לא לנחש","0","לא נמצא בסיס ישיר מספיק לעמדה ממוקדת על החטופים או שיקום העוטף."
"גאלב סלאמנה","דעות","שבעה באוקטובר, אחריות, חטופים וזיכרון לאומי","D-046","התנגדות לשימוש פוליטי ציני בכאב של משפחות, נפגעים או קהילות שנפגעו במלחמה","supports","https://hagush.org.il/candidates.html ; https://democrats.org.il/%D7%A4%D7%A8%D7%95%D7%98%D7%95%D7%A7%D7%95%D7%9C-%D7%99%D7%A9%D7%99%D7%91%D7%AA-%D7%9E%D7%95%D7%A2%D7%A6%D7%94-%D7%94%D7%93%D7%9E%D7%95%D7%A7%D7%A8%D7%98%D7%99%D7%9D-%D7%94%D7%A6%D7%A2%D7%99-2/ ; https://e.democrats.org.il/Democrats_OpenHouses/260787 ; https://e.democrats.org.il/Democrats_OpenHouses/259509 ; https://lawbuzz.co.il/lawyer/galb-slamnh-275363/ ; https://www.facebook.com/61586677934863/posts/122112012279222597/ ; https://www.facebook.com/zichrondemocracy/videos/1931766194360758/","66","במקורות מחאה מופיעים ועדת חקירה ממלכתית, שלטון חוק ומאבק דמוקרטי; יש בסיס חלקי לחשבון נפש ואחריות."
"גאלב סלאמנה","דעות","שבעה באוקטובר, אחריות, חטופים וזיכרון לאומי","D-047","תמיכה בשיקום העוטף והקהילות שנפגעו כחלק מהחוזה הבסיסי בין המדינה לאזרחיה","unknown","לא נמצא מקור מספק בקובץ ההיגדים/פרופיל/מקורות הרשת שנבדקו; נשאר unknown לפי כלל לא לנחש","0","לא נמצא בסיס ישיר מספיק לעמדה ממוקדת על החטופים או שיקום העוטף."
"גאלב סלאמנה","דעות","שבעה באוקטובר, אחריות, חטופים וזיכרון לאומי","D-048","ראיית הטראומה של שבעה באוקטובר כבסיס לבניית מדיניות חדשה, לא רק כהצדקה להמשך מלחמה","supports","https://hagush.org.il/candidates.html ; https://democrats.org.il/%D7%A4%D7%A8%D7%95%D7%98%D7%95%D7%A7%D7%95%D7%9C-%D7%99%D7%A9%D7%99%D7%91%D7%AA-%D7%9E%D7%95%D7%A2%D7%A6%D7%94-%D7%94%D7%93%D7%9E%D7%95%D7%A7%D7%A8%D7%98%D7%99%D7%9D-%D7%94%D7%A6%D7%A2%D7%99-2/ ; https://e.democrats.org.il/Democrats_OpenHouses/260787 ; https://e.democrats.org.il/Democrats_OpenHouses/259509 ; https://lawbuzz.co.il/lawyer/galb-slamnh-275363/ ; https://www.facebook.com/61586677934863/posts/122112012279222597/ ; https://www.facebook.com/zichrondemocracy/videos/1931766194360758/","66","במקורות מחאה מופיעים ועדת חקירה ממלכתית, שלטון חוק ומאבק דמוקרטי; יש בסיס חלקי לחשבון נפש ואחריות."
"גאלב סלאמנה","דעות","חברה, כלכלה, רווחה ופריפריה","D-049","הצבת צמצום אי־שוויון חברתי־כלכלי כנושא מרכזי בזהות הפוליטית","mixed","https://hagush.org.il/candidates.html ; https://democrats.org.il/%D7%A4%D7%A8%D7%95%D7%98%D7%95%D7%A7%D7%95%D7%9C-%D7%99%D7%A9%D7%99%D7%91%D7%AA-%D7%9E%D7%95%D7%A2%D7%A6%D7%94-%D7%94%D7%93%D7%9E%D7%95%D7%A7%D7%A8%D7%98%D7%99%D7%9D-%D7%94%D7%A6%D7%A2%D7%99-2/ ; https://e.democrats.org.il/Democrats_OpenHouses/260787 ; https://e.democrats.org.il/Democrats_OpenHouses/259509 ; https://lawbuzz.co.il/lawyer/galb-slamnh-275363/ ; https://www.facebook.com/61586677934863/posts/122112012279222597/ ; https://www.facebook.com/zichrondemocracy/videos/1931766194360758/","52","הקו של שוויון ושותפות תומך חלקית בצדק חברתי, אך לא נמצא מצע חברתי־כלכלי מפורט."
"גאלב סלאמנה","דעות","חברה, כלכלה, רווחה ופריפריה","D-050","תמיכה בהרחבת אחריות המדינה בתחומי דיור, חינוך, בריאות ורווחה","mixed","https://hagush.org.il/candidates.html ; https://democrats.org.il/%D7%A4%D7%A8%D7%95%D7%98%D7%95%D7%A7%D7%95%D7%9C-%D7%99%D7%A9%D7%99%D7%91%D7%AA-%D7%9E%D7%95%D7%A2%D7%A6%D7%94-%D7%94%D7%93%D7%9E%D7%95%D7%A7%D7%A8%D7%98%D7%99%D7%9D-%D7%94%D7%A6%D7%A2%D7%99-2/ ; https://e.democrats.org.il/Democrats_OpenHouses/260787 ; https://e.democrats.org.il/Democrats_OpenHouses/259509 ; https://lawbuzz.co.il/lawyer/galb-slamnh-275363/ ; https://www.facebook.com/61586677934863/posts/122112012279222597/ ; https://www.facebook.com/zichrondemocracy/videos/1931766194360758/","52","הקו של שוויון ושותפות תומך חלקית בצדק חברתי, אך לא נמצא מצע חברתי־כלכלי מפורט."
"גאלב סלאמנה","דעות","חברה, כלכלה, רווחה ופריפריה","D-051","תמיכה בזכויות עובדים, עבודה מאורגנת והגנה על שכבות מוחלשות","unknown","לא נמצא מקור מספק בקובץ ההיגדים/פרופיל/מקורות הרשת שנבדקו; נשאר unknown לפי כלל לא לנחש","0","לא נמצא בסיס מספיק לזכויות עובדים או השקעות אזוריות ספציפיות."
"גאלב סלאמנה","דעות","חברה, כלכלה, רווחה ופריפריה","D-052","ראיית הפריפריה הגיאוגרפית והחברתית כשותפה אסטרטגית ולא כקהל יעד משני","mixed","https://hagush.org.il/candidates.html ; https://democrats.org.il/%D7%A4%D7%A8%D7%95%D7%98%D7%95%D7%A7%D7%95%D7%9C-%D7%99%D7%A9%D7%99%D7%91%D7%AA-%D7%9E%D7%95%D7%A2%D7%A6%D7%94-%D7%94%D7%93%D7%9E%D7%95%D7%A7%D7%A8%D7%98%D7%99%D7%9D-%D7%94%D7%A6%D7%A2%D7%99-2/ ; https://e.democrats.org.il/Democrats_OpenHouses/260787 ; https://e.democrats.org.il/Democrats_OpenHouses/259509 ; https://lawbuzz.co.il/lawyer/galb-slamnh-275363/ ; https://www.facebook.com/61586677934863/posts/122112012279222597/ ; https://www.facebook.com/zichrondemocracy/videos/1931766194360758/","52","הקו של שוויון ושותפות תומך חלקית בצדק חברתי, אך לא נמצא מצע חברתי־כלכלי מפורט."
"גאלב סלאמנה","דעות","חברה, כלכלה, רווחה ופריפריה","D-053","תמיכה בהשקעה ארוכת טווח בנגב, בגליל, בעוטף ובערים מוחלשות","unknown","לא נמצא מקור מספק בקובץ ההיגדים/פרופיל/מקורות הרשת שנבדקו; נשאר unknown לפי כלל לא לנחש","0","לא נמצא בסיס מספיק לזכויות עובדים או השקעות אזוריות ספציפיות."
"גאלב סלאמנה","דעות","חברה, כלכלה, רווחה ופריפריה","D-054","חיבור בין צדק חברתי לבין בניית מחנה פוליטי חדש ורחב יותר","mixed","https://hagush.org.il/candidates.html ; https://democrats.org.il/%D7%A4%D7%A8%D7%95%D7%98%D7%95%D7%A7%D7%95%D7%9C-%D7%99%D7%A9%D7%99%D7%91%D7%AA-%D7%9E%D7%95%D7%A2%D7%A6%D7%94-%D7%94%D7%93%D7%9E%D7%95%D7%A7%D7%A8%D7%98%D7%99%D7%9D-%D7%94%D7%A6%D7%A2%D7%99-2/ ; https://e.democrats.org.il/Democrats_OpenHouses/260787 ; https://e.democrats.org.il/Democrats_OpenHouses/259509 ; https://lawbuzz.co.il/lawyer/galb-slamnh-275363/ ; https://www.facebook.com/61586677934863/posts/122112012279222597/ ; https://www.facebook.com/zichrondemocracy/videos/1931766194360758/","52","הקו של שוויון ושותפות תומך חלקית בצדק חברתי, אך לא נמצא מצע חברתי־כלכלי מפורט."
"גאלב סלאמנה","דעות","סגנון פשרה, גבולות ויכולת הסכמה","D-055","נכונות לפשרות פוליטיות רחבות כדי לשקם את המדינה גם במחיר ויתור אידיאולוגי חלקי","mixed","https://hagush.org.il/candidates.html ; https://democrats.org.il/%D7%A4%D7%A8%D7%95%D7%98%D7%95%D7%A7%D7%95%D7%9C-%D7%99%D7%A9%D7%99%D7%91%D7%AA-%D7%9E%D7%95%D7%A2%D7%A6%D7%94-%D7%94%D7%93%D7%9E%D7%95%D7%A7%D7%A8%D7%98%D7%99%D7%9D-%D7%94%D7%A6%D7%A2%D7%99-2/ ; https://e.democrats.org.il/Democrats_OpenHouses/260787 ; https://e.democrats.org.il/Democrats_OpenHouses/259509 ; https://lawbuzz.co.il/lawyer/galb-slamnh-275363/ ; https://www.facebook.com/61586677934863/posts/122112012279222597/ ; https://www.facebook.com/zichrondemocracy/videos/1931766194360758/","58","יש בסיס לשלטון חוק, שותפות ודמוקרטיה, אך לא נמצאה שיטה מוסדית מפורטת לשיקום המדינה או פשרות רחבות."
"גאלב סלאמנה","דעות","סגנון פשרה, גבולות ויכולת הסכמה","D-056","הצבת קווים אדומים ברורים שמעליהם אין מקום לפשרה עם יריבים פוליטיים","mixed","https://hagush.org.il/candidates.html ; https://democrats.org.il/%D7%A4%D7%A8%D7%95%D7%98%D7%95%D7%A7%D7%95%D7%9C-%D7%99%D7%A9%D7%99%D7%91%D7%AA-%D7%9E%D7%95%D7%A2%D7%A6%D7%94-%D7%94%D7%93%D7%9E%D7%95%D7%A7%D7%A8%D7%98%D7%99%D7%9D-%D7%94%D7%A6%D7%A2%D7%99-2/ ; https://e.democrats.org.il/Democrats_OpenHouses/260787 ; https://e.democrats.org.il/Democrats_OpenHouses/259509 ; https://lawbuzz.co.il/lawyer/galb-slamnh-275363/ ; https://www.facebook.com/61586677934863/posts/122112012279222597/ ; https://www.facebook.com/zichrondemocracy/videos/1931766194360758/","56","יש מאבק דמוקרטי נחרץ, אך השפה המרכזית היא שותפות ושוויון ולא הכרעה פוליטית על פני פיוס."
"גאלב סלאמנה","דעות","סגנון פשרה, גבולות ויכולת הסכמה","D-057","העדפה להסכמות רחבות ולאיטיות על פני מהלכים חדים ומהירים","mixed","https://hagush.org.il/candidates.html ; https://democrats.org.il/%D7%A4%D7%A8%D7%95%D7%98%D7%95%D7%A7%D7%95%D7%9C-%D7%99%D7%A9%D7%99%D7%91%D7%AA-%D7%9E%D7%95%D7%A2%D7%A6%D7%94-%D7%94%D7%93%D7%9E%D7%95%D7%A7%D7%A8%D7%98%D7%99%D7%9D-%D7%94%D7%A6%D7%A2%D7%99-2/ ; https://e.democrats.org.il/Democrats_OpenHouses/260787 ; https://e.democrats.org.il/Democrats_OpenHouses/259509 ; https://lawbuzz.co.il/lawyer/galb-slamnh-275363/ ; https://www.facebook.com/61586677934863/posts/122112012279222597/ ; https://www.facebook.com/zichrondemocracy/videos/1931766194360758/","58","יש בסיס לשלטון חוק, שותפות ודמוקרטיה, אך לא נמצאה שיטה מוסדית מפורטת לשיקום המדינה או פשרות רחבות."
"גאלב סלאמנה","דעות","סגנון פשרה, גבולות ויכולת הסכמה","D-058","העדפה למאבק חד וברור כאשר פשרה נתפסת ככניעה לכוחות אנטי־דמוקרטיים","mixed","https://hagush.org.il/candidates.html ; https://democrats.org.il/%D7%A4%D7%A8%D7%95%D7%98%D7%95%D7%A7%D7%95%D7%9C-%D7%99%D7%A9%D7%99%D7%91%D7%AA-%D7%9E%D7%95%D7%A2%D7%A6%D7%94-%D7%94%D7%93%D7%9E%D7%95%D7%A7%D7%A8%D7%98%D7%99%D7%9D-%D7%94%D7%A6%D7%A2%D7%99-2/ ; https://e.democrats.org.il/Democrats_OpenHouses/260787 ; https://e.democrats.org.il/Democrats_OpenHouses/259509 ; https://lawbuzz.co.il/lawyer/galb-slamnh-275363/ ; https://www.facebook.com/61586677934863/posts/122112012279222597/ ; https://www.facebook.com/zichrondemocracy/videos/1931766194360758/","56","יש מאבק דמוקרטי נחרץ, אך השפה המרכזית היא שותפות ושוויון ולא הכרעה פוליטית על פני פיוס."
"גאלב סלאמנה","דעות","סגנון פשרה, גבולות ויכולת הסכמה","D-059","יכולת להבחין בין פשרה עניינית לבין טשטוש ערכי מסוכן","mixed","https://hagush.org.il/candidates.html ; https://democrats.org.il/%D7%A4%D7%A8%D7%95%D7%98%D7%95%D7%A7%D7%95%D7%9C-%D7%99%D7%A9%D7%99%D7%91%D7%AA-%D7%9E%D7%95%D7%A2%D7%A6%D7%94-%D7%94%D7%93%D7%9E%D7%95%D7%A7%D7%A8%D7%98%D7%99%D7%9D-%D7%94%D7%A6%D7%A2%D7%99-2/ ; https://e.democrats.org.il/Democrats_OpenHouses/260787 ; https://e.democrats.org.il/Democrats_OpenHouses/259509 ; https://lawbuzz.co.il/lawyer/galb-slamnh-275363/ ; https://www.facebook.com/61586677934863/posts/122112012279222597/ ; https://www.facebook.com/zichrondemocracy/videos/1931766194360758/","58","יש בסיס לשלטון חוק, שותפות ודמוקרטיה, אך לא נמצאה שיטה מוסדית מפורטת לשיקום המדינה או פשרות רחבות."
"גאלב סלאמנה","דעות","סגנון פשרה, גבולות ויכולת הסכמה","D-060","נכונות לבנות קואליציות עתידיות עם גורמים שאינם שייכים למחנה הטבעי, אם הם מקבלים כללי משחק דמוקרטיים","mixed","https://hagush.org.il/candidates.html ; https://democrats.org.il/%D7%A4%D7%A8%D7%95%D7%98%D7%95%D7%A7%D7%95%D7%9C-%D7%99%D7%A9%D7%99%D7%91%D7%AA-%D7%9E%D7%95%D7%A2%D7%A6%D7%94-%D7%94%D7%93%D7%9E%D7%95%D7%A7%D7%A8%D7%98%D7%99%D7%9D-%D7%94%D7%A6%D7%A2%D7%99-2/ ; https://e.democrats.org.il/Democrats_OpenHouses/260787 ; https://e.democrats.org.il/Democrats_OpenHouses/259509 ; https://lawbuzz.co.il/lawyer/galb-slamnh-275363/ ; https://www.facebook.com/61586677934863/posts/122112012279222597/ ; https://www.facebook.com/zichrondemocracy/videos/1931766194360758/","58","יש בסיס לשלטון חוק, שותפות ודמוקרטיה, אך לא נמצאה שיטה מוסדית מפורטת לשיקום המדינה או פשרות רחבות."
"גאלב סלאמנה","יכולות","מומחיות מדינית, ביטחונית וממשלית","cap_001","ניסיון ישיר במערכות מדינה בכירות או במוקדי קבלת החלטות","partial","https://hagush.org.il/candidates.html ; https://democrats.org.il/%D7%A4%D7%A8%D7%95%D7%98%D7%95%D7%A7%D7%95%D7%9C-%D7%99%D7%A9%D7%99%D7%91%D7%AA-%D7%9E%D7%95%D7%A2%D7%A6%D7%94-%D7%94%D7%93%D7%9E%D7%95%D7%A7%D7%A8%D7%98%D7%99%D7%9D-%D7%94%D7%A6%D7%A2%D7%99-2/ ; https://e.democrats.org.il/Democrats_OpenHouses/260787 ; https://e.democrats.org.il/Democrats_OpenHouses/259509 ; https://lawbuzz.co.il/lawyer/galb-slamnh-275363/ ; https://www.facebook.com/61586677934863/posts/122112012279222597/ ; https://www.facebook.com/zichrondemocracy/videos/1931766194360758/","55","כפעיל משפטי וציבורי יש הבנה של זכויות ושלטון חוק, אך לא ניסיון ממשלתי/ביטחוני בכיר."
"גאלב סלאמנה","יכולות","מומחיות מדינית, ביטחונית וממשלית","cap_002","הבנה מוכחת של סוגיות מדיניות, ביטחוניות ואזוריות מורכבות","partial","https://hagush.org.il/candidates.html ; https://democrats.org.il/%D7%A4%D7%A8%D7%95%D7%98%D7%95%D7%A7%D7%95%D7%9C-%D7%99%D7%A9%D7%99%D7%91%D7%AA-%D7%9E%D7%95%D7%A2%D7%A6%D7%94-%D7%94%D7%93%D7%9E%D7%95%D7%A7%D7%A8%D7%98%D7%99%D7%9D-%D7%94%D7%A6%D7%A2%D7%99-2/ ; https://e.democrats.org.il/Democrats_OpenHouses/260787 ; https://e.democrats.org.il/Democrats_OpenHouses/259509 ; https://lawbuzz.co.il/lawyer/galb-slamnh-275363/ ; https://www.facebook.com/61586677934863/posts/122112012279222597/ ; https://www.facebook.com/zichrondemocracy/videos/1931766194360758/","55","כפעיל משפטי וציבורי יש הבנה של זכויות ושלטון חוק, אך לא ניסיון ממשלתי/ביטחוני בכיר."
"גאלב סלאמנה","יכולות","מומחיות מדינית, ביטחונית וממשלית","cap_003","ניסיון במשא ומתן, דיאלוג אסטרטגי או קשרים בינלאומיים","unknown","לא נמצא מקור מספק בקובץ ההיגדים/פרופיל/מקורות הרשת שנבדקו; נשאר unknown לפי כלל לא לנחש","0","לא נמצא בסיס מספק לניסיון מדיני, בינלאומי, צבאי או ביטחוני."
"גאלב סלאמנה","יכולות","מומחיות מדינית, ביטחונית וממשלית","cap_004","ניסיון צבאי, מודיעיני או ביטחוני בעל רלוונטיות לעבודה ציבורית","unknown","לא נמצא מקור מספק בקובץ ההיגדים/פרופיל/מקורות הרשת שנבדקו; נשאר unknown לפי כלל לא לנחש","0","לא נמצא בסיס מספק לניסיון מדיני, בינלאומי, צבאי או ביטחוני."
"גאלב סלאמנה","יכולות","מומחיות מדינית, ביטחונית וממשלית","cap_005","יכולת לגבש תפיסה מדינית־ביטחונית סדורה ולא רק עמדה ערכית כללית","partial","https://hagush.org.il/candidates.html ; https://democrats.org.il/%D7%A4%D7%A8%D7%95%D7%98%D7%95%D7%A7%D7%95%D7%9C-%D7%99%D7%A9%D7%99%D7%91%D7%AA-%D7%9E%D7%95%D7%A2%D7%A6%D7%94-%D7%94%D7%93%D7%9E%D7%95%D7%A7%D7%A8%D7%98%D7%99%D7%9D-%D7%94%D7%A6%D7%A2%D7%99-2/ ; https://e.democrats.org.il/Democrats_OpenHouses/260787 ; https://e.democrats.org.il/Democrats_OpenHouses/259509 ; https://lawbuzz.co.il/lawyer/galb-slamnh-275363/ ; https://www.facebook.com/61586677934863/posts/122112012279222597/ ; https://www.facebook.com/zichrondemocracy/videos/1931766194360758/","55","כפעיל משפטי וציבורי יש הבנה של זכויות ושלטון חוק, אך לא ניסיון ממשלתי/ביטחוני בכיר."
"גאלב סלאמנה","יכולות","מומחיות מדינית, ביטחונית וממשלית","cap_006","יכולת לחבר בין יעדים ביטחוניים לבין יעדים מדיניים ארוכי טווח","partial","https://hagush.org.il/candidates.html ; https://democrats.org.il/%D7%A4%D7%A8%D7%95%D7%98%D7%95%D7%A7%D7%95%D7%9C-%D7%99%D7%A9%D7%99%D7%91%D7%AA-%D7%9E%D7%95%D7%A2%D7%A6%D7%94-%D7%94%D7%93%D7%9E%D7%95%D7%A7%D7%A8%D7%98%D7%99%D7%9D-%D7%94%D7%A6%D7%A2%D7%99-2/ ; https://e.democrats.org.il/Democrats_OpenHouses/260787 ; https://e.democrats.org.il/Democrats_OpenHouses/259509 ; https://lawbuzz.co.il/lawyer/galb-slamnh-275363/ ; https://www.facebook.com/61586677934863/posts/122112012279222597/ ; https://www.facebook.com/zichrondemocracy/videos/1931766194360758/","55","כפעיל משפטי וציבורי יש הבנה של זכויות ושלטון חוק, אך לא ניסיון ממשלתי/ביטחוני בכיר."
"גאלב סלאמנה","יכולות","ארגון, ניהול וביצוע","cap_007","ניסיון בהקמה וניהול של ארגונים, חברות, תנועות או מטות פעולה","partial","https://hagush.org.il/candidates.html ; https://democrats.org.il/%D7%A4%D7%A8%D7%95%D7%98%D7%95%D7%A7%D7%95%D7%9C-%D7%99%D7%A9%D7%99%D7%91%D7%AA-%D7%9E%D7%95%D7%A2%D7%A6%D7%94-%D7%94%D7%93%D7%9E%D7%95%D7%A7%D7%A8%D7%98%D7%99%D7%9D-%D7%94%D7%A6%D7%A2%D7%99-2/ ; https://e.democrats.org.il/Democrats_OpenHouses/260787 ; https://e.democrats.org.il/Democrats_OpenHouses/259509 ; https://lawbuzz.co.il/lawyer/galb-slamnh-275363/ ; https://www.facebook.com/61586677934863/posts/122112012279222597/ ; https://www.facebook.com/zichrondemocracy/videos/1931766194360758/","64","פעילות במערך עוטף עצורים, תפקיד רכז מיעוטים והופעה במפגשי ציבור נותנים בסיס חלקי להובלת פעולה ציבורית."
"גאלב סלאמנה","יכולות","ארגון, ניהול וביצוע","cap_008","יכולת להוביל צוותים, תקציבים, קהילות או מערכות מורכבות","partial","https://hagush.org.il/candidates.html ; https://democrats.org.il/%D7%A4%D7%A8%D7%95%D7%98%D7%95%D7%A7%D7%95%D7%9C-%D7%99%D7%A9%D7%99%D7%91%D7%AA-%D7%9E%D7%95%D7%A2%D7%A6%D7%94-%D7%94%D7%93%D7%9E%D7%95%D7%A7%D7%A8%D7%98%D7%99%D7%9D-%D7%94%D7%A6%D7%A2%D7%99-2/ ; https://e.democrats.org.il/Democrats_OpenHouses/260787 ; https://e.democrats.org.il/Democrats_OpenHouses/259509 ; https://lawbuzz.co.il/lawyer/galb-slamnh-275363/ ; https://www.facebook.com/61586677934863/posts/122112012279222597/ ; https://www.facebook.com/zichrondemocracy/videos/1931766194360758/","64","פעילות במערך עוטף עצורים, תפקיד רכז מיעוטים והופעה במפגשי ציבור נותנים בסיס חלקי להובלת פעולה ציבורית."
"גאלב סלאמנה","יכולות","ארגון, ניהול וביצוע","cap_009","הובלת מאבקים ציבוריים שהניבו תוצאות ממשיות","partial","https://hagush.org.il/candidates.html ; https://democrats.org.il/%D7%A4%D7%A8%D7%95%D7%98%D7%95%D7%A7%D7%95%D7%9C-%D7%99%D7%A9%D7%99%D7%91%D7%AA-%D7%9E%D7%95%D7%A2%D7%A6%D7%94-%D7%94%D7%93%D7%9E%D7%95%D7%A7%D7%A8%D7%98%D7%99%D7%9D-%D7%94%D7%A6%D7%A2%D7%99-2/ ; https://e.democrats.org.il/Democrats_OpenHouses/260787 ; https://e.democrats.org.il/Democrats_OpenHouses/259509 ; https://lawbuzz.co.il/lawyer/galb-slamnh-275363/ ; https://www.facebook.com/61586677934863/posts/122112012279222597/ ; https://www.facebook.com/zichrondemocracy/videos/1931766194360758/","64","פעילות במערך עוטף עצורים, תפקיד רכז מיעוטים והופעה במפגשי ציבור נותנים בסיס חלקי להובלת פעולה ציבורית."
"גאלב סלאמנה","יכולות","ארגון, ניהול וביצוע","cap_010","יכולת להפוך רעיון כללי לתשתית פעולה מתמשכת","partial","https://hagush.org.il/candidates.html ; https://democrats.org.il/%D7%A4%D7%A8%D7%95%D7%98%D7%95%D7%A7%D7%95%D7%9C-%D7%99%D7%A9%D7%99%D7%91%D7%AA-%D7%9E%D7%95%D7%A2%D7%A6%D7%94-%D7%94%D7%93%D7%9E%D7%95%D7%A7%D7%A8%D7%98%D7%99%D7%9D-%D7%94%D7%A6%D7%A2%D7%99-2/ ; https://e.democrats.org.il/Democrats_OpenHouses/260787 ; https://e.democrats.org.il/Democrats_OpenHouses/259509 ; https://lawbuzz.co.il/lawyer/galb-slamnh-275363/ ; https://www.facebook.com/61586677934863/posts/122112012279222597/ ; https://www.facebook.com/zichrondemocracy/videos/1931766194360758/","64","פעילות במערך עוטף עצורים, תפקיד רכז מיעוטים והופעה במפגשי ציבור נותנים בסיס חלקי להובלת פעולה ציבורית."
"גאלב סלאמנה","יכולות","ארגון, ניהול וביצוע","cap_011","ניסיון בניהול משברים ציבוריים, פוליטיים או ארגוניים","partial","https://hagush.org.il/candidates.html ; https://democrats.org.il/%D7%A4%D7%A8%D7%95%D7%98%D7%95%D7%A7%D7%95%D7%9C-%D7%99%D7%A9%D7%99%D7%91%D7%AA-%D7%9E%D7%95%D7%A2%D7%A6%D7%94-%D7%94%D7%93%D7%9E%D7%95%D7%A7%D7%A8%D7%98%D7%99%D7%9D-%D7%94%D7%A6%D7%A2%D7%99-2/ ; https://e.democrats.org.il/Democrats_OpenHouses/260787 ; https://e.democrats.org.il/Democrats_OpenHouses/259509 ; https://lawbuzz.co.il/lawyer/galb-slamnh-275363/ ; https://www.facebook.com/61586677934863/posts/122112012279222597/ ; https://www.facebook.com/zichrondemocracy/videos/1931766194360758/","64","פעילות במערך עוטף עצורים, תפקיד רכז מיעוטים והופעה במפגשי ציבור נותנים בסיס חלקי להובלת פעולה ציבורית."
"גאלב סלאמנה","יכולות","ארגון, ניהול וביצוע","cap_012","מוכנות לקחת אחריות אישית גבוהה על מהלך ציבורי או ארגוני","partial","https://hagush.org.il/candidates.html ; https://democrats.org.il/%D7%A4%D7%A8%D7%95%D7%98%D7%95%D7%A7%D7%95%D7%9C-%D7%99%D7%A9%D7%99%D7%91%D7%AA-%D7%9E%D7%95%D7%A2%D7%A6%D7%94-%D7%94%D7%93%D7%9E%D7%95%D7%A7%D7%A8%D7%98%D7%99%D7%9D-%D7%94%D7%A6%D7%A2%D7%99-2/ ; https://e.democrats.org.il/Democrats_OpenHouses/260787 ; https://e.democrats.org.il/Democrats_OpenHouses/259509 ; https://lawbuzz.co.il/lawyer/galb-slamnh-275363/ ; https://www.facebook.com/61586677934863/posts/122112012279222597/ ; https://www.facebook.com/zichrondemocracy/videos/1931766194360758/","64","פעילות במערך עוטף עצורים, תפקיד רכז מיעוטים והופעה במפגשי ציבור נותנים בסיס חלקי להובלת פעולה ציבורית."
"גאלב סלאמנה","יכולות","חקיקה, פוליטיקה ומוסדות","cap_013","ניסיון בעבודה פרלמנטרית, ועדות כנסת, חקיקה או הצעות חוק","partial","https://hagush.org.il/candidates.html ; https://democrats.org.il/%D7%A4%D7%A8%D7%95%D7%98%D7%95%D7%A7%D7%95%D7%9C-%D7%99%D7%A9%D7%99%D7%91%D7%AA-%D7%9E%D7%95%D7%A2%D7%A6%D7%94-%D7%94%D7%93%D7%9E%D7%95%D7%A7%D7%A8%D7%98%D7%99%D7%9D-%D7%94%D7%A6%D7%A2%D7%99-2/ ; https://e.democrats.org.il/Democrats_OpenHouses/260787 ; https://e.democrats.org.il/Democrats_OpenHouses/259509 ; https://lawbuzz.co.il/lawyer/galb-slamnh-275363/ ; https://www.facebook.com/61586677934863/posts/122112012279222597/ ; https://www.facebook.com/zichrondemocracy/videos/1931766194360758/","58","כעו״ד ופעיל זכויות יש בסיס חלקי לתרגום ערכים משפטיים לפעולה מוסדית, אך לא לניסיון חקיקה בכנסת."
"גאלב סלאמנה","יכולות","חקיקה, פוליטיקה ומוסדות","cap_014","היכרות מעשית עם מנגנוני מפלגות, פריימריז, רשימות וקואליציות","partial","https://hagush.org.il/candidates.html ; https://democrats.org.il/%D7%A4%D7%A8%D7%95%D7%98%D7%95%D7%A7%D7%95%D7%9C-%D7%99%D7%A9%D7%99%D7%91%D7%AA-%D7%9E%D7%95%D7%A2%D7%A6%D7%94-%D7%94%D7%93%D7%9E%D7%95%D7%A7%D7%A8%D7%98%D7%99%D7%9D-%D7%94%D7%A6%D7%A2%D7%99-2/ ; https://e.democrats.org.il/Democrats_OpenHouses/260787 ; https://e.democrats.org.il/Democrats_OpenHouses/259509 ; https://lawbuzz.co.il/lawyer/galb-slamnh-275363/ ; https://www.facebook.com/61586677934863/posts/122112012279222597/ ; https://www.facebook.com/zichrondemocracy/videos/1931766194360758/","56","תפקיד בדמוקרטים הצעירים ומועמדות בפריימריז נותנים היכרות פוליטית ראשונית, אך לא ניסיון מפלגתי בכיר."
"גאלב סלאמנה","יכולות","חקיקה, פוליטיקה ומוסדות","cap_015","יכולת לפעול בתוך מוסדות קיימים ולא רק מחוץ להם","partial","https://hagush.org.il/candidates.html ; https://democrats.org.il/%D7%A4%D7%A8%D7%95%D7%98%D7%95%D7%A7%D7%95%D7%9C-%D7%99%D7%A9%D7%99%D7%91%D7%AA-%D7%9E%D7%95%D7%A2%D7%A6%D7%94-%D7%94%D7%93%D7%9E%D7%95%D7%A7%D7%A8%D7%98%D7%99%D7%9D-%D7%94%D7%A6%D7%A2%D7%99-2/ ; https://e.democrats.org.il/Democrats_OpenHouses/260787 ; https://e.democrats.org.il/Democrats_OpenHouses/259509 ; https://lawbuzz.co.il/lawyer/galb-slamnh-275363/ ; https://www.facebook.com/61586677934863/posts/122112012279222597/ ; https://www.facebook.com/zichrondemocracy/videos/1931766194360758/","56","תפקיד בדמוקרטים הצעירים ומועמדות בפריימריז נותנים היכרות פוליטית ראשונית, אך לא ניסיון מפלגתי בכיר."
"גאלב סלאמנה","יכולות","חקיקה, פוליטיקה ומוסדות","cap_016","ניסיון בבניית תנועה פוליטית, מפלגה או אלטרנטיבה שלטונית","partial","https://hagush.org.il/candidates.html ; https://democrats.org.il/%D7%A4%D7%A8%D7%95%D7%98%D7%95%D7%A7%D7%95%D7%9C-%D7%99%D7%A9%D7%99%D7%91%D7%AA-%D7%9E%D7%95%D7%A2%D7%A6%D7%94-%D7%94%D7%93%D7%9E%D7%95%D7%A7%D7%A8%D7%98%D7%99%D7%9D-%D7%94%D7%A6%D7%A2%D7%99-2/ ; https://e.democrats.org.il/Democrats_OpenHouses/260787 ; https://e.democrats.org.il/Democrats_OpenHouses/259509 ; https://lawbuzz.co.il/lawyer/galb-slamnh-275363/ ; https://www.facebook.com/61586677934863/posts/122112012279222597/ ; https://www.facebook.com/zichrondemocracy/videos/1931766194360758/","56","תפקיד בדמוקרטים הצעירים ומועמדות בפריימריז נותנים היכרות פוליטית ראשונית, אך לא ניסיון מפלגתי בכיר."
"גאלב סלאמנה","יכולות","חקיקה, פוליטיקה ומוסדות","cap_017","יכולת לייצר שיתופי פעולה בין זרמים, מפלגות או קבוצות אינטרס","partial","https://hagush.org.il/candidates.html ; https://democrats.org.il/%D7%A4%D7%A8%D7%95%D7%98%D7%95%D7%A7%D7%95%D7%9C-%D7%99%D7%A9%D7%99%D7%91%D7%AA-%D7%9E%D7%95%D7%A2%D7%A6%D7%94-%D7%94%D7%93%D7%9E%D7%95%D7%A7%D7%A8%D7%98%D7%99%D7%9D-%D7%94%D7%A6%D7%A2%D7%99-2/ ; https://e.democrats.org.il/Democrats_OpenHouses/260787 ; https://e.democrats.org.il/Democrats_OpenHouses/259509 ; https://lawbuzz.co.il/lawyer/galb-slamnh-275363/ ; https://www.facebook.com/61586677934863/posts/122112012279222597/ ; https://www.facebook.com/zichrondemocracy/videos/1931766194360758/","56","תפקיד בדמוקרטים הצעירים ומועמדות בפריימריז נותנים היכרות פוליטית ראשונית, אך לא ניסיון מפלגתי בכיר."
"גאלב סלאמנה","יכולות","חקיקה, פוליטיקה ומוסדות","cap_018","יכולת לתרגם עמדות אידיאולוגיות לפעולות מוסדיות או חקיקתיות","partial","https://hagush.org.il/candidates.html ; https://democrats.org.il/%D7%A4%D7%A8%D7%95%D7%98%D7%95%D7%A7%D7%95%D7%9C-%D7%99%D7%A9%D7%99%D7%91%D7%AA-%D7%9E%D7%95%D7%A2%D7%A6%D7%94-%D7%94%D7%93%D7%9E%D7%95%D7%A7%D7%A8%D7%98%D7%99%D7%9D-%D7%94%D7%A6%D7%A2%D7%99-2/ ; https://e.democrats.org.il/Democrats_OpenHouses/260787 ; https://e.democrats.org.il/Democrats_OpenHouses/259509 ; https://lawbuzz.co.il/lawyer/galb-slamnh-275363/ ; https://www.facebook.com/61586677934863/posts/122112012279222597/ ; https://www.facebook.com/zichrondemocracy/videos/1931766194360758/","58","כעו״ד ופעיל זכויות יש בסיס חלקי לתרגום ערכים משפטיים לפעולה מוסדית, אך לא לניסיון חקיקה בכנסת."
"גאלב סלאמנה","יכולות","תקשורת, הסברה והשפעה ציבורית","cap_019","יכולת ליצור מסרים חדים, ברורים וזכירים","partial","https://hagush.org.il/candidates.html ; https://democrats.org.il/%D7%A4%D7%A8%D7%95%D7%98%D7%95%D7%A7%D7%95%D7%9C-%D7%99%D7%A9%D7%99%D7%91%D7%AA-%D7%9E%D7%95%D7%A2%D7%A6%D7%94-%D7%94%D7%93%D7%9E%D7%95%D7%A7%D7%A8%D7%98%D7%99%D7%9D-%D7%94%D7%A6%D7%A2%D7%99-2/ ; https://e.democrats.org.il/Democrats_OpenHouses/260787 ; https://e.democrats.org.il/Democrats_OpenHouses/259509 ; https://lawbuzz.co.il/lawyer/galb-slamnh-275363/ ; https://www.facebook.com/61586677934863/posts/122112012279222597/ ; https://www.facebook.com/zichrondemocracy/videos/1931766194360758/","66","הוא מופיע כדובר במפגשים ובהפגנות ומחזיק סיפור אישי־ערכי ברור, אך אין עדות לנראות תקשורתית רחבה במיוחד."
"גאלב סלאמנה","יכולות","תקשורת, הסברה והשפעה ציבורית","cap_020","יכולת לייצר תוכן דיגיטלי, ויראלי או תקשורתי שמגיע לקהלים רחבים","unknown","לא נמצא מקור מספק בקובץ ההיגדים/פרופיל/מקורות הרשת שנבדקו; נשאר unknown לפי כלל לא לנחש","0","לא נמצא בסיס מספיק ליצירת תוכן דיגיטלי/שימוש טכנולוגי כמומחיות."
"גאלב סלאמנה","יכולות","תקשורת, הסברה והשפעה ציבורית","cap_021","ניסיון בהופעה ציבורית, ראיונות, פודקאסטים, קולנוע, כתיבה או הרצאות","partial","https://hagush.org.il/candidates.html ; https://democrats.org.il/%D7%A4%D7%A8%D7%95%D7%98%D7%95%D7%A7%D7%95%D7%9C-%D7%99%D7%A9%D7%99%D7%91%D7%AA-%D7%9E%D7%95%D7%A2%D7%A6%D7%94-%D7%94%D7%93%D7%9E%D7%95%D7%A7%D7%A8%D7%98%D7%99%D7%9D-%D7%94%D7%A6%D7%A2%D7%99-2/ ; https://e.democrats.org.il/Democrats_OpenHouses/260787 ; https://e.democrats.org.il/Democrats_OpenHouses/259509 ; https://lawbuzz.co.il/lawyer/galb-slamnh-275363/ ; https://www.facebook.com/61586677934863/posts/122112012279222597/ ; https://www.facebook.com/zichrondemocracy/videos/1931766194360758/","66","הוא מופיע כדובר במפגשים ובהפגנות ומחזיק סיפור אישי־ערכי ברור, אך אין עדות לנראות תקשורתית רחבה במיוחד."
"גאלב סלאמנה","יכולות","תקשורת, הסברה והשפעה ציבורית","cap_022","יכולת להסביר נושאים מורכבים בשפה נגישה ולא טכנוקרטית","partial","https://hagush.org.il/candidates.html ; https://democrats.org.il/%D7%A4%D7%A8%D7%95%D7%98%D7%95%D7%A7%D7%95%D7%9C-%D7%99%D7%A9%D7%99%D7%91%D7%AA-%D7%9E%D7%95%D7%A2%D7%A6%D7%94-%D7%94%D7%93%D7%9E%D7%95%D7%A7%D7%A8%D7%98%D7%99%D7%9D-%D7%94%D7%A6%D7%A2%D7%99-2/ ; https://e.democrats.org.il/Democrats_OpenHouses/260787 ; https://e.democrats.org.il/Democrats_OpenHouses/259509 ; https://lawbuzz.co.il/lawyer/galb-slamnh-275363/ ; https://www.facebook.com/61586677934863/posts/122112012279222597/ ; https://www.facebook.com/zichrondemocracy/videos/1931766194360758/","66","הוא מופיע כדובר במפגשים ובהפגנות ומחזיק סיפור אישי־ערכי ברור, אך אין עדות לנראות תקשורתית רחבה במיוחד."
"גאלב סלאמנה","יכולות","תקשורת, הסברה והשפעה ציבורית","cap_023","יכולת לנהל מאבק תודעתי מול יריבים פוליטיים או תקשורתיים","partial","https://hagush.org.il/candidates.html ; https://democrats.org.il/%D7%A4%D7%A8%D7%95%D7%98%D7%95%D7%A7%D7%95%D7%9C-%D7%99%D7%A9%D7%99%D7%91%D7%AA-%D7%9E%D7%95%D7%A2%D7%A6%D7%94-%D7%94%D7%93%D7%9E%D7%95%D7%A7%D7%A8%D7%98%D7%99%D7%9D-%D7%94%D7%A6%D7%A2%D7%99-2/ ; https://e.democrats.org.il/Democrats_OpenHouses/260787 ; https://e.democrats.org.il/Democrats_OpenHouses/259509 ; https://lawbuzz.co.il/lawyer/galb-slamnh-275363/ ; https://www.facebook.com/61586677934863/posts/122112012279222597/ ; https://www.facebook.com/zichrondemocracy/videos/1931766194360758/","66","הוא מופיע כדובר במפגשים ובהפגנות ומחזיק סיפור אישי־ערכי ברור, אך אין עדות לנראות תקשורתית רחבה במיוחד."
"גאלב סלאמנה","יכולות","תקשורת, הסברה והשפעה ציבורית","cap_024","יכולת להפוך סיפור אישי או ערכי לכלי גיוס ציבורי","partial","https://hagush.org.il/candidates.html ; https://democrats.org.il/%D7%A4%D7%A8%D7%95%D7%98%D7%95%D7%A7%D7%95%D7%9C-%D7%99%D7%A9%D7%99%D7%91%D7%AA-%D7%9E%D7%95%D7%A2%D7%A6%D7%94-%D7%94%D7%93%D7%9E%D7%95%D7%A7%D7%A8%D7%98%D7%99%D7%9D-%D7%94%D7%A6%D7%A2%D7%99-2/ ; https://e.democrats.org.il/Democrats_OpenHouses/260787 ; https://e.democrats.org.il/Democrats_OpenHouses/259509 ; https://lawbuzz.co.il/lawyer/galb-slamnh-275363/ ; https://www.facebook.com/61586677934863/posts/122112012279222597/ ; https://www.facebook.com/zichrondemocracy/videos/1931766194360758/","66","הוא מופיע כדובר במפגשים ובהפגנות ומחזיק סיפור אישי־ערכי ברור, אך אין עדות לנראות תקשורתית רחבה במיוחד."
"גאלב סלאמנה","יכולות","חיבור בין קהלים ועולמות","cap_025","יכולת לחבר בין יהודים לערבים בתוך מסגרת פוליטית או אזרחית משותפת","has","https://hagush.org.il/candidates.html ; https://democrats.org.il/%D7%A4%D7%A8%D7%95%D7%98%D7%95%D7%A7%D7%95%D7%9C-%D7%99%D7%A9%D7%99%D7%91%D7%AA-%D7%9E%D7%95%D7%A2%D7%A6%D7%94-%D7%94%D7%93%D7%9E%D7%95%D7%A7%D7%A8%D7%98%D7%99%D7%9D-%D7%94%D7%A6%D7%A2%D7%99-2/ ; https://e.democrats.org.il/Democrats_OpenHouses/260787 ; https://e.democrats.org.il/Democrats_OpenHouses/259509 ; https://lawbuzz.co.il/lawyer/galb-slamnh-275363/ ; https://www.facebook.com/61586677934863/posts/122112012279222597/ ; https://www.facebook.com/zichrondemocracy/videos/1931766194360758/","74","זהו ציר חוזק מרכזי: עו״ד ערבי במפלגה יהודית־ערבית ליברלית, רכז מיעוטים ודובר על דמוקרטיה משותפת."
"גאלב סלאמנה","יכולות","חיבור בין קהלים ועולמות","cap_026","יכולת לחבר בין שמאל ליברלי לבין פריפריה מזרחית, מסורתית או גיאוגרפית","has","https://hagush.org.il/candidates.html ; https://democrats.org.il/%D7%A4%D7%A8%D7%95%D7%98%D7%95%D7%A7%D7%95%D7%9C-%D7%99%D7%A9%D7%99%D7%91%D7%AA-%D7%9E%D7%95%D7%A2%D7%A6%D7%94-%D7%94%D7%93%D7%9E%D7%95%D7%A7%D7%A8%D7%98%D7%99%D7%9D-%D7%94%D7%A6%D7%A2%D7%99-2/ ; https://e.democrats.org.il/Democrats_OpenHouses/260787 ; https://e.democrats.org.il/Democrats_OpenHouses/259509 ; https://lawbuzz.co.il/lawyer/galb-slamnh-275363/ ; https://www.facebook.com/61586677934863/posts/122112012279222597/ ; https://www.facebook.com/zichrondemocracy/videos/1931766194360758/","74","זהו ציר חוזק מרכזי: עו״ד ערבי במפלגה יהודית־ערבית ליברלית, רכז מיעוטים ודובר על דמוקרטיה משותפת."
"גאלב סלאמנה","יכולות","חיבור בין קהלים ועולמות","cap_027","יכולת לחבר בין עולם המחאה לבין עבודה מפלגתית ומוסדית","has","https://hagush.org.il/candidates.html ; https://democrats.org.il/%D7%A4%D7%A8%D7%95%D7%98%D7%95%D7%A7%D7%95%D7%9C-%D7%99%D7%A9%D7%99%D7%91%D7%AA-%D7%9E%D7%95%D7%A2%D7%A6%D7%94-%D7%94%D7%93%D7%9E%D7%95%D7%A7%D7%A8%D7%98%D7%99%D7%9D-%D7%94%D7%A6%D7%A2%D7%99-2/ ; https://e.democrats.org.il/Democrats_OpenHouses/260787 ; https://e.democrats.org.il/Democrats_OpenHouses/259509 ; https://lawbuzz.co.il/lawyer/galb-slamnh-275363/ ; https://www.facebook.com/61586677934863/posts/122112012279222597/ ; https://www.facebook.com/zichrondemocracy/videos/1931766194360758/","74","זהו ציר חוזק מרכזי: עו״ד ערבי במפלגה יהודית־ערבית ליברלית, רכז מיעוטים ודובר על דמוקרטיה משותפת."
"גאלב סלאמנה","יכולות","חיבור בין קהלים ועולמות","cap_028","יכולת לחבר בין היי־טק, חדשנות ודיגיטל לבין פוליטיקה ציבורית","unknown","לא נמצא מקור מספק בקובץ ההיגדים/פרופיל/מקורות הרשת שנבדקו; נשאר unknown לפי כלל לא לנחש","0","לא נמצא בסיס לחיבור היי־טק/חדשנות דיגיטלית לפוליטיקה."
"גאלב סלאמנה","יכולות","חיבור בין קהלים ועולמות","cap_029","יכולת לחבר בין שפה מקצועית־ביטחונית לבין שפה אזרחית וערכית","partial","https://hagush.org.il/candidates.html ; https://democrats.org.il/%D7%A4%D7%A8%D7%95%D7%98%D7%95%D7%A7%D7%95%D7%9C-%D7%99%D7%A9%D7%99%D7%91%D7%AA-%D7%9E%D7%95%D7%A2%D7%A6%D7%94-%D7%94%D7%93%D7%9E%D7%95%D7%A7%D7%A8%D7%98%D7%99%D7%9D-%D7%94%D7%A6%D7%A2%D7%99-2/ ; https://e.democrats.org.il/Democrats_OpenHouses/260787 ; https://e.democrats.org.il/Democrats_OpenHouses/259509 ; https://lawbuzz.co.il/lawyer/galb-slamnh-275363/ ; https://www.facebook.com/61586677934863/posts/122112012279222597/ ; https://www.facebook.com/zichrondemocracy/videos/1931766194360758/","58","יש חיבור בין משפט, זכויות, מחאה ושותפות אזרחית; הבסיס קיים אך לא מוצג כמומחיות מערכתית רחבה."
"גאלב סלאמנה","יכולות","חיבור בין קהלים ועולמות","cap_030","אמינות מול קהילות שטח ולא רק מול קהל תקשורתי או אליטיסטי","has","https://hagush.org.il/candidates.html ; https://democrats.org.il/%D7%A4%D7%A8%D7%95%D7%98%D7%95%D7%A7%D7%95%D7%9C-%D7%99%D7%A9%D7%99%D7%91%D7%AA-%D7%9E%D7%95%D7%A2%D7%A6%D7%94-%D7%94%D7%93%D7%9E%D7%95%D7%A7%D7%A8%D7%98%D7%99%D7%9D-%D7%94%D7%A6%D7%A2%D7%99-2/ ; https://e.democrats.org.il/Democrats_OpenHouses/260787 ; https://e.democrats.org.il/Democrats_OpenHouses/259509 ; https://lawbuzz.co.il/lawyer/galb-slamnh-275363/ ; https://www.facebook.com/61586677934863/posts/122112012279222597/ ; https://www.facebook.com/zichrondemocracy/videos/1931766194360758/","74","זהו ציר חוזק מרכזי: עו״ד ערבי במפלגה יהודית־ערבית ליברלית, רכז מיעוטים ודובר על דמוקרטיה משותפת."
"גאלב סלאמנה","יכולות","חדשנות, למידה ושיתוף ציבור","cap_031","שימוש בטכנולוגיה, מידע או כלים דיגיטליים לשיתוף ציבור וארגון פוליטי","unknown","לא נמצא מקור מספק בקובץ ההיגדים/פרופיל/מקורות הרשת שנבדקו; נשאר unknown לפי כלל לא לנחש","0","לא נמצא בסיס מספיק ליצירת תוכן דיגיטלי/שימוש טכנולוגי כמומחיות."
"גאלב סלאמנה","יכולות","חדשנות, למידה ושיתוף ציבור","cap_032","חשיבה מערכתית שמזהה קשרים בין משבר פוליטי, כלכלה, ביטחון וחברה","partial","https://hagush.org.il/candidates.html ; https://democrats.org.il/%D7%A4%D7%A8%D7%95%D7%98%D7%95%D7%A7%D7%95%D7%9C-%D7%99%D7%A9%D7%99%D7%91%D7%AA-%D7%9E%D7%95%D7%A2%D7%A6%D7%94-%D7%94%D7%93%D7%9E%D7%95%D7%A7%D7%A8%D7%98%D7%99%D7%9D-%D7%94%D7%A6%D7%A2%D7%99-2/ ; https://e.democrats.org.il/Democrats_OpenHouses/260787 ; https://e.democrats.org.il/Democrats_OpenHouses/259509 ; https://lawbuzz.co.il/lawyer/galb-slamnh-275363/ ; https://www.facebook.com/61586677934863/posts/122112012279222597/ ; https://www.facebook.com/zichrondemocracy/videos/1931766194360758/","58","יש חיבור בין משפט, זכויות, מחאה ושותפות אזרחית; הבסיס קיים אך לא מוצג כמומחיות מערכתית רחבה."
"גאלב סלאמנה","יכולות","חדשנות, למידה ושיתוף ציבור","cap_033","יזמות בפתרונות לא שגרתיים לבעיות פוליטיות או חברתיות","partial","https://hagush.org.il/candidates.html ; https://democrats.org.il/%D7%A4%D7%A8%D7%95%D7%98%D7%95%D7%A7%D7%95%D7%9C-%D7%99%D7%A9%D7%99%D7%91%D7%AA-%D7%9E%D7%95%D7%A2%D7%A6%D7%94-%D7%94%D7%93%D7%9E%D7%95%D7%A7%D7%A8%D7%98%D7%99%D7%9D-%D7%94%D7%A6%D7%A2%D7%99-2/ ; https://e.democrats.org.il/Democrats_OpenHouses/260787 ; https://e.democrats.org.il/Democrats_OpenHouses/259509 ; https://lawbuzz.co.il/lawyer/galb-slamnh-275363/ ; https://www.facebook.com/61586677934863/posts/122112012279222597/ ; https://www.facebook.com/zichrondemocracy/videos/1931766194360758/","58","יש חיבור בין משפט, זכויות, מחאה ושותפות אזרחית; הבסיס קיים אך לא מוצג כמומחיות מערכתית רחבה."
"גאלב סלאמנה","יכולות","חדשנות, למידה ושיתוף ציבור","cap_034","יכולת ללמוד תחומים חדשים ולהפוך אותם לשפה ציבורית ברורה","partial","https://hagush.org.il/candidates.html ; https://democrats.org.il/%D7%A4%D7%A8%D7%95%D7%98%D7%95%D7%A7%D7%95%D7%9C-%D7%99%D7%A9%D7%99%D7%91%D7%AA-%D7%9E%D7%95%D7%A2%D7%A6%D7%94-%D7%94%D7%93%D7%9E%D7%95%D7%A7%D7%A8%D7%98%D7%99%D7%9D-%D7%94%D7%A6%D7%A2%D7%99-2/ ; https://e.democrats.org.il/Democrats_OpenHouses/260787 ; https://e.democrats.org.il/Democrats_OpenHouses/259509 ; https://lawbuzz.co.il/lawyer/galb-slamnh-275363/ ; https://www.facebook.com/61586677934863/posts/122112012279222597/ ; https://www.facebook.com/zichrondemocracy/videos/1931766194360758/","58","יש חיבור בין משפט, זכויות, מחאה ושותפות אזרחית; הבסיס קיים אך לא מוצג כמומחיות מערכתית רחבה."
"גאלב סלאמנה","יכולות","חדשנות, למידה ושיתוף ציבור","cap_035","שילוב בין ידע מקצועי, ניסיון אישי וערכים פוליטיים","partial","https://hagush.org.il/candidates.html ; https://democrats.org.il/%D7%A4%D7%A8%D7%95%D7%98%D7%95%D7%A7%D7%95%D7%9C-%D7%99%D7%A9%D7%99%D7%91%D7%AA-%D7%9E%D7%95%D7%A2%D7%A6%D7%94-%D7%94%D7%93%D7%9E%D7%95%D7%A7%D7%A8%D7%98%D7%99%D7%9D-%D7%94%D7%A6%D7%A2%D7%99-2/ ; https://e.democrats.org.il/Democrats_OpenHouses/260787 ; https://e.democrats.org.il/Democrats_OpenHouses/259509 ; https://lawbuzz.co.il/lawyer/galb-slamnh-275363/ ; https://www.facebook.com/61586677934863/posts/122112012279222597/ ; https://www.facebook.com/zichrondemocracy/videos/1931766194360758/","58","יש חיבור בין משפט, זכויות, מחאה ושותפות אזרחית; הבסיס קיים אך לא מוצג כמומחיות מערכתית רחבה."
"גאלב סלאמנה","יכולות","חדשנות, למידה ושיתוף ציבור","cap_036","פתיחות לניסויים ארגוניים ודמוקרטיים חדשים ולא רק לשיטות פוליטיות קיימות","partial","https://hagush.org.il/candidates.html ; https://democrats.org.il/%D7%A4%D7%A8%D7%95%D7%98%D7%95%D7%A7%D7%95%D7%9C-%D7%99%D7%A9%D7%99%D7%91%D7%AA-%D7%9E%D7%95%D7%A2%D7%A6%D7%94-%D7%94%D7%93%D7%9E%D7%95%D7%A7%D7%A8%D7%98%D7%99%D7%9D-%D7%94%D7%A6%D7%A2%D7%99-2/ ; https://e.democrats.org.il/Democrats_OpenHouses/260787 ; https://e.democrats.org.il/Democrats_OpenHouses/259509 ; https://lawbuzz.co.il/lawyer/galb-slamnh-275363/ ; https://www.facebook.com/61586677934863/posts/122112012279222597/ ; https://www.facebook.com/zichrondemocracy/videos/1931766194360758/","58","יש חיבור בין משפט, זכויות, מחאה ושותפות אזרחית; הבסיס קיים אך לא מוצג כמומחיות מערכתית רחבה."
"הדס רגולסקי","דעות","דמוקרטיה, משילות ותיקון מוסדות המדינה","D-001","נטייה לתיקון חוקתי ומוסדי עמוק, ולא רק להחלפת ממשלה","supports","https://hagush.org.il/candidates.html ; https://www.hadasragolsky.com/ ; https://www.bonot.org/projects-1/%D7%94%D7%93%D7%A1-%D7%A8%D7%92%D7%95%D7%9C%D7%A1%D7%A7%D7%99 ; https://www.ynet.co.il/activism/israel2048/article/rkswd6hbwl ; https://www.taasiya.pro/speaker/hadas-ragolski","88","אתר הקמפיין שלה מדגיש אחריות אזרחית, שקיפות, שיתוף ציבור וחיבור בין מחאה, שטח ומוקדי החלטה."
"הדס רגולסקי","דעות","דמוקרטיה, משילות ותיקון מוסדות המדינה","D-002","ראיית המשבר הדמוקרטי כתוצאה של שיטה פוליטית פגומה ולא רק של אדם או ממשלה מסוימת","supports","https://hagush.org.il/candidates.html ; https://www.hadasragolsky.com/ ; https://www.bonot.org/projects-1/%D7%94%D7%93%D7%A1-%D7%A8%D7%92%D7%95%D7%9C%D7%A1%D7%A7%D7%99 ; https://www.ynet.co.il/activism/israel2048/article/rkswd6hbwl ; https://www.taasiya.pro/speaker/hadas-ragolski","88","אתר הקמפיין שלה מדגיש אחריות אזרחית, שקיפות, שיתוף ציבור וחיבור בין מחאה, שטח ומוקדי החלטה."
"הדס רגולסקי","דעות","דמוקרטיה, משילות ותיקון מוסדות המדינה","D-003","נכונות למאבק ציבורי חריף כאשר מוסדות המדינה נתפסים כמאוימים","supports","https://hagush.org.il/candidates.html ; https://www.hadasragolsky.com/ ; https://www.bonot.org/projects-1/%D7%94%D7%93%D7%A1-%D7%A8%D7%92%D7%95%D7%9C%D7%A1%D7%A7%D7%99 ; https://www.ynet.co.il/activism/israel2048/article/rkswd6hbwl ; https://www.taasiya.pro/speaker/hadas-ragolski","88","אתר הקמפיין שלה מדגיש אחריות אזרחית, שקיפות, שיתוף ציבור וחיבור בין מחאה, שטח ומוקדי החלטה."
"הדס רגולסקי","דעות","דמוקרטיה, משילות ותיקון מוסדות המדינה","D-004","העדפה לשיקום ממלכתי, זהיר ומוסדי של המדינה לאחר המשבר","supports","https://hagush.org.il/candidates.html ; https://www.hadasragolsky.com/ ; https://www.bonot.org/projects-1/%D7%94%D7%93%D7%A1-%D7%A8%D7%92%D7%95%D7%9C%D7%A1%D7%A7%D7%99 ; https://www.ynet.co.il/activism/israel2048/article/rkswd6hbwl ; https://www.taasiya.pro/speaker/hadas-ragolski","72","הרקע בשלטון מקומי, מוסדות, הנהגה אזרחית ועבודה מתמשכת תומך בשיקום ממלכתי ובהסכמות ענייניות."
"הדס רגולסקי","דעות","דמוקרטיה, משילות ותיקון מוסדות המדינה","D-005","תמיכה בשיתוף ציבור, דמוקרטיה פנימית ושקיפות בתוך המפלגה ובמערכת הפוליטית","supports","https://hagush.org.il/candidates.html ; https://www.hadasragolsky.com/ ; https://www.bonot.org/projects-1/%D7%94%D7%93%D7%A1-%D7%A8%D7%92%D7%95%D7%9C%D7%A1%D7%A7%D7%99 ; https://www.ynet.co.il/activism/israel2048/article/rkswd6hbwl ; https://www.taasiya.pro/speaker/hadas-ragolski","88","אתר הקמפיין שלה מדגיש אחריות אזרחית, שקיפות, שיתוף ציבור וחיבור בין מחאה, שטח ומוקדי החלטה."
"הדס רגולסקי","דעות","דמוקרטיה, משילות ותיקון מוסדות המדינה","D-006","נכונות להגביל כוח שלטוני גם כאשר הכוח נמצא בידי המחנה הקרוב אידיאולוגית","supports","https://hagush.org.il/candidates.html ; https://www.hadasragolsky.com/ ; https://www.bonot.org/projects-1/%D7%94%D7%93%D7%A1-%D7%A8%D7%92%D7%95%D7%9C%D7%A1%D7%A7%D7%99 ; https://www.ynet.co.il/activism/israel2048/article/rkswd6hbwl ; https://www.taasiya.pro/speaker/hadas-ragolski","88","אתר הקמפיין שלה מדגיש אחריות אזרחית, שקיפות, שיתוף ציבור וחיבור בין מחאה, שטח ומוקדי החלטה."
"הדס רגולסקי","דעות","יחס למחנה השני ויכולת גישור","D-007","ראיית מצביעי המחנה השני כיריבים פוליטיים לגיטימיים ולא כאויבים","mixed","https://hagush.org.il/candidates.html ; https://www.hadasragolsky.com/ ; https://www.bonot.org/projects-1/%D7%94%D7%93%D7%A1-%D7%A8%D7%92%D7%95%D7%9C%D7%A1%D7%A7%D7%99 ; https://www.ynet.co.il/activism/israel2048/article/rkswd6hbwl ; https://www.taasiya.pro/speaker/hadas-ragolski","60","יש שפת שותפות ואחריות אזרחית, אך אין במקורות עמדה מפורטת על גישור עם ימין, חרדים או מסורתיים."
"הדס רגולסקי","דעות","יחס למחנה השני ויכולת גישור","D-008","הבחנה בין הנהגת המחנה השני לבין הציבור הרחב שתומך בה","mixed","https://hagush.org.il/candidates.html ; https://www.hadasragolsky.com/ ; https://www.bonot.org/projects-1/%D7%94%D7%93%D7%A1-%D7%A8%D7%92%D7%95%D7%9C%D7%A1%D7%A7%D7%99 ; https://www.ynet.co.il/activism/israel2048/article/rkswd6hbwl ; https://www.taasiya.pro/speaker/hadas-ragolski","60","יש שפת שותפות ואחריות אזרחית, אך אין במקורות עמדה מפורטת על גישור עם ימין, חרדים או מסורתיים."
"הדס רגולסקי","דעות","יחס למחנה השני ויכולת גישור","D-009","אמונה שאפשר לבנות גשר מחודש בין המחנה הדמוקרטי־ליברלי לבין חלקים מהימין המסורתי","mixed","https://hagush.org.il/candidates.html ; https://www.hadasragolsky.com/ ; https://www.bonot.org/projects-1/%D7%94%D7%93%D7%A1-%D7%A8%D7%92%D7%95%D7%9C%D7%A1%D7%A7%D7%99 ; https://www.ynet.co.il/activism/israel2048/article/rkswd6hbwl ; https://www.taasiya.pro/speaker/hadas-ragolski","60","יש שפת שותפות ואחריות אזרחית, אך אין במקורות עמדה מפורטת על גישור עם ימין, חרדים או מסורתיים."
"הדס רגולסקי","דעות","יחס למחנה השני ויכולת גישור","D-010","העדפה להכרעה פוליטית ברורה על פני פיוס מוקדם עם המחנה השני","supports","https://hagush.org.il/candidates.html ; https://www.hadasragolsky.com/ ; https://www.bonot.org/projects-1/%D7%94%D7%93%D7%A1-%D7%A8%D7%92%D7%95%D7%9C%D7%A1%D7%A7%D7%99 ; https://www.ynet.co.il/activism/israel2048/article/rkswd6hbwl ; https://www.taasiya.pro/speaker/hadas-ragolski","70","כמובילת מחאה נגד ההפיכה המשטרית וכמי שנאבקת בכפייה והדרת נשים יש בסיס לקווים אדומים ומאבק חד."
"הדס רגולסקי","דעות","יחס למחנה השני ויכולת גישור","D-011","נכונות לשיח עם דתיים, מסורתיים, חרדים וימנים גם כאשר קיימת מחלוקת ערכית עמוקה","mixed","https://hagush.org.il/candidates.html ; https://www.hadasragolsky.com/ ; https://www.bonot.org/projects-1/%D7%94%D7%93%D7%A1-%D7%A8%D7%92%D7%95%D7%9C%D7%A1%D7%A7%D7%99 ; https://www.ynet.co.il/activism/israel2048/article/rkswd6hbwl ; https://www.taasiya.pro/speaker/hadas-ragolski","60","יש שפת שותפות ואחריות אזרחית, אך אין במקורות עמדה מפורטת על גישור עם ימין, חרדים או מסורתיים."
"הדס רגולסקי","דעות","יחס למחנה השני ויכולת גישור","D-012","ראיית חלק מהמחנה השני כשותף עתידי אפשרי לשיקום המדינה לאחר עידן נתניהו","mixed","https://hagush.org.il/candidates.html ; https://www.hadasragolsky.com/ ; https://www.bonot.org/projects-1/%D7%94%D7%93%D7%A1-%D7%A8%D7%92%D7%95%D7%9C%D7%A1%D7%A7%D7%99 ; https://www.ynet.co.il/activism/israel2048/article/rkswd6hbwl ; https://www.taasiya.pro/speaker/hadas-ragolski","60","יש שפת שותפות ואחריות אזרחית, אך אין במקורות עמדה מפורטת על גישור עם ימין, חרדים או מסורתיים."
"הדס רגולסקי","דעות","שסעים פנימיים בחברה היהודית","D-013","ראיית השסע העדתי והפריפריאלי כמרכיב מרכזי במשבר הפוליטי בישראל","unknown","לא נמצא מקור מספק בקובץ ההיגדים/פרופיל/מקורות הרשת שנבדקו; נשאר unknown לפי כלל לא לנחש","0","לא נמצא בסיס ישיר ומספיק במקורות שנבדקו לקביעה על היגד זה בלי ניחוש."
"הדס רגולסקי","דעות","שסעים פנימיים בחברה היהודית","D-014","נכונות לדבר עם מצביעים מזרחים, מסורתיים ופריפריאליים בשפה שאינה מתנשאת ואינה רק ליברלית־אשכנזית","unknown","לא נמצא מקור מספק בקובץ ההיגדים/פרופיל/מקורות הרשת שנבדקו; נשאר unknown לפי כלל לא לנחש","0","לא נמצא בסיס ישיר ומספיק במקורות שנבדקו לקביעה על היגד זה בלי ניחוש."
"הדס רגולסקי","דעות","שסעים פנימיים בחברה היהודית","D-015","ראיית השסע הדתי־חילוני כאיום מרכזי על הלכידות של החברה היהודית בישראל","supports","https://hagush.org.il/candidates.html ; https://www.hadasragolsky.com/ ; https://www.bonot.org/projects-1/%D7%94%D7%93%D7%A1-%D7%A8%D7%92%D7%95%D7%9C%D7%A1%D7%A7%D7%99 ; https://www.ynet.co.il/activism/israel2048/article/rkswd6hbwl ; https://www.taasiya.pro/speaker/hadas-ragolski","86","האתר מציג הפרדת דת ומדינה, מרחב ציבורי פתוח, התנגדות לכפייה דתית ולהדרת נשים ושוויון אזרחי."
"הדס רגולסקי","דעות","שסעים פנימיים בחברה היהודית","D-016","תמיכה בבניית ברית חדשה בין ליברלים, מסורתיים, דתיים מתונים ופריפריה חברתית","mixed","https://hagush.org.il/candidates.html ; https://www.hadasragolsky.com/ ; https://www.bonot.org/projects-1/%D7%94%D7%93%D7%A1-%D7%A8%D7%92%D7%95%D7%9C%D7%A1%D7%A7%D7%99 ; https://www.ynet.co.il/activism/israel2048/article/rkswd6hbwl ; https://www.taasiya.pro/speaker/hadas-ragolski","60","יש שפת שותפות ואחריות אזרחית, אך אין במקורות עמדה מפורטת על גישור עם ימין, חרדים או מסורתיים."
"הדס רגולסקי","דעות","שסעים פנימיים בחברה היהודית","D-017","ביקורת על מחנה המרכז־שמאל כאשר הוא נתפס כמנותק, אליטיסטי או חסר רגישות לפריפריה","unknown","לא נמצא מקור מספק בקובץ ההיגדים/פרופיל/מקורות הרשת שנבדקו; נשאר unknown לפי כלל לא לנחש","0","לא נמצא בסיס ישיר ומספיק במקורות שנבדקו לקביעה על היגד זה בלי ניחוש."
"הדס רגולסקי","דעות","שסעים פנימיים בחברה היהודית","D-018","העדפה לתיקון יחסי מרכז־פריפריה כחלק מבניית מחנה דמוקרטי רחב","unknown","לא נמצא מקור מספק בקובץ ההיגדים/פרופיל/מקורות הרשת שנבדקו; נשאר unknown לפי כלל לא לנחש","0","לא נמצא בסיס ישיר ומספיק במקורות שנבדקו לקביעה על היגד זה בלי ניחוש."
"הדס רגולסקי","דעות","מדינה יהודית ודמוקרטית, דת ומדינה","D-019","העדפה לזהות ישראלית שבה הרכיב הדמוקרטי קודם לרכיב הדתי־לאומי כאשר יש התנגשות ביניהם","supports","https://hagush.org.il/candidates.html ; https://www.hadasragolsky.com/ ; https://www.bonot.org/projects-1/%D7%94%D7%93%D7%A1-%D7%A8%D7%92%D7%95%D7%9C%D7%A1%D7%A7%D7%99 ; https://www.ynet.co.il/activism/israel2048/article/rkswd6hbwl ; https://www.taasiya.pro/speaker/hadas-ragolski","86","האתר מציג הפרדת דת ומדינה, מרחב ציבורי פתוח, התנגדות לכפייה דתית ולהדרת נשים ושוויון אזרחי."
"הדס רגולסקי","דעות","מדינה יהודית ודמוקרטית, דת ומדינה","D-020","העדפה לזהות ישראלית שבה היהדות היא מקור תרבותי וערכי, אך אינה צריכה לשלוט במוסדות המדינה","supports","https://hagush.org.il/candidates.html ; https://www.hadasragolsky.com/ ; https://www.bonot.org/projects-1/%D7%94%D7%93%D7%A1-%D7%A8%D7%92%D7%95%D7%9C%D7%A1%D7%A7%D7%99 ; https://www.ynet.co.il/activism/israel2048/article/rkswd6hbwl ; https://www.taasiya.pro/speaker/hadas-ragolski","86","האתר מציג הפרדת דת ומדינה, מרחב ציבורי פתוח, התנגדות לכפייה דתית ולהדרת נשים ושוויון אזרחי."
"הדס רגולסקי","דעות","מדינה יהודית ודמוקרטית, דת ומדינה","D-021","תמיכה בהפרדה ברורה יותר בין סמכות דתית לבין סמכות מדינתית","supports","https://hagush.org.il/candidates.html ; https://www.hadasragolsky.com/ ; https://www.bonot.org/projects-1/%D7%94%D7%93%D7%A1-%D7%A8%D7%92%D7%95%D7%9C%D7%A1%D7%A7%D7%99 ; https://www.ynet.co.il/activism/israel2048/article/rkswd6hbwl ; https://www.taasiya.pro/speaker/hadas-ragolski","86","האתר מציג הפרדת דת ומדינה, מרחב ציבורי פתוח, התנגדות לכפייה דתית ולהדרת נשים ושוויון אזרחי."
"הדס רגולסקי","דעות","מדינה יהודית ודמוקרטית, דת ומדינה","D-022","נכונות לשמר מרכיבים יהודיים־מסורתיים במרחב הציבורי כדי לאפשר שותפות עם ציבור מסורתי ודתי","mixed","https://hagush.org.il/candidates.html ; https://www.hadasragolsky.com/ ; https://www.bonot.org/projects-1/%D7%94%D7%93%D7%A1-%D7%A8%D7%92%D7%95%D7%9C%D7%A1%D7%A7%D7%99 ; https://www.ynet.co.il/activism/israel2048/article/rkswd6hbwl ; https://www.taasiya.pro/speaker/hadas-ragolski","55","היא מדגישה הפרדת דת ומדינה ומאבק בכפייה; לא נמצא פירוט על שימור מרכיבים מסורתיים לצורכי שותפות."
"הדס רגולסקי","דעות","מדינה יהודית ודמוקרטית, דת ומדינה","D-023","התנגדות לכפייה דתית בנושאי נישואין, שבת, חינוך, מעמד אישי או שירות ציבורי","supports","https://hagush.org.il/candidates.html ; https://www.hadasragolsky.com/ ; https://www.bonot.org/projects-1/%D7%94%D7%93%D7%A1-%D7%A8%D7%92%D7%95%D7%9C%D7%A1%D7%A7%D7%99 ; https://www.ynet.co.il/activism/israel2048/article/rkswd6hbwl ; https://www.taasiya.pro/speaker/hadas-ragolski","86","האתר מציג הפרדת דת ומדינה, מרחב ציבורי פתוח, התנגדות לכפייה דתית ולהדרת נשים ושוויון אזרחי."
"הדס רגולסקי","דעות","מדינה יהודית ודמוקרטית, דת ומדינה","D-024","תמיכה בשוויון חובות אזרחיות בין קבוצות, כולל שאלת גיוס חרדים או שירות אזרחי","supports","https://hagush.org.il/candidates.html ; https://www.hadasragolsky.com/ ; https://www.bonot.org/projects-1/%D7%94%D7%93%D7%A1-%D7%A8%D7%92%D7%95%D7%9C%D7%A1%D7%A7%D7%99 ; https://www.ynet.co.il/activism/israel2048/article/rkswd6hbwl ; https://www.taasiya.pro/speaker/hadas-ragolski","86","האתר מציג הפרדת דת ומדינה, מרחב ציבורי פתוח, התנגדות לכפייה דתית ולהדרת נשים ושוויון אזרחי."
"הדס רגולסקי","דעות","הפרדה, גישור או שתי מדינות לעם היהודי","D-025","אמונה שהפער בין ישראל ליברלית לבין ישראל שמרנית־דתית עדיין ניתן לגישור פוליטי וחברתי","mixed","https://hagush.org.il/candidates.html ; https://www.hadasragolsky.com/ ; https://www.bonot.org/projects-1/%D7%94%D7%93%D7%A1-%D7%A8%D7%92%D7%95%D7%9C%D7%A1%D7%A7%D7%99 ; https://www.ynet.co.il/activism/israel2048/article/rkswd6hbwl ; https://www.taasiya.pro/speaker/hadas-ragolski","60","יש שפת שותפות ואחריות אזרחית, אך אין במקורות עמדה מפורטת על גישור עם ימין, חרדים או מסורתיים."
"הדס רגולסקי","דעות","הפרדה, גישור או שתי מדינות לעם היהודי","D-026","ראיית הפער בין המחנות כעמוק עד כדי צורך בהסדרים של אוטונומיה, ביזור או הפרדה חלקית","unknown","לא נמצא מקור מספק בקובץ ההיגדים/פרופיל/מקורות הרשת שנבדקו; נשאר unknown לפי כלל לא לנחש","0","לא נמצא בסיס ישיר ומספיק במקורות שנבדקו לקביעה על היגד זה בלי ניחוש."
"הדס רגולסקי","דעות","הפרדה, גישור או שתי מדינות לעם היהודי","D-027","תמיכה בביזור סמכויות לשלטון מקומי כדי לאפשר לקהילות שונות לחיות לפי אורחות חיים שונים","unknown","לא נמצא מקור מספק בקובץ ההיגדים/פרופיל/מקורות הרשת שנבדקו; נשאר unknown לפי כלל לא לנחש","0","לא נמצא בסיס ישיר ומספיק במקורות שנבדקו לקביעה על היגד זה בלי ניחוש."
"הדס רגולסקי","דעות","הפרדה, גישור או שתי מדינות לעם היהודי","D-028","התנגדות לרעיון של שתי מדינות לעם היהודי והעדפה למאבק על מסגרת מדינתית אחת משותפת","unknown","לא נמצא מקור מספק בקובץ ההיגדים/פרופיל/מקורות הרשת שנבדקו; נשאר unknown לפי כלל לא לנחש","0","לא נמצא בסיס עובדתי מספיק בפרופיל ובמקורות שנבדקו כדי לקבוע את ההיגד בלי ניחוש."
"הדס רגולסקי","דעות","הפרדה, גישור או שתי מדינות לעם היהודי","D-029","פתיחות לרעיון של הסדרים פנימיים חדשים בין חילונים, דתיים, חרדים, מסורתיים וליברלים","mixed","https://hagush.org.il/candidates.html ; https://www.hadasragolsky.com/ ; https://www.bonot.org/projects-1/%D7%94%D7%93%D7%A1-%D7%A8%D7%92%D7%95%D7%9C%D7%A1%D7%A7%D7%99 ; https://www.ynet.co.il/activism/israel2048/article/rkswd6hbwl ; https://www.taasiya.pro/speaker/hadas-ragolski","60","יש שפת שותפות ואחריות אזרחית, אך אין במקורות עמדה מפורטת על גישור עם ימין, חרדים או מסורתיים."
"הדס רגולסקי","דעות","הפרדה, גישור או שתי מדינות לעם היהודי","D-030","ראיית המשבר הישראלי לא רק כמאבק ימין־שמאל אלא כמאבק בין מודלים שונים של חיים משותפים","mixed","https://hagush.org.il/candidates.html ; https://www.hadasragolsky.com/ ; https://www.bonot.org/projects-1/%D7%94%D7%93%D7%A1-%D7%A8%D7%92%D7%95%D7%9C%D7%A1%D7%A7%D7%99 ; https://www.ynet.co.il/activism/israel2048/article/rkswd6hbwl ; https://www.taasiya.pro/speaker/hadas-ragolski","60","יש שפת שותפות ואחריות אזרחית, אך אין במקורות עמדה מפורטת על גישור עם ימין, חרדים או מסורתיים."
"הדס רגולסקי","דעות","יהודים־ערבים, שוויון אזרחי וחיים משותפים","D-031","ראיית אזרחי ישראל הערבים כחלק מלא מהדיון על עתיד המדינה ולא כעניין נפרד או משני","supports","https://hagush.org.il/candidates.html ; https://www.hadasragolsky.com/ ; https://www.bonot.org/projects-1/%D7%94%D7%93%D7%A1-%D7%A8%D7%92%D7%95%D7%9C%D7%A1%D7%A7%D7%99 ; https://www.ynet.co.il/activism/israel2048/article/rkswd6hbwl ; https://www.taasiya.pro/speaker/hadas-ragolski","65","החזון שלה מדגיש שוויון, שותפות אזרחית ומרחב ציבורי השייך לכולן ולכולם; הבסיס קיים אך לא ממוקד רק בחברה הערבית."
"הדס רגולסקי","דעות","יהודים־ערבים, שוויון אזרחי וחיים משותפים","D-032","תמיכה בשוויון אזרחי גם כאשר הוא מחייב שינוי בחוקים, סמלים או חלוקת משאבים","supports","https://hagush.org.il/candidates.html ; https://www.hadasragolsky.com/ ; https://www.bonot.org/projects-1/%D7%94%D7%93%D7%A1-%D7%A8%D7%92%D7%95%D7%9C%D7%A1%D7%A7%D7%99 ; https://www.ynet.co.il/activism/israel2048/article/rkswd6hbwl ; https://www.taasiya.pro/speaker/hadas-ragolski","65","החזון שלה מדגיש שוויון, שותפות אזרחית ומרחב ציבורי השייך לכולן ולכולם; הבסיס קיים אך לא ממוקד רק בחברה הערבית."
"הדס רגולסקי","דעות","יהודים־ערבים, שוויון אזרחי וחיים משותפים","D-033","תמיכה בשותפות פוליטית יהודית־ערבית כחלק מבניית מחנה דמוקרטי רחב","mixed","https://hagush.org.il/candidates.html ; https://www.hadasragolsky.com/ ; https://www.bonot.org/projects-1/%D7%94%D7%93%D7%A1-%D7%A8%D7%92%D7%95%D7%9C%D7%A1%D7%A7%D7%99 ; https://www.ynet.co.il/activism/israel2048/article/rkswd6hbwl ; https://www.taasiya.pro/speaker/hadas-ragolski","52","יש בסיס שוויוני כללי, אך לא נמצאה עמדה מפורשת על שותפות פוליטית יהודית־ערבית או שילוב בתחומים ביטחוניים."
"הדס רגולסקי","דעות","יהודים־ערבים, שוויון אזרחי וחיים משותפים","D-034","העדפה לשילוב אזרחים ערבים במוקדי קבלת החלטות, כולל בתחומים מדיניים וביטחוניים","mixed","https://hagush.org.il/candidates.html ; https://www.hadasragolsky.com/ ; https://www.bonot.org/projects-1/%D7%94%D7%93%D7%A1-%D7%A8%D7%92%D7%95%D7%9C%D7%A1%D7%A7%D7%99 ; https://www.ynet.co.il/activism/israel2048/article/rkswd6hbwl ; https://www.taasiya.pro/speaker/hadas-ragolski","52","יש בסיס שוויוני כללי, אך לא נמצאה עמדה מפורשת על שותפות פוליטית יהודית־ערבית או שילוב בתחומים ביטחוניים."
"הדס רגולסקי","דעות","יהודים־ערבים, שוויון אזרחי וחיים משותפים","D-035","התנגדות לגזענות, הדרה או דה־לגיטימציה של הציבור הערבי בישראל","supports","https://hagush.org.il/candidates.html ; https://www.hadasragolsky.com/ ; https://www.bonot.org/projects-1/%D7%94%D7%93%D7%A1-%D7%A8%D7%92%D7%95%D7%9C%D7%A1%D7%A7%D7%99 ; https://www.ynet.co.il/activism/israel2048/article/rkswd6hbwl ; https://www.taasiya.pro/speaker/hadas-ragolski","65","החזון שלה מדגיש שוויון, שותפות אזרחית ומרחב ציבורי השייך לכולן ולכולם; הבסיס קיים אך לא ממוקד רק בחברה הערבית."
"הדס רגולסקי","דעות","יהודים־ערבים, שוויון אזרחי וחיים משותפים","D-036","הכרה בכך שחיים משותפים מחייבים גם התמודדות עם פחדים, טראומות וחוסר אמון בשני הצדדים","supports","https://hagush.org.il/candidates.html ; https://www.hadasragolsky.com/ ; https://www.bonot.org/projects-1/%D7%94%D7%93%D7%A1-%D7%A8%D7%92%D7%95%D7%9C%D7%A1%D7%A7%D7%99 ; https://www.ynet.co.il/activism/israel2048/article/rkswd6hbwl ; https://www.taasiya.pro/speaker/hadas-ragolski","65","החזון שלה מדגיש שוויון, שותפות אזרחית ומרחב ציבורי השייך לכולן ולכולם; הבסיס קיים אך לא ממוקד רק בחברה הערבית."
"הדס רגולסקי","דעות","ביטחון, פלסטינים והסדר מדיני","D-037","תמיכה בנתיב מדיני ארוך טווח מול הפלסטינים, גם לאחר שבעה באוקטובר","unknown","לא נמצא מקור מספק בקובץ ההיגדים/פרופיל/מקורות הרשת שנבדקו; נשאר unknown לפי כלל לא לנחש","0","לא נמצא בסיס ישיר ומספיק במקורות שנבדקו לקביעה על היגד זה בלי ניחוש."
"הדס רגולסקי","דעות","ביטחון, פלסטינים והסדר מדיני","D-038","העדפה להיפרדות מדינית וביטחונית מהפלסטינים כדי לשמור על ישראל יהודית ודמוקרטית","unknown","לא נמצא מקור מספק בקובץ ההיגדים/פרופיל/מקורות הרשת שנבדקו; נשאר unknown לפי כלל לא לנחש","0","לא נמצא בסיס ישיר ומספיק במקורות שנבדקו לקביעה על היגד זה בלי ניחוש."
"הדס רגולסקי","דעות","ביטחון, פלסטינים והסדר מדיני","D-039","תמיכה בפתרון שתי מדינות או במודל קרוב לו כיעד אסטרטגי","unknown","לא נמצא מקור מספק בקובץ ההיגדים/פרופיל/מקורות הרשת שנבדקו; נשאר unknown לפי כלל לא לנחש","0","לא נמצא בסיס ישיר ומספיק במקורות שנבדקו לקביעה על היגד זה בלי ניחוש."
"הדס רגולסקי","דעות","ביטחון, פלסטינים והסדר מדיני","D-040","פתיחות למודלים מדיניים מורכבים כגון קונפדרציה, גבולות פתוחים או הסדר אזורי","unknown","לא נמצא מקור מספק בקובץ ההיגדים/פרופיל/מקורות הרשת שנבדקו; נשאר unknown לפי כלל לא לנחש","0","לא נמצא בסיס ישיר ומספיק במקורות שנבדקו לקביעה על היגד זה בלי ניחוש."
"הדס רגולסקי","דעות","ביטחון, פלסטינים והסדר מדיני","D-041","התנגדות להמשך שליטה ישראלית קבועה על אוכלוסייה פלסטינית ללא זכויות אזר מלאות","unknown","לא נמצא מקור מספק בקובץ ההיגדים/פרופיל/מקורות הרשת שנבדקו; נשאר unknown לפי כלל לא לנחש","0","לא נמצא בסיס ישיר ומספיק במקורות שנבדקו לקביעה על היגד זה בלי ניחוש."
"הדס רגולסקי","דעות","ביטחון, פלסטינים והסדר מדיני","D-042","ראיית הסדר אזורי עם מדינות ערביות מתונות כחלק מרכזי מהעתיד הביטחוני של ישראל","unknown","לא נמצא מקור מספק בקובץ ההיגדים/פרופיל/מקורות הרשת שנבדקו; נשאר unknown לפי כלל לא לנחש","0","לא נמצא בסיס ישיר ומספיק במקורות שנבדקו לקביעה על היגד זה בלי ניחוש."
"הדס רגולסקי","דעות","שבעה באוקטובר, אחריות, חטופים וזיכרון לאומי","D-043","ראיית שבעה באוקטובר כאירוע שמחייב חשבון נפש מדינתי, מוסדי וחברתי עמוק","supports","https://hagush.org.il/candidates.html ; https://www.hadasragolsky.com/ ; https://www.bonot.org/projects-1/%D7%94%D7%93%D7%A1-%D7%A8%D7%92%D7%95%D7%9C%D7%A1%D7%A7%D7%99 ; https://www.ynet.co.il/activism/israel2048/article/rkswd6hbwl ; https://www.taasiya.pro/speaker/hadas-ragolski","82","היא יו״ר ועדה עירונית לטיפול בנפגעי 7 באוקטובר ומדגישה טיפול אמיתי במשברים ואחריות מוסדית."
"הדס רגולסקי","דעות","שבעה באוקטובר, אחריות, חטופים וזיכרון לאומי","D-044","תמיכה בוועדת חקירה ממלכתית ובאחריות אישית של הדרג המדיני והביטחוני","supports","https://hagush.org.il/candidates.html ; https://www.hadasragolsky.com/ ; https://www.bonot.org/projects-1/%D7%94%D7%93%D7%A1-%D7%A8%D7%92%D7%95%D7%9C%D7%A1%D7%A7%D7%99 ; https://www.ynet.co.il/activism/israel2048/article/rkswd6hbwl ; https://www.taasiya.pro/speaker/hadas-ragolski","82","היא יו״ר ועדה עירונית לטיפול בנפגעי 7 באוקטובר ומדגישה טיפול אמיתי במשברים ואחריות מוסדית."
"הדס רגולסקי","דעות","שבעה באוקטובר, אחריות, חטופים וזיכרון לאומי","D-045","ראיית החטופים והמשפחות כסמל מוסרי מרכזי של אחריות המדינה לאזרחיה","supports","https://hagush.org.il/candidates.html ; https://www.hadasragolsky.com/ ; https://www.bonot.org/projects-1/%D7%94%D7%93%D7%A1-%D7%A8%D7%92%D7%95%D7%9C%D7%A1%D7%A7%D7%99 ; https://www.ynet.co.il/activism/israel2048/article/rkswd6hbwl ; https://www.taasiya.pro/speaker/hadas-ragolski","82","היא יו״ר ועדה עירונית לטיפול בנפגעי 7 באוקטובר ומדגישה טיפול אמיתי במשברים ואחריות מוסדית."
"הדס רגולסקי","דעות","שבעה באוקטובר, אחריות, חטופים וזיכרון לאומי","D-046","התנגדות לשימוש פוליטי ציני בכאב של משפחות, נפגעים או קהילות שנפגעו במלחמה","supports","https://hagush.org.il/candidates.html ; https://www.hadasragolsky.com/ ; https://www.bonot.org/projects-1/%D7%94%D7%93%D7%A1-%D7%A8%D7%92%D7%95%D7%9C%D7%A1%D7%A7%D7%99 ; https://www.ynet.co.il/activism/israel2048/article/rkswd6hbwl ; https://www.taasiya.pro/speaker/hadas-ragolski","82","היא יו״ר ועדה עירונית לטיפול בנפגעי 7 באוקטובר ומדגישה טיפול אמיתי במשברים ואחריות מוסדית."
"הדס רגולסקי","דעות","שבעה באוקטובר, אחריות, חטופים וזיכרון לאומי","D-047","תמיכה בשיקום העוטף והקהילות שנפגעו כחלק מהחוזה הבסיסי בין המדינה לאזרחיה","supports","https://hagush.org.il/candidates.html ; https://www.hadasragolsky.com/ ; https://www.bonot.org/projects-1/%D7%94%D7%93%D7%A1-%D7%A8%D7%92%D7%95%D7%9C%D7%A1%D7%A7%D7%99 ; https://www.ynet.co.il/activism/israel2048/article/rkswd6hbwl ; https://www.taasiya.pro/speaker/hadas-ragolski","82","היא יו״ר ועדה עירונית לטיפול בנפגעי 7 באוקטובר ומדגישה טיפול אמיתי במשברים ואחריות מוסדית."
"הדס רגולסקי","דעות","שבעה באוקטובר, אחריות, חטופים וזיכרון לאומי","D-048","ראיית הטראומה של שבעה באוקטובר כבסיס לבניית מדיניות חדשה, לא רק כהצדקה להמשך מלחמה","supports","https://hagush.org.il/candidates.html ; https://www.hadasragolsky.com/ ; https://www.bonot.org/projects-1/%D7%94%D7%93%D7%A1-%D7%A8%D7%92%D7%95%D7%9C%D7%A1%D7%A7%D7%99 ; https://www.ynet.co.il/activism/israel2048/article/rkswd6hbwl ; https://www.taasiya.pro/speaker/hadas-ragolski","82","היא יו״ר ועדה עירונית לטיפול בנפגעי 7 באוקטובר ומדגישה טיפול אמיתי במשברים ואחריות מוסדית."
"הדס רגולסקי","דעות","חברה, כלכלה, רווחה ופריפריה","D-049","הצבת צמצום אי־שוויון חברתי־כלכלי כנושא מרכזי בזהות הפוליטית","supports","https://hagush.org.il/candidates.html ; https://www.hadasragolsky.com/ ; https://www.bonot.org/projects-1/%D7%94%D7%93%D7%A1-%D7%A8%D7%92%D7%95%D7%9C%D7%A1%D7%A7%D7%99 ; https://www.ynet.co.il/activism/israel2048/article/rkswd6hbwl ; https://www.taasiya.pro/speaker/hadas-ragolski","72","מקורותיה מציגים שוויון מגדרי, חינוך ציבורי, שוויון, חברה אזרחית והנהגה מקומית; זה בסיס חברתי־כלכלי סביר."
"הדס רגולסקי","דעות","חברה, כלכלה, רווחה ופריפריה","D-050","תמיכה בהרחבת אחריות המדינה בתחומי דיור, חינוך, בריאות ורווחה","supports","https://hagush.org.il/candidates.html ; https://www.hadasragolsky.com/ ; https://www.bonot.org/projects-1/%D7%94%D7%93%D7%A1-%D7%A8%D7%92%D7%95%D7%9C%D7%A1%D7%A7%D7%99 ; https://www.ynet.co.il/activism/israel2048/article/rkswd6hbwl ; https://www.taasiya.pro/speaker/hadas-ragolski","72","מקורותיה מציגים שוויון מגדרי, חינוך ציבורי, שוויון, חברה אזרחית והנהגה מקומית; זה בסיס חברתי־כלכלי סביר."
"הדס רגולסקי","דעות","חברה, כלכלה, רווחה ופריפריה","D-051","תמיכה בזכויות עובדים, עבודה מאורגנת והגנה על שכבות מוחלשות","supports","https://hagush.org.il/candidates.html ; https://www.hadasragolsky.com/ ; https://www.bonot.org/projects-1/%D7%94%D7%93%D7%A1-%D7%A8%D7%92%D7%95%D7%9C%D7%A1%D7%A7%D7%99 ; https://www.ynet.co.il/activism/israel2048/article/rkswd6hbwl ; https://www.taasiya.pro/speaker/hadas-ragolski","72","מקורותיה מציגים שוויון מגדרי, חינוך ציבורי, שוויון, חברה אזרחית והנהגה מקומית; זה בסיס חברתי־כלכלי סביר."
"הדס רגולסקי","דעות","חברה, כלכלה, רווחה ופריפריה","D-052","ראיית הפריפריה הגיאוגרפית והחברתית כשותפה אסטרטגית ולא כקהל יעד משני","mixed","https://hagush.org.il/candidates.html ; https://www.hadasragolsky.com/ ; https://www.bonot.org/projects-1/%D7%94%D7%93%D7%A1-%D7%A8%D7%92%D7%95%D7%9C%D7%A1%D7%A7%D7%99 ; https://www.ynet.co.il/activism/israel2048/article/rkswd6hbwl ; https://www.taasiya.pro/speaker/hadas-ragolski","60","הרקע בנתיב העשרה ובעוטף עזה מחזק רגישות לפריפריה ולעוטף, אך אין מצע אזורי מפורט."
"הדס רגולסקי","דעות","חברה, כלכלה, רווחה ופריפריה","D-053","תמיכה בהשקעה ארוכת טווח בנגב, בגליל, בעוטף ובערים מוחלשות","mixed","https://hagush.org.il/candidates.html ; https://www.hadasragolsky.com/ ; https://www.bonot.org/projects-1/%D7%94%D7%93%D7%A1-%D7%A8%D7%92%D7%95%D7%9C%D7%A1%D7%A7%D7%99 ; https://www.ynet.co.il/activism/israel2048/article/rkswd6hbwl ; https://www.taasiya.pro/speaker/hadas-ragolski","60","הרקע בנתיב העשרה ובעוטף עזה מחזק רגישות לפריפריה ולעוטף, אך אין מצע אזורי מפורט."
"הדס רגולסקי","דעות","חברה, כלכלה, רווחה ופריפריה","D-054","חיבור בין צדק חברתי לבין בניית מחנה פוליטי חדש ורחב יותר","supports","https://hagush.org.il/candidates.html ; https://www.hadasragolsky.com/ ; https://www.bonot.org/projects-1/%D7%94%D7%93%D7%A1-%D7%A8%D7%92%D7%95%D7%9C%D7%A1%D7%A7%D7%99 ; https://www.ynet.co.il/activism/israel2048/article/rkswd6hbwl ; https://www.taasiya.pro/speaker/hadas-ragolski","72","מקורותיה מציגים שוויון מגדרי, חינוך ציבורי, שוויון, חברה אזרחית והנהגה מקומית; זה בסיס חברתי־כלכלי סביר."
"הדס רגולסקי","דעות","סגנון פשרה, גבולות ויכולת הסכמה","D-055","נכונות לפשרות פוליטיות רחבות כדי לשקם את המדינה גם במחיר ויתור אידיאולוגי חלקי","supports","https://hagush.org.il/candidates.html ; https://www.hadasragolsky.com/ ; https://www.bonot.org/projects-1/%D7%94%D7%93%D7%A1-%D7%A8%D7%92%D7%95%D7%9C%D7%A1%D7%A7%D7%99 ; https://www.ynet.co.il/activism/israel2048/article/rkswd6hbwl ; https://www.taasiya.pro/speaker/hadas-ragolski","72","הרקע בשלטון מקומי, מוסדות, הנהגה אזרחית ועבודה מתמשכת תומך בשיקום ממלכתי ובהסכמות ענייניות."
"הדס רגולסקי","דעות","סגנון פשרה, גבולות ויכולת הסכמה","D-056","הצבת קווים אדומים ברורים שמעליהם אין מקום לפשרה עם יריבים פוליטיים","supports","https://hagush.org.il/candidates.html ; https://www.hadasragolsky.com/ ; https://www.bonot.org/projects-1/%D7%94%D7%93%D7%A1-%D7%A8%D7%92%D7%95%D7%9C%D7%A1%D7%A7%D7%99 ; https://www.ynet.co.il/activism/israel2048/article/rkswd6hbwl ; https://www.taasiya.pro/speaker/hadas-ragolski","70","כמובילת מחאה נגד ההפיכה המשטרית וכמי שנאבקת בכפייה והדרת נשים יש בסיס לקווים אדומים ומאבק חד."
"הדס רגולסקי","דעות","סגנון פשרה, גבולות ויכולת הסכמה","D-057","העדפה להסכמות רחבות ולאיטיות על פני מהלכים חדים ומהירים","supports","https://hagush.org.il/candidates.html ; https://www.hadasragolsky.com/ ; https://www.bonot.org/projects-1/%D7%94%D7%93%D7%A1-%D7%A8%D7%92%D7%95%D7%9C%D7%A1%D7%A7%D7%99 ; https://www.ynet.co.il/activism/israel2048/article/rkswd6hbwl ; https://www.taasiya.pro/speaker/hadas-ragolski","72","הרקע בשלטון מקומי, מוסדות, הנהגה אזרחית ועבודה מתמשכת תומך בשיקום ממלכתי ובהסכמות ענייניות."
"הדס רגולסקי","דעות","סגנון פשרה, גבולות ויכולת הסכמה","D-058","העדפה למאבק חד וברור כאשר פשרה נתפסת ככניעה לכוחות אנטי־דמוקרטיים","supports","https://hagush.org.il/candidates.html ; https://www.hadasragolsky.com/ ; https://www.bonot.org/projects-1/%D7%94%D7%93%D7%A1-%D7%A8%D7%92%D7%95%D7%9C%D7%A1%D7%A7%D7%99 ; https://www.ynet.co.il/activism/israel2048/article/rkswd6hbwl ; https://www.taasiya.pro/speaker/hadas-ragolski","70","כמובילת מחאה נגד ההפיכה המשטרית וכמי שנאבקת בכפייה והדרת נשים יש בסיס לקווים אדומים ומאבק חד."
"הדס רגולסקי","דעות","סגנון פשרה, גבולות ויכולת הסכמה","D-059","יכולת להבחין בין פשרה עניינית לבין טשטוש ערכי מסוכן","supports","https://hagush.org.il/candidates.html ; https://www.hadasragolsky.com/ ; https://www.bonot.org/projects-1/%D7%94%D7%93%D7%A1-%D7%A8%D7%92%D7%95%D7%9C%D7%A1%D7%A7%D7%99 ; https://www.ynet.co.il/activism/israel2048/article/rkswd6hbwl ; https://www.taasiya.pro/speaker/hadas-ragolski","72","הרקע בשלטון מקומי, מוסדות, הנהגה אזרחית ועבודה מתמשכת תומך בשיקום ממלכתי ובהסכמות ענייניות."
"הדס רגולסקי","דעות","סגנון פשרה, גבולות ויכולת הסכמה","D-060","נכונות לבנות קואליציות עתידיות עם גורמים שאינם שייכים למחנה הטבעי, אם הם מקבלים כללי משחק דמוקרטיים","supports","https://hagush.org.il/candidates.html ; https://www.hadasragolsky.com/ ; https://www.bonot.org/projects-1/%D7%94%D7%93%D7%A1-%D7%A8%D7%92%D7%95%D7%9C%D7%A1%D7%A7%D7%99 ; https://www.ynet.co.il/activism/israel2048/article/rkswd6hbwl ; https://www.taasiya.pro/speaker/hadas-ragolski","72","הרקע בשלטון מקומי, מוסדות, הנהגה אזרחית ועבודה מתמשכת תומך בשיקום ממלכתי ובהסכמות ענייניות."
"הדס רגולסקי","יכולות","מומחיות מדינית, ביטחונית וממשלית","cap_001","ניסיון ישיר במערכות מדינה בכירות או במוקדי קבלת החלטות","partial","https://hagush.org.il/candidates.html ; https://www.hadasragolsky.com/ ; https://www.bonot.org/projects-1/%D7%94%D7%93%D7%A1-%D7%A8%D7%92%D7%95%D7%9C%D7%A1%D7%A7%D7%99 ; https://www.ynet.co.il/activism/israel2048/article/rkswd6hbwl ; https://www.taasiya.pro/speaker/hadas-ragolski","50","קיימים ניסיון ציבורי, מוניציפלי ודוברות צבאית, אך לא מומחיות מדינית־ביטחונית בכירה."
"הדס רגולסקי","יכולות","מומחיות מדינית, ביטחונית וממשלית","cap_002","הבנה מוכחת של סוגיות מדיניות, ביטחוניות ואזוריות מורכבות","partial","https://hagush.org.il/candidates.html ; https://www.hadasragolsky.com/ ; https://www.bonot.org/projects-1/%D7%94%D7%93%D7%A1-%D7%A8%D7%92%D7%95%D7%9C%D7%A1%D7%A7%D7%99 ; https://www.ynet.co.il/activism/israel2048/article/rkswd6hbwl ; https://www.taasiya.pro/speaker/hadas-ragolski","50","קיימים ניסיון ציבורי, מוניציפלי ודוברות צבאית, אך לא מומחיות מדינית־ביטחונית בכירה."
"הדס רגולסקי","יכולות","מומחיות מדינית, ביטחונית וממשלית","cap_003","ניסיון במשא ומתן, דיאלוג אסטרטגי או קשרים בינלאומיים","partial","https://hagush.org.il/candidates.html ; https://www.hadasragolsky.com/ ; https://www.bonot.org/projects-1/%D7%94%D7%93%D7%A1-%D7%A8%D7%92%D7%95%D7%9C%D7%A1%D7%A7%D7%99 ; https://www.ynet.co.il/activism/israel2048/article/rkswd6hbwl ; https://www.taasiya.pro/speaker/hadas-ragolski","50","קיימים ניסיון ציבורי, מוניציפלי ודוברות צבאית, אך לא מומחיות מדינית־ביטחונית בכירה."
"הדס רגולסקי","יכולות","מומחיות מדינית, ביטחונית וממשלית","cap_004","ניסיון צבאי, מודיעיני או ביטחוני בעל רלוונטיות לעבודה ציבורית","partial","https://hagush.org.il/candidates.html ; https://www.hadasragolsky.com/ ; https://www.bonot.org/projects-1/%D7%94%D7%93%D7%A1-%D7%A8%D7%92%D7%95%D7%9C%D7%A1%D7%A7%D7%99 ; https://www.ynet.co.il/activism/israel2048/article/rkswd6hbwl ; https://www.taasiya.pro/speaker/hadas-ragolski","50","קיימים ניסיון ציבורי, מוניציפלי ודוברות צבאית, אך לא מומחיות מדינית־ביטחונית בכירה."
"הדס רגולסקי","יכולות","מומחיות מדינית, ביטחונית וממשלית","cap_005","יכולת לגבש תפיסה מדינית־ביטחונית סדורה ולא רק עמדה ערכית כללית","partial","https://hagush.org.il/candidates.html ; https://www.hadasragolsky.com/ ; https://www.bonot.org/projects-1/%D7%94%D7%93%D7%A1-%D7%A8%D7%92%D7%95%D7%9C%D7%A1%D7%A7%D7%99 ; https://www.ynet.co.il/activism/israel2048/article/rkswd6hbwl ; https://www.taasiya.pro/speaker/hadas-ragolski","50","קיימים ניסיון ציבורי, מוניציפלי ודוברות צבאית, אך לא מומחיות מדינית־ביטחונית בכירה."
"הדס רגולסקי","יכולות","מומחיות מדינית, ביטחונית וממשלית","cap_006","יכולת לחבר בין יעדים ביטחוניים לבין יעדים מדיניים ארוכי טווח","partial","https://hagush.org.il/candidates.html ; https://www.hadasragolsky.com/ ; https://www.bonot.org/projects-1/%D7%94%D7%93%D7%A1-%D7%A8%D7%92%D7%95%D7%9C%D7%A1%D7%A7%D7%99 ; https://www.ynet.co.il/activism/israel2048/article/rkswd6hbwl ; https://www.taasiya.pro/speaker/hadas-ragolski","50","קיימים ניסיון ציבורי, מוניציפלי ודוברות צבאית, אך לא מומחיות מדינית־ביטחונית בכירה."
"הדס רגולסקי","יכולות","ארגון, ניהול וביצוע","cap_007","ניסיון בהקמה וניהול של ארגונים, חברות, תנועות או מטות פעולה","has","https://hagush.org.il/candidates.html ; https://www.hadasragolsky.com/ ; https://www.bonot.org/projects-1/%D7%94%D7%93%D7%A1-%D7%A8%D7%92%D7%95%D7%9C%D7%A1%D7%A7%D7%99 ; https://www.ynet.co.il/activism/israel2048/article/rkswd6hbwl ; https://www.taasiya.pro/speaker/hadas-ragolski","88","היא חברת מועצה, ממייסדות בונות אלטרנטיבה, לשעבר מנכ״לית חוזה חדש והובילה מהלך ארצי ברשויות; בסיס חזק לארגון וביצוע."
"הדס רגולסקי","יכולות","ארגון, ניהול וביצוע","cap_008","יכולת להוביל צוותים, תקציבים, קהילות או מערכות מורכבות","has","https://hagush.org.il/candidates.html ; https://www.hadasragolsky.com/ ; https://www.bonot.org/projects-1/%D7%94%D7%93%D7%A1-%D7%A8%D7%92%D7%95%D7%9C%D7%A1%D7%A7%D7%99 ; https://www.ynet.co.il/activism/israel2048/article/rkswd6hbwl ; https://www.taasiya.pro/speaker/hadas-ragolski","88","היא חברת מועצה, ממייסדות בונות אלטרנטיבה, לשעבר מנכ״לית חוזה חדש והובילה מהלך ארצי ברשויות; בסיס חזק לארגון וביצוע."
"הדס רגולסקי","יכולות","ארגון, ניהול וביצוע","cap_009","הובלת מאבקים ציבוריים שהניבו תוצאות ממשיות","has","https://hagush.org.il/candidates.html ; https://www.hadasragolsky.com/ ; https://www.bonot.org/projects-1/%D7%94%D7%93%D7%A1-%D7%A8%D7%92%D7%95%D7%9C%D7%A1%D7%A7%D7%99 ; https://www.ynet.co.il/activism/israel2048/article/rkswd6hbwl ; https://www.taasiya.pro/speaker/hadas-ragolski","88","היא חברת מועצה, ממייסדות בונות אלטרנטיבה, לשעבר מנכ״לית חוזה חדש והובילה מהלך ארצי ברשויות; בסיס חזק לארגון וביצוע."
"הדס רגולסקי","יכולות","ארגון, ניהול וביצוע","cap_010","יכולת להפוך רעיון כללי לתשתית פעולה מתמשכת","has","https://hagush.org.il/candidates.html ; https://www.hadasragolsky.com/ ; https://www.bonot.org/projects-1/%D7%94%D7%93%D7%A1-%D7%A8%D7%92%D7%95%D7%9C%D7%A1%D7%A7%D7%99 ; https://www.ynet.co.il/activism/israel2048/article/rkswd6hbwl ; https://www.taasiya.pro/speaker/hadas-ragolski","88","היא חברת מועצה, ממייסדות בונות אלטרנטיבה, לשעבר מנכ״לית חוזה חדש והובילה מהלך ארצי ברשויות; בסיס חזק לארגון וביצוע."
"הדס רגולסקי","יכולות","ארגון, ניהול וביצוע","cap_011","ניסיון בניהול משברים ציבוריים, פוליטיים או ארגוניים","has","https://hagush.org.il/candidates.html ; https://www.hadasragolsky.com/ ; https://www.bonot.org/projects-1/%D7%94%D7%93%D7%A1-%D7%A8%D7%92%D7%95%D7%9C%D7%A1%D7%A7%D7%99 ; https://www.ynet.co.il/activism/israel2048/article/rkswd6hbwl ; https://www.taasiya.pro/speaker/hadas-ragolski","88","היא חברת מועצה, ממייסדות בונות אלטרנטיבה, לשעבר מנכ״לית חוזה חדש והובילה מהלך ארצי ברשויות; בסיס חזק לארגון וביצוע."
"הדס רגולסקי","יכולות","ארגון, ניהול וביצוע","cap_012","מוכנות לקחת אחריות אישית גבוהה על מהלך ציבורי או ארגוני","has","https://hagush.org.il/candidates.html ; https://www.hadasragolsky.com/ ; https://www.bonot.org/projects-1/%D7%94%D7%93%D7%A1-%D7%A8%D7%92%D7%95%D7%9C%D7%A1%D7%A7%D7%99 ; https://www.ynet.co.il/activism/israel2048/article/rkswd6hbwl ; https://www.taasiya.pro/speaker/hadas-ragolski","88","היא חברת מועצה, ממייסדות בונות אלטרנטיבה, לשעבר מנכ״לית חוזה חדש והובילה מהלך ארצי ברשויות; בסיס חזק לארגון וביצוע."
"הדס רגולסקי","יכולות","חקיקה, פוליטיקה ומוסדות","cap_013","ניסיון בעבודה פרלמנטרית, ועדות כנסת, חקיקה או הצעות חוק","partial","https://hagush.org.il/candidates.html ; https://www.hadasragolsky.com/ ; https://www.bonot.org/projects-1/%D7%94%D7%93%D7%A1-%D7%A8%D7%92%D7%95%D7%9C%D7%A1%D7%A7%D7%99 ; https://www.ynet.co.il/activism/israel2048/article/rkswd6hbwl ; https://www.taasiya.pro/speaker/hadas-ragolski","65","יש ניסיון בשלטון מקומי, מטות ותנועות אזרחיות, אך לא ניסיון פרלמנטרי ישיר בכנסת."
"הדס רגולסקי","יכולות","חקיקה, פוליטיקה ומוסדות","cap_014","היכרות מעשית עם מנגנוני מפלגות, פריימריז, רשימות וקואליציות","partial","https://hagush.org.il/candidates.html ; https://www.hadasragolsky.com/ ; https://www.bonot.org/projects-1/%D7%94%D7%93%D7%A1-%D7%A8%D7%92%D7%95%D7%9C%D7%A1%D7%A7%D7%99 ; https://www.ynet.co.il/activism/israel2048/article/rkswd6hbwl ; https://www.taasiya.pro/speaker/hadas-ragolski","65","יש ניסיון בשלטון מקומי, מטות ותנועות אזרחיות, אך לא ניסיון פרלמנטרי ישיר בכנסת."
"הדס רגולסקי","יכולות","חקיקה, פוליטיקה ומוסדות","cap_015","יכולת לפעול בתוך מוסדות קיימים ולא רק מחוץ להם","partial","https://hagush.org.il/candidates.html ; https://www.hadasragolsky.com/ ; https://www.bonot.org/projects-1/%D7%94%D7%93%D7%A1-%D7%A8%D7%92%D7%95%D7%9C%D7%A1%D7%A7%D7%99 ; https://www.ynet.co.il/activism/israel2048/article/rkswd6hbwl ; https://www.taasiya.pro/speaker/hadas-ragolski","65","יש ניסיון בשלטון מקומי, מטות ותנועות אזרחיות, אך לא ניסיון פרלמנטרי ישיר בכנסת."
"הדס רגולסקי","יכולות","חקיקה, פוליטיקה ומוסדות","cap_016","ניסיון בבניית תנועה פוליטית, מפלגה או אלטרנטיבה שלטונית","has","https://hagush.org.il/candidates.html ; https://www.hadasragolsky.com/ ; https://www.bonot.org/projects-1/%D7%94%D7%93%D7%A1-%D7%A8%D7%92%D7%95%D7%9C%D7%A1%D7%A7%D7%99 ; https://www.ynet.co.il/activism/israel2048/article/rkswd6hbwl ; https://www.taasiya.pro/speaker/hadas-ragolski","75","הקמה והובלה של מטה הדמוקרטיות וחוזה חדש וכן חיבור בין מחאה לרשויות נותנים בסיס לבניית תנועה/אלטרנטיבה."
"הדס רגולסקי","יכולות","חקיקה, פוליטיקה ומוסדות","cap_017","יכולת לייצר שיתופי פעולה בין זרמים, מפלגות או קבוצות אינטרס","partial","https://hagush.org.il/candidates.html ; https://www.hadasragolsky.com/ ; https://www.bonot.org/projects-1/%D7%94%D7%93%D7%A1-%D7%A8%D7%92%D7%95%D7%9C%D7%A1%D7%A7%D7%99 ; https://www.ynet.co.il/activism/israel2048/article/rkswd6hbwl ; https://www.taasiya.pro/speaker/hadas-ragolski","65","יש ניסיון בשלטון מקומי, מטות ותנועות אזרחיות, אך לא ניסיון פרלמנטרי ישיר בכנסת."
"הדס רגולסקי","יכולות","חקיקה, פוליטיקה ומוסדות","cap_018","יכולת לתרגם עמדות אידיאולוגיות לפעולות מוסדיות או חקיקתיות","partial","https://hagush.org.il/candidates.html ; https://www.hadasragolsky.com/ ; https://www.bonot.org/projects-1/%D7%94%D7%93%D7%A1-%D7%A8%D7%92%D7%95%D7%9C%D7%A1%D7%A7%D7%99 ; https://www.ynet.co.il/activism/israel2048/article/rkswd6hbwl ; https://www.taasiya.pro/speaker/hadas-ragolski","65","יש ניסיון בשלטון מקומי, מטות ותנועות אזרחיות, אך לא ניסיון פרלמנטרי ישיר בכנסת."
"הדס רגולסקי","יכולות","תקשורת, הסברה והשפעה ציבורית","cap_019","יכולת ליצור מסרים חדים, ברורים וזכירים","has","https://hagush.org.il/candidates.html ; https://www.hadasragolsky.com/ ; https://www.bonot.org/projects-1/%D7%94%D7%93%D7%A1-%D7%A8%D7%92%D7%95%D7%9C%D7%A1%D7%A7%D7%99 ; https://www.ynet.co.il/activism/israel2048/article/rkswd6hbwl ; https://www.taasiya.pro/speaker/hadas-ragolski","92","הרקע של יותר מ-25 שנה בתקשורת, עריכה, הרצאות, אסטרטגיה ומחאה מספק בסיס חזק מאוד להסברה, מסר ונראות."
"הדס רגולסקי","יכולות","תקשורת, הסברה והשפעה ציבורית","cap_020","יכולת לייצר תוכן דיגיטלי, ויראלי או תקשורתי שמגיע לקהלים רחבים","has","https://hagush.org.il/candidates.html ; https://www.hadasragolsky.com/ ; https://www.bonot.org/projects-1/%D7%94%D7%93%D7%A1-%D7%A8%D7%92%D7%95%D7%9C%D7%A1%D7%A7%D7%99 ; https://www.ynet.co.il/activism/israel2048/article/rkswd6hbwl ; https://www.taasiya.pro/speaker/hadas-ragolski","92","הרקע של יותר מ-25 שנה בתקשורת, עריכה, הרצאות, אסטרטגיה ומחאה מספק בסיס חזק מאוד להסברה, מסר ונראות."
"הדס רגולסקי","יכולות","תקשורת, הסברה והשפעה ציבורית","cap_021","ניסיון בהופעה ציבורית, ראיונות, פודקאסטים, קולנוע, כתיבה או הרצאות","has","https://hagush.org.il/candidates.html ; https://www.hadasragolsky.com/ ; https://www.bonot.org/projects-1/%D7%94%D7%93%D7%A1-%D7%A8%D7%92%D7%95%D7%9C%D7%A1%D7%A7%D7%99 ; https://www.ynet.co.il/activism/israel2048/article/rkswd6hbwl ; https://www.taasiya.pro/speaker/hadas-ragolski","92","הרקע של יותר מ-25 שנה בתקשורת, עריכה, הרצאות, אסטרטגיה ומחאה מספק בסיס חזק מאוד להסברה, מסר ונראות."
"הדס רגולסקי","יכולות","תקשורת, הסברה והשפעה ציבורית","cap_022","יכולת להסביר נושאים מורכבים בשפה נגישה ולא טכנוקרטית","has","https://hagush.org.il/candidates.html ; https://www.hadasragolsky.com/ ; https://www.bonot.org/projects-1/%D7%94%D7%93%D7%A1-%D7%A8%D7%92%D7%95%D7%9C%D7%A1%D7%A7%D7%99 ; https://www.ynet.co.il/activism/israel2048/article/rkswd6hbwl ; https://www.taasiya.pro/speaker/hadas-ragolski","92","הרקע של יותר מ-25 שנה בתקשורת, עריכה, הרצאות, אסטרטגיה ומחאה מספק בסיס חזק מאוד להסברה, מסר ונראות."
"הדס רגולסקי","יכולות","תקשורת, הסברה והשפעה ציבורית","cap_023","יכולת לנהל מאבק תודעתי מול יריבים פוליטיים או תקשורתיים","has","https://hagush.org.il/candidates.html ; https://www.hadasragolsky.com/ ; https://www.bonot.org/projects-1/%D7%94%D7%93%D7%A1-%D7%A8%D7%92%D7%95%D7%9C%D7%A1%D7%A7%D7%99 ; https://www.ynet.co.il/activism/israel2048/article/rkswd6hbwl ; https://www.taasiya.pro/speaker/hadas-ragolski","92","הרקע של יותר מ-25 שנה בתקשורת, עריכה, הרצאות, אסטרטגיה ומחאה מספק בסיס חזק מאוד להסברה, מסר ונראות."
"הדס רגולסקי","יכולות","תקשורת, הסברה והשפעה ציבורית","cap_024","יכולת להפוך סיפור אישי או ערכי לכלי גיוס ציבורי","has","https://hagush.org.il/candidates.html ; https://www.hadasragolsky.com/ ; https://www.bonot.org/projects-1/%D7%94%D7%93%D7%A1-%D7%A8%D7%92%D7%95%D7%9C%D7%A1%D7%A7%D7%99 ; https://www.ynet.co.il/activism/israel2048/article/rkswd6hbwl ; https://www.taasiya.pro/speaker/hadas-ragolski","92","הרקע של יותר מ-25 שנה בתקשורת, עריכה, הרצאות, אסטרטגיה ומחאה מספק בסיס חזק מאוד להסברה, מסר ונראות."
"הדס רגולסקי","יכולות","חיבור בין קהלים ועולמות","cap_025","יכולת לחבר בין יהודים לערבים בתוך מסגרת פוליטית או אזרחית משותפת","partial","https://hagush.org.il/candidates.html ; https://www.hadasragolsky.com/ ; https://www.bonot.org/projects-1/%D7%94%D7%93%D7%A1-%D7%A8%D7%92%D7%95%D7%9C%D7%A1%D7%A7%D7%99 ; https://www.ynet.co.il/activism/israel2048/article/rkswd6hbwl ; https://www.taasiya.pro/speaker/hadas-ragolski","58","יש שפת שותפות אזרחית ושוויון, אך לא נמצא ניסיון מובהק בחיבור יהודי־ערבי או פריפריאלי רחב."
"הדס רגולסקי","יכולות","חיבור בין קהלים ועולמות","cap_026","יכולת לחבר בין שמאל ליברלי לבין פריפריה מזרחית, מסורתית או גיאוגרפית","partial","https://hagush.org.il/candidates.html ; https://www.hadasragolsky.com/ ; https://www.bonot.org/projects-1/%D7%94%D7%93%D7%A1-%D7%A8%D7%92%D7%95%D7%9C%D7%A1%D7%A7%D7%99 ; https://www.ynet.co.il/activism/israel2048/article/rkswd6hbwl ; https://www.taasiya.pro/speaker/hadas-ragolski","58","יש שפת שותפות אזרחית ושוויון, אך לא נמצא ניסיון מובהק בחיבור יהודי־ערבי או פריפריאלי רחב."
"הדס רגולסקי","יכולות","חיבור בין קהלים ועולמות","cap_027","יכולת לחבר בין עולם המחאה לבין עבודה מפלגתית ומוסדית","has","https://hagush.org.il/candidates.html ; https://www.hadasragolsky.com/ ; https://www.bonot.org/projects-1/%D7%94%D7%93%D7%A1-%D7%A8%D7%92%D7%95%D7%9C%D7%A1%D7%A7%D7%99 ; https://www.ynet.co.il/activism/israel2048/article/rkswd6hbwl ; https://www.taasiya.pro/speaker/hadas-ragolski","78","היא מחברת מחאה, שלטון מקומי, מטה מפלגתי, תקשורת ושיתוף ציבור; יש בסיס טוב לחדשנות וללמידה ציבורית."
"הדס רגולסקי","יכולות","חיבור בין קהלים ועולמות","cap_028","יכולת לחבר בין היי־טק, חדשנות ודיגיטל לבין פוליטיקה ציבורית","partial","https://hagush.org.il/candidates.html ; https://www.hadasragolsky.com/ ; https://www.bonot.org/projects-1/%D7%94%D7%93%D7%A1-%D7%A8%D7%92%D7%95%D7%9C%D7%A1%D7%A7%D7%99 ; https://www.ynet.co.il/activism/israel2048/article/rkswd6hbwl ; https://www.taasiya.pro/speaker/hadas-ragolski","55","יש יכולות דיגיטל/תקשורת, אך לא נמצא בסיס להיי־טק או חדשנות טכנולוגית כמומחיות מרכזית."
"הדס רגולסקי","יכולות","חיבור בין קהלים ועולמות","cap_029","יכולת לחבר בין שפה מקצועית־ביטחונית לבין שפה אזרחית וערכית","partial","https://hagush.org.il/candidates.html ; https://www.hadasragolsky.com/ ; https://www.bonot.org/projects-1/%D7%94%D7%93%D7%A1-%D7%A8%D7%92%D7%95%D7%9C%D7%A1%D7%A7%D7%99 ; https://www.ynet.co.il/activism/israel2048/article/rkswd6hbwl ; https://www.taasiya.pro/speaker/hadas-ragolski","52","יש רקע דובר צה״ל ושיח אזרחי, אך לא מומחיות ביטחונית ציבורית רחבה."
"הדס רגולסקי","יכולות","חיבור בין קהלים ועולמות","cap_030","אמינות מול קהילות שטח ולא רק מול קהל תקשורתי או אליטיסטי","has","https://hagush.org.il/candidates.html ; https://www.hadasragolsky.com/ ; https://www.bonot.org/projects-1/%D7%94%D7%93%D7%A1-%D7%A8%D7%92%D7%95%D7%9C%D7%A1%D7%A7%D7%99 ; https://www.ynet.co.il/activism/israel2048/article/rkswd6hbwl ; https://www.taasiya.pro/speaker/hadas-ragolski","78","היא מחברת מחאה, שלטון מקומי, מטה מפלגתי, תקשורת ושיתוף ציבור; יש בסיס טוב לחדשנות וללמידה ציבורית."
"הדס רגולסקי","יכולות","חדשנות, למידה ושיתוף ציבור","cap_031","שימוש בטכנולוגיה, מידע או כלים דיגיטליים לשיתוף ציבור וארגון פוליטי","has","https://hagush.org.il/candidates.html ; https://www.hadasragolsky.com/ ; https://www.bonot.org/projects-1/%D7%94%D7%93%D7%A1-%D7%A8%D7%92%D7%95%D7%9C%D7%A1%D7%A7%D7%99 ; https://www.ynet.co.il/activism/israel2048/article/rkswd6hbwl ; https://www.taasiya.pro/speaker/hadas-ragolski","78","היא מחברת מחאה, שלטון מקומי, מטה מפלגתי, תקשורת ושיתוף ציבור; יש בסיס טוב לחדשנות וללמידה ציבורית."
"הדס רגולסקי","יכולות","חדשנות, למידה ושיתוף ציבור","cap_032","חשיבה מערכתית שמזהה קשרים בין משבר פוליטי, כלכלה, ביטחון וחברה","has","https://hagush.org.il/candidates.html ; https://www.hadasragolsky.com/ ; https://www.bonot.org/projects-1/%D7%94%D7%93%D7%A1-%D7%A8%D7%92%D7%95%D7%9C%D7%A1%D7%A7%D7%99 ; https://www.ynet.co.il/activism/israel2048/article/rkswd6hbwl ; https://www.taasiya.pro/speaker/hadas-ragolski","78","היא מחברת מחאה, שלטון מקומי, מטה מפלגתי, תקשורת ושיתוף ציבור; יש בסיס טוב לחדשנות וללמידה ציבורית."
"הדס רגולסקי","יכולות","חדשנות, למידה ושיתוף ציבור","cap_033","יזמות בפתרונות לא שגרתיים לבעיות פוליטיות או חברתיות","has","https://hagush.org.il/candidates.html ; https://www.hadasragolsky.com/ ; https://www.bonot.org/projects-1/%D7%94%D7%93%D7%A1-%D7%A8%D7%92%D7%95%D7%9C%D7%A1%D7%A7%D7%99 ; https://www.ynet.co.il/activism/israel2048/article/rkswd6hbwl ; https://www.taasiya.pro/speaker/hadas-ragolski","78","היא מחברת מחאה, שלטון מקומי, מטה מפלגתי, תקשורת ושיתוף ציבור; יש בסיס טוב לחדשנות וללמידה ציבורית."
"הדס רגולסקי","יכולות","חדשנות, למידה ושיתוף ציבור","cap_034","יכולת ללמוד תחומים חדשים ולהפוך אותם לשפה ציבורית ברורה","has","https://hagush.org.il/candidates.html ; https://www.hadasragolsky.com/ ; https://www.bonot.org/projects-1/%D7%94%D7%93%D7%A1-%D7%A8%D7%92%D7%95%D7%9C%D7%A1%D7%A7%D7%99 ; https://www.ynet.co.il/activism/israel2048/article/rkswd6hbwl ; https://www.taasiya.pro/speaker/hadas-ragolski","78","היא מחברת מחאה, שלטון מקומי, מטה מפלגתי, תקשורת ושיתוף ציבור; יש בסיס טוב לחדשנות וללמידה ציבורית."
"הדס רגולסקי","יכולות","חדשנות, למידה ושיתוף ציבור","cap_035","שילוב בין ידע מקצועי, ניסיון אישי וערכים פוליטיים","has","https://hagush.org.il/candidates.html ; https://www.hadasragolsky.com/ ; https://www.bonot.org/projects-1/%D7%94%D7%93%D7%A1-%D7%A8%D7%92%D7%95%D7%9C%D7%A1%D7%A7%D7%99 ; https://www.ynet.co.il/activism/israel2048/article/rkswd6hbwl ; https://www.taasiya.pro/speaker/hadas-ragolski","78","היא מחברת מחאה, שלטון מקומי, מטה מפלגתי, תקשורת ושיתוף ציבור; יש בסיס טוב לחדשנות וללמידה ציבורית."
"הדס רגולסקי","יכולות","חדשנות, למידה ושיתוף ציבור","cap_036","פתיחות לניסויים ארגוניים ודמוקרטיים חדשים ולא רק לשיטות פוליטיות קיימות","has","https://hagush.org.il/candidates.html ; https://www.hadasragolsky.com/ ; https://www.bonot.org/projects-1/%D7%94%D7%93%D7%A1-%D7%A8%D7%92%D7%95%D7%9C%D7%A1%D7%A7%D7%99 ; https://www.ynet.co.il/activism/israel2048/article/rkswd6hbwl ; https://www.taasiya.pro/speaker/hadas-ragolski","78","היא מחברת מחאה, שלטון מקומי, מטה מפלגתי, תקשורת ושיתוף ציבור; יש בסיס טוב לחדשנות וללמידה ציבורית."
"לי הופמן אגיב","תדמית","זהות וייצוג","T-001","המועמד מייצג את הקול הנשי בזירה הציבורית.","supports","https://hagush.org.il/candidates.html ; https://www.leehoffmannagiv.com/ ; https://www.ynet.co.il/news/article/rjakywcvzl ; https://www.bonot.org/events/pgyst-mwbylwt-sth-hwdsyt-bwnwt-ltrntybh-pbrwr ; https://www.ynet.co.il/news/article/r1tpwbrp2 ; https://www.israelhayom.co.il/magazine/special/article/17474694","86","פעילותה בבונות אלטרנטיבה, מאבק הנשים, שוויון והורות יוצרת בסיס חזק לייצוג נשי ומאבק בחסמים ייחודיים לנשים."
"לי הופמן אגיב","תדמית","זהות וייצוג","T-002","המועמד נתפס בציבור הרחב כמי שמבין חסמים ייחודיים של נשים בפוליטיקה, בעבודה ובחברה.","supports","https://hagush.org.il/candidates.html ; https://www.leehoffmannagiv.com/ ; https://www.ynet.co.il/news/article/rjakywcvzl ; https://www.bonot.org/events/pgyst-mwbylwt-sth-hwdsyt-bwnwt-ltrntybh-pbrwr ; https://www.ynet.co.il/news/article/r1tpwbrp2 ; https://www.israelhayom.co.il/magazine/special/article/17474694","86","פעילותה בבונות אלטרנטיבה, מאבק הנשים, שוויון והורות יוצרת בסיס חזק לייצוג נשי ומאבק בחסמים ייחודיים לנשים."
"לי הופמן אגיב","תדמית","זהות וייצוג","T-003","המועמד נתפס בציבור הרחב כמי שנותן מקום מכבד לקבוצות מיעוט בחברה הישראלית.","supports","https://hagush.org.il/candidates.html ; https://www.leehoffmannagiv.com/ ; https://www.ynet.co.il/news/article/rjakywcvzl ; https://www.bonot.org/events/pgyst-mwbylwt-sth-hwdsyt-bwnwt-ltrntybh-pbrwr ; https://www.ynet.co.il/news/article/r1tpwbrp2 ; https://www.israelhayom.co.il/magazine/special/article/17474694","68","נוכחותה מרחיבה את דימוי הרשימה לכיוון מחאה אזרחית, נשים, הורים ושוויון; יש בסיס תדמיתי טוב אך לא לכל קבוצת מיעוט."
"לי הופמן אגיב","תדמית","זהות וייצוג","T-004","המועמד נתפס בציבור הרחב כמי שיכול לייצג את בני המיעוטים הלא יהודיים.","unknown","לא נמצא מקור מספק בקובץ ההיגדים/פרופיל/מקורות הרשת שנבדקו; נשאר unknown לפי כלל לא לנחש","0","לא נמצא בסיס תדמיתי מספק לייצוג מיעוטים לא־יהודיים, פריפריה, מזרחיות או גישור דתי־חילוני רחב."
"לי הופמן אגיב","תדמית","זהות וייצוג","T-005","המועמד נתפס בציבור הרחב כמי שמביא את קול הפריפריה או מבין לעומק את צרכיה.","unknown","לא נמצא מקור מספק בקובץ ההיגדים/פרופיל/מקורות הרשת שנבדקו; נשאר unknown לפי כלל לא לנחש","0","לא נמצא בסיס תדמיתי מספק לייצוג מיעוטים לא־יהודיים, פריפריה, מזרחיות או גישור דתי־חילוני רחב."
"לי הופמן אגיב","תדמית","זהות וייצוג","T-006","המועמד נתפס בציבור הרחב כמי שיכול לצמצם את הפער התדמיתי והמעשי בין המרכז לפריפריה.","unknown","לא נמצא מקור מספק בקובץ ההיגדים/פרופיל/מקורות הרשת שנבדקו; נשאר unknown לפי כלל לא לנחש","0","לא נמצא בסיס תדמיתי מספק לייצוג מיעוטים לא־יהודיים, פריפריה, מזרחיות או גישור דתי־חילוני רחב."
"לי הופמן אגיב","תדמית","זהות וייצוג","T-007","המועמד נתפס בציבור הרחב כמי שמביא גאווה בזהות מזרחית בלי להפוך אותה לשסע מפריד.","unknown","לא נמצא מקור מספק בקובץ ההיגדים/פרופיל/מקורות הרשת שנבדקו; נשאר unknown לפי כלל לא לנחש","0","לא נמצא בסיס תדמיתי מספק לייצוג מיעוטים לא־יהודיים, פריפריה, מזרחיות או גישור דתי־חילוני רחב."
"לי הופמן אגיב","תדמית","זהות וייצוג","T-008","המועמד נתפס בציבור הרחב כמי שמכבד זהות דתית ומסורתית בתוך מרחב דמוקרטי וליברלי.","supports","https://hagush.org.il/candidates.html ; https://www.leehoffmannagiv.com/ ; https://www.ynet.co.il/news/article/rjakywcvzl ; https://www.bonot.org/events/pgyst-mwbylwt-sth-hwdsyt-bwnwt-ltrntybh-pbrwr ; https://www.ynet.co.il/news/article/r1tpwbrp2 ; https://www.israelhayom.co.il/magazine/special/article/17474694","68","נוכחותה מרחיבה את דימוי הרשימה לכיוון מחאה אזרחית, נשים, הורים ושוויון; יש בסיס תדמיתי טוב אך לא לכל קבוצת מיעוט."
"לי הופמן אגיב","תדמית","זהות וייצוג","T-009","המועמד נתפס בציבור הרחב כמי שיכול לגשר בין חילונים, מסורתיים ודתיים.","unknown","לא נמצא מקור מספק בקובץ ההיגדים/פרופיל/מקורות הרשת שנבדקו; נשאר unknown לפי כלל לא לנחש","0","לא נמצא בסיס תדמיתי מספק לייצוג מיעוטים לא־יהודיים, פריפריה, מזרחיות או גישור דתי־חילוני רחב."
"לי הופמן אגיב","תדמית","זהות וייצוג","T-010","המועמד נתפס בציבור הרחב כמי שנוכחותו ברשימה מרחיבה את תחושת הייצוג של קהלים מגוונים.","supports","https://hagush.org.il/candidates.html ; https://www.leehoffmannagiv.com/ ; https://www.ynet.co.il/news/article/rjakywcvzl ; https://www.bonot.org/events/pgyst-mwbylwt-sth-hwdsyt-bwnwt-ltrntybh-pbrwr ; https://www.ynet.co.il/news/article/r1tpwbrp2 ; https://www.israelhayom.co.il/magazine/special/article/17474694","68","נוכחותה מרחיבה את דימוי הרשימה לכיוון מחאה אזרחית, נשים, הורים ושוויון; יש בסיס תדמיתי טוב אך לא לכל קבוצת מיעוט."
"לי הופמן אגיב","תדמית","זהות וייצוג","T-011","המועמד נתפס בציבור הרחב כמי שמוסיף לרשימה עומק חברתי ולא רק ניסיון פוליטי או תקשורתי.","supports","https://hagush.org.il/candidates.html ; https://www.leehoffmannagiv.com/ ; https://www.ynet.co.il/news/article/rjakywcvzl ; https://www.bonot.org/events/pgyst-mwbylwt-sth-hwdsyt-bwnwt-ltrntybh-pbrwr ; https://www.ynet.co.il/news/article/r1tpwbrp2 ; https://www.israelhayom.co.il/magazine/special/article/17474694","68","נוכחותה מרחיבה את דימוי הרשימה לכיוון מחאה אזרחית, נשים, הורים ושוויון; יש בסיס תדמיתי טוב אך לא לכל קבוצת מיעוט."
"לי הופמן אגיב","תדמית","ממלכתיות ואחריות","T-012","המועמד נתפס בציבור הרחב כבעל עמוד שדרה ערכי.","supports","https://hagush.org.il/candidates.html ; https://www.leehoffmannagiv.com/ ; https://www.ynet.co.il/news/article/rjakywcvzl ; https://www.bonot.org/events/pgyst-mwbylwt-sth-hwdsyt-bwnwt-ltrntybh-pbrwr ; https://www.ynet.co.il/news/article/r1tpwbrp2 ; https://www.israelhayom.co.il/magazine/special/article/17474694","72","המקורות מתארים פעילות שטח ממושכת ומאבקי ערך; זה יוצר דימוי של שליחות, אמינות ורצינות ציבורית."
"לי הופמן אגיב","תדמית","ממלכתיות ואחריות","T-013","המועמד נתפס בציבור הרחב כדמות ממלכתית ואחראית.","supports","https://hagush.org.il/candidates.html ; https://www.leehoffmannagiv.com/ ; https://www.ynet.co.il/news/article/rjakywcvzl ; https://www.bonot.org/events/pgyst-mwbylwt-sth-hwdsyt-bwnwt-ltrntybh-pbrwr ; https://www.ynet.co.il/news/article/r1tpwbrp2 ; https://www.israelhayom.co.il/magazine/special/article/17474694","72","המקורות מתארים פעילות שטח ממושכת ומאבקי ערך; זה יוצר דימוי של שליחות, אמינות ורצינות ציבורית."
"לי הופמן אגיב","תדמית","ממלכתיות ואחריות","T-014","המועמד נתפס בציבור הרחב כמי שמכבד מוסדות מדינה ושלטון חוק.","supports","https://hagush.org.il/candidates.html ; https://www.leehoffmannagiv.com/ ; https://www.ynet.co.il/news/article/rjakywcvzl ; https://www.bonot.org/events/pgyst-mwbylwt-sth-hwdsyt-bwnwt-ltrntybh-pbrwr ; https://www.ynet.co.il/news/article/r1tpwbrp2 ; https://www.israelhayom.co.il/magazine/special/article/17474694","72","המקורות מתארים פעילות שטח ממושכת ומאבקי ערך; זה יוצר דימוי של שליחות, אמינות ורצינות ציבורית."
"לי הופמן אגיב","תדמית","ממלכתיות ואחריות","T-015","המועמד נתפס בציבור הרחב כמי שמסוגל לפעול מתוך שיקול דעת ולא רק מתוך כעס.","supports","https://hagush.org.il/candidates.html ; https://www.leehoffmannagiv.com/ ; https://www.ynet.co.il/news/article/rjakywcvzl ; https://www.bonot.org/events/pgyst-mwbylwt-sth-hwdsyt-bwnwt-ltrntybh-pbrwr ; https://www.ynet.co.il/news/article/r1tpwbrp2 ; https://www.israelhayom.co.il/magazine/special/article/17474694","72","המקורות מתארים פעילות שטח ממושכת ומאבקי ערך; זה יוצר דימוי של שליחות, אמינות ורצינות ציבורית."
"לי הופמן אגיב","תדמית","יושרה, אמינות וניסיון ","T-016","המועמד נתפס בציבור הרחב כמי שפועל מתוך שליחות ולא רק מתוך קריירה.","supports","https://hagush.org.il/candidates.html ; https://www.leehoffmannagiv.com/ ; https://www.ynet.co.il/news/article/rjakywcvzl ; https://www.bonot.org/events/pgyst-mwbylwt-sth-hwdsyt-bwnwt-ltrntybh-pbrwr ; https://www.ynet.co.il/news/article/r1tpwbrp2 ; https://www.israelhayom.co.il/magazine/special/article/17474694","72","המקורות מתארים פעילות שטח ממושכת ומאבקי ערך; זה יוצר דימוי של שליחות, אמינות ורצינות ציבורית."
"לי הופמן אגיב","תדמית","יושרה, אמינות וניסיון ","T-017","המועמד נתפס בציבור הרחב כאדם אמין וישר.","supports","https://hagush.org.il/candidates.html ; https://www.leehoffmannagiv.com/ ; https://www.ynet.co.il/news/article/rjakywcvzl ; https://www.bonot.org/events/pgyst-mwbylwt-sth-hwdsyt-bwnwt-ltrntybh-pbrwr ; https://www.ynet.co.il/news/article/r1tpwbrp2 ; https://www.israelhayom.co.il/magazine/special/article/17474694","72","המקורות מתארים פעילות שטח ממושכת ומאבקי ערך; זה יוצר דימוי של שליחות, אמינות ורצינות ציבורית."
"לי הופמן אגיב","תדמית","יושרה, אמינות וניסיון ","T-018","המועמד נתפס בציבור הרחב כדמות רצינית ולא כגימיק תקשורתי.","supports","https://hagush.org.il/candidates.html ; https://www.leehoffmannagiv.com/ ; https://www.ynet.co.il/news/article/rjakywcvzl ; https://www.bonot.org/events/pgyst-mwbylwt-sth-hwdsyt-bwnwt-ltrntybh-pbrwr ; https://www.ynet.co.il/news/article/r1tpwbrp2 ; https://www.israelhayom.co.il/magazine/special/article/17474694","72","המקורות מתארים פעילות שטח ממושכת ומאבקי ערך; זה יוצר דימוי של שליחות, אמינות ורצינות ציבורית."
"לי הופמן אגיב","תדמית","יושרה, אמינות וניסיון ","T-019","המועמד נתפס בציבור הרחב כמי שאפשר לסמוך עליו בתפקיד ציבורי.","supports","https://hagush.org.il/candidates.html ; https://www.leehoffmannagiv.com/ ; https://www.ynet.co.il/news/article/rjakywcvzl ; https://www.bonot.org/events/pgyst-mwbylwt-sth-hwdsyt-bwnwt-ltrntybh-pbrwr ; https://www.ynet.co.il/news/article/r1tpwbrp2 ; https://www.israelhayom.co.il/magazine/special/article/17474694","72","המקורות מתארים פעילות שטח ממושכת ומאבקי ערך; זה יוצר דימוי של שליחות, אמינות ורצינות ציבורית."
"לי הופמן אגיב","תדמית","יושרה, אמינות וניסיון ","T-020","המועמד נתפס בציבור הרחב כבעל ניסיון ציבורי משמעותי.","supports","https://hagush.org.il/candidates.html ; https://www.leehoffmannagiv.com/ ; https://www.ynet.co.il/news/article/rjakywcvzl ; https://www.bonot.org/events/pgyst-mwbylwt-sth-hwdsyt-bwnwt-ltrntybh-pbrwr ; https://www.ynet.co.il/news/article/r1tpwbrp2 ; https://www.israelhayom.co.il/magazine/special/article/17474694","72","המקורות מתארים פעילות שטח ממושכת ומאבקי ערך; זה יוצר דימוי של שליחות, אמינות ורצינות ציבורית."
"לי הופמן אגיב","תדמית","יושרה, אמינות וניסיון ","T-021","המועמד נתפס בציבור הרחב כמי שמבין איך פועלת מערכת פוליטית.","supports","https://hagush.org.il/candidates.html ; https://www.leehoffmannagiv.com/ ; https://www.ynet.co.il/news/article/rjakywcvzl ; https://www.bonot.org/events/pgyst-mwbylwt-sth-hwdsyt-bwnwt-ltrntybh-pbrwr ; https://www.ynet.co.il/news/article/r1tpwbrp2 ; https://www.israelhayom.co.il/magazine/special/article/17474694","72","המקורות מתארים פעילות שטח ממושכת ומאבקי ערך; זה יוצר דימוי של שליחות, אמינות ורצינות ציבורית."
"לי הופמן אגיב","תדמית","תקשורתיות ונראות","T-022","המועמד נתפס בציבור הרחב כדמות תקשורתית חזקה.","supports","https://hagush.org.il/candidates.html ; https://www.leehoffmannagiv.com/ ; https://www.ynet.co.il/news/article/rjakywcvzl ; https://www.bonot.org/events/pgyst-mwbylwt-sth-hwdsyt-bwnwt-ltrntybh-pbrwr ; https://www.ynet.co.il/news/article/r1tpwbrp2 ; https://www.israelhayom.co.il/magazine/special/article/17474694","72","כמובילת מחאה ציבורית ומנהלת מאבקים יש בסיס טוב לנראות, מסר וקמפיין."
"לי הופמן אגיב","תדמית","תקשורתיות ונראות","T-023","המועמד נתפס בציבור הרחב כמי שיודע להעביר מסר ברור.","supports","https://hagush.org.il/candidates.html ; https://www.leehoffmannagiv.com/ ; https://www.ynet.co.il/news/article/rjakywcvzl ; https://www.bonot.org/events/pgyst-mwbylwt-sth-hwdsyt-bwnwt-ltrntybh-pbrwr ; https://www.ynet.co.il/news/article/r1tpwbrp2 ; https://www.israelhayom.co.il/magazine/special/article/17474694","72","כמובילת מחאה ציבורית ומנהלת מאבקים יש בסיס טוב לנראות, מסר וקמפיין."
"לי הופמן אגיב","תדמית","תקשורתיות ונראות","T-024","המועמד נתפס בציבור הרחב כמי שמסוגל לבלוט בקמפיין בחירות.","supports","https://hagush.org.il/candidates.html ; https://www.leehoffmannagiv.com/ ; https://www.ynet.co.il/news/article/rjakywcvzl ; https://www.bonot.org/events/pgyst-mwbylwt-sth-hwdsyt-bwnwt-ltrntybh-pbrwr ; https://www.ynet.co.il/news/article/r1tpwbrp2 ; https://www.israelhayom.co.il/magazine/special/article/17474694","72","כמובילת מחאה ציבורית ומנהלת מאבקים יש בסיס טוב לנראות, מסר וקמפיין."
"לי הופמן אגיב","תדמית","תקשורתיות ונראות","T-025","המועמד נתפס בציבור הרחב כמי שמביא ייצוג חשוב לרשימה.","supports","https://hagush.org.il/candidates.html ; https://www.leehoffmannagiv.com/ ; https://www.ynet.co.il/news/article/rjakywcvzl ; https://www.bonot.org/events/pgyst-mwbylwt-sth-hwdsyt-bwnwt-ltrntybh-pbrwr ; https://www.ynet.co.il/news/article/r1tpwbrp2 ; https://www.israelhayom.co.il/magazine/special/article/17474694","68","נוכחותה מרחיבה את דימוי הרשימה לכיוון מחאה אזרחית, נשים, הורים ושוויון; יש בסיס תדמיתי טוב אך לא לכל קבוצת מיעוט."
"לי הופמן אגיב","תדמית","תקשורתיות ונראות","T-026","המועמד נתפס בציבור הרחב כמי שמרחיב את הדימוי של המפלגה.","supports","https://hagush.org.il/candidates.html ; https://www.leehoffmannagiv.com/ ; https://www.ynet.co.il/news/article/rjakywcvzl ; https://www.bonot.org/events/pgyst-mwbylwt-sth-hwdsyt-bwnwt-ltrntybh-pbrwr ; https://www.ynet.co.il/news/article/r1tpwbrp2 ; https://www.israelhayom.co.il/magazine/special/article/17474694","68","נוכחותה מרחיבה את דימוי הרשימה לכיוון מחאה אזרחית, נשים, הורים ושוויון; יש בסיס תדמיתי טוב אך לא לכל קבוצת מיעוט."
"לי הופמן אגיב","תדמית","אותנטיות וסיפור אישי","T-027","המועמד נתפס בציבור הרחב כמי שפועל מתוך שליחות ולא רק מתוך קריירה.","supports","https://hagush.org.il/candidates.html ; https://www.leehoffmannagiv.com/ ; https://www.ynet.co.il/news/article/rjakywcvzl ; https://www.bonot.org/events/pgyst-mwbylwt-sth-hwdsyt-bwnwt-ltrntybh-pbrwr ; https://www.ynet.co.il/news/article/r1tpwbrp2 ; https://www.israelhayom.co.il/magazine/special/article/17474694","72","המקורות מתארים פעילות שטח ממושכת ומאבקי ערך; זה יוצר דימוי של שליחות, אמינות ורצינות ציבורית."
"יאיר רובינשטיין","תדמית","זהות וייצוג","T-001","המועמד מייצג את הקול הנשי בזירה הציבורית.","unknown","לא נמצא מקור מספק בקובץ ההיגדים/פרופיל/מקורות הרשת שנבדקו; נשאר unknown לפי כלל לא לנחש","0","לא נמצא בסיס תדמיתי מספק לייצוג נשי, פריפריה או זהות מזרחית."
"יאיר רובינשטיין","תדמית","זהות וייצוג","T-002","המועמד נתפס בציבור הרחב כמי שמבין חסמים ייחודיים של נשים בפוליטיקה, בעבודה ובחברה.","unknown","לא נמצא מקור מספק בקובץ ההיגדים/פרופיל/מקורות הרשת שנבדקו; נשאר unknown לפי כלל לא לנחש","0","לא נמצא בסיס תדמיתי מספק לייצוג נשי, פריפריה או זהות מזרחית."
"יאיר רובינשטיין","תדמית","זהות וייצוג","T-003","המועמד נתפס בציבור הרחב כמי שנותן מקום מכבד לקבוצות מיעוט בחברה הישראלית.","supports","https://hagush.org.il/candidates.html ; https://yairrubinstein.org/ ; https://democrats.org.il/events/150925e/ ; https://e.democrats.org.il/Democrats_OpenHouses/240118","80","הפרופיל שלו מרחיב את הרשימה סביב דת ומדינה, יהדות פלורליסטית, שוויון אזרחי ושותפות יהודית־ערבית."
"יאיר רובינשטיין","תדמית","זהות וייצוג","T-004","המועמד נתפס בציבור הרחב כמי שיכול לייצג את בני המיעוטים הלא יהודיים.","supports","https://hagush.org.il/candidates.html ; https://yairrubinstein.org/ ; https://democrats.org.il/events/150925e/ ; https://e.democrats.org.il/Democrats_OpenHouses/240118","80","הפרופיל שלו מרחיב את הרשימה סביב דת ומדינה, יהדות פלורליסטית, שוויון אזרחי ושותפות יהודית־ערבית."
"יאיר רובינשטיין","תדמית","זהות וייצוג","T-005","המועמד נתפס בציבור הרחב כמי שמביא את קול הפריפריה או מבין לעומק את צרכיה.","unknown","לא נמצא מקור מספק בקובץ ההיגדים/פרופיל/מקורות הרשת שנבדקו; נשאר unknown לפי כלל לא לנחש","0","לא נמצא בסיס תדמיתי מספק לייצוג נשי, פריפריה או זהות מזרחית."
"יאיר רובינשטיין","תדמית","זהות וייצוג","T-006","המועמד נתפס בציבור הרחב כמי שיכול לצמצם את הפער התדמיתי והמעשי בין המרכז לפריפריה.","unknown","לא נמצא מקור מספק בקובץ ההיגדים/פרופיל/מקורות הרשת שנבדקו; נשאר unknown לפי כלל לא לנחש","0","לא נמצא בסיס תדמיתי מספק לייצוג נשי, פריפריה או זהות מזרחית."
"יאיר רובינשטיין","תדמית","זהות וייצוג","T-007","המועמד נתפס בציבור הרחב כמי שמביא גאווה בזהות מזרחית בלי להפוך אותה לשסע מפריד.","unknown","לא נמצא מקור מספק בקובץ ההיגדים/פרופיל/מקורות הרשת שנבדקו; נשאר unknown לפי כלל לא לנחש","0","לא נמצא בסיס תדמיתי מספק לייצוג נשי, פריפריה או זהות מזרחית."
"יאיר רובינשטיין","תדמית","זהות וייצוג","T-008","המועמד נתפס בציבור הרחב כמי שמכבד זהות דתית ומסורתית בתוך מרחב דמוקרטי וליברלי.","supports","https://hagush.org.il/candidates.html ; https://yairrubinstein.org/ ; https://democrats.org.il/events/150925e/ ; https://e.democrats.org.il/Democrats_OpenHouses/240118","80","הפרופיל שלו מרחיב את הרשימה סביב דת ומדינה, יהדות פלורליסטית, שוויון אזרחי ושותפות יהודית־ערבית."
"יאיר רובינשטיין","תדמית","זהות וייצוג","T-009","המועמד נתפס בציבור הרחב כמי שיכול לגשר בין חילונים, מסורתיים ודתיים.","supports","https://hagush.org.il/candidates.html ; https://yairrubinstein.org/ ; https://democrats.org.il/events/150925e/ ; https://e.democrats.org.il/Democrats_OpenHouses/240118","80","הפרופיל שלו מרחיב את הרשימה סביב דת ומדינה, יהדות פלורליסטית, שוויון אזרחי ושותפות יהודית־ערבית."
"יאיר רובינשטיין","תדמית","זהות וייצוג","T-010","המועמד נתפס בציבור הרחב כמי שנוכחותו ברשימה מרחיבה את תחושת הייצוג של קהלים מגוונים.","supports","https://hagush.org.il/candidates.html ; https://yairrubinstein.org/ ; https://democrats.org.il/events/150925e/ ; https://e.democrats.org.il/Democrats_OpenHouses/240118","80","הפרופיל שלו מרחיב את הרשימה סביב דת ומדינה, יהדות פלורליסטית, שוויון אזרחי ושותפות יהודית־ערבית."
"יאיר רובינשטיין","תדמית","זהות וייצוג","T-011","המועמד נתפס בציבור הרחב כמי שמוסיף לרשימה עומק חברתי ולא רק ניסיון פוליטי או תקשורתי.","supports","https://hagush.org.il/candidates.html ; https://yairrubinstein.org/ ; https://democrats.org.il/events/150925e/ ; https://e.democrats.org.il/Democrats_OpenHouses/240118","80","הפרופיל שלו מרחיב את הרשימה סביב דת ומדינה, יהדות פלורליסטית, שוויון אזרחי ושותפות יהודית־ערבית."
"יאיר רובינשטיין","תדמית","ממלכתיות ואחריות","T-012","המועמד נתפס בציבור הרחב כבעל עמוד שדרה ערכי.","supports","https://hagush.org.il/candidates.html ; https://yairrubinstein.org/ ; https://democrats.org.il/events/150925e/ ; https://e.democrats.org.il/Democrats_OpenHouses/240118","72","האתר מציג ניסיון ניהולי, יושרה, ערכים, ריסון שלטוני וניהול שינוי; בסיס טוב לתדמית רצינית ואחראית."
"יאיר רובינשטיין","תדמית","ממלכתיות ואחריות","T-013","המועמד נתפס בציבור הרחב כדמות ממלכתית ואחראית.","supports","https://hagush.org.il/candidates.html ; https://yairrubinstein.org/ ; https://democrats.org.il/events/150925e/ ; https://e.democrats.org.il/Democrats_OpenHouses/240118","72","האתר מציג ניסיון ניהולי, יושרה, ערכים, ריסון שלטוני וניהול שינוי; בסיס טוב לתדמית רצינית ואחראית."
"יאיר רובינשטיין","תדמית","ממלכתיות ואחריות","T-014","המועמד נתפס בציבור הרחב כמי שמכבד מוסדות מדינה ושלטון חוק.","supports","https://hagush.org.il/candidates.html ; https://yairrubinstein.org/ ; https://democrats.org.il/events/150925e/ ; https://e.democrats.org.il/Democrats_OpenHouses/240118","72","האתר מציג ניסיון ניהולי, יושרה, ערכים, ריסון שלטוני וניהול שינוי; בסיס טוב לתדמית רצינית ואחראית."
"יאיר רובינשטיין","תדמית","ממלכתיות ואחריות","T-015","המועמד נתפס בציבור הרחב כמי שמסוגל לפעול מתוך שיקול דעת ולא רק מתוך כעס.","supports","https://hagush.org.il/candidates.html ; https://yairrubinstein.org/ ; https://democrats.org.il/events/150925e/ ; https://e.democrats.org.il/Democrats_OpenHouses/240118","72","האתר מציג ניסיון ניהולי, יושרה, ערכים, ריסון שלטוני וניהול שינוי; בסיס טוב לתדמית רצינית ואחראית."
"יאיר רובינשטיין","תדמית","יושרה, אמינות וניסיון ","T-016","המועמד נתפס בציבור הרחב כמי שפועל מתוך שליחות ולא רק מתוך קריירה.","supports","https://hagush.org.il/candidates.html ; https://yairrubinstein.org/ ; https://democrats.org.il/events/150925e/ ; https://e.democrats.org.il/Democrats_OpenHouses/240118","72","האתר מציג ניסיון ניהולי, יושרה, ערכים, ריסון שלטוני וניהול שינוי; בסיס טוב לתדמית רצינית ואחראית."
"יאיר רובינשטיין","תדמית","יושרה, אמינות וניסיון ","T-017","המועמד נתפס בציבור הרחב כאדם אמין וישר.","supports","https://hagush.org.il/candidates.html ; https://yairrubinstein.org/ ; https://democrats.org.il/events/150925e/ ; https://e.democrats.org.il/Democrats_OpenHouses/240118","72","האתר מציג ניסיון ניהולי, יושרה, ערכים, ריסון שלטוני וניהול שינוי; בסיס טוב לתדמית רצינית ואחראית."
"יאיר רובינשטיין","תדמית","יושרה, אמינות וניסיון ","T-018","המועמד נתפס בציבור הרחב כדמות רצינית ולא כגימיק תקשורתי.","supports","https://hagush.org.il/candidates.html ; https://yairrubinstein.org/ ; https://democrats.org.il/events/150925e/ ; https://e.democrats.org.il/Democrats_OpenHouses/240118","72","האתר מציג ניסיון ניהולי, יושרה, ערכים, ריסון שלטוני וניהול שינוי; בסיס טוב לתדמית רצינית ואחראית."
"יאיר רובינשטיין","תדמית","יושרה, אמינות וניסיון ","T-019","המועמד נתפס בציבור הרחב כמי שאפשר לסמוך עליו בתפקיד ציבורי.","supports","https://hagush.org.il/candidates.html ; https://yairrubinstein.org/ ; https://democrats.org.il/events/150925e/ ; https://e.democrats.org.il/Democrats_OpenHouses/240118","72","האתר מציג ניסיון ניהולי, יושרה, ערכים, ריסון שלטוני וניהול שינוי; בסיס טוב לתדמית רצינית ואחראית."
"יאיר רובינשטיין","תדמית","יושרה, אמינות וניסיון ","T-020","המועמד נתפס בציבור הרחב כבעל ניסיון ציבורי משמעותי.","supports","https://hagush.org.il/candidates.html ; https://yairrubinstein.org/ ; https://democrats.org.il/events/150925e/ ; https://e.democrats.org.il/Democrats_OpenHouses/240118","72","האתר מציג ניסיון ניהולי, יושרה, ערכים, ריסון שלטוני וניהול שינוי; בסיס טוב לתדמית רצינית ואחראית."
"יאיר רובינשטיין","תדמית","יושרה, אמינות וניסיון ","T-021","המועמד נתפס בציבור הרחב כמי שמבין איך פועלת מערכת פוליטית.","mixed","https://hagush.org.il/candidates.html ; https://yairrubinstein.org/ ; https://democrats.org.il/events/150925e/ ; https://e.democrats.org.il/Democrats_OpenHouses/240118","55","יש פעילות מפלגתית ומטה דת ומדינה, אך לא ניסיון פוליטי רב שנים."
"יאיר רובינשטיין","תדמית","תקשורתיות ונראות","T-022","המועמד נתפס בציבור הרחב כדמות תקשורתית חזקה.","mixed","https://hagush.org.il/candidates.html ; https://yairrubinstein.org/ ; https://democrats.org.il/events/150925e/ ; https://e.democrats.org.il/Democrats_OpenHouses/240118","58","יש מסר ברור ואתר קמפיין, אך אין בסיס לכוח תקשורתי רחב."
"יאיר רובינשטיין","תדמית","תקשורתיות ונראות","T-023","המועמד נתפס בציבור הרחב כמי שיודע להעביר מסר ברור.","mixed","https://hagush.org.il/candidates.html ; https://yairrubinstein.org/ ; https://democrats.org.il/events/150925e/ ; https://e.democrats.org.il/Democrats_OpenHouses/240118","58","יש מסר ברור ואתר קמפיין, אך אין בסיס לכוח תקשורתי רחב."
"יאיר רובינשטיין","תדמית","תקשורתיות ונראות","T-024","המועמד נתפס בציבור הרחב כמי שמסוגל לבלוט בקמפיין בחירות.","mixed","https://hagush.org.il/candidates.html ; https://yairrubinstein.org/ ; https://democrats.org.il/events/150925e/ ; https://e.democrats.org.il/Democrats_OpenHouses/240118","58","יש מסר ברור ואתר קמפיין, אך אין בסיס לכוח תקשורתי רחב."
"יאיר רובינשטיין","תדמית","תקשורתיות ונראות","T-025","המועמד נתפס בציבור הרחב כמי שמביא ייצוג חשוב לרשימה.","supports","https://hagush.org.il/candidates.html ; https://yairrubinstein.org/ ; https://democrats.org.il/events/150925e/ ; https://e.democrats.org.il/Democrats_OpenHouses/240118","80","הפרופיל שלו מרחיב את הרשימה סביב דת ומדינה, יהדות פלורליסטית, שוויון אזרחי ושותפות יהודית־ערבית."
"יאיר רובינשטיין","תדמית","תקשורתיות ונראות","T-026","המועמד נתפס בציבור הרחב כמי שמרחיב את הדימוי של המפלגה.","supports","https://hagush.org.il/candidates.html ; https://yairrubinstein.org/ ; https://democrats.org.il/events/150925e/ ; https://e.democrats.org.il/Democrats_OpenHouses/240118","80","הפרופיל שלו מרחיב את הרשימה סביב דת ומדינה, יהדות פלורליסטית, שוויון אזרחי ושותפות יהודית־ערבית."
"יאיר רובינשטיין","תדמית","אותנטיות וסיפור אישי","T-027","המועמד נתפס בציבור הרחב כמי שפועל מתוך שליחות ולא רק מתוך קריירה.","supports","https://hagush.org.il/candidates.html ; https://yairrubinstein.org/ ; https://democrats.org.il/events/150925e/ ; https://e.democrats.org.il/Democrats_OpenHouses/240118","72","האתר מציג ניסיון ניהולי, יושרה, ערכים, ריסון שלטוני וניהול שינוי; בסיס טוב לתדמית רצינית ואחראית."
"דני אלגרט","תדמית","זהות וייצוג","T-001","המועמד מייצג את הקול הנשי בזירה הציבורית.","unknown","לא נמצא מקור מספק בקובץ ההיגדים/פרופיל/מקורות הרשת שנבדקו; נשאר unknown לפי כלל לא לנחש","0","לא נמצא בסיס מספק לייצוג נשי, מיעוטים, פריפריה, זהות מזרחית או גישור דתי־חילוני."
"דני אלגרט","תדמית","זהות וייצוג","T-002","המועמד נתפס בציבור הרחב כמי שמבין חסמים ייחודיים של נשים בפוליטיקה, בעבודה ובחברה.","unknown","לא נמצא מקור מספק בקובץ ההיגדים/פרופיל/מקורות הרשת שנבדקו; נשאר unknown לפי כלל לא לנחש","0","לא נמצא בסיס מספק לייצוג נשי, מיעוטים, פריפריה, זהות מזרחית או גישור דתי־חילוני."
"דני אלגרט","תדמית","זהות וייצוג","T-003","המועמד נתפס בציבור הרחב כמי שנותן מקום מכבד לקבוצות מיעוט בחברה הישראלית.","unknown","לא נמצא מקור מספק בקובץ ההיגדים/פרופיל/מקורות הרשת שנבדקו; נשאר unknown לפי כלל לא לנחש","0","לא נמצא בסיס מספק לייצוג נשי, מיעוטים, פריפריה, זהות מזרחית או גישור דתי־חילוני."
"דני אלגרט","תדמית","זהות וייצוג","T-004","המועמד נתפס בציבור הרחב כמי שיכול לייצג את בני המיעוטים הלא יהודיים.","unknown","לא נמצא מקור מספק בקובץ ההיגדים/פרופיל/מקורות הרשת שנבדקו; נשאר unknown לפי כלל לא לנחש","0","לא נמצא בסיס מספק לייצוג נשי, מיעוטים, פריפריה, זהות מזרחית או גישור דתי־חילוני."
"דני אלגרט","תדמית","זהות וייצוג","T-005","המועמד נתפס בציבור הרחב כמי שמביא את קול הפריפריה או מבין לעומק את צרכיה.","unknown","לא נמצא מקור מספק בקובץ ההיגדים/פרופיל/מקורות הרשת שנבדקו; נשאר unknown לפי כלל לא לנחש","0","לא נמצא בסיס מספק לייצוג נשי, מיעוטים, פריפריה, זהות מזרחית או גישור דתי־חילוני."
"דני אלגרט","תדמית","זהות וייצוג","T-006","המועמד נתפס בציבור הרחב כמי שיכול לצמצם את הפער התדמיתי והמעשי בין המרכז לפריפריה.","unknown","לא נמצא מקור מספק בקובץ ההיגדים/פרופיל/מקורות הרשת שנבדקו; נשאר unknown לפי כלל לא לנחש","0","לא נמצא בסיס מספק לייצוג נשי, מיעוטים, פריפריה, זהות מזרחית או גישור דתי־חילוני."
"דני אלגרט","תדמית","זהות וייצוג","T-007","המועמד נתפס בציבור הרחב כמי שמביא גאווה בזהות מזרחית בלי להפוך אותה לשסע מפריד.","unknown","לא נמצא מקור מספק בקובץ ההיגדים/פרופיל/מקורות הרשת שנבדקו; נשאר unknown לפי כלל לא לנחש","0","לא נמצא בסיס מספק לייצוג נשי, מיעוטים, פריפריה, זהות מזרחית או גישור דתי־חילוני."
"דני אלגרט","תדמית","זהות וייצוג","T-008","המועמד נתפס בציבור הרחב כמי שמכבד זהות דתית ומסורתית בתוך מרחב דמוקרטי וליברלי.","unknown","לא נמצא מקור מספק בקובץ ההיגדים/פרופיל/מקורות הרשת שנבדקו; נשאר unknown לפי כלל לא לנחש","0","לא נמצא בסיס מספק לייצוג נשי, מיעוטים, פריפריה, זהות מזרחית או גישור דתי־חילוני."
"דני אלגרט","תדמית","זהות וייצוג","T-009","המועמד נתפס בציבור הרחב כמי שיכול לגשר בין חילונים, מסורתיים ודתיים.","unknown","לא נמצא מקור מספק בקובץ ההיגדים/פרופיל/מקורות הרשת שנבדקו; נשאר unknown לפי כלל לא לנחש","0","לא נמצא בסיס מספק לייצוג נשי, מיעוטים, פריפריה, זהות מזרחית או גישור דתי־חילוני."
"דני אלגרט","תדמית","זהות וייצוג","T-010","המועמד נתפס בציבור הרחב כמי שנוכחותו ברשימה מרחיבה את תחושת הייצוג של קהלים מגוונים.","unknown","לא נמצא מקור מספק בקובץ ההיגדים/פרופיל/מקורות הרשת שנבדקו; נשאר unknown לפי כלל לא לנחש","0","לא נמצא בסיס מספק לייצוג נשי, מיעוטים, פריפריה, זהות מזרחית או גישור דתי־חילוני."
"דני אלגרט","תדמית","זהות וייצוג","T-011","המועמד נתפס בציבור הרחב כמי שמוסיף לרשימה עומק חברתי ולא רק ניסיון פוליטי או תקשורתי.","unknown","לא נמצא מקור מספק בקובץ ההיגדים/פרופיל/מקורות הרשת שנבדקו; נשאר unknown לפי כלל לא לנחש","0","לא נמצא בסיס מספק לייצוג נשי, מיעוטים, פריפריה, זהות מזרחית או גישור דתי־חילוני."
"דני אלגרט","תדמית","ממלכתיות ואחריות","T-012","המועמד נתפס בציבור הרחב כבעל עמוד שדרה ערכי.","supports","https://hagush.org.il/candidates.html ; https://e.democrats.org.il/Democrats_OpenHouses/228349 ; https://www.kan.org.il/content/kan-news/politic/987442/ ; https://www.ynet.co.il/news/article/rjakywcvzl","82","הרקע כסנ״צ בדימוס, מורה ומחנך, אח שכול במאבק החטופים ופעיל ציבורי יוצר תדמית של שליחות ועמוד שדרה."
"דני אלגרט","תדמית","ממלכתיות ואחריות","T-013","המועמד נתפס בציבור הרחב כדמות ממלכתית ואחראית.","supports","https://hagush.org.il/candidates.html ; https://e.democrats.org.il/Democrats_OpenHouses/228349 ; https://www.kan.org.il/content/kan-news/politic/987442/ ; https://www.ynet.co.il/news/article/rjakywcvzl","82","הרקע כסנ״צ בדימוס, מורה ומחנך, אח שכול במאבק החטופים ופעיל ציבורי יוצר תדמית של שליחות ועמוד שדרה."
"דני אלגרט","תדמית","ממלכתיות ואחריות","T-014","המועמד נתפס בציבור הרחב כמי שמכבד מוסדות מדינה ושלטון חוק.","supports","https://hagush.org.il/candidates.html ; https://e.democrats.org.il/Democrats_OpenHouses/228349 ; https://www.kan.org.il/content/kan-news/politic/987442/ ; https://www.ynet.co.il/news/article/rjakywcvzl","82","הרקע כסנ״צ בדימוס, מורה ומחנך, אח שכול במאבק החטופים ופעיל ציבורי יוצר תדמית של שליחות ועמוד שדרה."
"דני אלגרט","תדמית","ממלכתיות ואחריות","T-015","המועמד נתפס בציבור הרחב כמי שמסוגל לפעול מתוך שיקול דעת ולא רק מתוך כעס.","mixed","https://hagush.org.il/candidates.html ; https://e.democrats.org.il/Democrats_OpenHouses/228349 ; https://www.kan.org.il/content/kan-news/politic/987442/ ; https://www.ynet.co.il/news/article/rjakywcvzl","58","יש בסיס לאחריות ושיקול דעת, אך הסגנון הציבורי נחרץ ומחאתי מאוד."
"דני אלגרט","תדמית","יושרה, אמינות וניסיון ","T-016","המועמד נתפס בציבור הרחב כמי שפועל מתוך שליחות ולא רק מתוך קריירה.","supports","https://hagush.org.il/candidates.html ; https://e.democrats.org.il/Democrats_OpenHouses/228349 ; https://www.kan.org.il/content/kan-news/politic/987442/ ; https://www.ynet.co.il/news/article/rjakywcvzl","82","הרקע כסנ״צ בדימוס, מורה ומחנך, אח שכול במאבק החטופים ופעיל ציבורי יוצר תדמית של שליחות ועמוד שדרה."
"דני אלגרט","תדמית","יושרה, אמינות וניסיון ","T-017","המועמד נתפס בציבור הרחב כאדם אמין וישר.","supports","https://hagush.org.il/candidates.html ; https://e.democrats.org.il/Democrats_OpenHouses/228349 ; https://www.kan.org.il/content/kan-news/politic/987442/ ; https://www.ynet.co.il/news/article/rjakywcvzl","82","הרקע כסנ״צ בדימוס, מורה ומחנך, אח שכול במאבק החטופים ופעיל ציבורי יוצר תדמית של שליחות ועמוד שדרה."
"דני אלגרט","תדמית","יושרה, אמינות וניסיון ","T-018","המועמד נתפס בציבור הרחב כדמות רצינית ולא כגימיק תקשורתי.","supports","https://hagush.org.il/candidates.html ; https://e.democrats.org.il/Democrats_OpenHouses/228349 ; https://www.kan.org.il/content/kan-news/politic/987442/ ; https://www.ynet.co.il/news/article/rjakywcvzl","82","הרקע כסנ״צ בדימוס, מורה ומחנך, אח שכול במאבק החטופים ופעיל ציבורי יוצר תדמית של שליחות ועמוד שדרה."
"דני אלגרט","תדמית","יושרה, אמינות וניסיון ","T-019","המועמד נתפס בציבור הרחב כמי שאפשר לסמוך עליו בתפקיד ציבורי.","supports","https://hagush.org.il/candidates.html ; https://e.democrats.org.il/Democrats_OpenHouses/228349 ; https://www.kan.org.il/content/kan-news/politic/987442/ ; https://www.ynet.co.il/news/article/rjakywcvzl","82","הרקע כסנ״צ בדימוס, מורה ומחנך, אח שכול במאבק החטופים ופעיל ציבורי יוצר תדמית של שליחות ועמוד שדרה."
"דני אלגרט","תדמית","יושרה, אמינות וניסיון ","T-020","המועמד נתפס בציבור הרחב כבעל ניסיון ציבורי משמעותי.","supports","https://hagush.org.il/candidates.html ; https://e.democrats.org.il/Democrats_OpenHouses/228349 ; https://www.kan.org.il/content/kan-news/politic/987442/ ; https://www.ynet.co.il/news/article/rjakywcvzl","82","הרקע כסנ״צ בדימוס, מורה ומחנך, אח שכול במאבק החטופים ופעיל ציבורי יוצר תדמית של שליחות ועמוד שדרה."
"דני אלגרט","תדמית","יושרה, אמינות וניסיון ","T-021","המועמד נתפס בציבור הרחב כמי שמבין איך פועלת מערכת פוליטית.","mixed","https://hagush.org.il/candidates.html ; https://e.democrats.org.il/Democrats_OpenHouses/228349 ; https://www.kan.org.il/content/kan-news/politic/987442/ ; https://www.ynet.co.il/news/article/rjakywcvzl","50","יש ניסיון ציבורי ומערכתי, אך לא ניסיון פוליטי מוסדי משמעותי."
"דני אלגרט","תדמית","תקשורתיות ונראות","T-022","המועמד נתפס בציבור הרחב כדמות תקשורתית חזקה.","supports","https://hagush.org.il/candidates.html ; https://e.democrats.org.il/Democrats_OpenHouses/228349 ; https://www.kan.org.il/content/kan-news/politic/987442/ ; https://www.ynet.co.il/news/article/rjakywcvzl","72","כדמות בולטת במאבק החטופים יש לו מסר ונראות ציבורית, גם אם ממוקדים בנושא אחד."
"דני אלגרט","תדמית","תקשורתיות ונראות","T-023","המועמד נתפס בציבור הרחב כמי שיודע להעביר מסר ברור.","supports","https://hagush.org.il/candidates.html ; https://e.democrats.org.il/Democrats_OpenHouses/228349 ; https://www.kan.org.il/content/kan-news/politic/987442/ ; https://www.ynet.co.il/news/article/rjakywcvzl","72","כדמות בולטת במאבק החטופים יש לו מסר ונראות ציבורית, גם אם ממוקדים בנושא אחד."
"דני אלגרט","תדמית","תקשורתיות ונראות","T-024","המועמד נתפס בציבור הרחב כמי שמסוגל לבלוט בקמפיין בחירות.","supports","https://hagush.org.il/candidates.html ; https://e.democrats.org.il/Democrats_OpenHouses/228349 ; https://www.kan.org.il/content/kan-news/politic/987442/ ; https://www.ynet.co.il/news/article/rjakywcvzl","72","כדמות בולטת במאבק החטופים יש לו מסר ונראות ציבורית, גם אם ממוקדים בנושא אחד."
"דני אלגרט","תדמית","תקשורתיות ונראות","T-025","המועמד נתפס בציבור הרחב כמי שמביא ייצוג חשוב לרשימה.","supports","https://hagush.org.il/candidates.html ; https://e.democrats.org.il/Democrats_OpenHouses/228349 ; https://www.kan.org.il/content/kan-news/politic/987442/ ; https://www.ynet.co.il/news/article/rjakywcvzl","70","הוא מוסיף לרשימה קול מרכזי של משפחות חטופים, אחריות מדינה ורקע ביטחוני־משטרתי."
"דני אלגרט","תדמית","תקשורתיות ונראות","T-026","המועמד נתפס בציבור הרחב כמי שמרחיב את הדימוי של המפלגה.","supports","https://hagush.org.il/candidates.html ; https://e.democrats.org.il/Democrats_OpenHouses/228349 ; https://www.kan.org.il/content/kan-news/politic/987442/ ; https://www.ynet.co.il/news/article/rjakywcvzl","70","הוא מוסיף לרשימה קול מרכזי של משפחות חטופים, אחריות מדינה ורקע ביטחוני־משטרתי."
"דני אלגרט","תדמית","אותנטיות וסיפור אישי","T-027","המועמד נתפס בציבור הרחב כמי שפועל מתוך שליחות ולא רק מתוך קריירה.","supports","https://hagush.org.il/candidates.html ; https://e.democrats.org.il/Democrats_OpenHouses/228349 ; https://www.kan.org.il/content/kan-news/politic/987442/ ; https://www.ynet.co.il/news/article/rjakywcvzl","82","הרקע כסנ״צ בדימוס, מורה ומחנך, אח שכול במאבק החטופים ופעיל ציבורי יוצר תדמית של שליחות ועמוד שדרה."
"גאלב סלאמנה","תדמית","זהות וייצוג","T-001","המועמד מייצג את הקול הנשי בזירה הציבורית.","unknown","לא נמצא מקור מספק בקובץ ההיגדים/פרופיל/מקורות הרשת שנבדקו; נשאר unknown לפי כלל לא לנחש","0","לא נמצא בסיס תדמיתי מספק לייצוג נשי או זהות מזרחית."
"גאלב סלאמנה","תדמית","זהות וייצוג","T-002","המועמד נתפס בציבור הרחב כמי שמבין חסמים ייחודיים של נשים בפוליטיקה, בעבודה ובחברה.","unknown","לא נמצא מקור מספק בקובץ ההיגדים/פרופיל/מקורות הרשת שנבדקו; נשאר unknown לפי כלל לא לנחש","0","לא נמצא בסיס תדמיתי מספק לייצוג נשי או זהות מזרחית."
"גאלב סלאמנה","תדמית","זהות וייצוג","T-003","המועמד נתפס בציבור הרחב כמי שנותן מקום מכבד לקבוצות מיעוט בחברה הישראלית.","supports","https://hagush.org.il/candidates.html ; https://democrats.org.il/%D7%A4%D7%A8%D7%95%D7%98%D7%95%D7%A7%D7%95%D7%9C-%D7%99%D7%A9%D7%99%D7%91%D7%AA-%D7%9E%D7%95%D7%A2%D7%A6%D7%94-%D7%94%D7%93%D7%9E%D7%95%D7%A7%D7%A8%D7%98%D7%99%D7%9D-%D7%94%D7%A6%D7%A2%D7%99-2/ ; https://e.democrats.org.il/Democrats_OpenHouses/260787 ; https://e.democrats.org.il/Democrats_OpenHouses/259509 ; https://lawbuzz.co.il/lawyer/galb-slamnh-275363/ ; https://www.facebook.com/61586677934863/posts/122112012279222597/ ; https://www.facebook.com/zichrondemocracy/videos/1931766194360758/","88","כמועמד מוסלמי/ערבי מהגליל, עו״ד ורכז מיעוטים בדמוקרטים הצעירים, הוא מוסיף לרשימה ייצוג מיעוטים מובהק."
"גאלב סלאמנה","תדמית","זהות וייצוג","T-004","המועמד נתפס בציבור הרחב כמי שיכול לייצג את בני המיעוטים הלא יהודיים.","supports","https://hagush.org.il/candidates.html ; https://democrats.org.il/%D7%A4%D7%A8%D7%95%D7%98%D7%95%D7%A7%D7%95%D7%9C-%D7%99%D7%A9%D7%99%D7%91%D7%AA-%D7%9E%D7%95%D7%A2%D7%A6%D7%94-%D7%94%D7%93%D7%9E%D7%95%D7%A7%D7%A8%D7%98%D7%99%D7%9D-%D7%94%D7%A6%D7%A2%D7%99-2/ ; https://e.democrats.org.il/Democrats_OpenHouses/260787 ; https://e.democrats.org.il/Democrats_OpenHouses/259509 ; https://lawbuzz.co.il/lawyer/galb-slamnh-275363/ ; https://www.facebook.com/61586677934863/posts/122112012279222597/ ; https://www.facebook.com/zichrondemocracy/videos/1931766194360758/","88","כמועמד מוסלמי/ערבי מהגליל, עו״ד ורכז מיעוטים בדמוקרטים הצעירים, הוא מוסיף לרשימה ייצוג מיעוטים מובהק."
"גאלב סלאמנה","תדמית","זהות וייצוג","T-005","המועמד נתפס בציבור הרחב כמי שמביא את קול הפריפריה או מבין לעומק את צרכיה.","supports","https://hagush.org.il/candidates.html ; https://democrats.org.il/%D7%A4%D7%A8%D7%95%D7%98%D7%95%D7%A7%D7%95%D7%9C-%D7%99%D7%A9%D7%99%D7%91%D7%AA-%D7%9E%D7%95%D7%A2%D7%A6%D7%94-%D7%94%D7%93%D7%9E%D7%95%D7%A7%D7%A8%D7%98%D7%99%D7%9D-%D7%94%D7%A6%D7%A2%D7%99-2/ ; https://e.democrats.org.il/Democrats_OpenHouses/260787 ; https://e.democrats.org.il/Democrats_OpenHouses/259509 ; https://lawbuzz.co.il/lawyer/galb-slamnh-275363/ ; https://www.facebook.com/61586677934863/posts/122112012279222597/ ; https://www.facebook.com/zichrondemocracy/videos/1931766194360758/","68","הזיקה לכעביה/גליל ולחברה הערבית נותנת בסיס לתדמית שמבינה פריפריה חברתית וגיאוגרפית."
"גאלב סלאמנה","תדמית","זהות וייצוג","T-006","המועמד נתפס בציבור הרחב כמי שיכול לצמצם את הפער התדמיתי והמעשי בין המרכז לפריפריה.","supports","https://hagush.org.il/candidates.html ; https://democrats.org.il/%D7%A4%D7%A8%D7%95%D7%98%D7%95%D7%A7%D7%95%D7%9C-%D7%99%D7%A9%D7%99%D7%91%D7%AA-%D7%9E%D7%95%D7%A2%D7%A6%D7%94-%D7%94%D7%93%D7%9E%D7%95%D7%A7%D7%A8%D7%98%D7%99%D7%9D-%D7%94%D7%A6%D7%A2%D7%99-2/ ; https://e.democrats.org.il/Democrats_OpenHouses/260787 ; https://e.democrats.org.il/Democrats_OpenHouses/259509 ; https://lawbuzz.co.il/lawyer/galb-slamnh-275363/ ; https://www.facebook.com/61586677934863/posts/122112012279222597/ ; https://www.facebook.com/zichrondemocracy/videos/1931766194360758/","68","הזיקה לכעביה/גליל ולחברה הערבית נותנת בסיס לתדמית שמבינה פריפריה חברתית וגיאוגרפית."
"גאלב סלאמנה","תדמית","זהות וייצוג","T-007","המועמד נתפס בציבור הרחב כמי שמביא גאווה בזהות מזרחית בלי להפוך אותה לשסע מפריד.","unknown","לא נמצא מקור מספק בקובץ ההיגדים/פרופיל/מקורות הרשת שנבדקו; נשאר unknown לפי כלל לא לנחש","0","לא נמצא בסיס תדמיתי מספק לייצוג נשי או זהות מזרחית."
"גאלב סלאמנה","תדמית","זהות וייצוג","T-008","המועמד נתפס בציבור הרחב כמי שמכבד זהות דתית ומסורתית בתוך מרחב דמוקרטי וליברלי.","supports","https://hagush.org.il/candidates.html ; https://democrats.org.il/%D7%A4%D7%A8%D7%95%D7%98%D7%95%D7%A7%D7%95%D7%9C-%D7%99%D7%A9%D7%99%D7%91%D7%AA-%D7%9E%D7%95%D7%A2%D7%A6%D7%94-%D7%94%D7%93%D7%9E%D7%95%D7%A7%D7%A8%D7%98%D7%99%D7%9D-%D7%94%D7%A6%D7%A2%D7%99-2/ ; https://e.democrats.org.il/Democrats_OpenHouses/260787 ; https://e.democrats.org.il/Democrats_OpenHouses/259509 ; https://lawbuzz.co.il/lawyer/galb-slamnh-275363/ ; https://www.facebook.com/61586677934863/posts/122112012279222597/ ; https://www.facebook.com/zichrondemocracy/videos/1931766194360758/","64","זהותו המוסלמית ושפת השותפות מאפשרות דימוי של כבוד לזהות דתית וגשר בין קבוצות, גם אם לא דווקא דתיים־חילונים יהודים."
"גאלב סלאמנה","תדמית","זהות וייצוג","T-009","המועמד נתפס בציבור הרחב כמי שיכול לגשר בין חילונים, מסורתיים ודתיים.","supports","https://hagush.org.il/candidates.html ; https://democrats.org.il/%D7%A4%D7%A8%D7%95%D7%98%D7%95%D7%A7%D7%95%D7%9C-%D7%99%D7%A9%D7%99%D7%91%D7%AA-%D7%9E%D7%95%D7%A2%D7%A6%D7%94-%D7%94%D7%93%D7%9E%D7%95%D7%A7%D7%A8%D7%98%D7%99%D7%9D-%D7%94%D7%A6%D7%A2%D7%99-2/ ; https://e.democrats.org.il/Democrats_OpenHouses/260787 ; https://e.democrats.org.il/Democrats_OpenHouses/259509 ; https://lawbuzz.co.il/lawyer/galb-slamnh-275363/ ; https://www.facebook.com/61586677934863/posts/122112012279222597/ ; https://www.facebook.com/zichrondemocracy/videos/1931766194360758/","64","זהותו המוסלמית ושפת השותפות מאפשרות דימוי של כבוד לזהות דתית וגשר בין קבוצות, גם אם לא דווקא דתיים־חילונים יהודים."
"גאלב סלאמנה","תדמית","זהות וייצוג","T-010","המועמד נתפס בציבור הרחב כמי שנוכחותו ברשימה מרחיבה את תחושת הייצוג של קהלים מגוונים.","supports","https://hagush.org.il/candidates.html ; https://democrats.org.il/%D7%A4%D7%A8%D7%95%D7%98%D7%95%D7%A7%D7%95%D7%9C-%D7%99%D7%A9%D7%99%D7%91%D7%AA-%D7%9E%D7%95%D7%A2%D7%A6%D7%94-%D7%94%D7%93%D7%9E%D7%95%D7%A7%D7%A8%D7%98%D7%99%D7%9D-%D7%94%D7%A6%D7%A2%D7%99-2/ ; https://e.democrats.org.il/Democrats_OpenHouses/260787 ; https://e.democrats.org.il/Democrats_OpenHouses/259509 ; https://lawbuzz.co.il/lawyer/galb-slamnh-275363/ ; https://www.facebook.com/61586677934863/posts/122112012279222597/ ; https://www.facebook.com/zichrondemocracy/videos/1931766194360758/","88","כמועמד מוסלמי/ערבי מהגליל, עו״ד ורכז מיעוטים בדמוקרטים הצעירים, הוא מוסיף לרשימה ייצוג מיעוטים מובהק."
"גאלב סלאמנה","תדמית","זהות וייצוג","T-011","המועמד נתפס בציבור הרחב כמי שמוסיף לרשימה עומק חברתי ולא רק ניסיון פוליטי או תקשורתי.","supports","https://hagush.org.il/candidates.html ; https://democrats.org.il/%D7%A4%D7%A8%D7%95%D7%98%D7%95%D7%A7%D7%95%D7%9C-%D7%99%D7%A9%D7%99%D7%91%D7%AA-%D7%9E%D7%95%D7%A2%D7%A6%D7%94-%D7%94%D7%93%D7%9E%D7%95%D7%A7%D7%A8%D7%98%D7%99%D7%9D-%D7%94%D7%A6%D7%A2%D7%99-2/ ; https://e.democrats.org.il/Democrats_OpenHouses/260787 ; https://e.democrats.org.il/Democrats_OpenHouses/259509 ; https://lawbuzz.co.il/lawyer/galb-slamnh-275363/ ; https://www.facebook.com/61586677934863/posts/122112012279222597/ ; https://www.facebook.com/zichrondemocracy/videos/1931766194360758/","88","כמועמד מוסלמי/ערבי מהגליל, עו״ד ורכז מיעוטים בדמוקרטים הצעירים, הוא מוסיף לרשימה ייצוג מיעוטים מובהק."
"גאלב סלאמנה","תדמית","ממלכתיות ואחריות","T-012","המועמד נתפס בציבור הרחב כבעל עמוד שדרה ערכי.","supports","https://hagush.org.il/candidates.html ; https://democrats.org.il/%D7%A4%D7%A8%D7%95%D7%98%D7%95%D7%A7%D7%95%D7%9C-%D7%99%D7%A9%D7%99%D7%91%D7%AA-%D7%9E%D7%95%D7%A2%D7%A6%D7%94-%D7%94%D7%93%D7%9E%D7%95%D7%A7%D7%A8%D7%98%D7%99%D7%9D-%D7%94%D7%A6%D7%A2%D7%99-2/ ; https://e.democrats.org.il/Democrats_OpenHouses/260787 ; https://e.democrats.org.il/Democrats_OpenHouses/259509 ; https://lawbuzz.co.il/lawyer/galb-slamnh-275363/ ; https://www.facebook.com/61586677934863/posts/122112012279222597/ ; https://www.facebook.com/zichrondemocracy/videos/1931766194360758/","70","המקורות מציגים עו״ד ופעיל זכויות/מחאה הפועל מתוך שליחות דמוקרטית ושלטון חוק."
"גאלב סלאמנה","תדמית","ממלכתיות ואחריות","T-013","המועמד נתפס בציבור הרחב כדמות ממלכתית ואחראית.","mixed","https://hagush.org.il/candidates.html ; https://democrats.org.il/%D7%A4%D7%A8%D7%95%D7%98%D7%95%D7%A7%D7%95%D7%9C-%D7%99%D7%A9%D7%99%D7%91%D7%AA-%D7%9E%D7%95%D7%A2%D7%A6%D7%94-%D7%94%D7%93%D7%9E%D7%95%D7%A7%D7%A8%D7%98%D7%99%D7%9D-%D7%94%D7%A6%D7%A2%D7%99-2/ ; https://e.democrats.org.il/Democrats_OpenHouses/260787 ; https://e.democrats.org.il/Democrats_OpenHouses/259509 ; https://lawbuzz.co.il/lawyer/galb-slamnh-275363/ ; https://www.facebook.com/61586677934863/posts/122112012279222597/ ; https://www.facebook.com/zichrondemocracy/videos/1931766194360758/","55","יש בסיס לרצינות ושליחות, אך ניסיון פוליטי וממלכתי רחב עדיין לא מבוסס מספיק."
"גאלב סלאמנה","תדמית","ממלכתיות ואחריות","T-014","המועמד נתפס בציבור הרחב כמי שמכבד מוסדות מדינה ושלטון חוק.","supports","https://hagush.org.il/candidates.html ; https://democrats.org.il/%D7%A4%D7%A8%D7%95%D7%98%D7%95%D7%A7%D7%95%D7%9C-%D7%99%D7%A9%D7%99%D7%91%D7%AA-%D7%9E%D7%95%D7%A2%D7%A6%D7%94-%D7%94%D7%93%D7%9E%D7%95%D7%A7%D7%A8%D7%98%D7%99%D7%9D-%D7%94%D7%A6%D7%A2%D7%99-2/ ; https://e.democrats.org.il/Democrats_OpenHouses/260787 ; https://e.democrats.org.il/Democrats_OpenHouses/259509 ; https://lawbuzz.co.il/lawyer/galb-slamnh-275363/ ; https://www.facebook.com/61586677934863/posts/122112012279222597/ ; https://www.facebook.com/zichrondemocracy/videos/1931766194360758/","70","המקורות מציגים עו״ד ופעיל זכויות/מחאה הפועל מתוך שליחות דמוקרטית ושלטון חוק."
"גאלב סלאמנה","תדמית","ממלכתיות ואחריות","T-015","המועמד נתפס בציבור הרחב כמי שמסוגל לפעול מתוך שיקול דעת ולא רק מתוך כעס.","mixed","https://hagush.org.il/candidates.html ; https://democrats.org.il/%D7%A4%D7%A8%D7%95%D7%98%D7%95%D7%A7%D7%95%D7%9C-%D7%99%D7%A9%D7%99%D7%91%D7%AA-%D7%9E%D7%95%D7%A2%D7%A6%D7%94-%D7%94%D7%93%D7%9E%D7%95%D7%A7%D7%A8%D7%98%D7%99%D7%9D-%D7%94%D7%A6%D7%A2%D7%99-2/ ; https://e.democrats.org.il/Democrats_OpenHouses/260787 ; https://e.democrats.org.il/Democrats_OpenHouses/259509 ; https://lawbuzz.co.il/lawyer/galb-slamnh-275363/ ; https://www.facebook.com/61586677934863/posts/122112012279222597/ ; https://www.facebook.com/zichrondemocracy/videos/1931766194360758/","55","יש בסיס לרצינות ושליחות, אך ניסיון פוליטי וממלכתי רחב עדיין לא מבוסס מספיק."
"גאלב סלאמנה","תדמית","יושרה, אמינות וניסיון ","T-016","המועמד נתפס בציבור הרחב כמי שפועל מתוך שליחות ולא רק מתוך קריירה.","supports","https://hagush.org.il/candidates.html ; https://democrats.org.il/%D7%A4%D7%A8%D7%95%D7%98%D7%95%D7%A7%D7%95%D7%9C-%D7%99%D7%A9%D7%99%D7%91%D7%AA-%D7%9E%D7%95%D7%A2%D7%A6%D7%94-%D7%94%D7%93%D7%9E%D7%95%D7%A7%D7%A8%D7%98%D7%99%D7%9D-%D7%94%D7%A6%D7%A2%D7%99-2/ ; https://e.democrats.org.il/Democrats_OpenHouses/260787 ; https://e.democrats.org.il/Democrats_OpenHouses/259509 ; https://lawbuzz.co.il/lawyer/galb-slamnh-275363/ ; https://www.facebook.com/61586677934863/posts/122112012279222597/ ; https://www.facebook.com/zichrondemocracy/videos/1931766194360758/","70","המקורות מציגים עו״ד ופעיל זכויות/מחאה הפועל מתוך שליחות דמוקרטית ושלטון חוק."
"גאלב סלאמנה","תדמית","יושרה, אמינות וניסיון ","T-017","המועמד נתפס בציבור הרחב כאדם אמין וישר.","supports","https://hagush.org.il/candidates.html ; https://democrats.org.il/%D7%A4%D7%A8%D7%95%D7%98%D7%95%D7%A7%D7%95%D7%9C-%D7%99%D7%A9%D7%99%D7%91%D7%AA-%D7%9E%D7%95%D7%A2%D7%A6%D7%94-%D7%94%D7%93%D7%9E%D7%95%D7%A7%D7%A8%D7%98%D7%99%D7%9D-%D7%94%D7%A6%D7%A2%D7%99-2/ ; https://e.democrats.org.il/Democrats_OpenHouses/260787 ; https://e.democrats.org.il/Democrats_OpenHouses/259509 ; https://lawbuzz.co.il/lawyer/galb-slamnh-275363/ ; https://www.facebook.com/61586677934863/posts/122112012279222597/ ; https://www.facebook.com/zichrondemocracy/videos/1931766194360758/","70","המקורות מציגים עו״ד ופעיל זכויות/מחאה הפועל מתוך שליחות דמוקרטית ושלטון חוק."
"גאלב סלאמנה","תדמית","יושרה, אמינות וניסיון ","T-018","המועמד נתפס בציבור הרחב כדמות רצינית ולא כגימיק תקשורתי.","supports","https://hagush.org.il/candidates.html ; https://democrats.org.il/%D7%A4%D7%A8%D7%95%D7%98%D7%95%D7%A7%D7%95%D7%9C-%D7%99%D7%A9%D7%99%D7%91%D7%AA-%D7%9E%D7%95%D7%A2%D7%A6%D7%94-%D7%94%D7%93%D7%9E%D7%95%D7%A7%D7%A8%D7%98%D7%99%D7%9D-%D7%94%D7%A6%D7%A2%D7%99-2/ ; https://e.democrats.org.il/Democrats_OpenHouses/260787 ; https://e.democrats.org.il/Democrats_OpenHouses/259509 ; https://lawbuzz.co.il/lawyer/galb-slamnh-275363/ ; https://www.facebook.com/61586677934863/posts/122112012279222597/ ; https://www.facebook.com/zichrondemocracy/videos/1931766194360758/","70","המקורות מציגים עו״ד ופעיל זכויות/מחאה הפועל מתוך שליחות דמוקרטית ושלטון חוק."
"גאלב סלאמנה","תדמית","יושרה, אמינות וניסיון ","T-019","המועמד נתפס בציבור הרחב כמי שאפשר לסמוך עליו בתפקיד ציבורי.","supports","https://hagush.org.il/candidates.html ; https://democrats.org.il/%D7%A4%D7%A8%D7%95%D7%98%D7%95%D7%A7%D7%95%D7%9C-%D7%99%D7%A9%D7%99%D7%91%D7%AA-%D7%9E%D7%95%D7%A2%D7%A6%D7%94-%D7%94%D7%93%D7%9E%D7%95%D7%A7%D7%A8%D7%98%D7%99%D7%9D-%D7%94%D7%A6%D7%A2%D7%99-2/ ; https://e.democrats.org.il/Democrats_OpenHouses/260787 ; https://e.democrats.org.il/Democrats_OpenHouses/259509 ; https://lawbuzz.co.il/lawyer/galb-slamnh-275363/ ; https://www.facebook.com/61586677934863/posts/122112012279222597/ ; https://www.facebook.com/zichrondemocracy/videos/1931766194360758/","70","המקורות מציגים עו״ד ופעיל זכויות/מחאה הפועל מתוך שליחות דמוקרטית ושלטון חוק."
"גאלב סלאמנה","תדמית","יושרה, אמינות וניסיון ","T-020","המועמד נתפס בציבור הרחב כבעל ניסיון ציבורי משמעותי.","supports","https://hagush.org.il/candidates.html ; https://democrats.org.il/%D7%A4%D7%A8%D7%95%D7%98%D7%95%D7%A7%D7%95%D7%9C-%D7%99%D7%A9%D7%99%D7%91%D7%AA-%D7%9E%D7%95%D7%A2%D7%A6%D7%94-%D7%94%D7%93%D7%9E%D7%95%D7%A7%D7%A8%D7%98%D7%99%D7%9D-%D7%94%D7%A6%D7%A2%D7%99-2/ ; https://e.democrats.org.il/Democrats_OpenHouses/260787 ; https://e.democrats.org.il/Democrats_OpenHouses/259509 ; https://lawbuzz.co.il/lawyer/galb-slamnh-275363/ ; https://www.facebook.com/61586677934863/posts/122112012279222597/ ; https://www.facebook.com/zichrondemocracy/videos/1931766194360758/","70","המקורות מציגים עו״ד ופעיל זכויות/מחאה הפועל מתוך שליחות דמוקרטית ושלטון חוק."
"גאלב סלאמנה","תדמית","יושרה, אמינות וניסיון ","T-021","המועמד נתפס בציבור הרחב כמי שמבין איך פועלת מערכת פוליטית.","mixed","https://hagush.org.il/candidates.html ; https://democrats.org.il/%D7%A4%D7%A8%D7%95%D7%98%D7%95%D7%A7%D7%95%D7%9C-%D7%99%D7%A9%D7%99%D7%91%D7%AA-%D7%9E%D7%95%D7%A2%D7%A6%D7%94-%D7%94%D7%93%D7%9E%D7%95%D7%A7%D7%A8%D7%98%D7%99%D7%9D-%D7%94%D7%A6%D7%A2%D7%99-2/ ; https://e.democrats.org.il/Democrats_OpenHouses/260787 ; https://e.democrats.org.il/Democrats_OpenHouses/259509 ; https://lawbuzz.co.il/lawyer/galb-slamnh-275363/ ; https://www.facebook.com/61586677934863/posts/122112012279222597/ ; https://www.facebook.com/zichrondemocracy/videos/1931766194360758/","55","יש בסיס לרצינות ושליחות, אך ניסיון פוליטי וממלכתי רחב עדיין לא מבוסס מספיק."
"גאלב סלאמנה","תדמית","תקשורתיות ונראות","T-022","המועמד נתפס בציבור הרחב כדמות תקשורתית חזקה.","mixed","https://hagush.org.il/candidates.html ; https://democrats.org.il/%D7%A4%D7%A8%D7%95%D7%98%D7%95%D7%A7%D7%95%D7%9C-%D7%99%D7%A9%D7%99%D7%91%D7%AA-%D7%9E%D7%95%D7%A2%D7%A6%D7%94-%D7%94%D7%93%D7%9E%D7%95%D7%A7%D7%A8%D7%98%D7%99%D7%9D-%D7%94%D7%A6%D7%A2%D7%99-2/ ; https://e.democrats.org.il/Democrats_OpenHouses/260787 ; https://e.democrats.org.il/Democrats_OpenHouses/259509 ; https://lawbuzz.co.il/lawyer/galb-slamnh-275363/ ; https://www.facebook.com/61586677934863/posts/122112012279222597/ ; https://www.facebook.com/zichrondemocracy/videos/1931766194360758/","58","יש הופעות ציבוריות ומסר ערכי ברור, אך לא הוכחה לנוכחות תקשורתית חזקה בקנה מידה רחב."
"גאלב סלאמנה","תדמית","תקשורתיות ונראות","T-023","המועמד נתפס בציבור הרחב כמי שיודע להעביר מסר ברור.","mixed","https://hagush.org.il/candidates.html ; https://democrats.org.il/%D7%A4%D7%A8%D7%95%D7%98%D7%95%D7%A7%D7%95%D7%9C-%D7%99%D7%A9%D7%99%D7%91%D7%AA-%D7%9E%D7%95%D7%A2%D7%A6%D7%94-%D7%94%D7%93%D7%9E%D7%95%D7%A7%D7%A8%D7%98%D7%99%D7%9D-%D7%94%D7%A6%D7%A2%D7%99-2/ ; https://e.democrats.org.il/Democrats_OpenHouses/260787 ; https://e.democrats.org.il/Democrats_OpenHouses/259509 ; https://lawbuzz.co.il/lawyer/galb-slamnh-275363/ ; https://www.facebook.com/61586677934863/posts/122112012279222597/ ; https://www.facebook.com/zichrondemocracy/videos/1931766194360758/","58","יש הופעות ציבוריות ומסר ערכי ברור, אך לא הוכחה לנוכחות תקשורתית חזקה בקנה מידה רחב."
"גאלב סלאמנה","תדמית","תקשורתיות ונראות","T-024","המועמד נתפס בציבור הרחב כמי שמסוגל לבלוט בקמפיין בחירות.","mixed","https://hagush.org.il/candidates.html ; https://democrats.org.il/%D7%A4%D7%A8%D7%95%D7%98%D7%95%D7%A7%D7%95%D7%9C-%D7%99%D7%A9%D7%99%D7%91%D7%AA-%D7%9E%D7%95%D7%A2%D7%A6%D7%94-%D7%94%D7%93%D7%9E%D7%95%D7%A7%D7%A8%D7%98%D7%99%D7%9D-%D7%94%D7%A6%D7%A2%D7%99-2/ ; https://e.democrats.org.il/Democrats_OpenHouses/260787 ; https://e.democrats.org.il/Democrats_OpenHouses/259509 ; https://lawbuzz.co.il/lawyer/galb-slamnh-275363/ ; https://www.facebook.com/61586677934863/posts/122112012279222597/ ; https://www.facebook.com/zichrondemocracy/videos/1931766194360758/","58","יש הופעות ציבוריות ומסר ערכי ברור, אך לא הוכחה לנוכחות תקשורתית חזקה בקנה מידה רחב."
"גאלב סלאמנה","תדמית","תקשורתיות ונראות","T-025","המועמד נתפס בציבור הרחב כמי שמביא ייצוג חשוב לרשימה.","supports","https://hagush.org.il/candidates.html ; https://democrats.org.il/%D7%A4%D7%A8%D7%95%D7%98%D7%95%D7%A7%D7%95%D7%9C-%D7%99%D7%A9%D7%99%D7%91%D7%AA-%D7%9E%D7%95%D7%A2%D7%A6%D7%94-%D7%94%D7%93%D7%9E%D7%95%D7%A7%D7%A8%D7%98%D7%99%D7%9D-%D7%94%D7%A6%D7%A2%D7%99-2/ ; https://e.democrats.org.il/Democrats_OpenHouses/260787 ; https://e.democrats.org.il/Democrats_OpenHouses/259509 ; https://lawbuzz.co.il/lawyer/galb-slamnh-275363/ ; https://www.facebook.com/61586677934863/posts/122112012279222597/ ; https://www.facebook.com/zichrondemocracy/videos/1931766194360758/","88","כמועמד מוסלמי/ערבי מהגליל, עו״ד ורכז מיעוטים בדמוקרטים הצעירים, הוא מוסיף לרשימה ייצוג מיעוטים מובהק."
"גאלב סלאמנה","תדמית","תקשורתיות ונראות","T-026","המועמד נתפס בציבור הרחב כמי שמרחיב את הדימוי של המפלגה.","supports","https://hagush.org.il/candidates.html ; https://democrats.org.il/%D7%A4%D7%A8%D7%95%D7%98%D7%95%D7%A7%D7%95%D7%9C-%D7%99%D7%A9%D7%99%D7%91%D7%AA-%D7%9E%D7%95%D7%A2%D7%A6%D7%94-%D7%94%D7%93%D7%9E%D7%95%D7%A7%D7%A8%D7%98%D7%99%D7%9D-%D7%94%D7%A6%D7%A2%D7%99-2/ ; https://e.democrats.org.il/Democrats_OpenHouses/260787 ; https://e.democrats.org.il/Democrats_OpenHouses/259509 ; https://lawbuzz.co.il/lawyer/galb-slamnh-275363/ ; https://www.facebook.com/61586677934863/posts/122112012279222597/ ; https://www.facebook.com/zichrondemocracy/videos/1931766194360758/","88","כמועמד מוסלמי/ערבי מהגליל, עו״ד ורכז מיעוטים בדמוקרטים הצעירים, הוא מוסיף לרשימה ייצוג מיעוטים מובהק."
"גאלב סלאמנה","תדמית","אותנטיות וסיפור אישי","T-027","המועמד נתפס בציבור הרחב כמי שפועל מתוך שליחות ולא רק מתוך קריירה.","supports","https://hagush.org.il/candidates.html ; https://democrats.org.il/%D7%A4%D7%A8%D7%95%D7%98%D7%95%D7%A7%D7%95%D7%9C-%D7%99%D7%A9%D7%99%D7%91%D7%AA-%D7%9E%D7%95%D7%A2%D7%A6%D7%94-%D7%94%D7%93%D7%9E%D7%95%D7%A7%D7%A8%D7%98%D7%99%D7%9D-%D7%94%D7%A6%D7%A2%D7%99-2/ ; https://e.democrats.org.il/Democrats_OpenHouses/260787 ; https://e.democrats.org.il/Democrats_OpenHouses/259509 ; https://lawbuzz.co.il/lawyer/galb-slamnh-275363/ ; https://www.facebook.com/61586677934863/posts/122112012279222597/ ; https://www.facebook.com/zichrondemocracy/videos/1931766194360758/","70","המקורות מציגים עו״ד ופעיל זכויות/מחאה הפועל מתוך שליחות דמוקרטית ושלטון חוק."
"הדס רגולסקי","תדמית","זהות וייצוג","T-001","המועמד מייצג את הקול הנשי בזירה הציבורית.","supports","https://hagush.org.il/candidates.html ; https://www.hadasragolsky.com/ ; https://www.bonot.org/projects-1/%D7%94%D7%93%D7%A1-%D7%A8%D7%92%D7%95%D7%9C%D7%A1%D7%A7%D7%99 ; https://www.ynet.co.il/activism/israel2048/article/rkswd6hbwl ; https://www.taasiya.pro/speaker/hadas-ragolski","94","זה אחד מצירי הזהות המרכזיים שלה: מטה הדמוקרטיות, שוויון מגדרי, הנהגה נשית ומאבק בהדרת נשים."
"הדס רגולסקי","תדמית","זהות וייצוג","T-002","המועמד נתפס בציבור הרחב כמי שמבין חסמים ייחודיים של נשים בפוליטיקה, בעבודה ובחברה.","supports","https://hagush.org.il/candidates.html ; https://www.hadasragolsky.com/ ; https://www.bonot.org/projects-1/%D7%94%D7%93%D7%A1-%D7%A8%D7%92%D7%95%D7%9C%D7%A1%D7%A7%D7%99 ; https://www.ynet.co.il/activism/israel2048/article/rkswd6hbwl ; https://www.taasiya.pro/speaker/hadas-ragolski","94","זה אחד מצירי הזהות המרכזיים שלה: מטה הדמוקרטיות, שוויון מגדרי, הנהגה נשית ומאבק בהדרת נשים."
"הדס רגולסקי","תדמית","זהות וייצוג","T-003","המועמד נתפס בציבור הרחב כמי שנותן מקום מכבד לקבוצות מיעוט בחברה הישראלית.","supports","https://hagush.org.il/candidates.html ; https://www.hadasragolsky.com/ ; https://www.bonot.org/projects-1/%D7%94%D7%93%D7%A1-%D7%A8%D7%92%D7%95%D7%9C%D7%A1%D7%A7%D7%99 ; https://www.ynet.co.il/activism/israel2048/article/rkswd6hbwl ; https://www.taasiya.pro/speaker/hadas-ragolski","78","היא מרחיבה את ייצוג הרשימה סביב נשים, שוויון, חברה אזרחית, שלטון מקומי ועוטף עזה."
"הדס רגולסקי","תדמית","זהות וייצוג","T-004","המועמד נתפס בציבור הרחב כמי שיכול לייצג את בני המיעוטים הלא יהודיים.","unknown","לא נמצא מקור מספק בקובץ ההיגדים/פרופיל/מקורות הרשת שנבדקו; נשאר unknown לפי כלל לא לנחש","0","לא נמצא בסיס תדמיתי מספק לייצוג מיעוטים לא־יהודיים, זהות מזרחית או גישור דתי־חילוני רחב."
"הדס רגולסקי","תדמית","זהות וייצוג","T-005","המועמד נתפס בציבור הרחב כמי שמביא את קול הפריפריה או מבין לעומק את צרכיה.","supports","https://hagush.org.il/candidates.html ; https://www.hadasragolsky.com/ ; https://www.bonot.org/projects-1/%D7%94%D7%93%D7%A1-%D7%A8%D7%92%D7%95%D7%9C%D7%A1%D7%A7%D7%99 ; https://www.ynet.co.il/activism/israel2048/article/rkswd6hbwl ; https://www.taasiya.pro/speaker/hadas-ragolski","66","הרקע בנתיב העשרה ובעוטף עזה וניסיון עירוני נותנים בסיס תדמיתי להבנת צרכי פריפריה/עוטף, גם אם לא כציר יחיד."
"הדס רגולסקי","תדמית","זהות וייצוג","T-006","המועמד נתפס בציבור הרחב כמי שיכול לצמצם את הפער התדמיתי והמעשי בין המרכז לפריפריה.","supports","https://hagush.org.il/candidates.html ; https://www.hadasragolsky.com/ ; https://www.bonot.org/projects-1/%D7%94%D7%93%D7%A1-%D7%A8%D7%92%D7%95%D7%9C%D7%A1%D7%A7%D7%99 ; https://www.ynet.co.il/activism/israel2048/article/rkswd6hbwl ; https://www.taasiya.pro/speaker/hadas-ragolski","66","הרקע בנתיב העשרה ובעוטף עזה וניסיון עירוני נותנים בסיס תדמיתי להבנת צרכי פריפריה/עוטף, גם אם לא כציר יחיד."
"הדס רגולסקי","תדמית","זהות וייצוג","T-007","המועמד נתפס בציבור הרחב כמי שמביא גאווה בזהות מזרחית בלי להפוך אותה לשסע מפריד.","unknown","לא נמצא מקור מספק בקובץ ההיגדים/פרופיל/מקורות הרשת שנבדקו; נשאר unknown לפי כלל לא לנחש","0","לא נמצא בסיס תדמיתי מספק לייצוג מיעוטים לא־יהודיים, זהות מזרחית או גישור דתי־חילוני רחב."
"הדס רגולסקי","תדמית","זהות וייצוג","T-008","המועמד נתפס בציבור הרחב כמי שמכבד זהות דתית ומסורתית בתוך מרחב דמוקרטי וליברלי.","supports","https://hagush.org.il/candidates.html ; https://www.hadasragolsky.com/ ; https://www.bonot.org/projects-1/%D7%94%D7%93%D7%A1-%D7%A8%D7%92%D7%95%D7%9C%D7%A1%D7%A7%D7%99 ; https://www.ynet.co.il/activism/israel2048/article/rkswd6hbwl ; https://www.taasiya.pro/speaker/hadas-ragolski","64","היא אינה מזוהה כדתית, אך מדגישה הפרדת דת ומדינה ומרחב ציבורי פתוח ומכבד."
"הדס רגולסקי","תדמית","זהות וייצוג","T-009","המועמד נתפס בציבור הרחב כמי שיכול לגשר בין חילונים, מסורתיים ודתיים.","unknown","לא נמצא מקור מספק בקובץ ההיגדים/פרופיל/מקורות הרשת שנבדקו; נשאר unknown לפי כלל לא לנחש","0","לא נמצא בסיס תדמיתי מספק לייצוג מיעוטים לא־יהודיים, זהות מזרחית או גישור דתי־חילוני רחב."
"הדס רגולסקי","תדמית","זהות וייצוג","T-010","המועמד נתפס בציבור הרחב כמי שנוכחותו ברשימה מרחיבה את תחושת הייצוג של קהלים מגוונים.","supports","https://hagush.org.il/candidates.html ; https://www.hadasragolsky.com/ ; https://www.bonot.org/projects-1/%D7%94%D7%93%D7%A1-%D7%A8%D7%92%D7%95%D7%9C%D7%A1%D7%A7%D7%99 ; https://www.ynet.co.il/activism/israel2048/article/rkswd6hbwl ; https://www.taasiya.pro/speaker/hadas-ragolski","78","היא מרחיבה את ייצוג הרשימה סביב נשים, שוויון, חברה אזרחית, שלטון מקומי ועוטף עזה."
"הדס רגולסקי","תדמית","זהות וייצוג","T-011","המועמד נתפס בציבור הרחב כמי שמוסיף לרשימה עומק חברתי ולא רק ניסיון פוליטי או תקשורתי.","supports","https://hagush.org.il/candidates.html ; https://www.hadasragolsky.com/ ; https://www.bonot.org/projects-1/%D7%94%D7%93%D7%A1-%D7%A8%D7%92%D7%95%D7%9C%D7%A1%D7%A7%D7%99 ; https://www.ynet.co.il/activism/israel2048/article/rkswd6hbwl ; https://www.taasiya.pro/speaker/hadas-ragolski","78","היא מרחיבה את ייצוג הרשימה סביב נשים, שוויון, חברה אזרחית, שלטון מקומי ועוטף עזה."
"הדס רגולסקי","תדמית","ממלכתיות ואחריות","T-012","המועמד נתפס בציבור הרחב כבעל עמוד שדרה ערכי.","supports","https://hagush.org.il/candidates.html ; https://www.hadasragolsky.com/ ; https://www.bonot.org/projects-1/%D7%94%D7%93%D7%A1-%D7%A8%D7%92%D7%95%D7%9C%D7%A1%D7%A7%D7%99 ; https://www.ynet.co.il/activism/israel2048/article/rkswd6hbwl ; https://www.taasiya.pro/speaker/hadas-ragolski","86","ניסיון בתקשורת, עירייה, תנועות אזרחיות ומאבקי נשים מעניק תדמית של רצינות, נראות, מסר ושליחות ציבורית."
"הדס רגולסקי","תדמית","ממלכתיות ואחריות","T-013","המועמד נתפס בציבור הרחב כדמות ממלכתית ואחראית.","supports","https://hagush.org.il/candidates.html ; https://www.hadasragolsky.com/ ; https://www.bonot.org/projects-1/%D7%94%D7%93%D7%A1-%D7%A8%D7%92%D7%95%D7%9C%D7%A1%D7%A7%D7%99 ; https://www.ynet.co.il/activism/israel2048/article/rkswd6hbwl ; https://www.taasiya.pro/speaker/hadas-ragolski","86","ניסיון בתקשורת, עירייה, תנועות אזרחיות ומאבקי נשים מעניק תדמית של רצינות, נראות, מסר ושליחות ציבורית."
"הדס רגולסקי","תדמית","ממלכתיות ואחריות","T-014","המועמד נתפס בציבור הרחב כמי שמכבד מוסדות מדינה ושלטון חוק.","supports","https://hagush.org.il/candidates.html ; https://www.hadasragolsky.com/ ; https://www.bonot.org/projects-1/%D7%94%D7%93%D7%A1-%D7%A8%D7%92%D7%95%D7%9C%D7%A1%D7%A7%D7%99 ; https://www.ynet.co.il/activism/israel2048/article/rkswd6hbwl ; https://www.taasiya.pro/speaker/hadas-ragolski","86","ניסיון בתקשורת, עירייה, תנועות אזרחיות ומאבקי נשים מעניק תדמית של רצינות, נראות, מסר ושליחות ציבורית."
"הדס רגולסקי","תדמית","ממלכתיות ואחריות","T-015","המועמד נתפס בציבור הרחב כמי שמסוגל לפעול מתוך שיקול דעת ולא רק מתוך כעס.","supports","https://hagush.org.il/candidates.html ; https://www.hadasragolsky.com/ ; https://www.bonot.org/projects-1/%D7%94%D7%93%D7%A1-%D7%A8%D7%92%D7%95%D7%9C%D7%A1%D7%A7%D7%99 ; https://www.ynet.co.il/activism/israel2048/article/rkswd6hbwl ; https://www.taasiya.pro/speaker/hadas-ragolski","86","ניסיון בתקשורת, עירייה, תנועות אזרחיות ומאבקי נשים מעניק תדמית של רצינות, נראות, מסר ושליחות ציבורית."
"הדס רגולסקי","תדמית","יושרה, אמינות וניסיון ","T-016","המועמד נתפס בציבור הרחב כמי שפועל מתוך שליחות ולא רק מתוך קריירה.","supports","https://hagush.org.il/candidates.html ; https://www.hadasragolsky.com/ ; https://www.bonot.org/projects-1/%D7%94%D7%93%D7%A1-%D7%A8%D7%92%D7%95%D7%9C%D7%A1%D7%A7%D7%99 ; https://www.ynet.co.il/activism/israel2048/article/rkswd6hbwl ; https://www.taasiya.pro/speaker/hadas-ragolski","86","ניסיון בתקשורת, עירייה, תנועות אזרחיות ומאבקי נשים מעניק תדמית של רצינות, נראות, מסר ושליחות ציבורית."
"הדס רגולסקי","תדמית","יושרה, אמינות וניסיון ","T-017","המועמד נתפס בציבור הרחב כאדם אמין וישר.","supports","https://hagush.org.il/candidates.html ; https://www.hadasragolsky.com/ ; https://www.bonot.org/projects-1/%D7%94%D7%93%D7%A1-%D7%A8%D7%92%D7%95%D7%9C%D7%A1%D7%A7%D7%99 ; https://www.ynet.co.il/activism/israel2048/article/rkswd6hbwl ; https://www.taasiya.pro/speaker/hadas-ragolski","86","ניסיון בתקשורת, עירייה, תנועות אזרחיות ומאבקי נשים מעניק תדמית של רצינות, נראות, מסר ושליחות ציבורית."
"הדס רגולסקי","תדמית","יושרה, אמינות וניסיון ","T-018","המועמד נתפס בציבור הרחב כדמות רצינית ולא כגימיק תקשורתי.","supports","https://hagush.org.il/candidates.html ; https://www.hadasragolsky.com/ ; https://www.bonot.org/projects-1/%D7%94%D7%93%D7%A1-%D7%A8%D7%92%D7%95%D7%9C%D7%A1%D7%A7%D7%99 ; https://www.ynet.co.il/activism/israel2048/article/rkswd6hbwl ; https://www.taasiya.pro/speaker/hadas-ragolski","86","ניסיון בתקשורת, עירייה, תנועות אזרחיות ומאבקי נשים מעניק תדמית של רצינות, נראות, מסר ושליחות ציבורית."
"הדס רגולסקי","תדמית","יושרה, אמינות וניסיון ","T-019","המועמד נתפס בציבור הרחב כמי שאפשר לסמוך עליו בתפקיד ציבורי.","supports","https://hagush.org.il/candidates.html ; https://www.hadasragolsky.com/ ; https://www.bonot.org/projects-1/%D7%94%D7%93%D7%A1-%D7%A8%D7%92%D7%95%D7%9C%D7%A1%D7%A7%D7%99 ; https://www.ynet.co.il/activism/israel2048/article/rkswd6hbwl ; https://www.taasiya.pro/speaker/hadas-ragolski","86","ניסיון בתקשורת, עירייה, תנועות אזרחיות ומאבקי נשים מעניק תדמית של רצינות, נראות, מסר ושליחות ציבורית."
"הדס רגולסקי","תדמית","יושרה, אמינות וניסיון ","T-020","המועמד נתפס בציבור הרחב כבעל ניסיון ציבורי משמעותי.","supports","https://hagush.org.il/candidates.html ; https://www.hadasragolsky.com/ ; https://www.bonot.org/projects-1/%D7%94%D7%93%D7%A1-%D7%A8%D7%92%D7%95%D7%9C%D7%A1%D7%A7%D7%99 ; https://www.ynet.co.il/activism/israel2048/article/rkswd6hbwl ; https://www.taasiya.pro/speaker/hadas-ragolski","86","ניסיון בתקשורת, עירייה, תנועות אזרחיות ומאבקי נשים מעניק תדמית של רצינות, נראות, מסר ושליחות ציבורית."
"הדס רגולסקי","תדמית","יושרה, אמינות וניסיון ","T-021","המועמד נתפס בציבור הרחב כמי שמבין איך פועלת מערכת פוליטית.","supports","https://hagush.org.il/candidates.html ; https://www.hadasragolsky.com/ ; https://www.bonot.org/projects-1/%D7%94%D7%93%D7%A1-%D7%A8%D7%92%D7%95%D7%9C%D7%A1%D7%A7%D7%99 ; https://www.ynet.co.il/activism/israel2048/article/rkswd6hbwl ; https://www.taasiya.pro/speaker/hadas-ragolski","86","ניסיון בתקשורת, עירייה, תנועות אזרחיות ומאבקי נשים מעניק תדמית של רצינות, נראות, מסר ושליחות ציבורית."
"הדס רגולסקי","תדמית","תקשורתיות ונראות","T-022","המועמד נתפס בציבור הרחב כדמות תקשורתית חזקה.","supports","https://hagush.org.il/candidates.html ; https://www.hadasragolsky.com/ ; https://www.bonot.org/projects-1/%D7%94%D7%93%D7%A1-%D7%A8%D7%92%D7%95%D7%9C%D7%A1%D7%A7%D7%99 ; https://www.ynet.co.il/activism/israel2048/article/rkswd6hbwl ; https://www.taasiya.pro/speaker/hadas-ragolski","86","ניסיון בתקשורת, עירייה, תנועות אזרחיות ומאבקי נשים מעניק תדמית של רצינות, נראות, מסר ושליחות ציבורית."
"הדס רגולסקי","תדמית","תקשורתיות ונראות","T-023","המועמד נתפס בציבור הרחב כמי שיודע להעביר מסר ברור.","supports","https://hagush.org.il/candidates.html ; https://www.hadasragolsky.com/ ; https://www.bonot.org/projects-1/%D7%94%D7%93%D7%A1-%D7%A8%D7%92%D7%95%D7%9C%D7%A1%D7%A7%D7%99 ; https://www.ynet.co.il/activism/israel2048/article/rkswd6hbwl ; https://www.taasiya.pro/speaker/hadas-ragolski","86","ניסיון בתקשורת, עירייה, תנועות אזרחיות ומאבקי נשים מעניק תדמית של רצינות, נראות, מסר ושליחות ציבורית."
"הדס רגולסקי","תדמית","תקשורתיות ונראות","T-024","המועמד נתפס בציבור הרחב כמי שמסוגל לבלוט בקמפיין בחירות.","supports","https://hagush.org.il/candidates.html ; https://www.hadasragolsky.com/ ; https://www.bonot.org/projects-1/%D7%94%D7%93%D7%A1-%D7%A8%D7%92%D7%95%D7%9C%D7%A1%D7%A7%D7%99 ; https://www.ynet.co.il/activism/israel2048/article/rkswd6hbwl ; https://www.taasiya.pro/speaker/hadas-ragolski","86","ניסיון בתקשורת, עירייה, תנועות אזרחיות ומאבקי נשים מעניק תדמית של רצינות, נראות, מסר ושליחות ציבורית."
"הדס רגולסקי","תדמית","תקשורתיות ונראות","T-025","המועמד נתפס בציבור הרחב כמי שמביא ייצוג חשוב לרשימה.","supports","https://hagush.org.il/candidates.html ; https://www.hadasragolsky.com/ ; https://www.bonot.org/projects-1/%D7%94%D7%93%D7%A1-%D7%A8%D7%92%D7%95%D7%9C%D7%A1%D7%A7%D7%99 ; https://www.ynet.co.il/activism/israel2048/article/rkswd6hbwl ; https://www.taasiya.pro/speaker/hadas-ragolski","78","היא מרחיבה את ייצוג הרשימה סביב נשים, שוויון, חברה אזרחית, שלטון מקומי ועוטף עזה."
"הדס רגולסקי","תדמית","תקשורתיות ונראות","T-026","המועמד נתפס בציבור הרחב כמי שמרחיב את הדימוי של המפלגה.","supports","https://hagush.org.il/candidates.html ; https://www.hadasragolsky.com/ ; https://www.bonot.org/projects-1/%D7%94%D7%93%D7%A1-%D7%A8%D7%92%D7%95%D7%9C%D7%A1%D7%A7%D7%99 ; https://www.ynet.co.il/activism/israel2048/article/rkswd6hbwl ; https://www.taasiya.pro/speaker/hadas-ragolski","78","היא מרחיבה את ייצוג הרשימה סביב נשים, שוויון, חברה אזרחית, שלטון מקומי ועוטף עזה."
"הדס רגולסקי","תדמית","אותנטיות וסיפור אישי","T-027","המועמד נתפס בציבור הרחב כמי שפועל מתוך שליחות ולא רק מתוך קריירה.","supports","https://hagush.org.il/candidates.html ; https://www.hadasragolsky.com/ ; https://www.bonot.org/projects-1/%D7%94%D7%93%D7%A1-%D7%A8%D7%92%D7%95%D7%9C%D7%A1%D7%A7%D7%99 ; https://www.ynet.co.il/activism/israel2048/article/rkswd6hbwl ; https://www.taasiya.pro/speaker/hadas-ragolski","86","ניסיון בתקשורת, עירייה, תנועות אזרחיות ומאבקי נשים מעניק תדמית של רצינות, נראות, מסר ושליחות ציבורית."
