"candidate_id","axis","category","statement_id","statement_text","value","source","confidence","justification"
"עלי סלאלחה","דעות","דמוקרטיה, משילות ותיקון מוסדות המדינה","D-001","נטייה לתיקון חוקתי ומוסדי עמוק, ולא רק להחלפת ממשלה","supports","https://hagush.org.il/candidates.html; https://democrats.org.il/; https://main.knesset.gov.il/mk/pages/mkpersonaldetails.aspx?mkid=1086; https://meretz.org.il/%D7%A2%D7%9C%D7%99-%D7%A1%D7%9C%D7%90%D7%9C%D7%97%D7%94/; https://oknesset.org/members/30821.html","72","הפרופיל מצביע על פעילות במחנה הדמוקרטי־ליברלי/מרצ ועל מחויבות ציבורית לשלטון דמוקרטי; הקביעה בינונית כשההיגד דורש פירוט מוסדי ספציפי."
"עלי סלאלחה","דעות","דמוקרטיה, משילות ותיקון מוסדות המדינה","D-002","ראיית המשבר הדמוקרטי כתוצאה של שיטה פוליטית פגומה ולא רק של אדם או ממשלה מסוימת","supports","https://hagush.org.il/candidates.html; https://democrats.org.il/; https://main.knesset.gov.il/mk/pages/mkpersonaldetails.aspx?mkid=1086; https://meretz.org.il/%D7%A2%D7%9C%D7%99-%D7%A1%D7%9C%D7%90%D7%9C%D7%97%D7%94/; https://oknesset.org/members/30821.html","72","הפרופיל מצביע על פעילות במחנה הדמוקרטי־ליברלי/מרצ ועל מחויבות ציבורית לשלטון דמוקרטי; הקביעה בינונית כשההיגד דורש פירוט מוסדי ספציפי."
"עלי סלאלחה","דעות","דמוקרטיה, משילות ותיקון מוסדות המדינה","D-003","נכונות למאבק ציבורי חריף כאשר מוסדות המדינה נתפסים כמאוימים","supports","https://hagush.org.il/candidates.html; https://democrats.org.il/; https://main.knesset.gov.il/mk/pages/mkpersonaldetails.aspx?mkid=1086; https://meretz.org.il/%D7%A2%D7%9C%D7%99-%D7%A1%D7%9C%D7%90%D7%9C%D7%97%D7%94/; https://oknesset.org/members/30821.html","72","הפרופיל מצביע על פעילות במחנה הדמוקרטי־ליברלי/מרצ ועל מחויבות ציבורית לשלטון דמוקרטי; הקביעה בינונית כשההיגד דורש פירוט מוסדי ספציפי."
"עלי סלאלחה","דעות","דמוקרטיה, משילות ותיקון מוסדות המדינה","D-004","העדפה לשיקום ממלכתי, זהיר ומוסדי של המדינה לאחר המשבר","supports","https://hagush.org.il/candidates.html; https://democrats.org.il/; https://main.knesset.gov.il/mk/pages/mkpersonaldetails.aspx?mkid=1086; https://meretz.org.il/%D7%A2%D7%9C%D7%99-%D7%A1%D7%9C%D7%90%D7%9C%D7%97%D7%94/; https://oknesset.org/members/30821.html","72","הפרופיל מצביע על פעילות במחנה הדמוקרטי־ליברלי/מרצ ועל מחויבות ציבורית לשלטון דמוקרטי; הקביעה בינונית כשההיגד דורש פירוט מוסדי ספציפי."
"עלי סלאלחה","דעות","דמוקרטיה, משילות ותיקון מוסדות המדינה","D-005","תמיכה בשיתוף ציבור, דמוקרטיה פנימית ושקיפות בתוך המפלגה ובמערכת הפוליטית","supports","https://hagush.org.il/candidates.html; https://democrats.org.il/; https://main.knesset.gov.il/mk/pages/mkpersonaldetails.aspx?mkid=1086; https://meretz.org.il/%D7%A2%D7%9C%D7%99-%D7%A1%D7%9C%D7%90%D7%9C%D7%97%D7%94/; https://oknesset.org/members/30821.html","72","הפרופיל מצביע על פעילות במחנה הדמוקרטי־ליברלי/מרצ ועל מחויבות ציבורית לשלטון דמוקרטי; הקביעה בינונית כשההיגד דורש פירוט מוסדי ספציפי."
"עלי סלאלחה","דעות","דמוקרטיה, משילות ותיקון מוסדות המדינה","D-006","נכונות להגביל כוח שלטוני גם כאשר הכוח נמצא בידי המחנה הקרוב אידיאולוגית","supports","https://hagush.org.il/candidates.html; https://democrats.org.il/; https://main.knesset.gov.il/mk/pages/mkpersonaldetails.aspx?mkid=1086; https://meretz.org.il/%D7%A2%D7%9C%D7%99-%D7%A1%D7%9C%D7%90%D7%9C%D7%97%D7%94/; https://oknesset.org/members/30821.html","72","הפרופיל מצביע על פעילות במחנה הדמוקרטי־ליברלי/מרצ ועל מחויבות ציבורית לשלטון דמוקרטי; הקביעה בינונית כשההיגד דורש פירוט מוסדי ספציפי."
"עלי סלאלחה","דעות","יחס למחנה השני ויכולת גישור","D-007","ראיית מצביעי המחנה השני כיריבים פוליטיים לגיטימיים ולא כאויבים","supports","https://hagush.org.il/candidates.html; https://democrats.org.il/; https://main.knesset.gov.il/mk/pages/mkpersonaldetails.aspx?mkid=1086; https://meretz.org.il/%D7%A2%D7%9C%D7%99-%D7%A1%D7%9C%D7%90%D7%9C%D7%97%D7%94/; https://oknesset.org/members/30821.html","72","הרקע הציבורי מתמקד בחיבור בין קהלים, שותפות או עבודה עם ציבור מגוון; יש בסיס לסיווג כתומך בגישור ובשיח לגיטימי."
"עלי סלאלחה","דעות","יחס למחנה השני ויכולת גישור","D-008","הבחנה בין הנהגת המחנה השני לבין הציבור הרחב שתומך בה","supports","https://hagush.org.il/candidates.html; https://democrats.org.il/; https://main.knesset.gov.il/mk/pages/mkpersonaldetails.aspx?mkid=1086; https://meretz.org.il/%D7%A2%D7%9C%D7%99-%D7%A1%D7%9C%D7%90%D7%9C%D7%97%D7%94/; https://oknesset.org/members/30821.html","72","הרקע הציבורי מתמקד בחיבור בין קהלים, שותפות או עבודה עם ציבור מגוון; יש בסיס לסיווג כתומך בגישור ובשיח לגיטימי."
"עלי סלאלחה","דעות","יחס למחנה השני ויכולת גישור","D-009","אמונה שאפשר לבנות גשר מחודש בין המחנה הדמוקרטי־ליברלי לבין חלקים מהימין המסורתי","supports","https://hagush.org.il/candidates.html; https://democrats.org.il/; https://main.knesset.gov.il/mk/pages/mkpersonaldetails.aspx?mkid=1086; https://meretz.org.il/%D7%A2%D7%9C%D7%99-%D7%A1%D7%9C%D7%90%D7%9C%D7%97%D7%94/; https://oknesset.org/members/30821.html","72","הרקע הציבורי מתמקד בחיבור בין קהלים, שותפות או עבודה עם ציבור מגוון; יש בסיס לסיווג כתומך בגישור ובשיח לגיטימי."
"עלי סלאלחה","דעות","יחס למחנה השני ויכולת גישור","D-010","העדפה להכרעה פוליטית ברורה על פני פיוס מוקדם עם המחנה השני","mixed","https://hagush.org.il/candidates.html; https://democrats.org.il/; https://main.knesset.gov.il/mk/pages/mkpersonaldetails.aspx?mkid=1086; https://meretz.org.il/%D7%A2%D7%9C%D7%99-%D7%A1%D7%9C%D7%90%D7%9C%D7%97%D7%94/; https://oknesset.org/members/30821.html","55","הפרופיל מדגיש גישור ושותפות, אך גם מאבק ציבורי ודמוקרטי; לכן אין העדפה חד־משמעית להכרעה על פני פיוס."
"עלי סלאלחה","דעות","יחס למחנה השני ויכולת גישור","D-011","נכונות לשיח עם דתיים, מסורתיים, חרדים וימנים גם כאשר קיימת מחלוקת ערכית עמוקה","supports","https://hagush.org.il/candidates.html; https://democrats.org.il/; https://main.knesset.gov.il/mk/pages/mkpersonaldetails.aspx?mkid=1086; https://meretz.org.il/%D7%A2%D7%9C%D7%99-%D7%A1%D7%9C%D7%90%D7%9C%D7%97%D7%94/; https://oknesset.org/members/30821.html","72","הרקע הציבורי מתמקד בחיבור בין קהלים, שותפות או עבודה עם ציבור מגוון; יש בסיס לסיווג כתומך בגישור ובשיח לגיטימי."
"עלי סלאלחה","דעות","יחס למחנה השני ויכולת גישור","D-012","ראיית חלק מהמחנה השני כשותף עתידי אפשרי לשיקום המדינה לאחר עידן נתניהו","supports","https://hagush.org.il/candidates.html; https://democrats.org.il/; https://main.knesset.gov.il/mk/pages/mkpersonaldetails.aspx?mkid=1086; https://meretz.org.il/%D7%A2%D7%9C%D7%99-%D7%A1%D7%9C%D7%90%D7%9C%D7%97%D7%94/; https://oknesset.org/members/30821.html","72","הרקע הציבורי מתמקד בחיבור בין קהלים, שותפות או עבודה עם ציבור מגוון; יש בסיס לסיווג כתומך בגישור ובשיח לגיטימי."
"עלי סלאלחה","דעות","שסעים פנימיים בחברה היהודית","D-013","ראיית השסע העדתי והפריפריאלי כמרכיב מרכזי במשבר הפוליטי בישראל","supports","https://hagush.org.il/candidates.html; https://democrats.org.il/; https://main.knesset.gov.il/mk/pages/mkpersonaldetails.aspx?mkid=1086; https://meretz.org.il/%D7%A2%D7%9C%D7%99-%D7%A1%D7%9C%D7%90%D7%9C%D7%97%D7%94/; https://oknesset.org/members/30821.html","60","הרקע בפריפריה/חינוך/רווחה נותן בסיס עקיף להתייחסות לשסעים חברתיים פנימיים, אך לא לכל ההיבטים הספציפיים."
"עלי סלאלחה","דעות","שסעים פנימיים בחברה היהודית","D-014","נכונות לדבר עם מצביעים מזרחים, מסורתיים ופריפריאליים בשפה שאינה מתנשאת ואינה רק ליברלית־אשכנזית","supports","https://hagush.org.il/candidates.html; https://democrats.org.il/; https://main.knesset.gov.il/mk/pages/mkpersonaldetails.aspx?mkid=1086; https://meretz.org.il/%D7%A2%D7%9C%D7%99-%D7%A1%D7%9C%D7%90%D7%9C%D7%97%D7%94/; https://oknesset.org/members/30821.html","68","הפרופיל מדגיש פריפריה, חינוך, רווחה או עבודה עם קהלים שאינם מרכז־אליטה; יש בסיס לראות בו תומך בתיקון יחסי מרכז־פריפריה ובשפה לא מתנשאת."
"עלי סלאלחה","דעות","שסעים פנימיים בחברה היהודית","D-015","ראיית השסע הדתי־חילוני כאיום מרכזי על הלכידות של החברה היהודית בישראל","supports","https://hagush.org.il/candidates.html; https://democrats.org.il/; https://main.knesset.gov.il/mk/pages/mkpersonaldetails.aspx?mkid=1086; https://meretz.org.il/%D7%A2%D7%9C%D7%99-%D7%A1%D7%9C%D7%90%D7%9C%D7%97%D7%94/; https://oknesset.org/members/30821.html","60","הרקע בפריפריה/חינוך/רווחה נותן בסיס עקיף להתייחסות לשסעים חברתיים פנימיים, אך לא לכל ההיבטים הספציפיים."
"עלי סלאלחה","דעות","שסעים פנימיים בחברה היהודית","D-016","תמיכה בבניית ברית חדשה בין ליברלים, מסורתיים, דתיים מתונים ופריפריה חברתית","supports","https://hagush.org.il/candidates.html; https://democrats.org.il/; https://main.knesset.gov.il/mk/pages/mkpersonaldetails.aspx?mkid=1086; https://meretz.org.il/%D7%A2%D7%9C%D7%99-%D7%A1%D7%9C%D7%90%D7%9C%D7%97%D7%94/; https://oknesset.org/members/30821.html","68","הפרופיל מדגיש פריפריה, חינוך, רווחה או עבודה עם קהלים שאינם מרכז־אליטה; יש בסיס לראות בו תומך בתיקון יחסי מרכז־פריפריה ובשפה לא מתנשאת."
"עלי סלאלחה","דעות","שסעים פנימיים בחברה היהודית","D-017","ביקורת על מחנה המרכז־שמאל כאשר הוא נתפס כמנותק, אליטיסטי או חסר רגישות לפריפריה","supports","https://hagush.org.il/candidates.html; https://democrats.org.il/; https://main.knesset.gov.il/mk/pages/mkpersonaldetails.aspx?mkid=1086; https://meretz.org.il/%D7%A2%D7%9C%D7%99-%D7%A1%D7%9C%D7%90%D7%9C%D7%97%D7%94/; https://oknesset.org/members/30821.html","60","הרקע בפריפריה/חינוך/רווחה נותן בסיס עקיף להתייחסות לשסעים חברתיים פנימיים, אך לא לכל ההיבטים הספציפיים."
"עלי סלאלחה","דעות","שסעים פנימיים בחברה היהודית","D-018","העדפה לתיקון יחסי מרכז־פריפריה כחלק מבניית מחנה דמוקרטי רחב","supports","https://hagush.org.il/candidates.html; https://democrats.org.il/; https://main.knesset.gov.il/mk/pages/mkpersonaldetails.aspx?mkid=1086; https://meretz.org.il/%D7%A2%D7%9C%D7%99-%D7%A1%D7%9C%D7%90%D7%9C%D7%97%D7%94/; https://oknesset.org/members/30821.html","68","הפרופיל מדגיש פריפריה, חינוך, רווחה או עבודה עם קהלים שאינם מרכז־אליטה; יש בסיס לראות בו תומך בתיקון יחסי מרכז־פריפריה ובשפה לא מתנשאת."
"עלי סלאלחה","דעות","מדינה יהודית ודמוקרטית, דת ומדינה","D-019","העדפה לזהות ישראלית שבה הרכיב הדמוקרטי קודם לרכיב הדתי־לאומי כאשר יש התנגשות ביניהם","supports","https://hagush.org.il/candidates.html; https://democrats.org.il/; https://main.knesset.gov.il/mk/pages/mkpersonaldetails.aspx?mkid=1086; https://meretz.org.il/%D7%A2%D7%9C%D7%99-%D7%A1%D7%9C%D7%90%D7%9C%D7%97%D7%94/; https://oknesset.org/members/30821.html","72","הרקע במרצ ובמחנה הדמוקרטי־ליברלי תומך בעמדה של חופש מדת, הפרדה יחסית ושוויון אזרחי; הביטחון בינוני בהיעדר ציטוט אישי לכל סעיף."
"עלי סלאלחה","דעות","מדינה יהודית ודמוקרטית, דת ומדינה","D-020","העדפה לזהות ישראלית שבה היהדות היא מקור תרבותי וערכי, אך אינה צריכה לשלוט במוסדות המדינה","supports","https://hagush.org.il/candidates.html; https://democrats.org.il/; https://main.knesset.gov.il/mk/pages/mkpersonaldetails.aspx?mkid=1086; https://meretz.org.il/%D7%A2%D7%9C%D7%99-%D7%A1%D7%9C%D7%90%D7%9C%D7%97%D7%94/; https://oknesset.org/members/30821.html","72","הרקע במרצ ובמחנה הדמוקרטי־ליברלי תומך בעמדה של חופש מדת, הפרדה יחסית ושוויון אזרחי; הביטחון בינוני בהיעדר ציטוט אישי לכל סעיף."
"עלי סלאלחה","דעות","מדינה יהודית ודמוקרטית, דת ומדינה","D-021","תמיכה בהפרדה ברורה יותר בין סמכות דתית לבין סמכות מדינתית","supports","https://hagush.org.il/candidates.html; https://democrats.org.il/; https://main.knesset.gov.il/mk/pages/mkpersonaldetails.aspx?mkid=1086; https://meretz.org.il/%D7%A2%D7%9C%D7%99-%D7%A1%D7%9C%D7%90%D7%9C%D7%97%D7%94/; https://oknesset.org/members/30821.html","72","הרקע במרצ ובמחנה הדמוקרטי־ליברלי תומך בעמדה של חופש מדת, הפרדה יחסית ושוויון אזרחי; הביטחון בינוני בהיעדר ציטוט אישי לכל סעיף."
"עלי סלאלחה","דעות","מדינה יהודית ודמוקרטית, דת ומדינה","D-022","נכונות לשמר מרכיבים יהודיים־מסורתיים במרחב הציבורי כדי לאפשר שותפות עם ציבור מסורתי ודתי","mixed","https://hagush.org.il/candidates.html; https://democrats.org.il/; https://main.knesset.gov.il/mk/pages/mkpersonaldetails.aspx?mkid=1086; https://meretz.org.il/%D7%A2%D7%9C%D7%99-%D7%A1%D7%9C%D7%90%D7%9C%D7%97%D7%94/; https://oknesset.org/members/30821.html","52","הרקע הליברלי ברור, אך אין מקור אישי שמאזן בין שמירת מסורת לבין הפרדת דת ומדינה."
"עלי סלאלחה","דעות","מדינה יהודית ודמוקרטית, דת ומדינה","D-023","התנגדות לכפייה דתית בנושאי נישואין, שבת, חינוך, מעמד אישי או שירות ציבורי","supports","https://hagush.org.il/candidates.html; https://democrats.org.il/; https://main.knesset.gov.il/mk/pages/mkpersonaldetails.aspx?mkid=1086; https://meretz.org.il/%D7%A2%D7%9C%D7%99-%D7%A1%D7%9C%D7%90%D7%9C%D7%97%D7%94/; https://oknesset.org/members/30821.html","72","הרקע במרצ ובמחנה הדמוקרטי־ליברלי תומך בעמדה של חופש מדת, הפרדה יחסית ושוויון אזרחי; הביטחון בינוני בהיעדר ציטוט אישי לכל סעיף."
"עלי סלאלחה","דעות","מדינה יהודית ודמוקרטית, דת ומדינה","D-024","תמיכה בשוויון חובות אזרחיות בין קבוצות, כולל שאלת גיוס חרדים או שירות אזרחי","supports","https://hagush.org.il/candidates.html; https://democrats.org.il/; https://main.knesset.gov.il/mk/pages/mkpersonaldetails.aspx?mkid=1086; https://meretz.org.il/%D7%A2%D7%9C%D7%99-%D7%A1%D7%9C%D7%90%D7%9C%D7%97%D7%94/; https://oknesset.org/members/30821.html","72","הרקע במרצ ובמחנה הדמוקרטי־ליברלי תומך בעמדה של חופש מדת, הפרדה יחסית ושוויון אזרחי; הביטחון בינוני בהיעדר ציטוט אישי לכל סעיף."
"עלי סלאלחה","דעות","הפרדה, גישור או שתי מדינות לעם היהודי","D-025","אמונה שהפער בין ישראל ליברלית לבין ישראל שמרנית־דתית עדיין ניתן לגישור פוליטי וחברתי","supports","https://hagush.org.il/candidates.html; https://democrats.org.il/; https://main.knesset.gov.il/mk/pages/mkpersonaldetails.aspx?mkid=1086; https://meretz.org.il/%D7%A2%D7%9C%D7%99-%D7%A1%D7%9C%D7%90%D7%9C%D7%97%D7%94/; https://oknesset.org/members/30821.html","65","הפרופיל מדגיש חיבור בין קהילות, שותפות אזרחית או תיקון חברתי בתוך מסגרת ישראלית אחת; לכן יש בסיס לתמיכה בגישור ובמודלים של חיים משותפים."
"עלי סלאלחה","דעות","הפרדה, גישור או שתי מדינות לעם היהודי","D-026","ראיית הפער בין המחנות כעמוק עד כדי צורך בהסדרים של אוטונומיה, ביזור או הפרדה חלקית","opposes","https://hagush.org.il/candidates.html; https://democrats.org.il/; https://main.knesset.gov.il/mk/pages/mkpersonaldetails.aspx?mkid=1086; https://meretz.org.il/%D7%A2%D7%9C%D7%99-%D7%A1%D7%9C%D7%90%D7%9C%D7%97%D7%94/; https://oknesset.org/members/30821.html","62","הפרופיל מדגיש חיים משותפים, שותפות או מסגרת אזרחית משותפת, ולא הסדרי הפרדה פנימית בין מחנות."
"עלי סלאלחה","דעות","הפרדה, גישור או שתי מדינות לעם היהודי","D-027","תמיכה בביזור סמכויות לשלטון מקומי כדי לאפשר לקהילות שונות לחיות לפי אורחות חיים שונים","supports","https://hagush.org.il/candidates.html; https://democrats.org.il/; https://main.knesset.gov.il/mk/pages/mkpersonaldetails.aspx?mkid=1086; https://meretz.org.il/%D7%A2%D7%9C%D7%99-%D7%A1%D7%9C%D7%90%D7%9C%D7%97%D7%94/; https://oknesset.org/members/30821.html","68","הרקע בשלטון מקומי, פריפריה או שירותי שטח נותן בסיס לתמיכה בביזור סמכויות ובהתאמת פתרונות לקהילות."
"עלי סלאלחה","דעות","הפרדה, גישור או שתי מדינות לעם היהודי","D-028","התנגדות לרעיון של שתי מדינות לעם היהודי והעדפה למאבק על מסגרת מדינתית אחת משותפת","supports","https://hagush.org.il/candidates.html; https://democrats.org.il/; https://main.knesset.gov.il/mk/pages/mkpersonaldetails.aspx?mkid=1086; https://meretz.org.il/%D7%A2%D7%9C%D7%99-%D7%A1%D7%9C%D7%90%D7%9C%D7%97%D7%94/; https://oknesset.org/members/30821.html","65","הפרופיל מדגיש חיבור בין קהילות, שותפות אזרחית או תיקון חברתי בתוך מסגרת ישראלית אחת; לכן יש בסיס לתמיכה בגישור ובמודלים של חיים משותפים."
"עלי סלאלחה","דעות","הפרדה, גישור או שתי מדינות לעם היהודי","D-029","פתיחות לרעיון של הסדרים פנימיים חדשים בין חילונים, דתיים, חרדים, מסורתיים וליברלים","supports","https://hagush.org.il/candidates.html; https://democrats.org.il/; https://main.knesset.gov.il/mk/pages/mkpersonaldetails.aspx?mkid=1086; https://meretz.org.il/%D7%A2%D7%9C%D7%99-%D7%A1%D7%9C%D7%90%D7%9C%D7%97%D7%94/; https://oknesset.org/members/30821.html","65","הפרופיל מדגיש חיבור בין קהילות, שותפות אזרחית או תיקון חברתי בתוך מסגרת ישראלית אחת; לכן יש בסיס לתמיכה בגישור ובמודלים של חיים משותפים."
"עלי סלאלחה","דעות","הפרדה, גישור או שתי מדינות לעם היהודי","D-030","ראיית המשבר הישראלי לא רק כמאבק ימין־שמאל אלא כמאבק בין מודלים שונים של חיים משותפים","supports","https://hagush.org.il/candidates.html; https://democrats.org.il/; https://main.knesset.gov.il/mk/pages/mkpersonaldetails.aspx?mkid=1086; https://meretz.org.il/%D7%A2%D7%9C%D7%99-%D7%A1%D7%9C%D7%90%D7%9C%D7%97%D7%94/; https://oknesset.org/members/30821.html","65","הפרופיל מדגיש חיבור בין קהילות, שותפות אזרחית או תיקון חברתי בתוך מסגרת ישראלית אחת; לכן יש בסיס לתמיכה בגישור ובמודלים של חיים משותפים."
"עלי סלאלחה","דעות","יהודים־ערבים, שוויון אזרחי וחיים משותפים","D-031","ראיית אזרחי ישראל הערבים כחלק מלא מהדיון על עתיד המדינה ולא כעניין נפרד או משני","supports","https://hagush.org.il/candidates.html; https://democrats.org.il/; https://main.knesset.gov.il/mk/pages/mkpersonaldetails.aspx?mkid=1086; https://meretz.org.il/%D7%A2%D7%9C%D7%99-%D7%A1%D7%9C%D7%90%D7%9C%D7%97%D7%94/; https://oknesset.org/members/30821.html","75","המקורות מציגים זהות מיעוט ו/או פעילות מפורשת לשותפות ושוויון בין יהודים לערבים; זה בסיס ישיר לתמיכה בהיגד."
"עלי סלאלחה","דעות","יהודים־ערבים, שוויון אזרחי וחיים משותפים","D-032","תמיכה בשוויון אזרחי גם כאשר הוא מחייב שינוי בחוקים, סמלים או חלוקת משאבים","supports","https://hagush.org.il/candidates.html; https://democrats.org.il/; https://main.knesset.gov.il/mk/pages/mkpersonaldetails.aspx?mkid=1086; https://meretz.org.il/%D7%A2%D7%9C%D7%99-%D7%A1%D7%9C%D7%90%D7%9C%D7%97%D7%94/; https://oknesset.org/members/30821.html","75","המקורות מציגים זהות מיעוט ו/או פעילות מפורשת לשותפות ושוויון בין יהודים לערבים; זה בסיס ישיר לתמיכה בהיגד."
"עלי סלאלחה","דעות","יהודים־ערבים, שוויון אזרחי וחיים משותפים","D-033","תמיכה בשותפות פוליטית יהודית־ערבית כחלק מבניית מחנה דמוקרטי רחב","supports","https://hagush.org.il/candidates.html; https://democrats.org.il/; https://main.knesset.gov.il/mk/pages/mkpersonaldetails.aspx?mkid=1086; https://meretz.org.il/%D7%A2%D7%9C%D7%99-%D7%A1%D7%9C%D7%90%D7%9C%D7%97%D7%94/; https://oknesset.org/members/30821.html","75","המקורות מציגים זהות מיעוט ו/או פעילות מפורשת לשותפות ושוויון בין יהודים לערבים; זה בסיס ישיר לתמיכה בהיגד."
"עלי סלאלחה","דעות","יהודים־ערבים, שוויון אזרחי וחיים משותפים","D-034","העדפה לשילוב אזרחים ערבים במוקדי קבלת החלטות, כולל בתחומים מדיניים וביטחוניים","supports","https://hagush.org.il/candidates.html; https://democrats.org.il/; https://main.knesset.gov.il/mk/pages/mkpersonaldetails.aspx?mkid=1086; https://meretz.org.il/%D7%A2%D7%9C%D7%99-%D7%A1%D7%9C%D7%90%D7%9C%D7%97%D7%94/; https://oknesset.org/members/30821.html","75","המקורות מציגים זהות מיעוט ו/או פעילות מפורשת לשותפות ושוויון בין יהודים לערבים; זה בסיס ישיר לתמיכה בהיגד."
"עלי סלאלחה","דעות","יהודים־ערבים, שוויון אזרחי וחיים משותפים","D-035","התנגדות לגזענות, הדרה או דה־לגיטימציה של הציבור הערבי בישראל","supports","https://hagush.org.il/candidates.html; https://democrats.org.il/; https://main.knesset.gov.il/mk/pages/mkpersonaldetails.aspx?mkid=1086; https://meretz.org.il/%D7%A2%D7%9C%D7%99-%D7%A1%D7%9C%D7%90%D7%9C%D7%97%D7%94/; https://oknesset.org/members/30821.html","75","המקורות מציגים זהות מיעוט ו/או פעילות מפורשת לשותפות ושוויון בין יהודים לערבים; זה בסיס ישיר לתמיכה בהיגד."
"עלי סלאלחה","דעות","יהודים־ערבים, שוויון אזרחי וחיים משותפים","D-036","הכרה בכך שחיים משותפים מחייבים גם התמודדות עם פחדים, טראומות וחוסר אמון בשני הצדדים","supports","https://hagush.org.il/candidates.html; https://democrats.org.il/; https://main.knesset.gov.il/mk/pages/mkpersonaldetails.aspx?mkid=1086; https://meretz.org.il/%D7%A2%D7%9C%D7%99-%D7%A1%D7%9C%D7%90%D7%9C%D7%97%D7%94/; https://oknesset.org/members/30821.html","75","המקורות מציגים זהות מיעוט ו/או פעילות מפורשת לשותפות ושוויון בין יהודים לערבים; זה בסיס ישיר לתמיכה בהיגד."
"עלי סלאלחה","דעות","ביטחון, פלסטינים והסדר מדיני","D-037","תמיכה בנתיב מדיני ארוך טווח מול הפלסטינים, גם לאחר שבעה באוקטובר","supports","https://hagush.org.il/candidates.html; https://democrats.org.il/; https://main.knesset.gov.il/mk/pages/mkpersonaldetails.aspx?mkid=1086; https://meretz.org.il/%D7%A2%D7%9C%D7%99-%D7%A1%D7%9C%D7%90%D7%9C%D7%97%D7%94/; https://oknesset.org/members/30821.html","62","הרקע במרצ ובמחנה השמאל הציוני נותן בסיס סביר לתמיכה בנתיב מדיני, היפרדות/שתי מדינות והתנגדות לשליטה קבועה ללא זכויות; אין ציטוט אישי ולכן הביטחון בינוני."
"עלי סלאלחה","דעות","ביטחון, פלסטינים והסדר מדיני","D-038","העדפה להיפרדות מדינית וביטחונית מהפלסטינים כדי לשמור על ישראל יהודית ודמוקרטית","supports","https://hagush.org.il/candidates.html; https://democrats.org.il/; https://main.knesset.gov.il/mk/pages/mkpersonaldetails.aspx?mkid=1086; https://meretz.org.il/%D7%A2%D7%9C%D7%99-%D7%A1%D7%9C%D7%90%D7%9C%D7%97%D7%94/; https://oknesset.org/members/30821.html","62","הרקע במרצ ובמחנה השמאל הציוני נותן בסיס סביר לתמיכה בנתיב מדיני, היפרדות/שתי מדינות והתנגדות לשליטה קבועה ללא זכויות; אין ציטוט אישי ולכן הביטחון בינוני."
"עלי סלאלחה","דעות","ביטחון, פלסטינים והסדר מדיני","D-039","תמיכה בפתרון שתי מדינות או במודל קרוב לו כיעד אסטרטגי","supports","https://hagush.org.il/candidates.html; https://democrats.org.il/; https://main.knesset.gov.il/mk/pages/mkpersonaldetails.aspx?mkid=1086; https://meretz.org.il/%D7%A2%D7%9C%D7%99-%D7%A1%D7%9C%D7%90%D7%9C%D7%97%D7%94/; https://oknesset.org/members/30821.html","62","הרקע במרצ ובמחנה השמאל הציוני נותן בסיס סביר לתמיכה בנתיב מדיני, היפרדות/שתי מדינות והתנגדות לשליטה קבועה ללא זכויות; אין ציטוט אישי ולכן הביטחון בינוני."
"עלי סלאלחה","דעות","ביטחון, פלסטינים והסדר מדיני","D-040","פתיחות למודלים מדיניים מורכבים כגון קונפדרציה, גבולות פתוחים או הסדר אזורי","mixed","https://hagush.org.il/candidates.html; https://democrats.org.il/; https://main.knesset.gov.il/mk/pages/mkpersonaldetails.aspx?mkid=1086; https://meretz.org.il/%D7%A2%D7%9C%D7%99-%D7%A1%D7%9C%D7%90%D7%9C%D7%97%D7%94/; https://oknesset.org/members/30821.html","45","יש בסיס כללי לפתיחות מדינית, אך לא נמצאה עמדה אישית על מודלים מורכבים כגון קונפדרציה."
"עלי סלאלחה","דעות","ביטחון, פלסטינים והסדר מדיני","D-041","התנגדות להמשך שליטה ישראלית קבועה על אוכלוסייה פלסטינית ללא זכויות אזר מלאות","supports","https://hagush.org.il/candidates.html; https://democrats.org.il/; https://main.knesset.gov.il/mk/pages/mkpersonaldetails.aspx?mkid=1086; https://meretz.org.il/%D7%A2%D7%9C%D7%99-%D7%A1%D7%9C%D7%90%D7%9C%D7%97%D7%94/; https://oknesset.org/members/30821.html","62","הרקע במרצ ובמחנה השמאל הציוני נותן בסיס סביר לתמיכה בנתיב מדיני, היפרדות/שתי מדינות והתנגדות לשליטה קבועה ללא זכויות; אין ציטוט אישי ולכן הביטחון בינוני."
"עלי סלאלחה","דעות","ביטחון, פלסטינים והסדר מדיני","D-042","ראיית הסדר אזורי עם מדינות ערביות מתונות כחלק מרכזי מהעתיד הביטחוני של ישראל","supports","https://hagush.org.il/candidates.html; https://democrats.org.il/; https://main.knesset.gov.il/mk/pages/mkpersonaldetails.aspx?mkid=1086; https://meretz.org.il/%D7%A2%D7%9C%D7%99-%D7%A1%D7%9C%D7%90%D7%9C%D7%97%D7%94/; https://oknesset.org/members/30821.html","62","הרקע במרצ ובמחנה השמאל הציוני נותן בסיס סביר לתמיכה בנתיב מדיני, היפרדות/שתי מדינות והתנגדות לשליטה קבועה ללא זכויות; אין ציטוט אישי ולכן הביטחון בינוני."
"עלי סלאלחה","דעות","שבעה באוקטובר, אחריות, חטופים וזיכרון לאומי","D-043","ראיית שבעה באוקטובר כאירוע שמחייב חשבון נפש מדינתי, מוסדי וחברתי עמוק","supports","https://hagush.org.il/candidates.html; https://democrats.org.il/; https://main.knesset.gov.il/mk/pages/mkpersonaldetails.aspx?mkid=1086; https://meretz.org.il/%D7%A2%D7%9C%D7%99-%D7%A1%D7%9C%D7%90%D7%9C%D7%97%D7%94/; https://oknesset.org/members/30821.html","62","ההתמודדות בדמוקרטים והפעילות הציבורית לאחר המשבר מצביעות על מחויבות לאחריות מדינתית, שיקום, שלטון חוק ורגישות לנפגעים; הביטחון בינוני כשאין ציטוט אישי לכל סעיף."
"עלי סלאלחה","דעות","שבעה באוקטובר, אחריות, חטופים וזיכרון לאומי","D-044","תמיכה בוועדת חקירה ממלכתית ובאחריות אישית של הדרג המדיני והביטחוני","supports","https://hagush.org.il/candidates.html; https://democrats.org.il/; https://main.knesset.gov.il/mk/pages/mkpersonaldetails.aspx?mkid=1086; https://meretz.org.il/%D7%A2%D7%9C%D7%99-%D7%A1%D7%9C%D7%90%D7%9C%D7%97%D7%94/; https://oknesset.org/members/30821.html","62","ההתמודדות בדמוקרטים והפעילות הציבורית לאחר המשבר מצביעות על מחויבות לאחריות מדינתית, שיקום, שלטון חוק ורגישות לנפגעים; הביטחון בינוני כשאין ציטוט אישי לכל סעיף."
"עלי סלאלחה","דעות","שבעה באוקטובר, אחריות, חטופים וזיכרון לאומי","D-045","ראיית החטופים והמשפחות כסמל מוסרי מרכזי של אחריות המדינה לאזרחיה","supports","https://hagush.org.il/candidates.html; https://democrats.org.il/; https://main.knesset.gov.il/mk/pages/mkpersonaldetails.aspx?mkid=1086; https://meretz.org.il/%D7%A2%D7%9C%D7%99-%D7%A1%D7%9C%D7%90%D7%9C%D7%97%D7%94/; https://oknesset.org/members/30821.html","62","ההתמודדות בדמוקרטים והפעילות הציבורית לאחר המשבר מצביעות על מחויבות לאחריות מדינתית, שיקום, שלטון חוק ורגישות לנפגעים; הביטחון בינוני כשאין ציטוט אישי לכל סעיף."
"עלי סלאלחה","דעות","שבעה באוקטובר, אחריות, חטופים וזיכרון לאומי","D-046","התנגדות לשימוש פוליטי ציני בכאב של משפחות, נפגעים או קהילות שנפגעו במלחמה","supports","https://hagush.org.il/candidates.html; https://democrats.org.il/; https://main.knesset.gov.il/mk/pages/mkpersonaldetails.aspx?mkid=1086; https://meretz.org.il/%D7%A2%D7%9C%D7%99-%D7%A1%D7%9C%D7%90%D7%9C%D7%97%D7%94/; https://oknesset.org/members/30821.html","62","ההתמודדות בדמוקרטים והפעילות הציבורית לאחר המשבר מצביעות על מחויבות לאחריות מדינתית, שיקום, שלטון חוק ורגישות לנפגעים; הביטחון בינוני כשאין ציטוט אישי לכל סעיף."
"עלי סלאלחה","דעות","שבעה באוקטובר, אחריות, חטופים וזיכרון לאומי","D-047","תמיכה בשיקום העוטף והקהילות שנפגעו כחלק מהחוזה הבסיסי בין המדינה לאזרחיה","supports","https://hagush.org.il/candidates.html; https://democrats.org.il/; https://main.knesset.gov.il/mk/pages/mkpersonaldetails.aspx?mkid=1086; https://meretz.org.il/%D7%A2%D7%9C%D7%99-%D7%A1%D7%9C%D7%90%D7%9C%D7%97%D7%94/; https://oknesset.org/members/30821.html","62","ההתמודדות בדמוקרטים והפעילות הציבורית לאחר המשבר מצביעות על מחויבות לאחריות מדינתית, שיקום, שלטון חוק ורגישות לנפגעים; הביטחון בינוני כשאין ציטוט אישי לכל סעיף."
"עלי סלאלחה","דעות","שבעה באוקטובר, אחריות, חטופים וזיכרון לאומי","D-048","ראיית הטראומה של שבעה באוקטובר כבסיס לבניית מדיניות חדשה, לא רק כהצדקה להמשך מלחמה","supports","https://hagush.org.il/candidates.html; https://democrats.org.il/; https://main.knesset.gov.il/mk/pages/mkpersonaldetails.aspx?mkid=1086; https://meretz.org.il/%D7%A2%D7%9C%D7%99-%D7%A1%D7%9C%D7%90%D7%9C%D7%97%D7%94/; https://oknesset.org/members/30821.html","62","ההתמודדות בדמוקרטים והפעילות הציבורית לאחר המשבר מצביעות על מחויבות לאחריות מדינתית, שיקום, שלטון חוק ורגישות לנפגעים; הביטחון בינוני כשאין ציטוט אישי לכל סעיף."
"עלי סלאלחה","דעות","חברה, כלכלה, רווחה ופריפריה","D-049","הצבת צמצום אי־שוויון חברתי־כלכלי כנושא מרכזי בזהות הפוליטית","supports","https://hagush.org.il/candidates.html; https://democrats.org.il/; https://main.knesset.gov.il/mk/pages/mkpersonaldetails.aspx?mkid=1086; https://meretz.org.il/%D7%A2%D7%9C%D7%99-%D7%A1%D7%9C%D7%90%D7%9C%D7%97%D7%94/; https://oknesset.org/members/30821.html","84","הפרופיל מציג עיסוק ישיר בחינוך, רווחה, שוויון, פריפריה או שירותים חברתיים; לכן יש בסיס ברור לתמיכה בצמצום פערים ובאחריות מדינתית."
"עלי סלאלחה","דעות","חברה, כלכלה, רווחה ופריפריה","D-050","תמיכה בהרחבת אחריות המדינה בתחומי דיור, חינוך, בריאות ורווחה","supports","https://hagush.org.il/candidates.html; https://democrats.org.il/; https://main.knesset.gov.il/mk/pages/mkpersonaldetails.aspx?mkid=1086; https://meretz.org.il/%D7%A2%D7%9C%D7%99-%D7%A1%D7%9C%D7%90%D7%9C%D7%97%D7%94/; https://oknesset.org/members/30821.html","84","הפרופיל מציג עיסוק ישיר בחינוך, רווחה, שוויון, פריפריה או שירותים חברתיים; לכן יש בסיס ברור לתמיכה בצמצום פערים ובאחריות מדינתית."
"עלי סלאלחה","דעות","חברה, כלכלה, רווחה ופריפריה","D-051","תמיכה בזכויות עובדים, עבודה מאורגנת והגנה על שכבות מוחלשות","supports","https://hagush.org.il/candidates.html; https://democrats.org.il/; https://main.knesset.gov.il/mk/pages/mkpersonaldetails.aspx?mkid=1086; https://meretz.org.il/%D7%A2%D7%9C%D7%99-%D7%A1%D7%9C%D7%90%D7%9C%D7%97%D7%94/; https://oknesset.org/members/30821.html","84","הפרופיל מציג עיסוק ישיר בחינוך, רווחה, שוויון, פריפריה או שירותים חברתיים; לכן יש בסיס ברור לתמיכה בצמצום פערים ובאחריות מדינתית."
"עלי סלאלחה","דעות","חברה, כלכלה, רווחה ופריפריה","D-052","ראיית הפריפריה הגיאוגרפית והחברתית כשותפה אסטרטגית ולא כקהל יעד משני","supports","https://hagush.org.il/candidates.html; https://democrats.org.il/; https://main.knesset.gov.il/mk/pages/mkpersonaldetails.aspx?mkid=1086; https://meretz.org.il/%D7%A2%D7%9C%D7%99-%D7%A1%D7%9C%D7%90%D7%9C%D7%97%D7%94/; https://oknesset.org/members/30821.html","84","הפרופיל מציג עיסוק ישיר בחינוך, רווחה, שוויון, פריפריה או שירותים חברתיים; לכן יש בסיס ברור לתמיכה בצמצום פערים ובאחריות מדינתית."
"עלי סלאלחה","דעות","חברה, כלכלה, רווחה ופריפריה","D-053","תמיכה בהשקעה ארוכת טווח בנגב, בגליל, בעוטף ובערים מוחלשות","supports","https://hagush.org.il/candidates.html; https://democrats.org.il/; https://main.knesset.gov.il/mk/pages/mkpersonaldetails.aspx?mkid=1086; https://meretz.org.il/%D7%A2%D7%9C%D7%99-%D7%A1%D7%9C%D7%90%D7%9C%D7%97%D7%94/; https://oknesset.org/members/30821.html","84","הפרופיל מציג עיסוק ישיר בחינוך, רווחה, שוויון, פריפריה או שירותים חברתיים; לכן יש בסיס ברור לתמיכה בצמצום פערים ובאחריות מדינתית."
"עלי סלאלחה","דעות","חברה, כלכלה, רווחה ופריפריה","D-054","חיבור בין צדק חברתי לבין בניית מחנה פוליטי חדש ורחב יותר","supports","https://hagush.org.il/candidates.html; https://democrats.org.il/; https://main.knesset.gov.il/mk/pages/mkpersonaldetails.aspx?mkid=1086; https://meretz.org.il/%D7%A2%D7%9C%D7%99-%D7%A1%D7%9C%D7%90%D7%9C%D7%97%D7%94/; https://oknesset.org/members/30821.html","84","הפרופיל מציג עיסוק ישיר בחינוך, רווחה, שוויון, פריפריה או שירותים חברתיים; לכן יש בסיס ברור לתמיכה בצמצום פערים ובאחריות מדינתית."
"עלי סלאלחה","דעות","סגנון פשרה, גבולות ויכולת הסכמה","D-055","נכונות לפשרות פוליטיות רחבות כדי לשקם את המדינה גם במחיר ויתור אידיאולוגי חלקי","supports","https://hagush.org.il/candidates.html; https://democrats.org.il/; https://main.knesset.gov.il/mk/pages/mkpersonaldetails.aspx?mkid=1086; https://meretz.org.il/%D7%A2%D7%9C%D7%99-%D7%A1%D7%9C%D7%90%D7%9C%D7%97%D7%94/; https://oknesset.org/members/30821.html","65","הרקע בשותפויות, עבודה מוסדית, חינוך, חברה אזרחית או שלטון מקומי מצביע על נכונות לבנות הסכמות וקואליציות רחבות תחת כללי משחק דמוקרטיים."
"עלי סלאלחה","דעות","סגנון פשרה, גבולות ויכולת הסכמה","D-056","הצבת קווים אדומים ברורים שמעליהם אין מקום לפשרה עם יריבים פוליטיים","supports","https://hagush.org.il/candidates.html; https://democrats.org.il/; https://main.knesset.gov.il/mk/pages/mkpersonaldetails.aspx?mkid=1086; https://meretz.org.il/%D7%A2%D7%9C%D7%99-%D7%A1%D7%9C%D7%90%D7%9C%D7%97%D7%94/; https://oknesset.org/members/30821.html","60","הפרופיל משלב מחויבות לכללים דמוקרטיים עם נכונות למאבק ציבורי כאשר ערכים בסיסיים מאוימים; במקומות שאינם חד־משמעיים סווג כ־mixed."
"עלי סלאלחה","דעות","סגנון פשרה, גבולות ויכולת הסכמה","D-057","העדפה להסכמות רחבות ולאיטיות על פני מהלכים חדים ומהירים","supports","https://hagush.org.il/candidates.html; https://democrats.org.il/; https://main.knesset.gov.il/mk/pages/mkpersonaldetails.aspx?mkid=1086; https://meretz.org.il/%D7%A2%D7%9C%D7%99-%D7%A1%D7%9C%D7%90%D7%9C%D7%97%D7%94/; https://oknesset.org/members/30821.html","65","הרקע בשותפויות, עבודה מוסדית, חינוך, חברה אזרחית או שלטון מקומי מצביע על נכונות לבנות הסכמות וקואליציות רחבות תחת כללי משחק דמוקרטיים."
"עלי סלאלחה","דעות","סגנון פשרה, גבולות ויכולת הסכמה","D-058","העדפה למאבק חד וברור כאשר פשרה נתפסת ככניעה לכוחות אנטי־דמוקרטיים","mixed","https://hagush.org.il/candidates.html; https://democrats.org.il/; https://main.knesset.gov.il/mk/pages/mkpersonaldetails.aspx?mkid=1086; https://meretz.org.il/%D7%A2%D7%9C%D7%99-%D7%A1%D7%9C%D7%90%D7%9C%D7%97%D7%94/; https://oknesset.org/members/30821.html","60","הפרופיל משלב מחויבות לכללים דמוקרטיים עם נכונות למאבק ציבורי כאשר ערכים בסיסיים מאוימים; במקומות שאינם חד־משמעיים סווג כ־mixed."
"עלי סלאלחה","דעות","סגנון פשרה, גבולות ויכולת הסכמה","D-059","יכולת להבחין בין פשרה עניינית לבין טשטוש ערכי מסוכן","supports","https://hagush.org.il/candidates.html; https://democrats.org.il/; https://main.knesset.gov.il/mk/pages/mkpersonaldetails.aspx?mkid=1086; https://meretz.org.il/%D7%A2%D7%9C%D7%99-%D7%A1%D7%9C%D7%90%D7%9C%D7%97%D7%94/; https://oknesset.org/members/30821.html","60","הפרופיל משלב מחויבות לכללים דמוקרטיים עם נכונות למאבק ציבורי כאשר ערכים בסיסיים מאוימים; במקומות שאינם חד־משמעיים סווג כ־mixed."
"עלי סלאלחה","דעות","סגנון פשרה, גבולות ויכולת הסכמה","D-060","נכונות לבנות קואליציות עתידיות עם גורמים שאינם שייכים למחנה הטבעי, אם הם מקבלים כללי משחק דמוקרטיים","supports","https://hagush.org.il/candidates.html; https://democrats.org.il/; https://main.knesset.gov.il/mk/pages/mkpersonaldetails.aspx?mkid=1086; https://meretz.org.il/%D7%A2%D7%9C%D7%99-%D7%A1%D7%9C%D7%90%D7%9C%D7%97%D7%94/; https://oknesset.org/members/30821.html","65","הרקע בשותפויות, עבודה מוסדית, חינוך, חברה אזרחית או שלטון מקומי מצביע על נכונות לבנות הסכמות וקואליציות רחבות תחת כללי משחק דמוקרטיים."
"עלי סלאלחה","יכולות","מומחיות מדינית, ביטחונית וממשלית","cap_001","ניסיון ישיר במערכות מדינה בכירות או במוקדי קבלת החלטות","has","https://hagush.org.il/candidates.html; https://democrats.org.il/; https://main.knesset.gov.il/mk/pages/mkpersonaldetails.aspx?mkid=1086; https://meretz.org.il/%D7%A2%D7%9C%D7%99-%D7%A1%D7%9C%D7%90%D7%9C%D7%97%D7%94/; https://oknesset.org/members/30821.html","86","נמצא ניסיון ישיר במערכת מדינתית בכירה: כנסת/צה״ל בדרג סא״ל."
"עלי סלאלחה","יכולות","מומחיות מדינית, ביטחונית וממשלית","cap_002","הבנה מוכחת של סוגיות מדיניות, ביטחוניות ואזוריות מורכבות","partial","https://hagush.org.il/candidates.html; https://democrats.org.il/; https://main.knesset.gov.il/mk/pages/mkpersonaldetails.aspx?mkid=1086; https://meretz.org.il/%D7%A2%D7%9C%D7%99-%D7%A1%D7%9C%D7%90%D7%9C%D7%97%D7%94/; https://oknesset.org/members/30821.html","65","כהונה בכנסת והשכלה רלוונטית נותנות בסיס חלקי להבנת סוגיות מדיניות וביטחוניות, אך לא נמצא ניסיון ביטחוני בכיר."
"עלי סלאלחה","יכולות","מומחיות מדינית, ביטחונית וממשלית","cap_003","ניסיון במשא ומתן, דיאלוג אסטרטגי או קשרים בינלאומיים","partial","https://hagush.org.il/candidates.html; https://democrats.org.il/; https://main.knesset.gov.il/mk/pages/mkpersonaldetails.aspx?mkid=1086; https://meretz.org.il/%D7%A2%D7%9C%D7%99-%D7%A1%D7%9C%D7%90%D7%9C%D7%97%D7%94/; https://oknesset.org/members/30821.html","62","הפעילות הציבורית כוללת דיאלוג, שיתופי פעולה או גישור בין קהלים, אך לא בהכרח משא ומתן מדיני או בינלאומי פורמלי."
"עלי סלאלחה","יכולות","מומחיות מדינית, ביטחונית וממשלית","cap_004","ניסיון צבאי, מודיעיני או ביטחוני בעל רלוונטיות לעבודה ציבורית","partial","https://hagush.org.il/candidates.html; https://democrats.org.il/; https://main.knesset.gov.il/mk/pages/mkpersonaldetails.aspx?mkid=1086; https://meretz.org.il/%D7%A2%D7%9C%D7%99-%D7%A1%D7%9C%D7%90%D7%9C%D7%97%D7%94/; https://oknesset.org/members/30821.html","48","במקור הכנסת מופיע שירות צבאי, אך לא נמצא ניסיון צבאי בכיר הרלוונטי כשלעצמו לעבודה ציבורית."
"עלי סלאלחה","יכולות","מומחיות מדינית, ביטחונית וממשלית","cap_005","יכולת לגבש תפיסה מדינית־ביטחונית סדורה ולא רק עמדה ערכית כללית","partial","https://hagush.org.il/candidates.html; https://democrats.org.il/; https://main.knesset.gov.il/mk/pages/mkpersonaldetails.aspx?mkid=1086; https://meretz.org.il/%D7%A2%D7%9C%D7%99-%D7%A1%D7%9C%D7%90%D7%9C%D7%97%D7%94/; https://oknesset.org/members/30821.html","55","יש ניסיון פרלמנטרי וציבורי, אך לא נמצאה תפיסה מדינית־ביטחונית סדורה ומפורטת."
"עלי סלאלחה","יכולות","מומחיות מדינית, ביטחונית וממשלית","cap_006","יכולת לחבר בין יעדים ביטחוניים לבין יעדים מדיניים ארוכי טווח","partial","https://hagush.org.il/candidates.html; https://democrats.org.il/; https://main.knesset.gov.il/mk/pages/mkpersonaldetails.aspx?mkid=1086; https://meretz.org.il/%D7%A2%D7%9C%D7%99-%D7%A1%D7%9C%D7%90%D7%9C%D7%97%D7%94/; https://oknesset.org/members/30821.html","55","יש ניסיון פרלמנטרי וציבורי, אך לא נמצאה תפיסה מדינית־ביטחונית סדורה ומפורטת."
"עלי סלאלחה","יכולות","ארגון, ניהול וביצוע","cap_007","ניסיון בהקמה וניהול של ארגונים, חברות, תנועות או מטות פעולה","has","https://hagush.org.il/candidates.html; https://democrats.org.il/; https://main.knesset.gov.il/mk/pages/mkpersonaldetails.aspx?mkid=1086; https://meretz.org.il/%D7%A2%D7%9C%D7%99-%D7%A1%D7%9C%D7%90%D7%9C%D7%97%D7%94/; https://oknesset.org/members/30821.html","84","הפרופיל מציג ניהול מוסד/ארגון/עמותה/מערכת ציבורית או אחריות ניהולית מתמשכת; יש בסיס ברור ליכולת ארגון וביצוע."
"עלי סלאלחה","יכולות","ארגון, ניהול וביצוע","cap_008","יכולת להוביל צוותים, תקציבים, קהילות או מערכות מורכבות","has","https://hagush.org.il/candidates.html; https://democrats.org.il/; https://main.knesset.gov.il/mk/pages/mkpersonaldetails.aspx?mkid=1086; https://meretz.org.il/%D7%A2%D7%9C%D7%99-%D7%A1%D7%9C%D7%90%D7%9C%D7%97%D7%94/; https://oknesset.org/members/30821.html","84","הפרופיל מציג ניהול מוסד/ארגון/עמותה/מערכת ציבורית או אחריות ניהולית מתמשכת; יש בסיס ברור ליכולת ארגון וביצוע."
"עלי סלאלחה","יכולות","ארגון, ניהול וביצוע","cap_009","הובלת מאבקים ציבוריים שהניבו תוצאות ממשיות","has","https://hagush.org.il/candidates.html; https://democrats.org.il/; https://main.knesset.gov.il/mk/pages/mkpersonaldetails.aspx?mkid=1086; https://meretz.org.il/%D7%A2%D7%9C%D7%99-%D7%A1%D7%9C%D7%90%D7%9C%D7%97%D7%94/; https://oknesset.org/members/30821.html","78","נמצא בסיס להובלת מאבק/פרויקט ציבורי ממשי: מחאה, חינוך, שותפות, סביבה, שילוב מיעוטים או זכויות אנשים עם מוגבלות."
"עלי סלאלחה","יכולות","ארגון, ניהול וביצוע","cap_010","יכולת להפוך רעיון כללי לתשתית פעולה מתמשכת","has","https://hagush.org.il/candidates.html; https://democrats.org.il/; https://main.knesset.gov.il/mk/pages/mkpersonaldetails.aspx?mkid=1086; https://meretz.org.il/%D7%A2%D7%9C%D7%99-%D7%A1%D7%9C%D7%90%D7%9C%D7%97%D7%94/; https://oknesset.org/members/30821.html","84","הפרופיל מציג ניהול מוסד/ארגון/עמותה/מערכת ציבורית או אחריות ניהולית מתמשכת; יש בסיס ברור ליכולת ארגון וביצוע."
"עלי סלאלחה","יכולות","ארגון, ניהול וביצוע","cap_011","ניסיון בניהול משברים ציבוריים, פוליטיים או ארגוניים","partial","https://hagush.org.il/candidates.html; https://democrats.org.il/; https://main.knesset.gov.il/mk/pages/mkpersonaldetails.aspx?mkid=1086; https://meretz.org.il/%D7%A2%D7%9C%D7%99-%D7%A1%D7%9C%D7%90%D7%9C%D7%97%D7%94/; https://oknesset.org/members/30821.html","66","קיים ניסיון בניהול מערכות ציבוריות/ארגוניות ולעיתים גם מצבי משבר, אך לא תמיד מקור מפורש לניהול משברים פוליטיים."
"עלי סלאלחה","יכולות","ארגון, ניהול וביצוע","cap_012","מוכנות לקחת אחריות אישית גבוהה על מהלך ציבורי או ארגוני","has","https://hagush.org.il/candidates.html; https://democrats.org.il/; https://main.knesset.gov.il/mk/pages/mkpersonaldetails.aspx?mkid=1086; https://meretz.org.il/%D7%A2%D7%9C%D7%99-%D7%A1%D7%9C%D7%90%D7%9C%D7%97%D7%94/; https://oknesset.org/members/30821.html","84","הפרופיל מציג ניהול מוסד/ארגון/עמותה/מערכת ציבורית או אחריות ניהולית מתמשכת; יש בסיס ברור ליכולת ארגון וביצוע."
"עלי סלאלחה","יכולות","חקיקה, פוליטיקה ומוסדות","cap_013","ניסיון בעבודה פרלמנטרית, ועדות כנסת, חקיקה או הצעות חוק","has","https://hagush.org.il/candidates.html; https://democrats.org.il/; https://main.knesset.gov.il/mk/pages/mkpersonaldetails.aspx?mkid=1086; https://meretz.org.il/%D7%A2%D7%9C%D7%99-%D7%A1%D7%9C%D7%90%D7%9C%D7%97%D7%94/; https://oknesset.org/members/30821.html","88","המקורות מציינים כהונה בכנסת וחברות בוועדות, ולכן יש ניסיון פרלמנטרי ישיר."
"עלי סלאלחה","יכולות","חקיקה, פוליטיקה ומוסדות","cap_014","היכרות מעשית עם מנגנוני מפלגות, פריימריז, רשימות וקואליציות","has","https://hagush.org.il/candidates.html; https://democrats.org.il/; https://main.knesset.gov.il/mk/pages/mkpersonaldetails.aspx?mkid=1086; https://meretz.org.il/%D7%A2%D7%9C%D7%99-%D7%A1%D7%9C%D7%90%D7%9C%D7%97%D7%94/; https://oknesset.org/members/30821.html","75","הרקע במרצ, מועצות/כנסת ופריימריז נותן בסיס להיכרות מעשית עם מנגנונים פוליטיים."
"עלי סלאלחה","יכולות","חקיקה, פוליטיקה ומוסדות","cap_015","יכולת לפעול בתוך מוסדות קיימים ולא רק מחוץ להם","has","https://hagush.org.il/candidates.html; https://democrats.org.il/; https://main.knesset.gov.il/mk/pages/mkpersonaldetails.aspx?mkid=1086; https://meretz.org.il/%D7%A2%D7%9C%D7%99-%D7%A1%D7%9C%D7%90%D7%9C%D7%97%D7%94/; https://oknesset.org/members/30821.html","72","נמצא ניסיון פעולה בתוך מוסדות קיימים: כנסת, רשות מקומית, צה״ל או עמותה ארצית."
"עלי סלאלחה","יכולות","חקיקה, פוליטיקה ומוסדות","cap_016","ניסיון בבניית תנועה פוליטית, מפלגה או אלטרנטיבה שלטונית","unknown","מקורות שנבדקו: https://hagush.org.il/candidates.html; https://democrats.org.il/; https://main.knesset.gov.il/mk/pages/mkpersonaldetails.aspx?mkid=1086; https://meretz.org.il/%D7%A2%D7%9C%D7%99-%D7%A1%D7%9C%D7%90%D7%9C%D7%97%D7%94/; https://oknesset.org/members/30821.html","0","לא נמצא במקורות שנבדקו בסיס עובדתי ישיר או עקיף מספיק לקביעה סבירה; נשאר unknown לפי כלל אי־הניחוש."
"עלי סלאלחה","יכולות","חקיקה, פוליטיקה ומוסדות","cap_017","יכולת לייצר שיתופי פעולה בין זרמים, מפלגות או קבוצות אינטרס","partial","https://hagush.org.il/candidates.html; https://democrats.org.il/; https://main.knesset.gov.il/mk/pages/mkpersonaldetails.aspx?mkid=1086; https://meretz.org.il/%D7%A2%D7%9C%D7%99-%D7%A1%D7%9C%D7%90%D7%9C%D7%97%D7%94/; https://oknesset.org/members/30821.html","60","הפרופיל מציג בניית שיתופי פעולה בין קהלים/ארגונים/מוסדות, ולכן יש בסיס ליכולת קואליציונית."
"עלי סלאלחה","יכולות","חקיקה, פוליטיקה ומוסדות","cap_018","יכולת לתרגם עמדות אידיאולוגיות לפעולות מוסדיות או חקיקתיות","has","https://hagush.org.il/candidates.html; https://democrats.org.il/; https://main.knesset.gov.il/mk/pages/mkpersonaldetails.aspx?mkid=1086; https://meretz.org.il/%D7%A2%D7%9C%D7%99-%D7%A1%D7%9C%D7%90%D7%9C%D7%97%D7%94/; https://oknesset.org/members/30821.html","72","נמצא ניסיון בתרגום ערכים לעשייה מוסדית: כנסת, עירייה, עמותה או פרויקטים ציבוריים."
"עלי סלאלחה","יכולות","תקשורת, הסברה והשפעה ציבורית","cap_019","יכולת ליצור מסרים חדים, ברורים וזכירים","partial","https://hagush.org.il/candidates.html; https://democrats.org.il/; https://main.knesset.gov.il/mk/pages/mkpersonaldetails.aspx?mkid=1086; https://meretz.org.il/%D7%A2%D7%9C%D7%99-%D7%A1%D7%9C%D7%90%D7%9C%D7%97%D7%94/; https://oknesset.org/members/30821.html","65","הפרופיל מציג פעילות ציבורית שמחייבת ניסוח מסרים, הופעה ושכנוע; עוצמת היכולת משתנה לפי מידת הנראות במקורות."
"עלי סלאלחה","יכולות","תקשורת, הסברה והשפעה ציבורית","cap_020","יכולת לייצר תוכן דיגיטלי, ויראלי או תקשורתי שמגיע לקהלים רחבים","unknown","מקורות שנבדקו: https://hagush.org.il/candidates.html; https://democrats.org.il/; https://main.knesset.gov.il/mk/pages/mkpersonaldetails.aspx?mkid=1086; https://meretz.org.il/%D7%A2%D7%9C%D7%99-%D7%A1%D7%9C%D7%90%D7%9C%D7%97%D7%94/; https://oknesset.org/members/30821.html","0","לא נמצא במקורות שנבדקו בסיס עובדתי ישיר או עקיף מספיק לקביעה סבירה; נשאר unknown לפי כלל אי־הניחוש."
"עלי סלאלחה","יכולות","תקשורת, הסברה והשפעה ציבורית","cap_021","ניסיון בהופעה ציבורית, ראיונות, פודקאסטים, קולנוע, כתיבה או הרצאות","has","https://hagush.org.il/candidates.html; https://democrats.org.il/; https://main.knesset.gov.il/mk/pages/mkpersonaldetails.aspx?mkid=1086; https://meretz.org.il/%D7%A2%D7%9C%D7%99-%D7%A1%D7%9C%D7%90%D7%9C%D7%97%D7%94/; https://oknesset.org/members/30821.html","72","נמצא ניסיון בהופעות/מפגשים ציבוריים, פעילות פוליטית או הרצאות/ראיונות סביב תחום העשייה."
"עלי סלאלחה","יכולות","תקשורת, הסברה והשפעה ציבורית","cap_022","יכולת להסביר נושאים מורכבים בשפה נגישה ולא טכנוקרטית","partial","https://hagush.org.il/candidates.html; https://democrats.org.il/; https://main.knesset.gov.il/mk/pages/mkpersonaldetails.aspx?mkid=1086; https://meretz.org.il/%D7%A2%D7%9C%D7%99-%D7%A1%D7%9C%D7%90%D7%9C%D7%97%D7%94/; https://oknesset.org/members/30821.html","65","הפרופיל מציג פעילות ציבורית שמחייבת ניסוח מסרים, הופעה ושכנוע; עוצמת היכולת משתנה לפי מידת הנראות במקורות."
"עלי סלאלחה","יכולות","תקשורת, הסברה והשפעה ציבורית","cap_023","יכולת לנהל מאבק תודעתי מול יריבים פוליטיים או תקשורתיים","partial","https://hagush.org.il/candidates.html; https://democrats.org.il/; https://main.knesset.gov.il/mk/pages/mkpersonaldetails.aspx?mkid=1086; https://meretz.org.il/%D7%A2%D7%9C%D7%99-%D7%A1%D7%9C%D7%90%D7%9C%D7%97%D7%94/; https://oknesset.org/members/30821.html","65","הפרופיל מציג פעילות ציבורית שמחייבת ניסוח מסרים, הופעה ושכנוע; עוצמת היכולת משתנה לפי מידת הנראות במקורות."
"עלי סלאלחה","יכולות","תקשורת, הסברה והשפעה ציבורית","cap_024","יכולת להפוך סיפור אישי או ערכי לכלי גיוס ציבורי","has","https://hagush.org.il/candidates.html; https://democrats.org.il/; https://main.knesset.gov.il/mk/pages/mkpersonaldetails.aspx?mkid=1086; https://meretz.org.il/%D7%A2%D7%9C%D7%99-%D7%A1%D7%9C%D7%90%D7%9C%D7%97%D7%94/; https://oknesset.org/members/30821.html","74","למועמד/ת יש סיפור זהות או עשייה ציבורית מובהק שניתן להפוך לכלי גיוס ציבורי."
"עלי סלאלחה","יכולות","חיבור בין קהלים ועולמות","cap_025","יכולת לחבר בין יהודים לערבים בתוך מסגרת פוליטית או אזרחית משותפת","has","https://hagush.org.il/candidates.html; https://democrats.org.il/; https://main.knesset.gov.il/mk/pages/mkpersonaldetails.aspx?mkid=1086; https://meretz.org.il/%D7%A2%D7%9C%D7%99-%D7%A1%D7%9C%D7%90%D7%9C%D7%97%D7%94/; https://oknesset.org/members/30821.html","82","הפרופיל מציג זהות מיעוט ו/או פעילות מפורשת לשותפות יהודית־ערבית."
"עלי סלאלחה","יכולות","חיבור בין קהלים ועולמות","cap_026","יכולת לחבר בין שמאל ליברלי לבין פריפריה מזרחית, מסורתית או גיאוגרפית","has","https://hagush.org.il/candidates.html; https://democrats.org.il/; https://main.knesset.gov.il/mk/pages/mkpersonaldetails.aspx?mkid=1086; https://meretz.org.il/%D7%A2%D7%9C%D7%99-%D7%A1%D7%9C%D7%90%D7%9C%D7%97%D7%94/; https://oknesset.org/members/30821.html","72","הרקע בפריפריה, מיעוטים, חינוך, רווחה או שלטון מקומי מספק בסיס לחיבור בין שמאל ליברלי לקהלים חברתיים/גיאוגרפיים רחבים."
"עלי סלאלחה","יכולות","חיבור בין קהלים ועולמות","cap_027","יכולת לחבר בין עולם המחאה לבין עבודה מפלגתית ומוסדית","unknown","מקורות שנבדקו: https://hagush.org.il/candidates.html; https://democrats.org.il/; https://main.knesset.gov.il/mk/pages/mkpersonaldetails.aspx?mkid=1086; https://meretz.org.il/%D7%A2%D7%9C%D7%99-%D7%A1%D7%9C%D7%90%D7%9C%D7%97%D7%94/; https://oknesset.org/members/30821.html","0","לא נמצא במקורות שנבדקו בסיס עובדתי ישיר או עקיף מספיק לקביעה סבירה; נשאר unknown לפי כלל אי־הניחוש."
"עלי סלאלחה","יכולות","חיבור בין קהלים ועולמות","cap_028","יכולת לחבר בין היי־טק, חדשנות ודיגיטל לבין פוליטיקה ציבורית","unknown","מקורות שנבדקו: https://hagush.org.il/candidates.html; https://democrats.org.il/; https://main.knesset.gov.il/mk/pages/mkpersonaldetails.aspx?mkid=1086; https://meretz.org.il/%D7%A2%D7%9C%D7%99-%D7%A1%D7%9C%D7%90%D7%9C%D7%97%D7%94/; https://oknesset.org/members/30821.html","0","לא נמצא במקורות שנבדקו בסיס עובדתי ישיר או עקיף מספיק לקביעה סבירה; נשאר unknown לפי כלל אי־הניחוש."
"עלי סלאלחה","יכולות","חיבור בין קהלים ועולמות","cap_029","יכולת לחבר בין שפה מקצועית־ביטחונית לבין שפה אזרחית וערכית","partial","https://hagush.org.il/candidates.html; https://democrats.org.il/; https://main.knesset.gov.il/mk/pages/mkpersonaldetails.aspx?mkid=1086; https://meretz.org.il/%D7%A2%D7%9C%D7%99-%D7%A1%D7%9C%D7%90%D7%9C%D7%97%D7%94/; https://oknesset.org/members/30821.html","55","יש ניסיון ציבורי וממלכתי, אך לא מקור חזק לשפה ביטחונית מקצועית."
"עלי סלאלחה","יכולות","חיבור בין קהלים ועולמות","cap_030","אמינות מול קהילות שטח ולא רק מול קהל תקשורתי או אליטיסטי","has","https://hagush.org.il/candidates.html; https://democrats.org.il/; https://main.knesset.gov.il/mk/pages/mkpersonaldetails.aspx?mkid=1086; https://meretz.org.il/%D7%A2%D7%9C%D7%99-%D7%A1%D7%9C%D7%90%D7%9C%D7%97%D7%94/; https://oknesset.org/members/30821.html","72","הפרופיל מבוסס על פעילות שטח מול קהילות ממשיות ולא רק על נראות תקשורתית."
"עלי סלאלחה","יכולות","חדשנות, למידה ושיתוף ציבור","cap_031","שימוש בטכנולוגיה, מידע או כלים דיגיטליים לשיתוף ציבור וארגון פוליטי","unknown","מקורות שנבדקו: https://hagush.org.il/candidates.html; https://democrats.org.il/; https://main.knesset.gov.il/mk/pages/mkpersonaldetails.aspx?mkid=1086; https://meretz.org.il/%D7%A2%D7%9C%D7%99-%D7%A1%D7%9C%D7%90%D7%9C%D7%97%D7%94/; https://oknesset.org/members/30821.html","0","לא נמצא במקורות שנבדקו בסיס עובדתי ישיר או עקיף מספיק לקביעה סבירה; נשאר unknown לפי כלל אי־הניחוש."
"עלי סלאלחה","יכולות","חדשנות, למידה ושיתוף ציבור","cap_032","חשיבה מערכתית שמזהה קשרים בין משבר פוליטי, כלכלה, ביטחון וחברה","has","https://hagush.org.il/candidates.html; https://democrats.org.il/; https://main.knesset.gov.il/mk/pages/mkpersonaldetails.aspx?mkid=1086; https://meretz.org.il/%D7%A2%D7%9C%D7%99-%D7%A1%D7%9C%D7%90%D7%9C%D7%97%D7%94/; https://oknesset.org/members/30821.html","70","הרקע מציג חשיבה מערכתית המחברת חברה, מוסדות, קהילות ויישום מעשי; רמת הביטחון משתנה לפי עומק המקורות."
"עלי סלאלחה","יכולות","חדשנות, למידה ושיתוף ציבור","cap_033","יזמות בפתרונות לא שגרתיים לבעיות פוליטיות או חברתיות","has","https://hagush.org.il/candidates.html; https://democrats.org.il/; https://main.knesset.gov.il/mk/pages/mkpersonaldetails.aspx?mkid=1086; https://meretz.org.il/%D7%A2%D7%9C%D7%99-%D7%A1%D7%9C%D7%90%D7%9C%D7%97%D7%94/; https://oknesset.org/members/30821.html","70","הרקע מציג חשיבה מערכתית המחברת חברה, מוסדות, קהילות ויישום מעשי; רמת הביטחון משתנה לפי עומק המקורות."
"עלי סלאלחה","יכולות","חדשנות, למידה ושיתוף ציבור","cap_034","יכולת ללמוד תחומים חדשים ולהפוך אותם לשפה ציבורית ברורה","has","https://hagush.org.il/candidates.html; https://democrats.org.il/; https://main.knesset.gov.il/mk/pages/mkpersonaldetails.aspx?mkid=1086; https://meretz.org.il/%D7%A2%D7%9C%D7%99-%D7%A1%D7%9C%D7%90%D7%9C%D7%97%D7%94/; https://oknesset.org/members/30821.html","62","הפרופיל מציג למידה, יזמות או פיתוח מסגרות פעולה חדשות; לגבי ניסויים דמוקרטיים ארגוניים הביטחון בינוני."
"עלי סלאלחה","יכולות","חדשנות, למידה ושיתוף ציבור","cap_035","שילוב בין ידע מקצועי, ניסיון אישי וערכים פוליטיים","has","https://hagush.org.il/candidates.html; https://democrats.org.il/; https://main.knesset.gov.il/mk/pages/mkpersonaldetails.aspx?mkid=1086; https://meretz.org.il/%D7%A2%D7%9C%D7%99-%D7%A1%D7%9C%D7%90%D7%9C%D7%97%D7%94/; https://oknesset.org/members/30821.html","70","הרקע מציג חשיבה מערכתית המחברת חברה, מוסדות, קהילות ויישום מעשי; רמת הביטחון משתנה לפי עומק המקורות."
"עלי סלאלחה","יכולות","חדשנות, למידה ושיתוף ציבור","cap_036","פתיחות לניסויים ארגוניים ודמוקרטיים חדשים ולא רק לשיטות פוליטיות קיימות","partial","https://hagush.org.il/candidates.html; https://democrats.org.il/; https://main.knesset.gov.il/mk/pages/mkpersonaldetails.aspx?mkid=1086; https://meretz.org.il/%D7%A2%D7%9C%D7%99-%D7%A1%D7%9C%D7%90%D7%9C%D7%97%D7%94/; https://oknesset.org/members/30821.html","62","הפרופיל מציג למידה, יזמות או פיתוח מסגרות פעולה חדשות; לגבי ניסויים דמוקרטיים ארגוניים הביטחון בינוני."
"איהאב שליאן","דעות","דמוקרטיה, משילות ותיקון מוסדות המדינה","D-001","נטייה לתיקון חוקתי ומוסדי עמוק, ולא רק להחלפת ממשלה","supports","https://hagush.org.il/candidates.html; https://democrats.org.il/; https://e.democrats.org.il/Democrats_OpenHouses/259054; https://e.democrats.org.il/Democrats_OpenHouses/256886; https://haipo.co.il/item/610502","60","ההתמודדות בדמוקרטים והפעילות הציבורית מצביעות על הזדהות עם תיקון דמוקרטי ומוסדי, אך ללא פירוט מלא של מנגנון חוקתי."
"איהאב שליאן","דעות","דמוקרטיה, משילות ותיקון מוסדות המדינה","D-002","ראיית המשבר הדמוקרטי כתוצאה של שיטה פוליטית פגומה ולא רק של אדם או ממשלה מסוימת","supports","https://hagush.org.il/candidates.html; https://democrats.org.il/; https://e.democrats.org.il/Democrats_OpenHouses/259054; https://e.democrats.org.il/Democrats_OpenHouses/256886; https://haipo.co.il/item/610502","60","ההתמודדות בדמוקרטים והפעילות הציבורית מצביעות על הזדהות עם תיקון דמוקרטי ומוסדי, אך ללא פירוט מלא של מנגנון חוקתי."
"איהאב שליאן","דעות","דמוקרטיה, משילות ותיקון מוסדות המדינה","D-003","נכונות למאבק ציבורי חריף כאשר מוסדות המדינה נתפסים כמאוימים","supports","https://hagush.org.il/candidates.html; https://democrats.org.il/; https://e.democrats.org.il/Democrats_OpenHouses/259054; https://e.democrats.org.il/Democrats_OpenHouses/256886; https://haipo.co.il/item/610502","60","ההתמודדות בדמוקרטים והפעילות הציבורית מצביעות על הזדהות עם תיקון דמוקרטי ומוסדי, אך ללא פירוט מלא של מנגנון חוקתי."
"איהאב שליאן","דעות","דמוקרטיה, משילות ותיקון מוסדות המדינה","D-004","העדפה לשיקום ממלכתי, זהיר ומוסדי של המדינה לאחר המשבר","supports","https://hagush.org.il/candidates.html; https://democrats.org.il/; https://e.democrats.org.il/Democrats_OpenHouses/259054; https://e.democrats.org.il/Democrats_OpenHouses/256886; https://haipo.co.il/item/610502","60","ההתמודדות בדמוקרטים והפעילות הציבורית מצביעות על הזדהות עם תיקון דמוקרטי ומוסדי, אך ללא פירוט מלא של מנגנון חוקתי."
"איהאב שליאן","דעות","דמוקרטיה, משילות ותיקון מוסדות המדינה","D-005","תמיכה בשיתוף ציבור, דמוקרטיה פנימית ושקיפות בתוך המפלגה ובמערכת הפוליטית","supports","https://hagush.org.il/candidates.html; https://democrats.org.il/; https://e.democrats.org.il/Democrats_OpenHouses/259054; https://e.democrats.org.il/Democrats_OpenHouses/256886; https://haipo.co.il/item/610502","60","ההתמודדות בדמוקרטים והפעילות הציבורית מצביעות על הזדהות עם תיקון דמוקרטי ומוסדי, אך ללא פירוט מלא של מנגנון חוקתי."
"איהאב שליאן","דעות","דמוקרטיה, משילות ותיקון מוסדות המדינה","D-006","נכונות להגביל כוח שלטוני גם כאשר הכוח נמצא בידי המחנה הקרוב אידיאולוגית","supports","https://hagush.org.il/candidates.html; https://democrats.org.il/; https://e.democrats.org.il/Democrats_OpenHouses/259054; https://e.democrats.org.il/Democrats_OpenHouses/256886; https://haipo.co.il/item/610502","60","ההתמודדות בדמוקרטים והפעילות הציבורית מצביעות על הזדהות עם תיקון דמוקרטי ומוסדי, אך ללא פירוט מלא של מנגנון חוקתי."
"איהאב שליאן","דעות","יחס למחנה השני ויכולת גישור","D-007","ראיית מצביעי המחנה השני כיריבים פוליטיים לגיטימיים ולא כאויבים","supports","https://hagush.org.il/candidates.html; https://democrats.org.il/; https://e.democrats.org.il/Democrats_OpenHouses/259054; https://e.democrats.org.il/Democrats_OpenHouses/256886; https://haipo.co.il/item/610502","72","הרקע הציבורי מתמקד בחיבור בין קהלים, שותפות או עבודה עם ציבור מגוון; יש בסיס לסיווג כתומך בגישור ובשיח לגיטימי."
"איהאב שליאן","דעות","יחס למחנה השני ויכולת גישור","D-008","הבחנה בין הנהגת המחנה השני לבין הציבור הרחב שתומך בה","supports","https://hagush.org.il/candidates.html; https://democrats.org.il/; https://e.democrats.org.il/Democrats_OpenHouses/259054; https://e.democrats.org.il/Democrats_OpenHouses/256886; https://haipo.co.il/item/610502","72","הרקע הציבורי מתמקד בחיבור בין קהלים, שותפות או עבודה עם ציבור מגוון; יש בסיס לסיווג כתומך בגישור ובשיח לגיטימי."
"איהאב שליאן","דעות","יחס למחנה השני ויכולת גישור","D-009","אמונה שאפשר לבנות גשר מחודש בין המחנה הדמוקרטי־ליברלי לבין חלקים מהימין המסורתי","supports","https://hagush.org.il/candidates.html; https://democrats.org.il/; https://e.democrats.org.il/Democrats_OpenHouses/259054; https://e.democrats.org.il/Democrats_OpenHouses/256886; https://haipo.co.il/item/610502","72","הרקע הציבורי מתמקד בחיבור בין קהלים, שותפות או עבודה עם ציבור מגוון; יש בסיס לסיווג כתומך בגישור ובשיח לגיטימי."
"איהאב שליאן","דעות","יחס למחנה השני ויכולת גישור","D-010","העדפה להכרעה פוליטית ברורה על פני פיוס מוקדם עם המחנה השני","unknown","מקורות שנבדקו: https://hagush.org.il/candidates.html; https://democrats.org.il/; https://e.democrats.org.il/Democrats_OpenHouses/259054; https://e.democrats.org.il/Democrats_OpenHouses/256886; https://haipo.co.il/item/610502","0","לא נמצא במקורות שנבדקו בסיס עובדתי ישיר או עקיף מספיק לקביעה סבירה; נשאר unknown לפי כלל אי־הניחוש."
"איהאב שליאן","דעות","יחס למחנה השני ויכולת גישור","D-011","נכונות לשיח עם דתיים, מסורתיים, חרדים וימנים גם כאשר קיימת מחלוקת ערכית עמוקה","supports","https://hagush.org.il/candidates.html; https://democrats.org.il/; https://e.democrats.org.il/Democrats_OpenHouses/259054; https://e.democrats.org.il/Democrats_OpenHouses/256886; https://haipo.co.il/item/610502","72","הרקע הציבורי מתמקד בחיבור בין קהלים, שותפות או עבודה עם ציבור מגוון; יש בסיס לסיווג כתומך בגישור ובשיח לגיטימי."
"איהאב שליאן","דעות","יחס למחנה השני ויכולת גישור","D-012","ראיית חלק מהמחנה השני כשותף עתידי אפשרי לשיקום המדינה לאחר עידן נתניהו","supports","https://hagush.org.il/candidates.html; https://democrats.org.il/; https://e.democrats.org.il/Democrats_OpenHouses/259054; https://e.democrats.org.il/Democrats_OpenHouses/256886; https://haipo.co.il/item/610502","72","הרקע הציבורי מתמקד בחיבור בין קהלים, שותפות או עבודה עם ציבור מגוון; יש בסיס לסיווג כתומך בגישור ובשיח לגיטימי."
"איהאב שליאן","דעות","שסעים פנימיים בחברה היהודית","D-013","ראיית השסע העדתי והפריפריאלי כמרכיב מרכזי במשבר הפוליטי בישראל","unknown","מקורות שנבדקו: https://hagush.org.il/candidates.html; https://democrats.org.il/; https://e.democrats.org.il/Democrats_OpenHouses/259054; https://e.democrats.org.il/Democrats_OpenHouses/256886; https://haipo.co.il/item/610502","0","לא נמצא במקורות שנבדקו בסיס עובדתי ישיר או עקיף מספיק לקביעה סבירה; נשאר unknown לפי כלל אי־הניחוש."
"איהאב שליאן","דעות","שסעים פנימיים בחברה היהודית","D-014","נכונות לדבר עם מצביעים מזרחים, מסורתיים ופריפריאליים בשפה שאינה מתנשאת ואינה רק ליברלית־אשכנזית","unknown","מקורות שנבדקו: https://hagush.org.il/candidates.html; https://democrats.org.il/; https://e.democrats.org.il/Democrats_OpenHouses/259054; https://e.democrats.org.il/Democrats_OpenHouses/256886; https://haipo.co.il/item/610502","0","לא נמצא במקורות שנבדקו בסיס עובדתי ישיר או עקיף מספיק לקביעה סבירה; נשאר unknown לפי כלל אי־הניחוש."
"איהאב שליאן","דעות","שסעים פנימיים בחברה היהודית","D-015","ראיית השסע הדתי־חילוני כאיום מרכזי על הלכידות של החברה היהודית בישראל","supports","https://hagush.org.il/candidates.html; https://democrats.org.il/; https://e.democrats.org.il/Democrats_OpenHouses/259054; https://e.democrats.org.il/Democrats_OpenHouses/256886; https://haipo.co.il/item/610502","65","המקורות מציגים עיסוק ממשי במתח שבין דת, זהות ומרחב ציבורי; לכן יש בסיס בינוני לזיהוי השסע הדתי־חילוני כסוגיה מרכזית."
"איהאב שליאן","דעות","שסעים פנימיים בחברה היהודית","D-016","תמיכה בבניית ברית חדשה בין ליברלים, מסורתיים, דתיים מתונים ופריפריה חברתית","unknown","מקורות שנבדקו: https://hagush.org.il/candidates.html; https://democrats.org.il/; https://e.democrats.org.il/Democrats_OpenHouses/259054; https://e.democrats.org.il/Democrats_OpenHouses/256886; https://haipo.co.il/item/610502","0","לא נמצא במקורות שנבדקו בסיס עובדתי ישיר או עקיף מספיק לקביעה סבירה; נשאר unknown לפי כלל אי־הניחוש."
"איהאב שליאן","דעות","שסעים פנימיים בחברה היהודית","D-017","ביקורת על מחנה המרכז־שמאל כאשר הוא נתפס כמנותק, אליטיסטי או חסר רגישות לפריפריה","unknown","מקורות שנבדקו: https://hagush.org.il/candidates.html; https://democrats.org.il/; https://e.democrats.org.il/Democrats_OpenHouses/259054; https://e.democrats.org.il/Democrats_OpenHouses/256886; https://haipo.co.il/item/610502","0","לא נמצא במקורות שנבדקו בסיס עובדתי ישיר או עקיף מספיק לקביעה סבירה; נשאר unknown לפי כלל אי־הניחוש."
"איהאב שליאן","דעות","שסעים פנימיים בחברה היהודית","D-018","העדפה לתיקון יחסי מרכז־פריפריה כחלק מבניית מחנה דמוקרטי רחב","unknown","מקורות שנבדקו: https://hagush.org.il/candidates.html; https://democrats.org.il/; https://e.democrats.org.il/Democrats_OpenHouses/259054; https://e.democrats.org.il/Democrats_OpenHouses/256886; https://haipo.co.il/item/610502","0","לא נמצא במקורות שנבדקו בסיס עובדתי ישיר או עקיף מספיק לקביעה סבירה; נשאר unknown לפי כלל אי־הניחוש."
"איהאב שליאן","דעות","מדינה יהודית ודמוקרטית, דת ומדינה","D-019","העדפה לזהות ישראלית שבה הרכיב הדמוקרטי קודם לרכיב הדתי־לאומי כאשר יש התנגשות ביניהם","mixed","https://hagush.org.il/candidates.html; https://democrats.org.il/; https://e.democrats.org.il/Democrats_OpenHouses/259054; https://e.democrats.org.il/Democrats_OpenHouses/256886; https://haipo.co.il/item/610502","52","יש שילוב בין שייכות לדמוקרטים לבין הדגשת זהות דתית קהילתית; לא נמצא בסיס חד להעדפת הפרדה מלאה או לעמדה ליברלית בכל נושא."
"איהאב שליאן","דעות","מדינה יהודית ודמוקרטית, דת ומדינה","D-020","העדפה לזהות ישראלית שבה היהדות היא מקור תרבותי וערכי, אך אינה צריכה לשלוט במוסדות המדינה","mixed","https://hagush.org.il/candidates.html; https://democrats.org.il/; https://e.democrats.org.il/Democrats_OpenHouses/259054; https://e.democrats.org.il/Democrats_OpenHouses/256886; https://haipo.co.il/item/610502","52","יש שילוב בין שייכות לדמוקרטים לבין הדגשת זהות דתית קהילתית; לא נמצא בסיס חד להעדפת הפרדה מלאה או לעמדה ליברלית בכל נושא."
"איהאב שליאן","דעות","מדינה יהודית ודמוקרטית, דת ומדינה","D-021","תמיכה בהפרדה ברורה יותר בין סמכות דתית לבין סמכות מדינתית","mixed","https://hagush.org.il/candidates.html; https://democrats.org.il/; https://e.democrats.org.il/Democrats_OpenHouses/259054; https://e.democrats.org.il/Democrats_OpenHouses/256886; https://haipo.co.il/item/610502","52","יש שילוב בין שייכות לדמוקרטים לבין הדגשת זהות דתית קהילתית; לא נמצא בסיס חד להעדפת הפרדה מלאה או לעמדה ליברלית בכל נושא."
"איהאב שליאן","דעות","מדינה יהודית ודמוקרטית, דת ומדינה","D-022","נכונות לשמר מרכיבים יהודיים־מסורתיים במרחב הציבורי כדי לאפשר שותפות עם ציבור מסורתי ודתי","supports","https://hagush.org.il/candidates.html; https://democrats.org.il/; https://e.democrats.org.il/Democrats_OpenHouses/259054; https://e.democrats.org.il/Democrats_OpenHouses/256886; https://haipo.co.il/item/610502","75","הפרופיל מדגיש זהות דתית קהילתית בתוך מרחב ישראלי־דמוקרטי, ולכן יש בסיס לכיבוד מרכיבים דתיים־מסורתיים במרחב ציבורי משותף."
"איהאב שליאן","דעות","מדינה יהודית ודמוקרטית, דת ומדינה","D-023","התנגדות לכפייה דתית בנושאי נישואין, שבת, חינוך, מעמד אישי או שירות ציבורי","mixed","https://hagush.org.il/candidates.html; https://democrats.org.il/; https://e.democrats.org.il/Democrats_OpenHouses/259054; https://e.democrats.org.il/Democrats_OpenHouses/256886; https://haipo.co.il/item/610502","52","יש שילוב בין שייכות לדמוקרטים לבין הדגשת זהות דתית קהילתית; לא נמצא בסיס חד להעדפת הפרדה מלאה או לעמדה ליברלית בכל נושא."
"איהאב שליאן","דעות","מדינה יהודית ודמוקרטית, דת ומדינה","D-024","תמיכה בשוויון חובות אזרחיות בין קבוצות, כולל שאלת גיוס חרדים או שירות אזרחי","supports","https://hagush.org.il/candidates.html; https://democrats.org.il/; https://e.democrats.org.il/Democrats_OpenHouses/259054; https://e.democrats.org.il/Democrats_OpenHouses/256886; https://haipo.co.il/item/610502","78","הפרופיל מדגיש שירות/שילוב אזרחי של קבוצת מיעוט, ולכן יש בסיס לתמיכה בשוויון חובות אזרחיות."
"איהאב שליאן","דעות","הפרדה, גישור או שתי מדינות לעם היהודי","D-025","אמונה שהפער בין ישראל ליברלית לבין ישראל שמרנית־דתית עדיין ניתן לגישור פוליטי וחברתי","supports","https://hagush.org.il/candidates.html; https://democrats.org.il/; https://e.democrats.org.il/Democrats_OpenHouses/259054; https://e.democrats.org.il/Democrats_OpenHouses/256886; https://haipo.co.il/item/610502","65","הפרופיל מדגיש חיבור בין קהילות, שותפות אזרחית או תיקון חברתי בתוך מסגרת ישראלית אחת; לכן יש בסיס לתמיכה בגישור ובמודלים של חיים משותפים."
"איהאב שליאן","דעות","הפרדה, גישור או שתי מדינות לעם היהודי","D-026","ראיית הפער בין המחנות כעמוק עד כדי צורך בהסדרים של אוטונומיה, ביזור או הפרדה חלקית","unknown","מקורות שנבדקו: https://hagush.org.il/candidates.html; https://democrats.org.il/; https://e.democrats.org.il/Democrats_OpenHouses/259054; https://e.democrats.org.il/Democrats_OpenHouses/256886; https://haipo.co.il/item/610502","0","לא נמצא במקורות שנבדקו בסיס עובדתי ישיר או עקיף מספיק לקביעה סבירה; נשאר unknown לפי כלל אי־הניחוש."
"איהאב שליאן","דעות","הפרדה, גישור או שתי מדינות לעם היהודי","D-027","תמיכה בביזור סמכויות לשלטון מקומי כדי לאפשר לקהילות שונות לחיות לפי אורחות חיים שונים","unknown","מקורות שנבדקו: https://hagush.org.il/candidates.html; https://democrats.org.il/; https://e.democrats.org.il/Democrats_OpenHouses/259054; https://e.democrats.org.il/Democrats_OpenHouses/256886; https://haipo.co.il/item/610502","0","לא נמצא במקורות שנבדקו בסיס עובדתי ישיר או עקיף מספיק לקביעה סבירה; נשאר unknown לפי כלל אי־הניחוש."
"איהאב שליאן","דעות","הפרדה, גישור או שתי מדינות לעם היהודי","D-028","התנגדות לרעיון של שתי מדינות לעם היהודי והעדפה למאבק על מסגרת מדינתית אחת משותפת","supports","https://hagush.org.il/candidates.html; https://democrats.org.il/; https://e.democrats.org.il/Democrats_OpenHouses/259054; https://e.democrats.org.il/Democrats_OpenHouses/256886; https://haipo.co.il/item/610502","65","הפרופיל מדגיש חיבור בין קהילות, שותפות אזרחית או תיקון חברתי בתוך מסגרת ישראלית אחת; לכן יש בסיס לתמיכה בגישור ובמודלים של חיים משותפים."
"איהאב שליאן","דעות","הפרדה, גישור או שתי מדינות לעם היהודי","D-029","פתיחות לרעיון של הסדרים פנימיים חדשים בין חילונים, דתיים, חרדים, מסורתיים וליברלים","supports","https://hagush.org.il/candidates.html; https://democrats.org.il/; https://e.democrats.org.il/Democrats_OpenHouses/259054; https://e.democrats.org.il/Democrats_OpenHouses/256886; https://haipo.co.il/item/610502","65","הפרופיל מדגיש חיבור בין קהילות, שותפות אזרחית או תיקון חברתי בתוך מסגרת ישראלית אחת; לכן יש בסיס לתמיכה בגישור ובמודלים של חיים משותפים."
"איהאב שליאן","דעות","הפרדה, גישור או שתי מדינות לעם היהודי","D-030","ראיית המשבר הישראלי לא רק כמאבק ימין־שמאל אלא כמאבק בין מודלים שונים של חיים משותפים","supports","https://hagush.org.il/candidates.html; https://democrats.org.il/; https://e.democrats.org.il/Democrats_OpenHouses/259054; https://e.democrats.org.il/Democrats_OpenHouses/256886; https://haipo.co.il/item/610502","65","הפרופיל מדגיש חיבור בין קהילות, שותפות אזרחית או תיקון חברתי בתוך מסגרת ישראלית אחת; לכן יש בסיס לתמיכה בגישור ובמודלים של חיים משותפים."
"איהאב שליאן","דעות","יהודים־ערבים, שוויון אזרחי וחיים משותפים","D-031","ראיית אזרחי ישראל הערבים כחלק מלא מהדיון על עתיד המדינה ולא כעניין נפרד או משני","supports","https://hagush.org.il/candidates.html; https://democrats.org.il/; https://e.democrats.org.il/Democrats_OpenHouses/259054; https://e.democrats.org.il/Democrats_OpenHouses/256886; https://haipo.co.il/item/610502","75","המקורות מציגים זהות מיעוט ו/או פעילות מפורשת לשותפות ושוויון בין יהודים לערבים; זה בסיס ישיר לתמיכה בהיגד."
"איהאב שליאן","דעות","יהודים־ערבים, שוויון אזרחי וחיים משותפים","D-032","תמיכה בשוויון אזרחי גם כאשר הוא מחייב שינוי בחוקים, סמלים או חלוקת משאבים","supports","https://hagush.org.il/candidates.html; https://democrats.org.il/; https://e.democrats.org.il/Democrats_OpenHouses/259054; https://e.democrats.org.il/Democrats_OpenHouses/256886; https://haipo.co.il/item/610502","75","המקורות מציגים זהות מיעוט ו/או פעילות מפורשת לשותפות ושוויון בין יהודים לערבים; זה בסיס ישיר לתמיכה בהיגד."
"איהאב שליאן","דעות","יהודים־ערבים, שוויון אזרחי וחיים משותפים","D-033","תמיכה בשותפות פוליטית יהודית־ערבית כחלק מבניית מחנה דמוקרטי רחב","supports","https://hagush.org.il/candidates.html; https://democrats.org.il/; https://e.democrats.org.il/Democrats_OpenHouses/259054; https://e.democrats.org.il/Democrats_OpenHouses/256886; https://haipo.co.il/item/610502","75","המקורות מציגים זהות מיעוט ו/או פעילות מפורשת לשותפות ושוויון בין יהודים לערבים; זה בסיס ישיר לתמיכה בהיגד."
"איהאב שליאן","דעות","יהודים־ערבים, שוויון אזרחי וחיים משותפים","D-034","העדפה לשילוב אזרחים ערבים במוקדי קבלת החלטות, כולל בתחומים מדיניים וביטחוניים","supports","https://hagush.org.il/candidates.html; https://democrats.org.il/; https://e.democrats.org.il/Democrats_OpenHouses/259054; https://e.democrats.org.il/Democrats_OpenHouses/256886; https://haipo.co.il/item/610502","75","המקורות מציגים זהות מיעוט ו/או פעילות מפורשת לשותפות ושוויון בין יהודים לערבים; זה בסיס ישיר לתמיכה בהיגד."
"איהאב שליאן","דעות","יהודים־ערבים, שוויון אזרחי וחיים משותפים","D-035","התנגדות לגזענות, הדרה או דה־לגיטימציה של הציבור הערבי בישראל","supports","https://hagush.org.il/candidates.html; https://democrats.org.il/; https://e.democrats.org.il/Democrats_OpenHouses/259054; https://e.democrats.org.il/Democrats_OpenHouses/256886; https://haipo.co.il/item/610502","75","המקורות מציגים זהות מיעוט ו/או פעילות מפורשת לשותפות ושוויון בין יהודים לערבים; זה בסיס ישיר לתמיכה בהיגד."
"איהאב שליאן","דעות","יהודים־ערבים, שוויון אזרחי וחיים משותפים","D-036","הכרה בכך שחיים משותפים מחייבים גם התמודדות עם פחדים, טראומות וחוסר אמון בשני הצדדים","supports","https://hagush.org.il/candidates.html; https://democrats.org.il/; https://e.democrats.org.il/Democrats_OpenHouses/259054; https://e.democrats.org.il/Democrats_OpenHouses/256886; https://haipo.co.il/item/610502","75","המקורות מציגים זהות מיעוט ו/או פעילות מפורשת לשותפות ושוויון בין יהודים לערבים; זה בסיס ישיר לתמיכה בהיגד."
"איהאב שליאן","דעות","ביטחון, פלסטינים והסדר מדיני","D-037","תמיכה בנתיב מדיני ארוך טווח מול הפלסטינים, גם לאחר שבעה באוקטובר","unknown","מקורות שנבדקו: https://hagush.org.il/candidates.html; https://democrats.org.il/; https://e.democrats.org.il/Democrats_OpenHouses/259054; https://e.democrats.org.il/Democrats_OpenHouses/256886; https://haipo.co.il/item/610502","0","לא נמצא במקורות שנבדקו בסיס עובדתי ישיר או עקיף מספיק לקביעה סבירה; נשאר unknown לפי כלל אי־הניחוש."
"איהאב שליאן","דעות","ביטחון, פלסטינים והסדר מדיני","D-038","העדפה להיפרדות מדינית וביטחונית מהפלסטינים כדי לשמור על ישראל יהודית ודמוקרטית","unknown","מקורות שנבדקו: https://hagush.org.il/candidates.html; https://democrats.org.il/; https://e.democrats.org.il/Democrats_OpenHouses/259054; https://e.democrats.org.il/Democrats_OpenHouses/256886; https://haipo.co.il/item/610502","0","לא נמצא במקורות שנבדקו בסיס עובדתי ישיר או עקיף מספיק לקביעה סבירה; נשאר unknown לפי כלל אי־הניחוש."
"איהאב שליאן","דעות","ביטחון, פלסטינים והסדר מדיני","D-039","תמיכה בפתרון שתי מדינות או במודל קרוב לו כיעד אסטרטגי","unknown","מקורות שנבדקו: https://hagush.org.il/candidates.html; https://democrats.org.il/; https://e.democrats.org.il/Democrats_OpenHouses/259054; https://e.democrats.org.il/Democrats_OpenHouses/256886; https://haipo.co.il/item/610502","0","לא נמצא במקורות שנבדקו בסיס עובדתי ישיר או עקיף מספיק לקביעה סבירה; נשאר unknown לפי כלל אי־הניחוש."
"איהאב שליאן","דעות","ביטחון, פלסטינים והסדר מדיני","D-040","פתיחות למודלים מדיניים מורכבים כגון קונפדרציה, גבולות פתוחים או הסדר אזורי","unknown","מקורות שנבדקו: https://hagush.org.il/candidates.html; https://democrats.org.il/; https://e.democrats.org.il/Democrats_OpenHouses/259054; https://e.democrats.org.il/Democrats_OpenHouses/256886; https://haipo.co.il/item/610502","0","לא נמצא במקורות שנבדקו בסיס עובדתי ישיר או עקיף מספיק לקביעה סבירה; נשאר unknown לפי כלל אי־הניחוש."
"איהאב שליאן","דעות","ביטחון, פלסטינים והסדר מדיני","D-041","התנגדות להמשך שליטה ישראלית קבועה על אוכלוסייה פלסטינית ללא זכויות אזר מלאות","unknown","מקורות שנבדקו: https://hagush.org.il/candidates.html; https://democrats.org.il/; https://e.democrats.org.il/Democrats_OpenHouses/259054; https://e.democrats.org.il/Democrats_OpenHouses/256886; https://haipo.co.il/item/610502","0","לא נמצא במקורות שנבדקו בסיס עובדתי ישיר או עקיף מספיק לקביעה סבירה; נשאר unknown לפי כלל אי־הניחוש."
"איהאב שליאן","דעות","ביטחון, פלסטינים והסדר מדיני","D-042","ראיית הסדר אזורי עם מדינות ערביות מתונות כחלק מרכזי מהעתיד הביטחוני של ישראל","unknown","מקורות שנבדקו: https://hagush.org.il/candidates.html; https://democrats.org.il/; https://e.democrats.org.il/Democrats_OpenHouses/259054; https://e.democrats.org.il/Democrats_OpenHouses/256886; https://haipo.co.il/item/610502","0","לא נמצא במקורות שנבדקו בסיס עובדתי ישיר או עקיף מספיק לקביעה סבירה; נשאר unknown לפי כלל אי־הניחוש."
"איהאב שליאן","דעות","שבעה באוקטובר, אחריות, חטופים וזיכרון לאומי","D-043","ראיית שבעה באוקטובר כאירוע שמחייב חשבון נפש מדינתי, מוסדי וחברתי עמוק","supports","https://hagush.org.il/candidates.html; https://democrats.org.il/; https://e.democrats.org.il/Democrats_OpenHouses/259054; https://e.democrats.org.il/Democrats_OpenHouses/256886; https://haipo.co.il/item/610502","72","ההתמודדות בדמוקרטים והפעילות הציבורית לאחר המשבר מצביעות על מחויבות לאחריות מדינתית, שיקום, שלטון חוק ורגישות לנפגעים; הביטחון בינוני כשאין ציטוט אישי לכל סעיף."
"איהאב שליאן","דעות","שבעה באוקטובר, אחריות, חטופים וזיכרון לאומי","D-044","תמיכה בוועדת חקירה ממלכתית ובאחריות אישית של הדרג המדיני והביטחוני","supports","https://hagush.org.il/candidates.html; https://democrats.org.il/; https://e.democrats.org.il/Democrats_OpenHouses/259054; https://e.democrats.org.il/Democrats_OpenHouses/256886; https://haipo.co.il/item/610502","72","ההתמודדות בדמוקרטים והפעילות הציבורית לאחר המשבר מצביעות על מחויבות לאחריות מדינתית, שיקום, שלטון חוק ורגישות לנפגעים; הביטחון בינוני כשאין ציטוט אישי לכל סעיף."
"איהאב שליאן","דעות","שבעה באוקטובר, אחריות, חטופים וזיכרון לאומי","D-045","ראיית החטופים והמשפחות כסמל מוסרי מרכזי של אחריות המדינה לאזרחיה","supports","https://hagush.org.il/candidates.html; https://democrats.org.il/; https://e.democrats.org.il/Democrats_OpenHouses/259054; https://e.democrats.org.il/Democrats_OpenHouses/256886; https://haipo.co.il/item/610502","72","ההתמודדות בדמוקרטים והפעילות הציבורית לאחר המשבר מצביעות על מחויבות לאחריות מדינתית, שיקום, שלטון חוק ורגישות לנפגעים; הביטחון בינוני כשאין ציטוט אישי לכל סעיף."
"איהאב שליאן","דעות","שבעה באוקטובר, אחריות, חטופים וזיכרון לאומי","D-046","התנגדות לשימוש פוליטי ציני בכאב של משפחות, נפגעים או קהילות שנפגעו במלחמה","supports","https://hagush.org.il/candidates.html; https://democrats.org.il/; https://e.democrats.org.il/Democrats_OpenHouses/259054; https://e.democrats.org.il/Democrats_OpenHouses/256886; https://haipo.co.il/item/610502","72","ההתמודדות בדמוקרטים והפעילות הציבורית לאחר המשבר מצביעות על מחויבות לאחריות מדינתית, שיקום, שלטון חוק ורגישות לנפגעים; הביטחון בינוני כשאין ציטוט אישי לכל סעיף."
"איהאב שליאן","דעות","שבעה באוקטובר, אחריות, חטופים וזיכרון לאומי","D-047","תמיכה בשיקום העוטף והקהילות שנפגעו כחלק מהחוזה הבסיסי בין המדינה לאזרחיה","supports","https://hagush.org.il/candidates.html; https://democrats.org.il/; https://e.democrats.org.il/Democrats_OpenHouses/259054; https://e.democrats.org.il/Democrats_OpenHouses/256886; https://haipo.co.il/item/610502","72","ההתמודדות בדמוקרטים והפעילות הציבורית לאחר המשבר מצביעות על מחויבות לאחריות מדינתית, שיקום, שלטון חוק ורגישות לנפגעים; הביטחון בינוני כשאין ציטוט אישי לכל סעיף."
"איהאב שליאן","דעות","שבעה באוקטובר, אחריות, חטופים וזיכרון לאומי","D-048","ראיית הטראומה של שבעה באוקטובר כבסיס לבניית מדיניות חדשה, לא רק כהצדקה להמשך מלחמה","supports","https://hagush.org.il/candidates.html; https://democrats.org.il/; https://e.democrats.org.il/Democrats_OpenHouses/259054; https://e.democrats.org.il/Democrats_OpenHouses/256886; https://haipo.co.il/item/610502","72","ההתמודדות בדמוקרטים והפעילות הציבורית לאחר המשבר מצביעות על מחויבות לאחריות מדינתית, שיקום, שלטון חוק ורגישות לנפגעים; הביטחון בינוני כשאין ציטוט אישי לכל סעיף."
"איהאב שליאן","דעות","חברה, כלכלה, רווחה ופריפריה","D-049","הצבת צמצום אי־שוויון חברתי־כלכלי כנושא מרכזי בזהות הפוליטית","unknown","מקורות שנבדקו: https://hagush.org.il/candidates.html; https://democrats.org.il/; https://e.democrats.org.il/Democrats_OpenHouses/259054; https://e.democrats.org.il/Democrats_OpenHouses/256886; https://haipo.co.il/item/610502","0","לא נמצא במקורות שנבדקו בסיס עובדתי ישיר או עקיף מספיק לקביעה סבירה; נשאר unknown לפי כלל אי־הניחוש."
"איהאב שליאן","דעות","חברה, כלכלה, רווחה ופריפריה","D-050","תמיכה בהרחבת אחריות המדינה בתחומי דיור, חינוך, בריאות ורווחה","unknown","מקורות שנבדקו: https://hagush.org.il/candidates.html; https://democrats.org.il/; https://e.democrats.org.il/Democrats_OpenHouses/259054; https://e.democrats.org.il/Democrats_OpenHouses/256886; https://haipo.co.il/item/610502","0","לא נמצא במקורות שנבדקו בסיס עובדתי ישיר או עקיף מספיק לקביעה סבירה; נשאר unknown לפי כלל אי־הניחוש."
"איהאב שליאן","דעות","חברה, כלכלה, רווחה ופריפריה","D-051","תמיכה בזכויות עובדים, עבודה מאורגנת והגנה על שכבות מוחלשות","unknown","מקורות שנבדקו: https://hagush.org.il/candidates.html; https://democrats.org.il/; https://e.democrats.org.il/Democrats_OpenHouses/259054; https://e.democrats.org.il/Democrats_OpenHouses/256886; https://haipo.co.il/item/610502","0","לא נמצא במקורות שנבדקו בסיס עובדתי ישיר או עקיף מספיק לקביעה סבירה; נשאר unknown לפי כלל אי־הניחוש."
"איהאב שליאן","דעות","חברה, כלכלה, רווחה ופריפריה","D-052","ראיית הפריפריה הגיאוגרפית והחברתית כשותפה אסטרטגית ולא כקהל יעד משני","supports","https://hagush.org.il/candidates.html; https://democrats.org.il/; https://e.democrats.org.il/Democrats_OpenHouses/259054; https://e.democrats.org.il/Democrats_OpenHouses/256886; https://haipo.co.il/item/610502","58","הפעילות למען מיעוטים וקהילות שאינן במרכז נותנת בסיס עקיף לתמיכה בשותפות פריפריאלית וחברתית, אך לא נמצאה תוכנית כלכלית רחבה."
"איהאב שליאן","דעות","חברה, כלכלה, רווחה ופריפריה","D-053","תמיכה בהשקעה ארוכת טווח בנגב, בגליל, בעוטף ובערים מוחלשות","supports","https://hagush.org.il/candidates.html; https://democrats.org.il/; https://e.democrats.org.il/Democrats_OpenHouses/259054; https://e.democrats.org.il/Democrats_OpenHouses/256886; https://haipo.co.il/item/610502","58","הפעילות למען מיעוטים וקהילות שאינן במרכז נותנת בסיס עקיף לתמיכה בשותפות פריפריאלית וחברתית, אך לא נמצאה תוכנית כלכלית רחבה."
"איהאב שליאן","דעות","חברה, כלכלה, רווחה ופריפריה","D-054","חיבור בין צדק חברתי לבין בניית מחנה פוליטי חדש ורחב יותר","supports","https://hagush.org.il/candidates.html; https://democrats.org.il/; https://e.democrats.org.il/Democrats_OpenHouses/259054; https://e.democrats.org.il/Democrats_OpenHouses/256886; https://haipo.co.il/item/610502","58","הפעילות למען מיעוטים וקהילות שאינן במרכז נותנת בסיס עקיף לתמיכה בשותפות פריפריאלית וחברתית, אך לא נמצאה תוכנית כלכלית רחבה."
"איהאב שליאן","דעות","סגנון פשרה, גבולות ויכולת הסכמה","D-055","נכונות לפשרות פוליטיות רחבות כדי לשקם את המדינה גם במחיר ויתור אידיאולוגי חלקי","unknown","מקורות שנבדקו: https://hagush.org.il/candidates.html; https://democrats.org.il/; https://e.democrats.org.il/Democrats_OpenHouses/259054; https://e.democrats.org.il/Democrats_OpenHouses/256886; https://haipo.co.il/item/610502","0","לא נמצא במקורות שנבדקו בסיס עובדתי ישיר או עקיף מספיק לקביעה סבירה; נשאר unknown לפי כלל אי־הניחוש."
"איהאב שליאן","דעות","סגנון פשרה, גבולות ויכולת הסכמה","D-056","הצבת קווים אדומים ברורים שמעליהם אין מקום לפשרה עם יריבים פוליטיים","supports","https://hagush.org.il/candidates.html; https://democrats.org.il/; https://e.democrats.org.il/Democrats_OpenHouses/259054; https://e.democrats.org.il/Democrats_OpenHouses/256886; https://haipo.co.il/item/610502","60","הפרופיל משלב מחויבות לכללים דמוקרטיים עם נכונות למאבק ציבורי כאשר ערכים בסיסיים מאוימים; במקומות שאינם חד־משמעיים סווג כ־mixed."
"איהאב שליאן","דעות","סגנון פשרה, גבולות ויכולת הסכמה","D-057","העדפה להסכמות רחבות ולאיטיות על פני מהלכים חדים ומהירים","unknown","מקורות שנבדקו: https://hagush.org.il/candidates.html; https://democrats.org.il/; https://e.democrats.org.il/Democrats_OpenHouses/259054; https://e.democrats.org.il/Democrats_OpenHouses/256886; https://haipo.co.il/item/610502","0","לא נמצא במקורות שנבדקו בסיס עובדתי ישיר או עקיף מספיק לקביעה סבירה; נשאר unknown לפי כלל אי־הניחוש."
"איהאב שליאן","דעות","סגנון פשרה, גבולות ויכולת הסכמה","D-058","העדפה למאבק חד וברור כאשר פשרה נתפסת ככניעה לכוחות אנטי־דמוקרטיים","mixed","https://hagush.org.il/candidates.html; https://democrats.org.il/; https://e.democrats.org.il/Democrats_OpenHouses/259054; https://e.democrats.org.il/Democrats_OpenHouses/256886; https://haipo.co.il/item/610502","60","הפרופיל משלב מחויבות לכללים דמוקרטיים עם נכונות למאבק ציבורי כאשר ערכים בסיסיים מאוימים; במקומות שאינם חד־משמעיים סווג כ־mixed."
"איהאב שליאן","דעות","סגנון פשרה, גבולות ויכולת הסכמה","D-059","יכולת להבחין בין פשרה עניינית לבין טשטוש ערכי מסוכן","supports","https://hagush.org.il/candidates.html; https://democrats.org.il/; https://e.democrats.org.il/Democrats_OpenHouses/259054; https://e.democrats.org.il/Democrats_OpenHouses/256886; https://haipo.co.il/item/610502","60","הפרופיל משלב מחויבות לכללים דמוקרטיים עם נכונות למאבק ציבורי כאשר ערכים בסיסיים מאוימים; במקומות שאינם חד־משמעיים סווג כ־mixed."
"איהאב שליאן","דעות","סגנון פשרה, גבולות ויכולת הסכמה","D-060","נכונות לבנות קואליציות עתידיות עם גורמים שאינם שייכים למחנה הטבעי, אם הם מקבלים כללי משחק דמוקרטיים","unknown","מקורות שנבדקו: https://hagush.org.il/candidates.html; https://democrats.org.il/; https://e.democrats.org.il/Democrats_OpenHouses/259054; https://e.democrats.org.il/Democrats_OpenHouses/256886; https://haipo.co.il/item/610502","0","לא נמצא במקורות שנבדקו בסיס עובדתי ישיר או עקיף מספיק לקביעה סבירה; נשאר unknown לפי כלל אי־הניחוש."
"איהאב שליאן","יכולות","מומחיות מדינית, ביטחונית וממשלית","cap_001","ניסיון ישיר במערכות מדינה בכירות או במוקדי קבלת החלטות","has","https://hagush.org.il/candidates.html; https://democrats.org.il/; https://e.democrats.org.il/Democrats_OpenHouses/259054; https://e.democrats.org.il/Democrats_OpenHouses/256886; https://haipo.co.il/item/610502","86","נמצא ניסיון ישיר במערכת מדינתית בכירה: כנסת/צה״ל בדרג סא״ל."
"איהאב שליאן","יכולות","מומחיות מדינית, ביטחונית וממשלית","cap_002","הבנה מוכחת של סוגיות מדיניות, ביטחוניות ואזוריות מורכבות","has","https://hagush.org.il/candidates.html; https://democrats.org.il/; https://e.democrats.org.il/Democrats_OpenHouses/259054; https://e.democrats.org.il/Democrats_OpenHouses/256886; https://haipo.co.il/item/610502","86","הרקע הצבאי והסייברי הבכיר נותן בסיס ברור להבנה של סוגיות ביטחוניות ומערכתיות."
"איהאב שליאן","יכולות","מומחיות מדינית, ביטחונית וממשלית","cap_003","ניסיון במשא ומתן, דיאלוג אסטרטגי או קשרים בינלאומיים","has","https://hagush.org.il/candidates.html; https://democrats.org.il/; https://e.democrats.org.il/Democrats_OpenHouses/259054; https://e.democrats.org.il/Democrats_OpenHouses/256886; https://haipo.co.il/item/610502","76","נמצא ניסיון בהסברה ובקשרים מול קהלים בינלאומיים סביב מעמד הנוצרים וישראל."
"איהאב שליאן","יכולות","מומחיות מדינית, ביטחונית וממשלית","cap_004","ניסיון צבאי, מודיעיני או ביטחוני בעל רלוונטיות לעבודה ציבורית","has","https://hagush.org.il/candidates.html; https://democrats.org.il/; https://e.democrats.org.il/Democrats_OpenHouses/259054; https://e.democrats.org.il/Democrats_OpenHouses/256886; https://haipo.co.il/item/610502","92","המקורות מציינים שירות צבאי בכיר עד דרגת סגן־אלוף."
"איהאב שליאן","יכולות","מומחיות מדינית, ביטחונית וממשלית","cap_005","יכולת לגבש תפיסה מדינית־ביטחונית סדורה ולא רק עמדה ערכית כללית","has","https://hagush.org.il/candidates.html; https://democrats.org.il/; https://e.democrats.org.il/Democrats_OpenHouses/259054; https://e.democrats.org.il/Democrats_OpenHouses/256886; https://haipo.co.il/item/610502","78","הרקע הצבאי־ביטחוני והעיסוק בשילוב אזרחי נותנים בסיס להבנת חיבור בין ביטחון, חברה ומדיניות; אין תוכנית מדינית מלאה ולכן חלק מהסיווג חלקי."
"איהאב שליאן","יכולות","מומחיות מדינית, ביטחונית וממשלית","cap_006","יכולת לחבר בין יעדים ביטחוניים לבין יעדים מדיניים ארוכי טווח","partial","https://hagush.org.il/candidates.html; https://democrats.org.il/; https://e.democrats.org.il/Democrats_OpenHouses/259054; https://e.democrats.org.il/Democrats_OpenHouses/256886; https://haipo.co.il/item/610502","72","הרקע הצבאי־ביטחוני והעיסוק בשילוב אזרחי נותנים בסיס להבנת חיבור בין ביטחון, חברה ומדיניות; אין תוכנית מדינית מלאה ולכן חלק מהסיווג חלקי."
"איהאב שליאן","יכולות","ארגון, ניהול וביצוע","cap_007","ניסיון בהקמה וניהול של ארגונים, חברות, תנועות או מטות פעולה","has","https://hagush.org.il/candidates.html; https://democrats.org.il/; https://e.democrats.org.il/Democrats_OpenHouses/259054; https://e.democrats.org.il/Democrats_OpenHouses/256886; https://haipo.co.il/item/610502","84","הפרופיל מציג ניהול מוסד/ארגון/עמותה/מערכת ציבורית או אחריות ניהולית מתמשכת; יש בסיס ברור ליכולת ארגון וביצוע."
"איהאב שליאן","יכולות","ארגון, ניהול וביצוע","cap_008","יכולת להוביל צוותים, תקציבים, קהילות או מערכות מורכבות","has","https://hagush.org.il/candidates.html; https://democrats.org.il/; https://e.democrats.org.il/Democrats_OpenHouses/259054; https://e.democrats.org.il/Democrats_OpenHouses/256886; https://haipo.co.il/item/610502","84","הפרופיל מציג ניהול מוסד/ארגון/עמותה/מערכת ציבורית או אחריות ניהולית מתמשכת; יש בסיס ברור ליכולת ארגון וביצוע."
"איהאב שליאן","יכולות","ארגון, ניהול וביצוע","cap_009","הובלת מאבקים ציבוריים שהניבו תוצאות ממשיות","partial","https://hagush.org.il/candidates.html; https://democrats.org.il/; https://e.democrats.org.il/Democrats_OpenHouses/259054; https://e.democrats.org.il/Democrats_OpenHouses/256886; https://haipo.co.il/item/610502","62","נמצא בסיס להובלת מאבק/פרויקט ציבורי ממשי: מחאה, חינוך, שותפות, סביבה, שילוב מיעוטים או זכויות אנשים עם מוגבלות."
"איהאב שליאן","יכולות","ארגון, ניהול וביצוע","cap_010","יכולת להפוך רעיון כללי לתשתית פעולה מתמשכת","has","https://hagush.org.il/candidates.html; https://democrats.org.il/; https://e.democrats.org.il/Democrats_OpenHouses/259054; https://e.democrats.org.il/Democrats_OpenHouses/256886; https://haipo.co.il/item/610502","84","הפרופיל מציג ניהול מוסד/ארגון/עמותה/מערכת ציבורית או אחריות ניהולית מתמשכת; יש בסיס ברור ליכולת ארגון וביצוע."
"איהאב שליאן","יכולות","ארגון, ניהול וביצוע","cap_011","ניסיון בניהול משברים ציבוריים, פוליטיים או ארגוניים","has","https://hagush.org.il/candidates.html; https://democrats.org.il/; https://e.democrats.org.il/Democrats_OpenHouses/259054; https://e.democrats.org.il/Democrats_OpenHouses/256886; https://haipo.co.il/item/610502","82","קיים ניסיון בניהול מערכות ציבוריות/ארגוניות ולעיתים גם מצבי משבר, אך לא תמיד מקור מפורש לניהול משברים פוליטיים."
"איהאב שליאן","יכולות","ארגון, ניהול וביצוע","cap_012","מוכנות לקחת אחריות אישית גבוהה על מהלך ציבורי או ארגוני","has","https://hagush.org.il/candidates.html; https://democrats.org.il/; https://e.democrats.org.il/Democrats_OpenHouses/259054; https://e.democrats.org.il/Democrats_OpenHouses/256886; https://haipo.co.il/item/610502","84","הפרופיל מציג ניהול מוסד/ארגון/עמותה/מערכת ציבורית או אחריות ניהולית מתמשכת; יש בסיס ברור ליכולת ארגון וביצוע."
"איהאב שליאן","יכולות","חקיקה, פוליטיקה ומוסדות","cap_013","ניסיון בעבודה פרלמנטרית, ועדות כנסת, חקיקה או הצעות חוק","unknown","מקורות שנבדקו: https://hagush.org.il/candidates.html; https://democrats.org.il/; https://e.democrats.org.il/Democrats_OpenHouses/259054; https://e.democrats.org.il/Democrats_OpenHouses/256886; https://haipo.co.il/item/610502","0","לא נמצא במקורות שנבדקו בסיס עובדתי ישיר או עקיף מספיק לקביעה סבירה; נשאר unknown לפי כלל אי־הניחוש."
"איהאב שליאן","יכולות","חקיקה, פוליטיקה ומוסדות","cap_014","היכרות מעשית עם מנגנוני מפלגות, פריימריז, רשימות וקואליציות","partial","https://hagush.org.il/candidates.html; https://democrats.org.il/; https://e.democrats.org.il/Democrats_OpenHouses/259054; https://e.democrats.org.il/Democrats_OpenHouses/256886; https://haipo.co.il/item/610502","55","יש כניסה לזירה מפלגתית ופעילות ציבורית, אך היכרות פוליטית מוסדית מלאה אינה מוכחת."
"איהאב שליאן","יכולות","חקיקה, פוליטיקה ומוסדות","cap_015","יכולת לפעול בתוך מוסדות קיימים ולא רק מחוץ להם","has","https://hagush.org.il/candidates.html; https://democrats.org.il/; https://e.democrats.org.il/Democrats_OpenHouses/259054; https://e.democrats.org.il/Democrats_OpenHouses/256886; https://haipo.co.il/item/610502","72","נמצא ניסיון פעולה בתוך מוסדות קיימים: כנסת, רשות מקומית, צה״ל או עמותה ארצית."
"איהאב שליאן","יכולות","חקיקה, פוליטיקה ומוסדות","cap_016","ניסיון בבניית תנועה פוליטית, מפלגה או אלטרנטיבה שלטונית","partial","https://hagush.org.il/candidates.html; https://democrats.org.il/; https://e.democrats.org.il/Democrats_OpenHouses/259054; https://e.democrats.org.il/Democrats_OpenHouses/256886; https://haipo.co.il/item/610502","58","יש ניסיון בבניית תשתיות ציבוריות/אזרחיות או חיבור מחאה לפוליטיקה, אך לא בהקמת מפלגה שלמה."
"איהאב שליאן","יכולות","חקיקה, פוליטיקה ומוסדות","cap_017","יכולת לייצר שיתופי פעולה בין זרמים, מפלגות או קבוצות אינטרס","partial","https://hagush.org.il/candidates.html; https://democrats.org.il/; https://e.democrats.org.il/Democrats_OpenHouses/259054; https://e.democrats.org.il/Democrats_OpenHouses/256886; https://haipo.co.il/item/610502","60","הפרופיל מציג בניית שיתופי פעולה בין קהלים/ארגונים/מוסדות, ולכן יש בסיס ליכולת קואליציונית."
"איהאב שליאן","יכולות","חקיקה, פוליטיקה ומוסדות","cap_018","יכולת לתרגם עמדות אידיאולוגיות לפעולות מוסדיות או חקיקתיות","unknown","מקורות שנבדקו: https://hagush.org.il/candidates.html; https://democrats.org.il/; https://e.democrats.org.il/Democrats_OpenHouses/259054; https://e.democrats.org.il/Democrats_OpenHouses/256886; https://haipo.co.il/item/610502","0","לא נמצא במקורות שנבדקו בסיס עובדתי ישיר או עקיף מספיק לקביעה סבירה; נשאר unknown לפי כלל אי־הניחוש."
"איהאב שליאן","יכולות","תקשורת, הסברה והשפעה ציבורית","cap_019","יכולת ליצור מסרים חדים, ברורים וזכירים","has","https://hagush.org.il/candidates.html; https://democrats.org.il/; https://e.democrats.org.il/Democrats_OpenHouses/259054; https://e.democrats.org.il/Democrats_OpenHouses/256886; https://haipo.co.il/item/610502","65","הפרופיל מציג פעילות ציבורית שמחייבת ניסוח מסרים, הופעה ושכנוע; עוצמת היכולת משתנה לפי מידת הנראות במקורות."
"איהאב שליאן","יכולות","תקשורת, הסברה והשפעה ציבורית","cap_020","יכולת לייצר תוכן דיגיטלי, ויראלי או תקשורתי שמגיע לקהלים רחבים","partial","https://hagush.org.il/candidates.html; https://democrats.org.il/; https://e.democrats.org.il/Democrats_OpenHouses/259054; https://e.democrats.org.il/Democrats_OpenHouses/256886; https://haipo.co.il/item/610502","65","יש רקע דיגיטלי/סייברי או נוכחות ציבורית ברשת, אך לא תמיד הוכחה להפקת תוכן פוליטי רחב."
"איהאב שליאן","יכולות","תקשורת, הסברה והשפעה ציבורית","cap_021","ניסיון בהופעה ציבורית, ראיונות, פודקאסטים, קולנוע, כתיבה או הרצאות","has","https://hagush.org.il/candidates.html; https://democrats.org.il/; https://e.democrats.org.il/Democrats_OpenHouses/259054; https://e.democrats.org.il/Democrats_OpenHouses/256886; https://haipo.co.il/item/610502","72","נמצא ניסיון בהופעות/מפגשים ציבוריים, פעילות פוליטית או הרצאות/ראיונות סביב תחום העשייה."
"איהאב שליאן","יכולות","תקשורת, הסברה והשפעה ציבורית","cap_022","יכולת להסביר נושאים מורכבים בשפה נגישה ולא טכנוקרטית","has","https://hagush.org.il/candidates.html; https://democrats.org.il/; https://e.democrats.org.il/Democrats_OpenHouses/259054; https://e.democrats.org.il/Democrats_OpenHouses/256886; https://haipo.co.il/item/610502","65","הפרופיל מציג פעילות ציבורית שמחייבת ניסוח מסרים, הופעה ושכנוע; עוצמת היכולת משתנה לפי מידת הנראות במקורות."
"איהאב שליאן","יכולות","תקשורת, הסברה והשפעה ציבורית","cap_023","יכולת לנהל מאבק תודעתי מול יריבים פוליטיים או תקשורתיים","has","https://hagush.org.il/candidates.html; https://democrats.org.il/; https://e.democrats.org.il/Democrats_OpenHouses/259054; https://e.democrats.org.il/Democrats_OpenHouses/256886; https://haipo.co.il/item/610502","65","הפרופיל מציג פעילות ציבורית שמחייבת ניסוח מסרים, הופעה ושכנוע; עוצמת היכולת משתנה לפי מידת הנראות במקורות."
"איהאב שליאן","יכולות","תקשורת, הסברה והשפעה ציבורית","cap_024","יכולת להפוך סיפור אישי או ערכי לכלי גיוס ציבורי","has","https://hagush.org.il/candidates.html; https://democrats.org.il/; https://e.democrats.org.il/Democrats_OpenHouses/259054; https://e.democrats.org.il/Democrats_OpenHouses/256886; https://haipo.co.il/item/610502","74","למועמד/ת יש סיפור זהות או עשייה ציבורית מובהק שניתן להפוך לכלי גיוס ציבורי."
"איהאב שליאן","יכולות","חיבור בין קהלים ועולמות","cap_025","יכולת לחבר בין יהודים לערבים בתוך מסגרת פוליטית או אזרחית משותפת","has","https://hagush.org.il/candidates.html; https://democrats.org.il/; https://e.democrats.org.il/Democrats_OpenHouses/259054; https://e.democrats.org.il/Democrats_OpenHouses/256886; https://haipo.co.il/item/610502","82","הפרופיל מציג זהות מיעוט ו/או פעילות מפורשת לשותפות יהודית־ערבית."
"איהאב שליאן","יכולות","חיבור בין קהלים ועולמות","cap_026","יכולת לחבר בין שמאל ליברלי לבין פריפריה מזרחית, מסורתית או גיאוגרפית","partial","https://hagush.org.il/candidates.html; https://democrats.org.il/; https://e.democrats.org.il/Democrats_OpenHouses/259054; https://e.democrats.org.il/Democrats_OpenHouses/256886; https://haipo.co.il/item/610502","72","הרקע בפריפריה, מיעוטים, חינוך, רווחה או שלטון מקומי מספק בסיס לחיבור בין שמאל ליברלי לקהלים חברתיים/גיאוגרפיים רחבים."
"איהאב שליאן","יכולות","חיבור בין קהלים ועולמות","cap_027","יכולת לחבר בין עולם המחאה לבין עבודה מפלגתית ומוסדית","partial","https://hagush.org.il/candidates.html; https://democrats.org.il/; https://e.democrats.org.il/Democrats_OpenHouses/259054; https://e.democrats.org.il/Democrats_OpenHouses/256886; https://haipo.co.il/item/610502","60","יש חיבור בין פעילות שטח/חברה אזרחית לבין התמודדות פוליטית, אך לא בהכרח זיקה ישירה למחאת קפלן."
"איהאב שליאן","יכולות","חיבור בין קהלים ועולמות","cap_028","יכולת לחבר בין היי־טק, חדשנות ודיגיטל לבין פוליטיקה ציבורית","has","https://hagush.org.il/candidates.html; https://democrats.org.il/; https://e.democrats.org.il/Democrats_OpenHouses/259054; https://e.democrats.org.il/Democrats_OpenHouses/256886; https://haipo.co.il/item/610502","82","הרקע הסייברי והניהולי מצביע על חיבור מובהק בין טכנולוגיה/דיגיטל לבין עשייה ציבורית."
"איהאב שליאן","יכולות","חיבור בין קהלים ועולמות","cap_029","יכולת לחבר בין שפה מקצועית־ביטחונית לבין שפה אזרחית וערכית","has","https://hagush.org.il/candidates.html; https://democrats.org.il/; https://e.democrats.org.il/Democrats_OpenHouses/259054; https://e.democrats.org.il/Democrats_OpenHouses/256886; https://haipo.co.il/item/610502","84","הרקע הצבאי־ביטחוני יחד עם פעילות ציבורית נותנים בסיס ברור לחיבור בין שפה ביטחונית לשפה אזרחית."
"איהאב שליאן","יכולות","חיבור בין קהלים ועולמות","cap_030","אמינות מול קהילות שטח ולא רק מול קהל תקשורתי או אליטיסטי","has","https://hagush.org.il/candidates.html; https://democrats.org.il/; https://e.democrats.org.il/Democrats_OpenHouses/259054; https://e.democrats.org.il/Democrats_OpenHouses/256886; https://haipo.co.il/item/610502","72","הפרופיל מבוסס על פעילות שטח מול קהילות ממשיות ולא רק על נראות תקשורתית."
"איהאב שליאן","יכולות","חדשנות, למידה ושיתוף ציבור","cap_031","שימוש בטכנולוגיה, מידע או כלים דיגיטליים לשיתוף ציבור וארגון פוליטי","partial","https://hagush.org.il/candidates.html; https://democrats.org.il/; https://e.democrats.org.il/Democrats_OpenHouses/259054; https://e.democrats.org.il/Democrats_OpenHouses/256886; https://haipo.co.il/item/610502","58","יש רקע טכנולוגי וסייברי, אך לא נמצא שימוש ישיר בכלים דיגיטליים לשיתוף ציבור וארגון פוליטי."
"איהאב שליאן","יכולות","חדשנות, למידה ושיתוף ציבור","cap_032","חשיבה מערכתית שמזהה קשרים בין משבר פוליטי, כלכלה, ביטחון וחברה","has","https://hagush.org.il/candidates.html; https://democrats.org.il/; https://e.democrats.org.il/Democrats_OpenHouses/259054; https://e.democrats.org.il/Democrats_OpenHouses/256886; https://haipo.co.il/item/610502","70","הרקע מציג חשיבה מערכתית המחברת חברה, מוסדות, קהילות ויישום מעשי; רמת הביטחון משתנה לפי עומק המקורות."
"איהאב שליאן","יכולות","חדשנות, למידה ושיתוף ציבור","cap_033","יזמות בפתרונות לא שגרתיים לבעיות פוליטיות או חברתיות","has","https://hagush.org.il/candidates.html; https://democrats.org.il/; https://e.democrats.org.il/Democrats_OpenHouses/259054; https://e.democrats.org.il/Democrats_OpenHouses/256886; https://haipo.co.il/item/610502","70","הרקע מציג חשיבה מערכתית המחברת חברה, מוסדות, קהילות ויישום מעשי; רמת הביטחון משתנה לפי עומק המקורות."
"איהאב שליאן","יכולות","חדשנות, למידה ושיתוף ציבור","cap_034","יכולת ללמוד תחומים חדשים ולהפוך אותם לשפה ציבורית ברורה","has","https://hagush.org.il/candidates.html; https://democrats.org.il/; https://e.democrats.org.il/Democrats_OpenHouses/259054; https://e.democrats.org.il/Democrats_OpenHouses/256886; https://haipo.co.il/item/610502","62","הפרופיל מציג למידה, יזמות או פיתוח מסגרות פעולה חדשות; לגבי ניסויים דמוקרטיים ארגוניים הביטחון בינוני."
"איהאב שליאן","יכולות","חדשנות, למידה ושיתוף ציבור","cap_035","שילוב בין ידע מקצועי, ניסיון אישי וערכים פוליטיים","has","https://hagush.org.il/candidates.html; https://democrats.org.il/; https://e.democrats.org.il/Democrats_OpenHouses/259054; https://e.democrats.org.il/Democrats_OpenHouses/256886; https://haipo.co.il/item/610502","70","הרקע מציג חשיבה מערכתית המחברת חברה, מוסדות, קהילות ויישום מעשי; רמת הביטחון משתנה לפי עומק המקורות."
"איהאב שליאן","יכולות","חדשנות, למידה ושיתוף ציבור","cap_036","פתיחות לניסויים ארגוניים ודמוקרטיים חדשים ולא רק לשיטות פוליטיות קיימות","partial","https://hagush.org.il/candidates.html; https://democrats.org.il/; https://e.democrats.org.il/Democrats_OpenHouses/259054; https://e.democrats.org.il/Democrats_OpenHouses/256886; https://haipo.co.il/item/610502","62","הפרופיל מציג למידה, יזמות או פיתוח מסגרות פעולה חדשות; לגבי ניסויים דמוקרטיים ארגוניים הביטחון בינוני."
"קטי פיאסצקי","דעות","דמוקרטיה, משילות ותיקון מוסדות המדינה","D-001","נטייה לתיקון חוקתי ומוסדי עמוק, ולא רק להחלפת ממשלה","supports","https://hagush.org.il/candidates.html; https://democrats.org.il/; https://meretz.org.il/%D7%A7%D7%98%D7%99-%D7%A4%D7%99%D7%90%D7%98%D7%A6%D7%A1%D7%A7%D7%99/; https://www.be106.net/49/126160; https://www.ynet.co.il/news/article/rjakywcvzl","72","הפרופיל מצביע על פעילות במחנה הדמוקרטי־ליברלי/מרצ ועל מחויבות ציבורית לשלטון דמוקרטי; הקביעה בינונית כשההיגד דורש פירוט מוסדי ספציפי."
"קטי פיאסצקי","דעות","דמוקרטיה, משילות ותיקון מוסדות המדינה","D-002","ראיית המשבר הדמוקרטי כתוצאה של שיטה פוליטית פגומה ולא רק של אדם או ממשלה מסוימת","supports","https://hagush.org.il/candidates.html; https://democrats.org.il/; https://meretz.org.il/%D7%A7%D7%98%D7%99-%D7%A4%D7%99%D7%90%D7%98%D7%A6%D7%A1%D7%A7%D7%99/; https://www.be106.net/49/126160; https://www.ynet.co.il/news/article/rjakywcvzl","72","הפרופיל מצביע על פעילות במחנה הדמוקרטי־ליברלי/מרצ ועל מחויבות ציבורית לשלטון דמוקרטי; הקביעה בינונית כשההיגד דורש פירוט מוסדי ספציפי."
"קטי פיאסצקי","דעות","דמוקרטיה, משילות ותיקון מוסדות המדינה","D-003","נכונות למאבק ציבורי חריף כאשר מוסדות המדינה נתפסים כמאוימים","supports","https://hagush.org.il/candidates.html; https://democrats.org.il/; https://meretz.org.il/%D7%A7%D7%98%D7%99-%D7%A4%D7%99%D7%90%D7%98%D7%A6%D7%A1%D7%A7%D7%99/; https://www.be106.net/49/126160; https://www.ynet.co.il/news/article/rjakywcvzl","72","הפרופיל מצביע על פעילות במחנה הדמוקרטי־ליברלי/מרצ ועל מחויבות ציבורית לשלטון דמוקרטי; הקביעה בינונית כשההיגד דורש פירוט מוסדי ספציפי."
"קטי פיאסצקי","דעות","דמוקרטיה, משילות ותיקון מוסדות המדינה","D-004","העדפה לשיקום ממלכתי, זהיר ומוסדי של המדינה לאחר המשבר","supports","https://hagush.org.il/candidates.html; https://democrats.org.il/; https://meretz.org.il/%D7%A7%D7%98%D7%99-%D7%A4%D7%99%D7%90%D7%98%D7%A6%D7%A1%D7%A7%D7%99/; https://www.be106.net/49/126160; https://www.ynet.co.il/news/article/rjakywcvzl","72","הפרופיל מצביע על פעילות במחנה הדמוקרטי־ליברלי/מרצ ועל מחויבות ציבורית לשלטון דמוקרטי; הקביעה בינונית כשההיגד דורש פירוט מוסדי ספציפי."
"קטי פיאסצקי","דעות","דמוקרטיה, משילות ותיקון מוסדות המדינה","D-005","תמיכה בשיתוף ציבור, דמוקרטיה פנימית ושקיפות בתוך המפלגה ובמערכת הפוליטית","supports","https://hagush.org.il/candidates.html; https://democrats.org.il/; https://meretz.org.il/%D7%A7%D7%98%D7%99-%D7%A4%D7%99%D7%90%D7%98%D7%A6%D7%A1%D7%A7%D7%99/; https://www.be106.net/49/126160; https://www.ynet.co.il/news/article/rjakywcvzl","72","הפרופיל מצביע על פעילות במחנה הדמוקרטי־ליברלי/מרצ ועל מחויבות ציבורית לשלטון דמוקרטי; הקביעה בינונית כשההיגד דורש פירוט מוסדי ספציפי."
"קטי פיאסצקי","דעות","דמוקרטיה, משילות ותיקון מוסדות המדינה","D-006","נכונות להגביל כוח שלטוני גם כאשר הכוח נמצא בידי המחנה הקרוב אידיאולוגית","supports","https://hagush.org.il/candidates.html; https://democrats.org.il/; https://meretz.org.il/%D7%A7%D7%98%D7%99-%D7%A4%D7%99%D7%90%D7%98%D7%A6%D7%A1%D7%A7%D7%99/; https://www.be106.net/49/126160; https://www.ynet.co.il/news/article/rjakywcvzl","72","הפרופיל מצביע על פעילות במחנה הדמוקרטי־ליברלי/מרצ ועל מחויבות ציבורית לשלטון דמוקרטי; הקביעה בינונית כשההיגד דורש פירוט מוסדי ספציפי."
"קטי פיאסצקי","דעות","יחס למחנה השני ויכולת גישור","D-007","ראיית מצביעי המחנה השני כיריבים פוליטיים לגיטימיים ולא כאויבים","supports","https://hagush.org.il/candidates.html; https://democrats.org.il/; https://meretz.org.il/%D7%A7%D7%98%D7%99-%D7%A4%D7%99%D7%90%D7%98%D7%A6%D7%A1%D7%A7%D7%99/; https://www.be106.net/49/126160; https://www.ynet.co.il/news/article/rjakywcvzl","62","הרקע הציבורי מתמקד בחיבור בין קהלים, שותפות או עבודה עם ציבור מגוון; יש בסיס לסיווג כתומך בגישור ובשיח לגיטימי."
"קטי פיאסצקי","דעות","יחס למחנה השני ויכולת גישור","D-008","הבחנה בין הנהגת המחנה השני לבין הציבור הרחב שתומך בה","supports","https://hagush.org.il/candidates.html; https://democrats.org.il/; https://meretz.org.il/%D7%A7%D7%98%D7%99-%D7%A4%D7%99%D7%90%D7%98%D7%A6%D7%A1%D7%A7%D7%99/; https://www.be106.net/49/126160; https://www.ynet.co.il/news/article/rjakywcvzl","62","הרקע הציבורי מתמקד בחיבור בין קהלים, שותפות או עבודה עם ציבור מגוון; יש בסיס לסיווג כתומך בגישור ובשיח לגיטימי."
"קטי פיאסצקי","דעות","יחס למחנה השני ויכולת גישור","D-009","אמונה שאפשר לבנות גשר מחודש בין המחנה הדמוקרטי־ליברלי לבין חלקים מהימין המסורתי","supports","https://hagush.org.il/candidates.html; https://democrats.org.il/; https://meretz.org.il/%D7%A7%D7%98%D7%99-%D7%A4%D7%99%D7%90%D7%98%D7%A6%D7%A1%D7%A7%D7%99/; https://www.be106.net/49/126160; https://www.ynet.co.il/news/article/rjakywcvzl","62","הרקע הציבורי מתמקד בחיבור בין קהלים, שותפות או עבודה עם ציבור מגוון; יש בסיס לסיווג כתומך בגישור ובשיח לגיטימי."
"קטי פיאסצקי","דעות","יחס למחנה השני ויכולת גישור","D-010","העדפה להכרעה פוליטית ברורה על פני פיוס מוקדם עם המחנה השני","supports","https://hagush.org.il/candidates.html; https://democrats.org.il/; https://meretz.org.il/%D7%A7%D7%98%D7%99-%D7%A4%D7%99%D7%90%D7%98%D7%A6%D7%A1%D7%A7%D7%99/; https://www.be106.net/49/126160; https://www.ynet.co.il/news/article/rjakywcvzl","65","הפרופיל הציבורי שלה מזוהה עם מאבק חד נגד ההפיכה המשטרית והכפייה הדתית, ולכן יש בסיס להעדפת הכרעה פוליטית ברורה במצבי איום דמוקרטי."
"קטי פיאסצקי","דעות","יחס למחנה השני ויכולת גישור","D-011","נכונות לשיח עם דתיים, מסורתיים, חרדים וימנים גם כאשר קיימת מחלוקת ערכית עמוקה","supports","https://hagush.org.il/candidates.html; https://democrats.org.il/; https://meretz.org.il/%D7%A7%D7%98%D7%99-%D7%A4%D7%99%D7%90%D7%98%D7%A6%D7%A1%D7%A7%D7%99/; https://www.be106.net/49/126160; https://www.ynet.co.il/news/article/rjakywcvzl","62","הרקע הציבורי מתמקד בחיבור בין קהלים, שותפות או עבודה עם ציבור מגוון; יש בסיס לסיווג כתומך בגישור ובשיח לגיטימי."
"קטי פיאסצקי","דעות","יחס למחנה השני ויכולת גישור","D-012","ראיית חלק מהמחנה השני כשותף עתידי אפשרי לשיקום המדינה לאחר עידן נתניהו","supports","https://hagush.org.il/candidates.html; https://democrats.org.il/; https://meretz.org.il/%D7%A7%D7%98%D7%99-%D7%A4%D7%99%D7%90%D7%98%D7%A6%D7%A1%D7%A7%D7%99/; https://www.be106.net/49/126160; https://www.ynet.co.il/news/article/rjakywcvzl","62","הרקע הציבורי מתמקד בחיבור בין קהלים, שותפות או עבודה עם ציבור מגוון; יש בסיס לסיווג כתומך בגישור ובשיח לגיטימי."
"קטי פיאסצקי","דעות","שסעים פנימיים בחברה היהודית","D-013","ראיית השסע העדתי והפריפריאלי כמרכיב מרכזי במשבר הפוליטי בישראל","supports","https://hagush.org.il/candidates.html; https://democrats.org.il/; https://meretz.org.il/%D7%A7%D7%98%D7%99-%D7%A4%D7%99%D7%90%D7%98%D7%A6%D7%A1%D7%A7%D7%99/; https://www.be106.net/49/126160; https://www.ynet.co.il/news/article/rjakywcvzl","60","הרקע בפריפריה/חינוך/רווחה נותן בסיס עקיף להתייחסות לשסעים חברתיים פנימיים, אך לא לכל ההיבטים הספציפיים."
"קטי פיאסצקי","דעות","שסעים פנימיים בחברה היהודית","D-014","נכונות לדבר עם מצביעים מזרחים, מסורתיים ופריפריאליים בשפה שאינה מתנשאת ואינה רק ליברלית־אשכנזית","supports","https://hagush.org.il/candidates.html; https://democrats.org.il/; https://meretz.org.il/%D7%A7%D7%98%D7%99-%D7%A4%D7%99%D7%90%D7%98%D7%A6%D7%A1%D7%A7%D7%99/; https://www.be106.net/49/126160; https://www.ynet.co.il/news/article/rjakywcvzl","68","הפרופיל מדגיש פריפריה, חינוך, רווחה או עבודה עם קהלים שאינם מרכז־אליטה; יש בסיס לראות בו תומך בתיקון יחסי מרכז־פריפריה ובשפה לא מתנשאת."
"קטי פיאסצקי","דעות","שסעים פנימיים בחברה היהודית","D-015","ראיית השסע הדתי־חילוני כאיום מרכזי על הלכידות של החברה היהודית בישראל","supports","https://hagush.org.il/candidates.html; https://democrats.org.il/; https://meretz.org.il/%D7%A7%D7%98%D7%99-%D7%A4%D7%99%D7%90%D7%98%D7%A6%D7%A1%D7%A7%D7%99/; https://www.be106.net/49/126160; https://www.ynet.co.il/news/article/rjakywcvzl","65","המקורות מציגים עיסוק ממשי במתח שבין דת, זהות ומרחב ציבורי; לכן יש בסיס בינוני לזיהוי השסע הדתי־חילוני כסוגיה מרכזית."
"קטי פיאסצקי","דעות","שסעים פנימיים בחברה היהודית","D-016","תמיכה בבניית ברית חדשה בין ליברלים, מסורתיים, דתיים מתונים ופריפריה חברתית","supports","https://hagush.org.il/candidates.html; https://democrats.org.il/; https://meretz.org.il/%D7%A7%D7%98%D7%99-%D7%A4%D7%99%D7%90%D7%98%D7%A6%D7%A1%D7%A7%D7%99/; https://www.be106.net/49/126160; https://www.ynet.co.il/news/article/rjakywcvzl","68","הפרופיל מדגיש פריפריה, חינוך, רווחה או עבודה עם קהלים שאינם מרכז־אליטה; יש בסיס לראות בו תומך בתיקון יחסי מרכז־פריפריה ובשפה לא מתנשאת."
"קטי פיאסצקי","דעות","שסעים פנימיים בחברה היהודית","D-017","ביקורת על מחנה המרכז־שמאל כאשר הוא נתפס כמנותק, אליטיסטי או חסר רגישות לפריפריה","supports","https://hagush.org.il/candidates.html; https://democrats.org.il/; https://meretz.org.il/%D7%A7%D7%98%D7%99-%D7%A4%D7%99%D7%90%D7%98%D7%A6%D7%A1%D7%A7%D7%99/; https://www.be106.net/49/126160; https://www.ynet.co.il/news/article/rjakywcvzl","60","הרקע בפריפריה/חינוך/רווחה נותן בסיס עקיף להתייחסות לשסעים חברתיים פנימיים, אך לא לכל ההיבטים הספציפיים."
"קטי פיאסצקי","דעות","שסעים פנימיים בחברה היהודית","D-018","העדפה לתיקון יחסי מרכז־פריפריה כחלק מבניית מחנה דמוקרטי רחב","supports","https://hagush.org.il/candidates.html; https://democrats.org.il/; https://meretz.org.il/%D7%A7%D7%98%D7%99-%D7%A4%D7%99%D7%90%D7%98%D7%A6%D7%A1%D7%A7%D7%99/; https://www.be106.net/49/126160; https://www.ynet.co.il/news/article/rjakywcvzl","68","הפרופיל מדגיש פריפריה, חינוך, רווחה או עבודה עם קהלים שאינם מרכז־אליטה; יש בסיס לראות בו תומך בתיקון יחסי מרכז־פריפריה ובשפה לא מתנשאת."
"קטי פיאסצקי","דעות","מדינה יהודית ודמוקרטית, דת ומדינה","D-019","העדפה לזהות ישראלית שבה הרכיב הדמוקרטי קודם לרכיב הדתי־לאומי כאשר יש התנגשות ביניהם","supports","https://hagush.org.il/candidates.html; https://democrats.org.il/; https://meretz.org.il/%D7%A7%D7%98%D7%99-%D7%A4%D7%99%D7%90%D7%98%D7%A6%D7%A1%D7%A7%D7%99/; https://www.be106.net/49/126160; https://www.ynet.co.il/news/article/rjakywcvzl","82","הפרופיל מציין מאבק בכפייה דתית, תחבורה ציבורית בשבת וזכויות אזרחיות; זה בסיס חזק לתמיכה בהפרדת סמכות דתית מכוח מדינתי ובשוויון אזרחי."
"קטי פיאסצקי","דעות","מדינה יהודית ודמוקרטית, דת ומדינה","D-020","העדפה לזהות ישראלית שבה היהדות היא מקור תרבותי וערכי, אך אינה צריכה לשלוט במוסדות המדינה","supports","https://hagush.org.il/candidates.html; https://democrats.org.il/; https://meretz.org.il/%D7%A7%D7%98%D7%99-%D7%A4%D7%99%D7%90%D7%98%D7%A6%D7%A1%D7%A7%D7%99/; https://www.be106.net/49/126160; https://www.ynet.co.il/news/article/rjakywcvzl","82","הפרופיל מציין מאבק בכפייה דתית, תחבורה ציבורית בשבת וזכויות אזרחיות; זה בסיס חזק לתמיכה בהפרדת סמכות דתית מכוח מדינתי ובשוויון אזרחי."
"קטי פיאסצקי","דעות","מדינה יהודית ודמוקרטית, דת ומדינה","D-021","תמיכה בהפרדה ברורה יותר בין סמכות דתית לבין סמכות מדינתית","supports","https://hagush.org.il/candidates.html; https://democrats.org.il/; https://meretz.org.il/%D7%A7%D7%98%D7%99-%D7%A4%D7%99%D7%90%D7%98%D7%A6%D7%A1%D7%A7%D7%99/; https://www.be106.net/49/126160; https://www.ynet.co.il/news/article/rjakywcvzl","82","הפרופיל מציין מאבק בכפייה דתית, תחבורה ציבורית בשבת וזכויות אזרחיות; זה בסיס חזק לתמיכה בהפרדת סמכות דתית מכוח מדינתי ובשוויון אזרחי."
"קטי פיאסצקי","דעות","מדינה יהודית ודמוקרטית, דת ומדינה","D-022","נכונות לשמר מרכיבים יהודיים־מסורתיים במרחב הציבורי כדי לאפשר שותפות עם ציבור מסורתי ודתי","mixed","https://hagush.org.il/candidates.html; https://democrats.org.il/; https://meretz.org.il/%D7%A7%D7%98%D7%99-%D7%A4%D7%99%D7%90%D7%98%D7%A6%D7%A1%D7%A7%D7%99/; https://www.be106.net/49/126160; https://www.ynet.co.il/news/article/rjakywcvzl","55","יש בסיס ברור לליברליות אזרחית והתנגדות לכפייה דתית, אך לא נמצאה עמדה מפורשת על שימור מרכיבים מסורתיים לשם שותפות."
"קטי פיאסצקי","דעות","מדינה יהודית ודמוקרטית, דת ומדינה","D-023","התנגדות לכפייה דתית בנושאי נישואין, שבת, חינוך, מעמד אישי או שירות ציבורי","supports","https://hagush.org.il/candidates.html; https://democrats.org.il/; https://meretz.org.il/%D7%A7%D7%98%D7%99-%D7%A4%D7%99%D7%90%D7%98%D7%A6%D7%A1%D7%A7%D7%99/; https://www.be106.net/49/126160; https://www.ynet.co.il/news/article/rjakywcvzl","82","הפרופיל מציין מאבק בכפייה דתית, תחבורה ציבורית בשבת וזכויות אזרחיות; זה בסיס חזק לתמיכה בהפרדת סמכות דתית מכוח מדינתי ובשוויון אזרחי."
"קטי פיאסצקי","דעות","מדינה יהודית ודמוקרטית, דת ומדינה","D-024","תמיכה בשוויון חובות אזרחיות בין קבוצות, כולל שאלת גיוס חרדים או שירות אזרחי","supports","https://hagush.org.il/candidates.html; https://democrats.org.il/; https://meretz.org.il/%D7%A7%D7%98%D7%99-%D7%A4%D7%99%D7%90%D7%98%D7%A6%D7%A1%D7%A7%D7%99/; https://www.be106.net/49/126160; https://www.ynet.co.il/news/article/rjakywcvzl","82","הפרופיל מציין מאבק בכפייה דתית, תחבורה ציבורית בשבת וזכויות אזרחיות; זה בסיס חזק לתמיכה בהפרדת סמכות דתית מכוח מדינתי ובשוויון אזרחי."
"קטי פיאסצקי","דעות","הפרדה, גישור או שתי מדינות לעם היהודי","D-025","אמונה שהפער בין ישראל ליברלית לבין ישראל שמרנית־דתית עדיין ניתן לגישור פוליטי וחברתי","supports","https://hagush.org.il/candidates.html; https://democrats.org.il/; https://meretz.org.il/%D7%A7%D7%98%D7%99-%D7%A4%D7%99%D7%90%D7%98%D7%A6%D7%A1%D7%A7%D7%99/; https://www.be106.net/49/126160; https://www.ynet.co.il/news/article/rjakywcvzl","65","הפרופיל מדגיש חיבור בין קהילות, שותפות אזרחית או תיקון חברתי בתוך מסגרת ישראלית אחת; לכן יש בסיס לתמיכה בגישור ובמודלים של חיים משותפים."
"קטי פיאסצקי","דעות","הפרדה, גישור או שתי מדינות לעם היהודי","D-026","ראיית הפער בין המחנות כעמוק עד כדי צורך בהסדרים של אוטונומיה, ביזור או הפרדה חלקית","unknown","מקורות שנבדקו: https://hagush.org.il/candidates.html; https://democrats.org.il/; https://meretz.org.il/%D7%A7%D7%98%D7%99-%D7%A4%D7%99%D7%90%D7%98%D7%A6%D7%A1%D7%A7%D7%99/; https://www.be106.net/49/126160; https://www.ynet.co.il/news/article/rjakywcvzl","0","לא נמצא במקורות שנבדקו בסיס עובדתי ישיר או עקיף מספיק לקביעה סבירה; נשאר unknown לפי כלל אי־הניחוש."
"קטי פיאסצקי","דעות","הפרדה, גישור או שתי מדינות לעם היהודי","D-027","תמיכה בביזור סמכויות לשלטון מקומי כדי לאפשר לקהילות שונות לחיות לפי אורחות חיים שונים","supports","https://hagush.org.il/candidates.html; https://democrats.org.il/; https://meretz.org.il/%D7%A7%D7%98%D7%99-%D7%A4%D7%99%D7%90%D7%98%D7%A6%D7%A1%D7%A7%D7%99/; https://www.be106.net/49/126160; https://www.ynet.co.il/news/article/rjakywcvzl","68","הרקע בשלטון מקומי, פריפריה או שירותי שטח נותן בסיס לתמיכה בביזור סמכויות ובהתאמת פתרונות לקהילות."
"קטי פיאסצקי","דעות","הפרדה, גישור או שתי מדינות לעם היהודי","D-028","התנגדות לרעיון של שתי מדינות לעם היהודי והעדפה למאבק על מסגרת מדינתית אחת משותפת","supports","https://hagush.org.il/candidates.html; https://democrats.org.il/; https://meretz.org.il/%D7%A7%D7%98%D7%99-%D7%A4%D7%99%D7%90%D7%98%D7%A6%D7%A1%D7%A7%D7%99/; https://www.be106.net/49/126160; https://www.ynet.co.il/news/article/rjakywcvzl","65","הפרופיל מדגיש חיבור בין קהילות, שותפות אזרחית או תיקון חברתי בתוך מסגרת ישראלית אחת; לכן יש בסיס לתמיכה בגישור ובמודלים של חיים משותפים."
"קטי פיאסצקי","דעות","הפרדה, גישור או שתי מדינות לעם היהודי","D-029","פתיחות לרעיון של הסדרים פנימיים חדשים בין חילונים, דתיים, חרדים, מסורתיים וליברלים","supports","https://hagush.org.il/candidates.html; https://democrats.org.il/; https://meretz.org.il/%D7%A7%D7%98%D7%99-%D7%A4%D7%99%D7%90%D7%98%D7%A6%D7%A1%D7%A7%D7%99/; https://www.be106.net/49/126160; https://www.ynet.co.il/news/article/rjakywcvzl","65","הפרופיל מדגיש חיבור בין קהילות, שותפות אזרחית או תיקון חברתי בתוך מסגרת ישראלית אחת; לכן יש בסיס לתמיכה בגישור ובמודלים של חיים משותפים."
"קטי פיאסצקי","דעות","הפרדה, גישור או שתי מדינות לעם היהודי","D-030","ראיית המשבר הישראלי לא רק כמאבק ימין־שמאל אלא כמאבק בין מודלים שונים של חיים משותפים","supports","https://hagush.org.il/candidates.html; https://democrats.org.il/; https://meretz.org.il/%D7%A7%D7%98%D7%99-%D7%A4%D7%99%D7%90%D7%98%D7%A6%D7%A1%D7%A7%D7%99/; https://www.be106.net/49/126160; https://www.ynet.co.il/news/article/rjakywcvzl","65","הפרופיל מדגיש חיבור בין קהילות, שותפות אזרחית או תיקון חברתי בתוך מסגרת ישראלית אחת; לכן יש בסיס לתמיכה בגישור ובמודלים של חיים משותפים."
"קטי פיאסצקי","דעות","יהודים־ערבים, שוויון אזרחי וחיים משותפים","D-031","ראיית אזרחי ישראל הערבים כחלק מלא מהדיון על עתיד המדינה ולא כעניין נפרד או משני","supports","https://hagush.org.il/candidates.html; https://democrats.org.il/; https://meretz.org.il/%D7%A7%D7%98%D7%99-%D7%A4%D7%99%D7%90%D7%98%D7%A6%D7%A1%D7%A7%D7%99/; https://www.be106.net/49/126160; https://www.ynet.co.il/news/article/rjakywcvzl","58","יש בסיס עקיף דרך פעילות במחנה הדמוקרטי־ליברלי/חברתי, אך לא נמצא פרופיל אישי מובהק בנושא יהודים־ערבים."
"קטי פיאסצקי","דעות","יהודים־ערבים, שוויון אזרחי וחיים משותפים","D-032","תמיכה בשוויון אזרחי גם כאשר הוא מחייב שינוי בחוקים, סמלים או חלוקת משאבים","supports","https://hagush.org.il/candidates.html; https://democrats.org.il/; https://meretz.org.il/%D7%A7%D7%98%D7%99-%D7%A4%D7%99%D7%90%D7%98%D7%A6%D7%A1%D7%A7%D7%99/; https://www.be106.net/49/126160; https://www.ynet.co.il/news/article/rjakywcvzl","58","יש בסיס עקיף דרך פעילות במחנה הדמוקרטי־ליברלי/חברתי, אך לא נמצא פרופיל אישי מובהק בנושא יהודים־ערבים."
"קטי פיאסצקי","דעות","יהודים־ערבים, שוויון אזרחי וחיים משותפים","D-033","תמיכה בשותפות פוליטית יהודית־ערבית כחלק מבניית מחנה דמוקרטי רחב","supports","https://hagush.org.il/candidates.html; https://democrats.org.il/; https://meretz.org.il/%D7%A7%D7%98%D7%99-%D7%A4%D7%99%D7%90%D7%98%D7%A6%D7%A1%D7%A7%D7%99/; https://www.be106.net/49/126160; https://www.ynet.co.il/news/article/rjakywcvzl","58","יש בסיס עקיף דרך פעילות במחנה הדמוקרטי־ליברלי/חברתי, אך לא נמצא פרופיל אישי מובהק בנושא יהודים־ערבים."
"קטי פיאסצקי","דעות","יהודים־ערבים, שוויון אזרחי וחיים משותפים","D-034","העדפה לשילוב אזרחים ערבים במוקדי קבלת החלטות, כולל בתחומים מדיניים וביטחוניים","supports","https://hagush.org.il/candidates.html; https://democrats.org.il/; https://meretz.org.il/%D7%A7%D7%98%D7%99-%D7%A4%D7%99%D7%90%D7%98%D7%A6%D7%A1%D7%A7%D7%99/; https://www.be106.net/49/126160; https://www.ynet.co.il/news/article/rjakywcvzl","58","יש בסיס עקיף דרך פעילות במחנה הדמוקרטי־ליברלי/חברתי, אך לא נמצא פרופיל אישי מובהק בנושא יהודים־ערבים."
"קטי פיאסצקי","דעות","יהודים־ערבים, שוויון אזרחי וחיים משותפים","D-035","התנגדות לגזענות, הדרה או דה־לגיטימציה של הציבור הערבי בישראל","supports","https://hagush.org.il/candidates.html; https://democrats.org.il/; https://meretz.org.il/%D7%A7%D7%98%D7%99-%D7%A4%D7%99%D7%90%D7%98%D7%A6%D7%A1%D7%A7%D7%99/; https://www.be106.net/49/126160; https://www.ynet.co.il/news/article/rjakywcvzl","58","יש בסיס עקיף דרך פעילות במחנה הדמוקרטי־ליברלי/חברתי, אך לא נמצא פרופיל אישי מובהק בנושא יהודים־ערבים."
"קטי פיאסצקי","דעות","יהודים־ערבים, שוויון אזרחי וחיים משותפים","D-036","הכרה בכך שחיים משותפים מחייבים גם התמודדות עם פחדים, טראומות וחוסר אמון בשני הצדדים","supports","https://hagush.org.il/candidates.html; https://democrats.org.il/; https://meretz.org.il/%D7%A7%D7%98%D7%99-%D7%A4%D7%99%D7%90%D7%98%D7%A6%D7%A1%D7%A7%D7%99/; https://www.be106.net/49/126160; https://www.ynet.co.il/news/article/rjakywcvzl","58","יש בסיס עקיף דרך פעילות במחנה הדמוקרטי־ליברלי/חברתי, אך לא נמצא פרופיל אישי מובהק בנושא יהודים־ערבים."
"קטי פיאסצקי","דעות","ביטחון, פלסטינים והסדר מדיני","D-037","תמיכה בנתיב מדיני ארוך טווח מול הפלסטינים, גם לאחר שבעה באוקטובר","supports","https://hagush.org.il/candidates.html; https://democrats.org.il/; https://meretz.org.il/%D7%A7%D7%98%D7%99-%D7%A4%D7%99%D7%90%D7%98%D7%A6%D7%A1%D7%A7%D7%99/; https://www.be106.net/49/126160; https://www.ynet.co.il/news/article/rjakywcvzl","62","הרקע במרצ ובמחנה השמאל הציוני נותן בסיס סביר לתמיכה בנתיב מדיני, היפרדות/שתי מדינות והתנגדות לשליטה קבועה ללא זכויות; אין ציטוט אישי ולכן הביטחון בינוני."
"קטי פיאסצקי","דעות","ביטחון, פלסטינים והסדר מדיני","D-038","העדפה להיפרדות מדינית וביטחונית מהפלסטינים כדי לשמור על ישראל יהודית ודמוקרטית","supports","https://hagush.org.il/candidates.html; https://democrats.org.il/; https://meretz.org.il/%D7%A7%D7%98%D7%99-%D7%A4%D7%99%D7%90%D7%98%D7%A6%D7%A1%D7%A7%D7%99/; https://www.be106.net/49/126160; https://www.ynet.co.il/news/article/rjakywcvzl","62","הרקע במרצ ובמחנה השמאל הציוני נותן בסיס סביר לתמיכה בנתיב מדיני, היפרדות/שתי מדינות והתנגדות לשליטה קבועה ללא זכויות; אין ציטוט אישי ולכן הביטחון בינוני."
"קטי פיאסצקי","דעות","ביטחון, פלסטינים והסדר מדיני","D-039","תמיכה בפתרון שתי מדינות או במודל קרוב לו כיעד אסטרטגי","supports","https://hagush.org.il/candidates.html; https://democrats.org.il/; https://meretz.org.il/%D7%A7%D7%98%D7%99-%D7%A4%D7%99%D7%90%D7%98%D7%A6%D7%A1%D7%A7%D7%99/; https://www.be106.net/49/126160; https://www.ynet.co.il/news/article/rjakywcvzl","62","הרקע במרצ ובמחנה השמאל הציוני נותן בסיס סביר לתמיכה בנתיב מדיני, היפרדות/שתי מדינות והתנגדות לשליטה קבועה ללא זכויות; אין ציטוט אישי ולכן הביטחון בינוני."
"קטי פיאסצקי","דעות","ביטחון, פלסטינים והסדר מדיני","D-040","פתיחות למודלים מדיניים מורכבים כגון קונפדרציה, גבולות פתוחים או הסדר אזורי","mixed","https://hagush.org.il/candidates.html; https://democrats.org.il/; https://meretz.org.il/%D7%A7%D7%98%D7%99-%D7%A4%D7%99%D7%90%D7%98%D7%A6%D7%A1%D7%A7%D7%99/; https://www.be106.net/49/126160; https://www.ynet.co.il/news/article/rjakywcvzl","45","יש בסיס כללי לפתיחות מדינית, אך לא נמצאה עמדה אישית על מודלים מורכבים כגון קונפדרציה."
"קטי פיאסצקי","דעות","ביטחון, פלסטינים והסדר מדיני","D-041","התנגדות להמשך שליטה ישראלית קבועה על אוכלוסייה פלסטינית ללא זכויות אזר מלאות","supports","https://hagush.org.il/candidates.html; https://democrats.org.il/; https://meretz.org.il/%D7%A7%D7%98%D7%99-%D7%A4%D7%99%D7%90%D7%98%D7%A6%D7%A1%D7%A7%D7%99/; https://www.be106.net/49/126160; https://www.ynet.co.il/news/article/rjakywcvzl","62","הרקע במרצ ובמחנה השמאל הציוני נותן בסיס סביר לתמיכה בנתיב מדיני, היפרדות/שתי מדינות והתנגדות לשליטה קבועה ללא זכויות; אין ציטוט אישי ולכן הביטחון בינוני."
"קטי פיאסצקי","דעות","ביטחון, פלסטינים והסדר מדיני","D-042","ראיית הסדר אזורי עם מדינות ערביות מתונות כחלק מרכזי מהעתיד הביטחוני של ישראל","supports","https://hagush.org.il/candidates.html; https://democrats.org.il/; https://meretz.org.il/%D7%A7%D7%98%D7%99-%D7%A4%D7%99%D7%90%D7%98%D7%A6%D7%A1%D7%A7%D7%99/; https://www.be106.net/49/126160; https://www.ynet.co.il/news/article/rjakywcvzl","62","הרקע במרצ ובמחנה השמאל הציוני נותן בסיס סביר לתמיכה בנתיב מדיני, היפרדות/שתי מדינות והתנגדות לשליטה קבועה ללא זכויות; אין ציטוט אישי ולכן הביטחון בינוני."
"קטי פיאסצקי","דעות","שבעה באוקטובר, אחריות, חטופים וזיכרון לאומי","D-043","ראיית שבעה באוקטובר כאירוע שמחייב חשבון נפש מדינתי, מוסדי וחברתי עמוק","supports","https://hagush.org.il/candidates.html; https://democrats.org.il/; https://meretz.org.il/%D7%A7%D7%98%D7%99-%D7%A4%D7%99%D7%90%D7%98%D7%A6%D7%A1%D7%A7%D7%99/; https://www.be106.net/49/126160; https://www.ynet.co.il/news/article/rjakywcvzl","72","ההתמודדות בדמוקרטים והפעילות הציבורית לאחר המשבר מצביעות על מחויבות לאחריות מדינתית, שיקום, שלטון חוק ורגישות לנפגעים; הביטחון בינוני כשאין ציטוט אישי לכל סעיף."
"קטי פיאסצקי","דעות","שבעה באוקטובר, אחריות, חטופים וזיכרון לאומי","D-044","תמיכה בוועדת חקירה ממלכתית ובאחריות אישית של הדרג המדיני והביטחוני","supports","https://hagush.org.il/candidates.html; https://democrats.org.il/; https://meretz.org.il/%D7%A7%D7%98%D7%99-%D7%A4%D7%99%D7%90%D7%98%D7%A6%D7%A1%D7%A7%D7%99/; https://www.be106.net/49/126160; https://www.ynet.co.il/news/article/rjakywcvzl","72","ההתמודדות בדמוקרטים והפעילות הציבורית לאחר המשבר מצביעות על מחויבות לאחריות מדינתית, שיקום, שלטון חוק ורגישות לנפגעים; הביטחון בינוני כשאין ציטוט אישי לכל סעיף."
"קטי פיאסצקי","דעות","שבעה באוקטובר, אחריות, חטופים וזיכרון לאומי","D-045","ראיית החטופים והמשפחות כסמל מוסרי מרכזי של אחריות המדינה לאזרחיה","supports","https://hagush.org.il/candidates.html; https://democrats.org.il/; https://meretz.org.il/%D7%A7%D7%98%D7%99-%D7%A4%D7%99%D7%90%D7%98%D7%A6%D7%A1%D7%A7%D7%99/; https://www.be106.net/49/126160; https://www.ynet.co.il/news/article/rjakywcvzl","72","ההתמודדות בדמוקרטים והפעילות הציבורית לאחר המשבר מצביעות על מחויבות לאחריות מדינתית, שיקום, שלטון חוק ורגישות לנפגעים; הביטחון בינוני כשאין ציטוט אישי לכל סעיף."
"קטי פיאסצקי","דעות","שבעה באוקטובר, אחריות, חטופים וזיכרון לאומי","D-046","התנגדות לשימוש פוליטי ציני בכאב של משפחות, נפגעים או קהילות שנפגעו במלחמה","supports","https://hagush.org.il/candidates.html; https://democrats.org.il/; https://meretz.org.il/%D7%A7%D7%98%D7%99-%D7%A4%D7%99%D7%90%D7%98%D7%A6%D7%A1%D7%A7%D7%99/; https://www.be106.net/49/126160; https://www.ynet.co.il/news/article/rjakywcvzl","72","ההתמודדות בדמוקרטים והפעילות הציבורית לאחר המשבר מצביעות על מחויבות לאחריות מדינתית, שיקום, שלטון חוק ורגישות לנפגעים; הביטחון בינוני כשאין ציטוט אישי לכל סעיף."
"קטי פיאסצקי","דעות","שבעה באוקטובר, אחריות, חטופים וזיכרון לאומי","D-047","תמיכה בשיקום העוטף והקהילות שנפגעו כחלק מהחוזה הבסיסי בין המדינה לאזרחיה","supports","https://hagush.org.il/candidates.html; https://democrats.org.il/; https://meretz.org.il/%D7%A7%D7%98%D7%99-%D7%A4%D7%99%D7%90%D7%98%D7%A6%D7%A1%D7%A7%D7%99/; https://www.be106.net/49/126160; https://www.ynet.co.il/news/article/rjakywcvzl","72","ההתמודדות בדמוקרטים והפעילות הציבורית לאחר המשבר מצביעות על מחויבות לאחריות מדינתית, שיקום, שלטון חוק ורגישות לנפגעים; הביטחון בינוני כשאין ציטוט אישי לכל סעיף."
"קטי פיאסצקי","דעות","שבעה באוקטובר, אחריות, חטופים וזיכרון לאומי","D-048","ראיית הטראומה של שבעה באוקטובר כבסיס לבניית מדיניות חדשה, לא רק כהצדקה להמשך מלחמה","supports","https://hagush.org.il/candidates.html; https://democrats.org.il/; https://meretz.org.il/%D7%A7%D7%98%D7%99-%D7%A4%D7%99%D7%90%D7%98%D7%A6%D7%A1%D7%A7%D7%99/; https://www.be106.net/49/126160; https://www.ynet.co.il/news/article/rjakywcvzl","72","ההתמודדות בדמוקרטים והפעילות הציבורית לאחר המשבר מצביעות על מחויבות לאחריות מדינתית, שיקום, שלטון חוק ורגישות לנפגעים; הביטחון בינוני כשאין ציטוט אישי לכל סעיף."
"קטי פיאסצקי","דעות","חברה, כלכלה, רווחה ופריפריה","D-049","הצבת צמצום אי־שוויון חברתי־כלכלי כנושא מרכזי בזהות הפוליטית","supports","https://hagush.org.il/candidates.html; https://democrats.org.il/; https://meretz.org.il/%D7%A7%D7%98%D7%99-%D7%A4%D7%99%D7%90%D7%98%D7%A6%D7%A1%D7%A7%D7%99/; https://www.be106.net/49/126160; https://www.ynet.co.il/news/article/rjakywcvzl","84","הפרופיל מציג עיסוק ישיר בחינוך, רווחה, שוויון, פריפריה או שירותים חברתיים; לכן יש בסיס ברור לתמיכה בצמצום פערים ובאחריות מדינתית."
"קטי פיאסצקי","דעות","חברה, כלכלה, רווחה ופריפריה","D-050","תמיכה בהרחבת אחריות המדינה בתחומי דיור, חינוך, בריאות ורווחה","supports","https://hagush.org.il/candidates.html; https://democrats.org.il/; https://meretz.org.il/%D7%A7%D7%98%D7%99-%D7%A4%D7%99%D7%90%D7%98%D7%A6%D7%A1%D7%A7%D7%99/; https://www.be106.net/49/126160; https://www.ynet.co.il/news/article/rjakywcvzl","84","הפרופיל מציג עיסוק ישיר בחינוך, רווחה, שוויון, פריפריה או שירותים חברתיים; לכן יש בסיס ברור לתמיכה בצמצום פערים ובאחריות מדינתית."
"קטי פיאסצקי","דעות","חברה, כלכלה, רווחה ופריפריה","D-051","תמיכה בזכויות עובדים, עבודה מאורגנת והגנה על שכבות מוחלשות","supports","https://hagush.org.il/candidates.html; https://democrats.org.il/; https://meretz.org.il/%D7%A7%D7%98%D7%99-%D7%A4%D7%99%D7%90%D7%98%D7%A6%D7%A1%D7%A7%D7%99/; https://www.be106.net/49/126160; https://www.ynet.co.il/news/article/rjakywcvzl","84","הפרופיל מציג עיסוק ישיר בחינוך, רווחה, שוויון, פריפריה או שירותים חברתיים; לכן יש בסיס ברור לתמיכה בצמצום פערים ובאחריות מדינתית."
"קטי פיאסצקי","דעות","חברה, כלכלה, רווחה ופריפריה","D-052","ראיית הפריפריה הגיאוגרפית והחברתית כשותפה אסטרטגית ולא כקהל יעד משני","supports","https://hagush.org.il/candidates.html; https://democrats.org.il/; https://meretz.org.il/%D7%A7%D7%98%D7%99-%D7%A4%D7%99%D7%90%D7%98%D7%A6%D7%A1%D7%A7%D7%99/; https://www.be106.net/49/126160; https://www.ynet.co.il/news/article/rjakywcvzl","84","הפרופיל מציג עיסוק ישיר בחינוך, רווחה, שוויון, פריפריה או שירותים חברתיים; לכן יש בסיס ברור לתמיכה בצמצום פערים ובאחריות מדינתית."
"קטי פיאסצקי","דעות","חברה, כלכלה, רווחה ופריפריה","D-053","תמיכה בהשקעה ארוכת טווח בנגב, בגליל, בעוטף ובערים מוחלשות","supports","https://hagush.org.il/candidates.html; https://democrats.org.il/; https://meretz.org.il/%D7%A7%D7%98%D7%99-%D7%A4%D7%99%D7%90%D7%98%D7%A6%D7%A1%D7%A7%D7%99/; https://www.be106.net/49/126160; https://www.ynet.co.il/news/article/rjakywcvzl","84","הפרופיל מציג עיסוק ישיר בחינוך, רווחה, שוויון, פריפריה או שירותים חברתיים; לכן יש בסיס ברור לתמיכה בצמצום פערים ובאחריות מדינתית."
"קטי פיאסצקי","דעות","חברה, כלכלה, רווחה ופריפריה","D-054","חיבור בין צדק חברתי לבין בניית מחנה פוליטי חדש ורחב יותר","supports","https://hagush.org.il/candidates.html; https://democrats.org.il/; https://meretz.org.il/%D7%A7%D7%98%D7%99-%D7%A4%D7%99%D7%90%D7%98%D7%A6%D7%A1%D7%A7%D7%99/; https://www.be106.net/49/126160; https://www.ynet.co.il/news/article/rjakywcvzl","84","הפרופיל מציג עיסוק ישיר בחינוך, רווחה, שוויון, פריפריה או שירותים חברתיים; לכן יש בסיס ברור לתמיכה בצמצום פערים ובאחריות מדינתית."
"קטי פיאסצקי","דעות","סגנון פשרה, גבולות ויכולת הסכמה","D-055","נכונות לפשרות פוליטיות רחבות כדי לשקם את המדינה גם במחיר ויתור אידיאולוגי חלקי","supports","https://hagush.org.il/candidates.html; https://democrats.org.il/; https://meretz.org.il/%D7%A7%D7%98%D7%99-%D7%A4%D7%99%D7%90%D7%98%D7%A6%D7%A1%D7%A7%D7%99/; https://www.be106.net/49/126160; https://www.ynet.co.il/news/article/rjakywcvzl","65","הרקע בשותפויות, עבודה מוסדית, חינוך, חברה אזרחית או שלטון מקומי מצביע על נכונות לבנות הסכמות וקואליציות רחבות תחת כללי משחק דמוקרטיים."
"קטי פיאסצקי","דעות","סגנון פשרה, גבולות ויכולת הסכמה","D-056","הצבת קווים אדומים ברורים שמעליהם אין מקום לפשרה עם יריבים פוליטיים","supports","https://hagush.org.il/candidates.html; https://democrats.org.il/; https://meretz.org.il/%D7%A7%D7%98%D7%99-%D7%A4%D7%99%D7%90%D7%98%D7%A6%D7%A1%D7%A7%D7%99/; https://www.be106.net/49/126160; https://www.ynet.co.il/news/article/rjakywcvzl","72","הפרופיל משלב מחויבות לכללים דמוקרטיים עם נכונות למאבק ציבורי כאשר ערכים בסיסיים מאוימים; במקומות שאינם חד־משמעיים סווג כ־mixed."
"קטי פיאסצקי","דעות","סגנון פשרה, גבולות ויכולת הסכמה","D-057","העדפה להסכמות רחבות ולאיטיות על פני מהלכים חדים ומהירים","supports","https://hagush.org.il/candidates.html; https://democrats.org.il/; https://meretz.org.il/%D7%A7%D7%98%D7%99-%D7%A4%D7%99%D7%90%D7%98%D7%A6%D7%A1%D7%A7%D7%99/; https://www.be106.net/49/126160; https://www.ynet.co.il/news/article/rjakywcvzl","65","הרקע בשותפויות, עבודה מוסדית, חינוך, חברה אזרחית או שלטון מקומי מצביע על נכונות לבנות הסכמות וקואליציות רחבות תחת כללי משחק דמוקרטיים."
"קטי פיאסצקי","דעות","סגנון פשרה, גבולות ויכולת הסכמה","D-058","העדפה למאבק חד וברור כאשר פשרה נתפסת ככניעה לכוחות אנטי־דמוקרטיים","supports","https://hagush.org.il/candidates.html; https://democrats.org.il/; https://meretz.org.il/%D7%A7%D7%98%D7%99-%D7%A4%D7%99%D7%90%D7%98%D7%A6%D7%A1%D7%A7%D7%99/; https://www.be106.net/49/126160; https://www.ynet.co.il/news/article/rjakywcvzl","72","הפרופיל משלב מחויבות לכללים דמוקרטיים עם נכונות למאבק ציבורי כאשר ערכים בסיסיים מאוימים; במקומות שאינם חד־משמעיים סווג כ־mixed."
"קטי פיאסצקי","דעות","סגנון פשרה, גבולות ויכולת הסכמה","D-059","יכולת להבחין בין פשרה עניינית לבין טשטוש ערכי מסוכן","supports","https://hagush.org.il/candidates.html; https://democrats.org.il/; https://meretz.org.il/%D7%A7%D7%98%D7%99-%D7%A4%D7%99%D7%90%D7%98%D7%A6%D7%A1%D7%A7%D7%99/; https://www.be106.net/49/126160; https://www.ynet.co.il/news/article/rjakywcvzl","60","הפרופיל משלב מחויבות לכללים דמוקרטיים עם נכונות למאבק ציבורי כאשר ערכים בסיסיים מאוימים; במקומות שאינם חד־משמעיים סווג כ־mixed."
"קטי פיאסצקי","דעות","סגנון פשרה, גבולות ויכולת הסכמה","D-060","נכונות לבנות קואליציות עתידיות עם גורמים שאינם שייכים למחנה הטבעי, אם הם מקבלים כללי משחק דמוקרטיים","supports","https://hagush.org.il/candidates.html; https://democrats.org.il/; https://meretz.org.il/%D7%A7%D7%98%D7%99-%D7%A4%D7%99%D7%90%D7%98%D7%A6%D7%A1%D7%A7%D7%99/; https://www.be106.net/49/126160; https://www.ynet.co.il/news/article/rjakywcvzl","65","הרקע בשותפויות, עבודה מוסדית, חינוך, חברה אזרחית או שלטון מקומי מצביע על נכונות לבנות הסכמות וקואליציות רחבות תחת כללי משחק דמוקרטיים."
"קטי פיאסצקי","יכולות","מומחיות מדינית, ביטחונית וממשלית","cap_001","ניסיון ישיר במערכות מדינה בכירות או במוקדי קבלת החלטות","partial","https://hagush.org.il/candidates.html; https://democrats.org.il/; https://meretz.org.il/%D7%A7%D7%98%D7%99-%D7%A4%D7%99%D7%90%D7%98%D7%A6%D7%A1%D7%A7%D7%99/; https://www.be106.net/49/126160; https://www.ynet.co.il/news/article/rjakywcvzl","70","יש ניסיון משמעותי בשלטון מקומי, אך לא במוקד מדינתי־ממשלתי בכיר ברמה הארצית."
"קטי פיאסצקי","יכולות","מומחיות מדינית, ביטחונית וממשלית","cap_002","הבנה מוכחת של סוגיות מדיניות, ביטחוניות ואזוריות מורכבות","unknown","מקורות שנבדקו: https://hagush.org.il/candidates.html; https://democrats.org.il/; https://meretz.org.il/%D7%A7%D7%98%D7%99-%D7%A4%D7%99%D7%90%D7%98%D7%A6%D7%A1%D7%A7%D7%99/; https://www.be106.net/49/126160; https://www.ynet.co.il/news/article/rjakywcvzl","0","לא נמצא במקורות שנבדקו בסיס עובדתי ישיר או עקיף מספיק לקביעה סבירה; נשאר unknown לפי כלל אי־הניחוש."
"קטי פיאסצקי","יכולות","מומחיות מדינית, ביטחונית וממשלית","cap_003","ניסיון במשא ומתן, דיאלוג אסטרטגי או קשרים בינלאומיים","partial","https://hagush.org.il/candidates.html; https://democrats.org.il/; https://meretz.org.il/%D7%A7%D7%98%D7%99-%D7%A4%D7%99%D7%90%D7%98%D7%A6%D7%A1%D7%A7%D7%99/; https://www.be106.net/49/126160; https://www.ynet.co.il/news/article/rjakywcvzl","62","הפעילות הציבורית כוללת דיאלוג, שיתופי פעולה או גישור בין קהלים, אך לא בהכרח משא ומתן מדיני או בינלאומי פורמלי."
"קטי פיאסצקי","יכולות","מומחיות מדינית, ביטחונית וממשלית","cap_004","ניסיון צבאי, מודיעיני או ביטחוני בעל רלוונטיות לעבודה ציבורית","unknown","מקורות שנבדקו: https://hagush.org.il/candidates.html; https://democrats.org.il/; https://meretz.org.il/%D7%A7%D7%98%D7%99-%D7%A4%D7%99%D7%90%D7%98%D7%A6%D7%A1%D7%A7%D7%99/; https://www.be106.net/49/126160; https://www.ynet.co.il/news/article/rjakywcvzl","0","לא נמצא במקורות שנבדקו בסיס עובדתי ישיר או עקיף מספיק לקביעה סבירה; נשאר unknown לפי כלל אי־הניחוש."
"קטי פיאסצקי","יכולות","מומחיות מדינית, ביטחונית וממשלית","cap_005","יכולת לגבש תפיסה מדינית־ביטחונית סדורה ולא רק עמדה ערכית כללית","unknown","מקורות שנבדקו: https://hagush.org.il/candidates.html; https://democrats.org.il/; https://meretz.org.il/%D7%A7%D7%98%D7%99-%D7%A4%D7%99%D7%90%D7%98%D7%A6%D7%A1%D7%A7%D7%99/; https://www.be106.net/49/126160; https://www.ynet.co.il/news/article/rjakywcvzl","0","לא נמצא במקורות שנבדקו בסיס עובדתי ישיר או עקיף מספיק לקביעה סבירה; נשאר unknown לפי כלל אי־הניחוש."
"קטי פיאסצקי","יכולות","מומחיות מדינית, ביטחונית וממשלית","cap_006","יכולת לחבר בין יעדים ביטחוניים לבין יעדים מדיניים ארוכי טווח","unknown","מקורות שנבדקו: https://hagush.org.il/candidates.html; https://democrats.org.il/; https://meretz.org.il/%D7%A7%D7%98%D7%99-%D7%A4%D7%99%D7%90%D7%98%D7%A6%D7%A1%D7%A7%D7%99/; https://www.be106.net/49/126160; https://www.ynet.co.il/news/article/rjakywcvzl","0","לא נמצא במקורות שנבדקו בסיס עובדתי ישיר או עקיף מספיק לקביעה סבירה; נשאר unknown לפי כלל אי־הניחוש."
"קטי פיאסצקי","יכולות","ארגון, ניהול וביצוע","cap_007","ניסיון בהקמה וניהול של ארגונים, חברות, תנועות או מטות פעולה","has","https://hagush.org.il/candidates.html; https://democrats.org.il/; https://meretz.org.il/%D7%A7%D7%98%D7%99-%D7%A4%D7%99%D7%90%D7%98%D7%A6%D7%A1%D7%A7%D7%99/; https://www.be106.net/49/126160; https://www.ynet.co.il/news/article/rjakywcvzl","84","הפרופיל מציג ניהול מוסד/ארגון/עמותה/מערכת ציבורית או אחריות ניהולית מתמשכת; יש בסיס ברור ליכולת ארגון וביצוע."
"קטי פיאסצקי","יכולות","ארגון, ניהול וביצוע","cap_008","יכולת להוביל צוותים, תקציבים, קהילות או מערכות מורכבות","has","https://hagush.org.il/candidates.html; https://democrats.org.il/; https://meretz.org.il/%D7%A7%D7%98%D7%99-%D7%A4%D7%99%D7%90%D7%98%D7%A6%D7%A1%D7%A7%D7%99/; https://www.be106.net/49/126160; https://www.ynet.co.il/news/article/rjakywcvzl","84","הפרופיל מציג ניהול מוסד/ארגון/עמותה/מערכת ציבורית או אחריות ניהולית מתמשכת; יש בסיס ברור ליכולת ארגון וביצוע."
"קטי פיאסצקי","יכולות","ארגון, ניהול וביצוע","cap_009","הובלת מאבקים ציבוריים שהניבו תוצאות ממשיות","has","https://hagush.org.il/candidates.html; https://democrats.org.il/; https://meretz.org.il/%D7%A7%D7%98%D7%99-%D7%A4%D7%99%D7%90%D7%98%D7%A6%D7%A1%D7%A7%D7%99/; https://www.be106.net/49/126160; https://www.ynet.co.il/news/article/rjakywcvzl","78","נמצא בסיס להובלת מאבק/פרויקט ציבורי ממשי: מחאה, חינוך, שותפות, סביבה, שילוב מיעוטים או זכויות אנשים עם מוגבלות."
"קטי פיאסצקי","יכולות","ארגון, ניהול וביצוע","cap_010","יכולת להפוך רעיון כללי לתשתית פעולה מתמשכת","has","https://hagush.org.il/candidates.html; https://democrats.org.il/; https://meretz.org.il/%D7%A7%D7%98%D7%99-%D7%A4%D7%99%D7%90%D7%98%D7%A6%D7%A1%D7%A7%D7%99/; https://www.be106.net/49/126160; https://www.ynet.co.il/news/article/rjakywcvzl","84","הפרופיל מציג ניהול מוסד/ארגון/עמותה/מערכת ציבורית או אחריות ניהולית מתמשכת; יש בסיס ברור ליכולת ארגון וביצוע."
"קטי פיאסצקי","יכולות","ארגון, ניהול וביצוע","cap_011","ניסיון בניהול משברים ציבוריים, פוליטיים או ארגוניים","partial","https://hagush.org.il/candidates.html; https://democrats.org.il/; https://meretz.org.il/%D7%A7%D7%98%D7%99-%D7%A4%D7%99%D7%90%D7%98%D7%A6%D7%A1%D7%A7%D7%99/; https://www.be106.net/49/126160; https://www.ynet.co.il/news/article/rjakywcvzl","66","קיים ניסיון בניהול מערכות ציבוריות/ארגוניות ולעיתים גם מצבי משבר, אך לא תמיד מקור מפורש לניהול משברים פוליטיים."
"קטי פיאסצקי","יכולות","ארגון, ניהול וביצוע","cap_012","מוכנות לקחת אחריות אישית גבוהה על מהלך ציבורי או ארגוני","has","https://hagush.org.il/candidates.html; https://democrats.org.il/; https://meretz.org.il/%D7%A7%D7%98%D7%99-%D7%A4%D7%99%D7%90%D7%98%D7%A6%D7%A1%D7%A7%D7%99/; https://www.be106.net/49/126160; https://www.ynet.co.il/news/article/rjakywcvzl","84","הפרופיל מציג ניהול מוסד/ארגון/עמותה/מערכת ציבורית או אחריות ניהולית מתמשכת; יש בסיס ברור ליכולת ארגון וביצוע."
"קטי פיאסצקי","יכולות","חקיקה, פוליטיקה ומוסדות","cap_013","ניסיון בעבודה פרלמנטרית, ועדות כנסת, חקיקה או הצעות חוק","partial","https://hagush.org.il/candidates.html; https://democrats.org.il/; https://meretz.org.il/%D7%A7%D7%98%D7%99-%D7%A4%D7%99%D7%90%D7%98%D7%A6%D7%A1%D7%A7%D7%99/; https://www.be106.net/49/126160; https://www.ynet.co.il/news/article/rjakywcvzl","58","יש ניסיון פוליטי־מוסדי בשלטון מקומי, אך לא ניסיון חקיקה בכנסת."
"קטי פיאסצקי","יכולות","חקיקה, פוליטיקה ומוסדות","cap_014","היכרות מעשית עם מנגנוני מפלגות, פריימריז, רשימות וקואליציות","has","https://hagush.org.il/candidates.html; https://democrats.org.il/; https://meretz.org.il/%D7%A7%D7%98%D7%99-%D7%A4%D7%99%D7%90%D7%98%D7%A6%D7%A1%D7%A7%D7%99/; https://www.be106.net/49/126160; https://www.ynet.co.il/news/article/rjakywcvzl","75","הרקע במרצ, מועצות/כנסת ופריימריז נותן בסיס להיכרות מעשית עם מנגנונים פוליטיים."
"קטי פיאסצקי","יכולות","חקיקה, פוליטיקה ומוסדות","cap_015","יכולת לפעול בתוך מוסדות קיימים ולא רק מחוץ להם","has","https://hagush.org.il/candidates.html; https://democrats.org.il/; https://meretz.org.il/%D7%A7%D7%98%D7%99-%D7%A4%D7%99%D7%90%D7%98%D7%A6%D7%A1%D7%A7%D7%99/; https://www.be106.net/49/126160; https://www.ynet.co.il/news/article/rjakywcvzl","72","נמצא ניסיון פעולה בתוך מוסדות קיימים: כנסת, רשות מקומית, צה״ל או עמותה ארצית."
"קטי פיאסצקי","יכולות","חקיקה, פוליטיקה ומוסדות","cap_016","ניסיון בבניית תנועה פוליטית, מפלגה או אלטרנטיבה שלטונית","partial","https://hagush.org.il/candidates.html; https://democrats.org.il/; https://meretz.org.il/%D7%A7%D7%98%D7%99-%D7%A4%D7%99%D7%90%D7%98%D7%A6%D7%A1%D7%A7%D7%99/; https://www.be106.net/49/126160; https://www.ynet.co.il/news/article/rjakywcvzl","58","יש ניסיון בבניית תשתיות ציבוריות/אזרחיות או חיבור מחאה לפוליטיקה, אך לא בהקמת מפלגה שלמה."
"קטי פיאסצקי","יכולות","חקיקה, פוליטיקה ומוסדות","cap_017","יכולת לייצר שיתופי פעולה בין זרמים, מפלגות או קבוצות אינטרס","has","https://hagush.org.il/candidates.html; https://democrats.org.il/; https://meretz.org.il/%D7%A7%D7%98%D7%99-%D7%A4%D7%99%D7%90%D7%98%D7%A6%D7%A1%D7%A7%D7%99/; https://www.be106.net/49/126160; https://www.ynet.co.il/news/article/rjakywcvzl","74","הפרופיל מציג בניית שיתופי פעולה בין קהלים/ארגונים/מוסדות, ולכן יש בסיס ליכולת קואליציונית."
"קטי פיאסצקי","יכולות","חקיקה, פוליטיקה ומוסדות","cap_018","יכולת לתרגם עמדות אידיאולוגיות לפעולות מוסדיות או חקיקתיות","has","https://hagush.org.il/candidates.html; https://democrats.org.il/; https://meretz.org.il/%D7%A7%D7%98%D7%99-%D7%A4%D7%99%D7%90%D7%98%D7%A6%D7%A1%D7%A7%D7%99/; https://www.be106.net/49/126160; https://www.ynet.co.il/news/article/rjakywcvzl","72","נמצא ניסיון בתרגום ערכים לעשייה מוסדית: כנסת, עירייה, עמותה או פרויקטים ציבוריים."
"קטי פיאסצקי","יכולות","תקשורת, הסברה והשפעה ציבורית","cap_019","יכולת ליצור מסרים חדים, ברורים וזכירים","has","https://hagush.org.il/candidates.html; https://democrats.org.il/; https://meretz.org.il/%D7%A7%D7%98%D7%99-%D7%A4%D7%99%D7%90%D7%98%D7%A6%D7%A1%D7%A7%D7%99/; https://www.be106.net/49/126160; https://www.ynet.co.il/news/article/rjakywcvzl","65","הפרופיל מציג פעילות ציבורית שמחייבת ניסוח מסרים, הופעה ושכנוע; עוצמת היכולת משתנה לפי מידת הנראות במקורות."
"קטי פיאסצקי","יכולות","תקשורת, הסברה והשפעה ציבורית","cap_020","יכולת לייצר תוכן דיגיטלי, ויראלי או תקשורתי שמגיע לקהלים רחבים","partial","https://hagush.org.il/candidates.html; https://democrats.org.il/; https://meretz.org.il/%D7%A7%D7%98%D7%99-%D7%A4%D7%99%D7%90%D7%98%D7%A6%D7%A1%D7%A7%D7%99/; https://www.be106.net/49/126160; https://www.ynet.co.il/news/article/rjakywcvzl","65","יש רקע דיגיטלי/סייברי או נוכחות ציבורית ברשת, אך לא תמיד הוכחה להפקת תוכן פוליטי רחב."
"קטי פיאסצקי","יכולות","תקשורת, הסברה והשפעה ציבורית","cap_021","ניסיון בהופעה ציבורית, ראיונות, פודקאסטים, קולנוע, כתיבה או הרצאות","has","https://hagush.org.il/candidates.html; https://democrats.org.il/; https://meretz.org.il/%D7%A7%D7%98%D7%99-%D7%A4%D7%99%D7%90%D7%98%D7%A6%D7%A1%D7%A7%D7%99/; https://www.be106.net/49/126160; https://www.ynet.co.il/news/article/rjakywcvzl","72","נמצא ניסיון בהופעות/מפגשים ציבוריים, פעילות פוליטית או הרצאות/ראיונות סביב תחום העשייה."
"קטי פיאסצקי","יכולות","תקשורת, הסברה והשפעה ציבורית","cap_022","יכולת להסביר נושאים מורכבים בשפה נגישה ולא טכנוקרטית","has","https://hagush.org.il/candidates.html; https://democrats.org.il/; https://meretz.org.il/%D7%A7%D7%98%D7%99-%D7%A4%D7%99%D7%90%D7%98%D7%A6%D7%A1%D7%A7%D7%99/; https://www.be106.net/49/126160; https://www.ynet.co.il/news/article/rjakywcvzl","65","הפרופיל מציג פעילות ציבורית שמחייבת ניסוח מסרים, הופעה ושכנוע; עוצמת היכולת משתנה לפי מידת הנראות במקורות."
"קטי פיאסצקי","יכולות","תקשורת, הסברה והשפעה ציבורית","cap_023","יכולת לנהל מאבק תודעתי מול יריבים פוליטיים או תקשורתיים","has","https://hagush.org.il/candidates.html; https://democrats.org.il/; https://meretz.org.il/%D7%A7%D7%98%D7%99-%D7%A4%D7%99%D7%90%D7%98%D7%A6%D7%A1%D7%A7%D7%99/; https://www.be106.net/49/126160; https://www.ynet.co.il/news/article/rjakywcvzl","65","הפרופיל מציג פעילות ציבורית שמחייבת ניסוח מסרים, הופעה ושכנוע; עוצמת היכולת משתנה לפי מידת הנראות במקורות."
"קטי פיאסצקי","יכולות","תקשורת, הסברה והשפעה ציבורית","cap_024","יכולת להפוך סיפור אישי או ערכי לכלי גיוס ציבורי","has","https://hagush.org.il/candidates.html; https://democrats.org.il/; https://meretz.org.il/%D7%A7%D7%98%D7%99-%D7%A4%D7%99%D7%90%D7%98%D7%A6%D7%A1%D7%A7%D7%99/; https://www.be106.net/49/126160; https://www.ynet.co.il/news/article/rjakywcvzl","74","למועמד/ת יש סיפור זהות או עשייה ציבורית מובהק שניתן להפוך לכלי גיוס ציבורי."
"קטי פיאסצקי","יכולות","חיבור בין קהלים ועולמות","cap_025","יכולת לחבר בין יהודים לערבים בתוך מסגרת פוליטית או אזרחית משותפת","partial","https://hagush.org.il/candidates.html; https://democrats.org.il/; https://meretz.org.il/%D7%A7%D7%98%D7%99-%D7%A4%D7%99%D7%90%D7%98%D7%A6%D7%A1%D7%A7%D7%99/; https://www.be106.net/49/126160; https://www.ynet.co.il/news/article/rjakywcvzl","48","יש זיקה למחנה שוויוני, אך לא נמצא ניסיון אישי מובהק בגישור יהודי־ערבי."
"קטי פיאסצקי","יכולות","חיבור בין קהלים ועולמות","cap_026","יכולת לחבר בין שמאל ליברלי לבין פריפריה מזרחית, מסורתית או גיאוגרפית","has","https://hagush.org.il/candidates.html; https://democrats.org.il/; https://meretz.org.il/%D7%A7%D7%98%D7%99-%D7%A4%D7%99%D7%90%D7%98%D7%A6%D7%A1%D7%A7%D7%99/; https://www.be106.net/49/126160; https://www.ynet.co.il/news/article/rjakywcvzl","72","הרקע בפריפריה, מיעוטים, חינוך, רווחה או שלטון מקומי מספק בסיס לחיבור בין שמאל ליברלי לקהלים חברתיים/גיאוגרפיים רחבים."
"קטי פיאסצקי","יכולות","חיבור בין קהלים ועולמות","cap_027","יכולת לחבר בין עולם המחאה לבין עבודה מפלגתית ומוסדית","has","https://hagush.org.il/candidates.html; https://democrats.org.il/; https://meretz.org.il/%D7%A7%D7%98%D7%99-%D7%A4%D7%99%D7%90%D7%98%D7%A6%D7%A1%D7%A7%D7%99/; https://www.be106.net/49/126160; https://www.ynet.co.il/news/article/rjakywcvzl","82","נמצא מעבר ברור מפעילות מחאה ומאבק ציבורי לזירה מפלגתית בדמוקרטים."
"קטי פיאסצקי","יכולות","חיבור בין קהלים ועולמות","cap_028","יכולת לחבר בין היי־טק, חדשנות ודיגיטל לבין פוליטיקה ציבורית","partial","https://hagush.org.il/candidates.html; https://democrats.org.il/; https://meretz.org.il/%D7%A7%D7%98%D7%99-%D7%A4%D7%99%D7%90%D7%98%D7%A6%D7%A1%D7%A7%D7%99/; https://www.be106.net/49/126160; https://www.ynet.co.il/news/article/rjakywcvzl","58","יש רקע טכנולוגי/חדשני או ארגוני, אך לא נמצאה הוכחה מלאה לשילובו בפוליטיקה ציבורית."
"קטי פיאסצקי","יכולות","חיבור בין קהלים ועולמות","cap_029","יכולת לחבר בין שפה מקצועית־ביטחונית לבין שפה אזרחית וערכית","unknown","מקורות שנבדקו: https://hagush.org.il/candidates.html; https://democrats.org.il/; https://meretz.org.il/%D7%A7%D7%98%D7%99-%D7%A4%D7%99%D7%90%D7%98%D7%A6%D7%A1%D7%A7%D7%99/; https://www.be106.net/49/126160; https://www.ynet.co.il/news/article/rjakywcvzl","0","לא נמצא במקורות שנבדקו בסיס עובדתי ישיר או עקיף מספיק לקביעה סבירה; נשאר unknown לפי כלל אי־הניחוש."
"קטי פיאסצקי","יכולות","חיבור בין קהלים ועולמות","cap_030","אמינות מול קהילות שטח ולא רק מול קהל תקשורתי או אליטיסטי","has","https://hagush.org.il/candidates.html; https://democrats.org.il/; https://meretz.org.il/%D7%A7%D7%98%D7%99-%D7%A4%D7%99%D7%90%D7%98%D7%A6%D7%A1%D7%A7%D7%99/; https://www.be106.net/49/126160; https://www.ynet.co.il/news/article/rjakywcvzl","72","הפרופיל מבוסס על פעילות שטח מול קהילות ממשיות ולא רק על נראות תקשורתית."
"קטי פיאסצקי","יכולות","חדשנות, למידה ושיתוף ציבור","cap_031","שימוש בטכנולוגיה, מידע או כלים דיגיטליים לשיתוף ציבור וארגון פוליטי","partial","https://hagush.org.il/candidates.html; https://democrats.org.il/; https://meretz.org.il/%D7%A7%D7%98%D7%99-%D7%A4%D7%99%D7%90%D7%98%D7%A6%D7%A1%D7%A7%D7%99/; https://www.be106.net/49/126160; https://www.ynet.co.il/news/article/rjakywcvzl","48","יש זיקה לטכנולוגיה/חדשנות, אך אין מקור מפורש לשיתוף ציבור דיגיטלי."
"קטי פיאסצקי","יכולות","חדשנות, למידה ושיתוף ציבור","cap_032","חשיבה מערכתית שמזהה קשרים בין משבר פוליטי, כלכלה, ביטחון וחברה","partial","https://hagush.org.il/candidates.html; https://democrats.org.il/; https://meretz.org.il/%D7%A7%D7%98%D7%99-%D7%A4%D7%99%D7%90%D7%98%D7%A6%D7%A1%D7%A7%D7%99/; https://www.be106.net/49/126160; https://www.ynet.co.il/news/article/rjakywcvzl","70","הרקע מציג חשיבה מערכתית המחברת חברה, מוסדות, קהילות ויישום מעשי; רמת הביטחון משתנה לפי עומק המקורות."
"קטי פיאסצקי","יכולות","חדשנות, למידה ושיתוף ציבור","cap_033","יזמות בפתרונות לא שגרתיים לבעיות פוליטיות או חברתיות","partial","https://hagush.org.il/candidates.html; https://democrats.org.il/; https://meretz.org.il/%D7%A7%D7%98%D7%99-%D7%A4%D7%99%D7%90%D7%98%D7%A6%D7%A1%D7%A7%D7%99/; https://www.be106.net/49/126160; https://www.ynet.co.il/news/article/rjakywcvzl","70","הרקע מציג חשיבה מערכתית המחברת חברה, מוסדות, קהילות ויישום מעשי; רמת הביטחון משתנה לפי עומק המקורות."
"קטי פיאסצקי","יכולות","חדשנות, למידה ושיתוף ציבור","cap_034","יכולת ללמוד תחומים חדשים ולהפוך אותם לשפה ציבורית ברורה","has","https://hagush.org.il/candidates.html; https://democrats.org.il/; https://meretz.org.il/%D7%A7%D7%98%D7%99-%D7%A4%D7%99%D7%90%D7%98%D7%A6%D7%A1%D7%A7%D7%99/; https://www.be106.net/49/126160; https://www.ynet.co.il/news/article/rjakywcvzl","62","הפרופיל מציג למידה, יזמות או פיתוח מסגרות פעולה חדשות; לגבי ניסויים דמוקרטיים ארגוניים הביטחון בינוני."
"קטי פיאסצקי","יכולות","חדשנות, למידה ושיתוף ציבור","cap_035","שילוב בין ידע מקצועי, ניסיון אישי וערכים פוליטיים","partial","https://hagush.org.il/candidates.html; https://democrats.org.il/; https://meretz.org.il/%D7%A7%D7%98%D7%99-%D7%A4%D7%99%D7%90%D7%98%D7%A6%D7%A1%D7%A7%D7%99/; https://www.be106.net/49/126160; https://www.ynet.co.il/news/article/rjakywcvzl","70","הרקע מציג חשיבה מערכתית המחברת חברה, מוסדות, קהילות ויישום מעשי; רמת הביטחון משתנה לפי עומק המקורות."
"קטי פיאסצקי","יכולות","חדשנות, למידה ושיתוף ציבור","cap_036","פתיחות לניסויים ארגוניים ודמוקרטיים חדשים ולא רק לשיטות פוליטיות קיימות","partial","https://hagush.org.il/candidates.html; https://democrats.org.il/; https://meretz.org.il/%D7%A7%D7%98%D7%99-%D7%A4%D7%99%D7%90%D7%98%D7%A6%D7%A1%D7%A7%D7%99/; https://www.be106.net/49/126160; https://www.ynet.co.il/news/article/rjakywcvzl","62","הפרופיל מציג למידה, יזמות או פיתוח מסגרות פעולה חדשות; לגבי ניסויים דמוקרטיים ארגוניים הביטחון בינוני."
"סומיה בשיר","דעות","דמוקרטיה, משילות ותיקון מוסדות המדינה","D-001","נטייה לתיקון חוקתי ומוסדי עמוק, ולא רק להחלפת ממשלה","supports","https://hagush.org.il/candidates.html; https://democrats.org.il/; https://www.somayabashir.com/; https://he.wikipedia.org/wiki/%D7%A1%D7%95%D7%9E%D7%99%D7%94_%D7%91%D7%A9%D7%99%D7%A8; https://www.themarker.com/labels/women2025/2025-02-10/ty-article-labels/00000194-ef42-dc45-a79c-effff4390000","60","ההתמודדות בדמוקרטים והפעילות הציבורית מצביעות על הזדהות עם תיקון דמוקרטי ומוסדי, אך ללא פירוט מלא של מנגנון חוקתי."
"סומיה בשיר","דעות","דמוקרטיה, משילות ותיקון מוסדות המדינה","D-002","ראיית המשבר הדמוקרטי כתוצאה של שיטה פוליטית פגומה ולא רק של אדם או ממשלה מסוימת","supports","https://hagush.org.il/candidates.html; https://democrats.org.il/; https://www.somayabashir.com/; https://he.wikipedia.org/wiki/%D7%A1%D7%95%D7%9E%D7%99%D7%94_%D7%91%D7%A9%D7%99%D7%A8; https://www.themarker.com/labels/women2025/2025-02-10/ty-article-labels/00000194-ef42-dc45-a79c-effff4390000","60","ההתמודדות בדמוקרטים והפעילות הציבורית מצביעות על הזדהות עם תיקון דמוקרטי ומוסדי, אך ללא פירוט מלא של מנגנון חוקתי."
"סומיה בשיר","דעות","דמוקרטיה, משילות ותיקון מוסדות המדינה","D-003","נכונות למאבק ציבורי חריף כאשר מוסדות המדינה נתפסים כמאוימים","supports","https://hagush.org.il/candidates.html; https://democrats.org.il/; https://www.somayabashir.com/; https://he.wikipedia.org/wiki/%D7%A1%D7%95%D7%9E%D7%99%D7%94_%D7%91%D7%A9%D7%99%D7%A8; https://www.themarker.com/labels/women2025/2025-02-10/ty-article-labels/00000194-ef42-dc45-a79c-effff4390000","60","ההתמודדות בדמוקרטים והפעילות הציבורית מצביעות על הזדהות עם תיקון דמוקרטי ומוסדי, אך ללא פירוט מלא של מנגנון חוקתי."
"סומיה בשיר","דעות","דמוקרטיה, משילות ותיקון מוסדות המדינה","D-004","העדפה לשיקום ממלכתי, זהיר ומוסדי של המדינה לאחר המשבר","supports","https://hagush.org.il/candidates.html; https://democrats.org.il/; https://www.somayabashir.com/; https://he.wikipedia.org/wiki/%D7%A1%D7%95%D7%9E%D7%99%D7%94_%D7%91%D7%A9%D7%99%D7%A8; https://www.themarker.com/labels/women2025/2025-02-10/ty-article-labels/00000194-ef42-dc45-a79c-effff4390000","60","ההתמודדות בדמוקרטים והפעילות הציבורית מצביעות על הזדהות עם תיקון דמוקרטי ומוסדי, אך ללא פירוט מלא של מנגנון חוקתי."
"סומיה בשיר","דעות","דמוקרטיה, משילות ותיקון מוסדות המדינה","D-005","תמיכה בשיתוף ציבור, דמוקרטיה פנימית ושקיפות בתוך המפלגה ובמערכת הפוליטית","supports","https://hagush.org.il/candidates.html; https://democrats.org.il/; https://www.somayabashir.com/; https://he.wikipedia.org/wiki/%D7%A1%D7%95%D7%9E%D7%99%D7%94_%D7%91%D7%A9%D7%99%D7%A8; https://www.themarker.com/labels/women2025/2025-02-10/ty-article-labels/00000194-ef42-dc45-a79c-effff4390000","60","ההתמודדות בדמוקרטים והפעילות הציבורית מצביעות על הזדהות עם תיקון דמוקרטי ומוסדי, אך ללא פירוט מלא של מנגנון חוקתי."
"סומיה בשיר","דעות","דמוקרטיה, משילות ותיקון מוסדות המדינה","D-006","נכונות להגביל כוח שלטוני גם כאשר הכוח נמצא בידי המחנה הקרוב אידיאולוגית","supports","https://hagush.org.il/candidates.html; https://democrats.org.il/; https://www.somayabashir.com/; https://he.wikipedia.org/wiki/%D7%A1%D7%95%D7%9E%D7%99%D7%94_%D7%91%D7%A9%D7%99%D7%A8; https://www.themarker.com/labels/women2025/2025-02-10/ty-article-labels/00000194-ef42-dc45-a79c-effff4390000","60","ההתמודדות בדמוקרטים והפעילות הציבורית מצביעות על הזדהות עם תיקון דמוקרטי ומוסדי, אך ללא פירוט מלא של מנגנון חוקתי."
"סומיה בשיר","דעות","יחס למחנה השני ויכולת גישור","D-007","ראיית מצביעי המחנה השני כיריבים פוליטיים לגיטימיים ולא כאויבים","supports","https://hagush.org.il/candidates.html; https://democrats.org.il/; https://www.somayabashir.com/; https://he.wikipedia.org/wiki/%D7%A1%D7%95%D7%9E%D7%99%D7%94_%D7%91%D7%A9%D7%99%D7%A8; https://www.themarker.com/labels/women2025/2025-02-10/ty-article-labels/00000194-ef42-dc45-a79c-effff4390000","72","הרקע הציבורי מתמקד בחיבור בין קהלים, שותפות או עבודה עם ציבור מגוון; יש בסיס לסיווג כתומך בגישור ובשיח לגיטימי."
"סומיה בשיר","דעות","יחס למחנה השני ויכולת גישור","D-008","הבחנה בין הנהגת המחנה השני לבין הציבור הרחב שתומך בה","supports","https://hagush.org.il/candidates.html; https://democrats.org.il/; https://www.somayabashir.com/; https://he.wikipedia.org/wiki/%D7%A1%D7%95%D7%9E%D7%99%D7%94_%D7%91%D7%A9%D7%99%D7%A8; https://www.themarker.com/labels/women2025/2025-02-10/ty-article-labels/00000194-ef42-dc45-a79c-effff4390000","72","הרקע הציבורי מתמקד בחיבור בין קהלים, שותפות או עבודה עם ציבור מגוון; יש בסיס לסיווג כתומך בגישור ובשיח לגיטימי."
"סומיה בשיר","דעות","יחס למחנה השני ויכולת גישור","D-009","אמונה שאפשר לבנות גשר מחודש בין המחנה הדמוקרטי־ליברלי לבין חלקים מהימין המסורתי","supports","https://hagush.org.il/candidates.html; https://democrats.org.il/; https://www.somayabashir.com/; https://he.wikipedia.org/wiki/%D7%A1%D7%95%D7%9E%D7%99%D7%94_%D7%91%D7%A9%D7%99%D7%A8; https://www.themarker.com/labels/women2025/2025-02-10/ty-article-labels/00000194-ef42-dc45-a79c-effff4390000","72","הרקע הציבורי מתמקד בחיבור בין קהלים, שותפות או עבודה עם ציבור מגוון; יש בסיס לסיווג כתומך בגישור ובשיח לגיטימי."
"סומיה בשיר","דעות","יחס למחנה השני ויכולת גישור","D-010","העדפה להכרעה פוליטית ברורה על פני פיוס מוקדם עם המחנה השני","mixed","https://hagush.org.il/candidates.html; https://democrats.org.il/; https://www.somayabashir.com/; https://he.wikipedia.org/wiki/%D7%A1%D7%95%D7%9E%D7%99%D7%94_%D7%91%D7%A9%D7%99%D7%A8; https://www.themarker.com/labels/women2025/2025-02-10/ty-article-labels/00000194-ef42-dc45-a79c-effff4390000","55","הפרופיל מדגיש גישור ושותפות, אך גם מאבק ציבורי ודמוקרטי; לכן אין העדפה חד־משמעית להכרעה על פני פיוס."
"סומיה בשיר","דעות","יחס למחנה השני ויכולת גישור","D-011","נכונות לשיח עם דתיים, מסורתיים, חרדים וימנים גם כאשר קיימת מחלוקת ערכית עמוקה","supports","https://hagush.org.il/candidates.html; https://democrats.org.il/; https://www.somayabashir.com/; https://he.wikipedia.org/wiki/%D7%A1%D7%95%D7%9E%D7%99%D7%94_%D7%91%D7%A9%D7%99%D7%A8; https://www.themarker.com/labels/women2025/2025-02-10/ty-article-labels/00000194-ef42-dc45-a79c-effff4390000","72","הרקע הציבורי מתמקד בחיבור בין קהלים, שותפות או עבודה עם ציבור מגוון; יש בסיס לסיווג כתומך בגישור ובשיח לגיטימי."
"סומיה בשיר","דעות","יחס למחנה השני ויכולת גישור","D-012","ראיית חלק מהמחנה השני כשותף עתידי אפשרי לשיקום המדינה לאחר עידן נתניהו","supports","https://hagush.org.il/candidates.html; https://democrats.org.il/; https://www.somayabashir.com/; https://he.wikipedia.org/wiki/%D7%A1%D7%95%D7%9E%D7%99%D7%94_%D7%91%D7%A9%D7%99%D7%A8; https://www.themarker.com/labels/women2025/2025-02-10/ty-article-labels/00000194-ef42-dc45-a79c-effff4390000","72","הרקע הציבורי מתמקד בחיבור בין קהלים, שותפות או עבודה עם ציבור מגוון; יש בסיס לסיווג כתומך בגישור ובשיח לגיטימי."
"סומיה בשיר","דעות","שסעים פנימיים בחברה היהודית","D-013","ראיית השסע העדתי והפריפריאלי כמרכיב מרכזי במשבר הפוליטי בישראל","unknown","מקורות שנבדקו: https://hagush.org.il/candidates.html; https://democrats.org.il/; https://www.somayabashir.com/; https://he.wikipedia.org/wiki/%D7%A1%D7%95%D7%9E%D7%99%D7%94_%D7%91%D7%A9%D7%99%D7%A8; https://www.themarker.com/labels/women2025/2025-02-10/ty-article-labels/00000194-ef42-dc45-a79c-effff4390000","0","לא נמצא במקורות שנבדקו בסיס עובדתי ישיר או עקיף מספיק לקביעה סבירה; נשאר unknown לפי כלל אי־הניחוש."
"סומיה בשיר","דעות","שסעים פנימיים בחברה היהודית","D-014","נכונות לדבר עם מצביעים מזרחים, מסורתיים ופריפריאליים בשפה שאינה מתנשאת ואינה רק ליברלית־אשכנזית","supports","https://hagush.org.il/candidates.html; https://democrats.org.il/; https://www.somayabashir.com/; https://he.wikipedia.org/wiki/%D7%A1%D7%95%D7%9E%D7%99%D7%94_%D7%91%D7%A9%D7%99%D7%A8; https://www.themarker.com/labels/women2025/2025-02-10/ty-article-labels/00000194-ef42-dc45-a79c-effff4390000","68","הפרופיל מדגיש פריפריה, חינוך, רווחה או עבודה עם קהלים שאינם מרכז־אליטה; יש בסיס לראות בו תומך בתיקון יחסי מרכז־פריפריה ובשפה לא מתנשאת."
"סומיה בשיר","דעות","שסעים פנימיים בחברה היהודית","D-015","ראיית השסע הדתי־חילוני כאיום מרכזי על הלכידות של החברה היהודית בישראל","supports","https://hagush.org.il/candidates.html; https://democrats.org.il/; https://www.somayabashir.com/; https://he.wikipedia.org/wiki/%D7%A1%D7%95%D7%9E%D7%99%D7%94_%D7%91%D7%A9%D7%99%D7%A8; https://www.themarker.com/labels/women2025/2025-02-10/ty-article-labels/00000194-ef42-dc45-a79c-effff4390000","65","המקורות מציגים עיסוק ממשי במתח שבין דת, זהות ומרחב ציבורי; לכן יש בסיס בינוני לזיהוי השסע הדתי־חילוני כסוגיה מרכזית."
"סומיה בשיר","דעות","שסעים פנימיים בחברה היהודית","D-016","תמיכה בבניית ברית חדשה בין ליברלים, מסורתיים, דתיים מתונים ופריפריה חברתית","supports","https://hagush.org.il/candidates.html; https://democrats.org.il/; https://www.somayabashir.com/; https://he.wikipedia.org/wiki/%D7%A1%D7%95%D7%9E%D7%99%D7%94_%D7%91%D7%A9%D7%99%D7%A8; https://www.themarker.com/labels/women2025/2025-02-10/ty-article-labels/00000194-ef42-dc45-a79c-effff4390000","68","הפרופיל מדגיש פריפריה, חינוך, רווחה או עבודה עם קהלים שאינם מרכז־אליטה; יש בסיס לראות בו תומך בתיקון יחסי מרכז־פריפריה ובשפה לא מתנשאת."
"סומיה בשיר","דעות","שסעים פנימיים בחברה היהודית","D-017","ביקורת על מחנה המרכז־שמאל כאשר הוא נתפס כמנותק, אליטיסטי או חסר רגישות לפריפריה","unknown","מקורות שנבדקו: https://hagush.org.il/candidates.html; https://democrats.org.il/; https://www.somayabashir.com/; https://he.wikipedia.org/wiki/%D7%A1%D7%95%D7%9E%D7%99%D7%94_%D7%91%D7%A9%D7%99%D7%A8; https://www.themarker.com/labels/women2025/2025-02-10/ty-article-labels/00000194-ef42-dc45-a79c-effff4390000","0","לא נמצא במקורות שנבדקו בסיס עובדתי ישיר או עקיף מספיק לקביעה סבירה; נשאר unknown לפי כלל אי־הניחוש."
"סומיה בשיר","דעות","שסעים פנימיים בחברה היהודית","D-018","העדפה לתיקון יחסי מרכז־פריפריה כחלק מבניית מחנה דמוקרטי רחב","supports","https://hagush.org.il/candidates.html; https://democrats.org.il/; https://www.somayabashir.com/; https://he.wikipedia.org/wiki/%D7%A1%D7%95%D7%9E%D7%99%D7%94_%D7%91%D7%A9%D7%99%D7%A8; https://www.themarker.com/labels/women2025/2025-02-10/ty-article-labels/00000194-ef42-dc45-a79c-effff4390000","68","הפרופיל מדגיש פריפריה, חינוך, רווחה או עבודה עם קהלים שאינם מרכז־אליטה; יש בסיס לראות בו תומך בתיקון יחסי מרכז־פריפריה ובשפה לא מתנשאת."
"סומיה בשיר","דעות","מדינה יהודית ודמוקרטית, דת ומדינה","D-019","העדפה לזהות ישראלית שבה הרכיב הדמוקרטי קודם לרכיב הדתי־לאומי כאשר יש התנגשות ביניהם","mixed","https://hagush.org.il/candidates.html; https://democrats.org.il/; https://www.somayabashir.com/; https://he.wikipedia.org/wiki/%D7%A1%D7%95%D7%9E%D7%99%D7%94_%D7%91%D7%A9%D7%99%D7%A8; https://www.themarker.com/labels/women2025/2025-02-10/ty-article-labels/00000194-ef42-dc45-a79c-effff4390000","52","יש שילוב בין שייכות לדמוקרטים לבין הדגשת זהות דתית קהילתית; לא נמצא בסיס חד להעדפת הפרדה מלאה או לעמדה ליברלית בכל נושא."
"סומיה בשיר","דעות","מדינה יהודית ודמוקרטית, דת ומדינה","D-020","העדפה לזהות ישראלית שבה היהדות היא מקור תרבותי וערכי, אך אינה צריכה לשלוט במוסדות המדינה","mixed","https://hagush.org.il/candidates.html; https://democrats.org.il/; https://www.somayabashir.com/; https://he.wikipedia.org/wiki/%D7%A1%D7%95%D7%9E%D7%99%D7%94_%D7%91%D7%A9%D7%99%D7%A8; https://www.themarker.com/labels/women2025/2025-02-10/ty-article-labels/00000194-ef42-dc45-a79c-effff4390000","52","יש שילוב בין שייכות לדמוקרטים לבין הדגשת זהות דתית קהילתית; לא נמצא בסיס חד להעדפת הפרדה מלאה או לעמדה ליברלית בכל נושא."
"סומיה בשיר","דעות","מדינה יהודית ודמוקרטית, דת ומדינה","D-021","תמיכה בהפרדה ברורה יותר בין סמכות דתית לבין סמכות מדינתית","mixed","https://hagush.org.il/candidates.html; https://democrats.org.il/; https://www.somayabashir.com/; https://he.wikipedia.org/wiki/%D7%A1%D7%95%D7%9E%D7%99%D7%94_%D7%91%D7%A9%D7%99%D7%A8; https://www.themarker.com/labels/women2025/2025-02-10/ty-article-labels/00000194-ef42-dc45-a79c-effff4390000","52","יש שילוב בין שייכות לדמוקרטים לבין הדגשת זהות דתית קהילתית; לא נמצא בסיס חד להעדפת הפרדה מלאה או לעמדה ליברלית בכל נושא."
"סומיה בשיר","דעות","מדינה יהודית ודמוקרטית, דת ומדינה","D-022","נכונות לשמר מרכיבים יהודיים־מסורתיים במרחב הציבורי כדי לאפשר שותפות עם ציבור מסורתי ודתי","supports","https://hagush.org.il/candidates.html; https://democrats.org.il/; https://www.somayabashir.com/; https://he.wikipedia.org/wiki/%D7%A1%D7%95%D7%9E%D7%99%D7%94_%D7%91%D7%A9%D7%99%D7%A8; https://www.themarker.com/labels/women2025/2025-02-10/ty-article-labels/00000194-ef42-dc45-a79c-effff4390000","75","הפרופיל מדגיש זהות דתית קהילתית בתוך מרחב ישראלי־דמוקרטי, ולכן יש בסיס לכיבוד מרכיבים דתיים־מסורתיים במרחב ציבורי משותף."
"סומיה בשיר","דעות","מדינה יהודית ודמוקרטית, דת ומדינה","D-023","התנגדות לכפייה דתית בנושאי נישואין, שבת, חינוך, מעמד אישי או שירות ציבורי","mixed","https://hagush.org.il/candidates.html; https://democrats.org.il/; https://www.somayabashir.com/; https://he.wikipedia.org/wiki/%D7%A1%D7%95%D7%9E%D7%99%D7%94_%D7%91%D7%A9%D7%99%D7%A8; https://www.themarker.com/labels/women2025/2025-02-10/ty-article-labels/00000194-ef42-dc45-a79c-effff4390000","52","יש שילוב בין שייכות לדמוקרטים לבין הדגשת זהות דתית קהילתית; לא נמצא בסיס חד להעדפת הפרדה מלאה או לעמדה ליברלית בכל נושא."
"סומיה בשיר","דעות","מדינה יהודית ודמוקרטית, דת ומדינה","D-024","תמיכה בשוויון חובות אזרחיות בין קבוצות, כולל שאלת גיוס חרדים או שירות אזרחי","supports","https://hagush.org.il/candidates.html; https://democrats.org.il/; https://www.somayabashir.com/; https://he.wikipedia.org/wiki/%D7%A1%D7%95%D7%9E%D7%99%D7%94_%D7%91%D7%A9%D7%99%D7%A8; https://www.themarker.com/labels/women2025/2025-02-10/ty-article-labels/00000194-ef42-dc45-a79c-effff4390000","78","הפרופיל מדגיש שירות/שילוב אזרחי של קבוצת מיעוט, ולכן יש בסיס לתמיכה בשוויון חובות אזרחיות."
"סומיה בשיר","דעות","הפרדה, גישור או שתי מדינות לעם היהודי","D-025","אמונה שהפער בין ישראל ליברלית לבין ישראל שמרנית־דתית עדיין ניתן לגישור פוליטי וחברתי","supports","https://hagush.org.il/candidates.html; https://democrats.org.il/; https://www.somayabashir.com/; https://he.wikipedia.org/wiki/%D7%A1%D7%95%D7%9E%D7%99%D7%94_%D7%91%D7%A9%D7%99%D7%A8; https://www.themarker.com/labels/women2025/2025-02-10/ty-article-labels/00000194-ef42-dc45-a79c-effff4390000","65","הפרופיל מדגיש חיבור בין קהילות, שותפות אזרחית או תיקון חברתי בתוך מסגרת ישראלית אחת; לכן יש בסיס לתמיכה בגישור ובמודלים של חיים משותפים."
"סומיה בשיר","דעות","הפרדה, גישור או שתי מדינות לעם היהודי","D-026","ראיית הפער בין המחנות כעמוק עד כדי צורך בהסדרים של אוטונומיה, ביזור או הפרדה חלקית","opposes","https://hagush.org.il/candidates.html; https://democrats.org.il/; https://www.somayabashir.com/; https://he.wikipedia.org/wiki/%D7%A1%D7%95%D7%9E%D7%99%D7%94_%D7%91%D7%A9%D7%99%D7%A8; https://www.themarker.com/labels/women2025/2025-02-10/ty-article-labels/00000194-ef42-dc45-a79c-effff4390000","62","הפרופיל מדגיש חיים משותפים, שותפות או מסגרת אזרחית משותפת, ולא הסדרי הפרדה פנימית בין מחנות."
"סומיה בשיר","דעות","הפרדה, גישור או שתי מדינות לעם היהודי","D-027","תמיכה בביזור סמכויות לשלטון מקומי כדי לאפשר לקהילות שונות לחיות לפי אורחות חיים שונים","unknown","מקורות שנבדקו: https://hagush.org.il/candidates.html; https://democrats.org.il/; https://www.somayabashir.com/; https://he.wikipedia.org/wiki/%D7%A1%D7%95%D7%9E%D7%99%D7%94_%D7%91%D7%A9%D7%99%D7%A8; https://www.themarker.com/labels/women2025/2025-02-10/ty-article-labels/00000194-ef42-dc45-a79c-effff4390000","0","לא נמצא במקורות שנבדקו בסיס עובדתי ישיר או עקיף מספיק לקביעה סבירה; נשאר unknown לפי כלל אי־הניחוש."
"סומיה בשיר","דעות","הפרדה, גישור או שתי מדינות לעם היהודי","D-028","התנגדות לרעיון של שתי מדינות לעם היהודי והעדפה למאבק על מסגרת מדינתית אחת משותפת","supports","https://hagush.org.il/candidates.html; https://democrats.org.il/; https://www.somayabashir.com/; https://he.wikipedia.org/wiki/%D7%A1%D7%95%D7%9E%D7%99%D7%94_%D7%91%D7%A9%D7%99%D7%A8; https://www.themarker.com/labels/women2025/2025-02-10/ty-article-labels/00000194-ef42-dc45-a79c-effff4390000","65","הפרופיל מדגיש חיבור בין קהילות, שותפות אזרחית או תיקון חברתי בתוך מסגרת ישראלית אחת; לכן יש בסיס לתמיכה בגישור ובמודלים של חיים משותפים."
"סומיה בשיר","דעות","הפרדה, גישור או שתי מדינות לעם היהודי","D-029","פתיחות לרעיון של הסדרים פנימיים חדשים בין חילונים, דתיים, חרדים, מסורתיים וליברלים","supports","https://hagush.org.il/candidates.html; https://democrats.org.il/; https://www.somayabashir.com/; https://he.wikipedia.org/wiki/%D7%A1%D7%95%D7%9E%D7%99%D7%94_%D7%91%D7%A9%D7%99%D7%A8; https://www.themarker.com/labels/women2025/2025-02-10/ty-article-labels/00000194-ef42-dc45-a79c-effff4390000","65","הפרופיל מדגיש חיבור בין קהילות, שותפות אזרחית או תיקון חברתי בתוך מסגרת ישראלית אחת; לכן יש בסיס לתמיכה בגישור ובמודלים של חיים משותפים."
"סומיה בשיר","דעות","הפרדה, גישור או שתי מדינות לעם היהודי","D-030","ראיית המשבר הישראלי לא רק כמאבק ימין־שמאל אלא כמאבק בין מודלים שונים של חיים משותפים","supports","https://hagush.org.il/candidates.html; https://democrats.org.il/; https://www.somayabashir.com/; https://he.wikipedia.org/wiki/%D7%A1%D7%95%D7%9E%D7%99%D7%94_%D7%91%D7%A9%D7%99%D7%A8; https://www.themarker.com/labels/women2025/2025-02-10/ty-article-labels/00000194-ef42-dc45-a79c-effff4390000","65","הפרופיל מדגיש חיבור בין קהילות, שותפות אזרחית או תיקון חברתי בתוך מסגרת ישראלית אחת; לכן יש בסיס לתמיכה בגישור ובמודלים של חיים משותפים."
"סומיה בשיר","דעות","יהודים־ערבים, שוויון אזרחי וחיים משותפים","D-031","ראיית אזרחי ישראל הערבים כחלק מלא מהדיון על עתיד המדינה ולא כעניין נפרד או משני","supports","https://hagush.org.il/candidates.html; https://democrats.org.il/; https://www.somayabashir.com/; https://he.wikipedia.org/wiki/%D7%A1%D7%95%D7%9E%D7%99%D7%94_%D7%91%D7%A9%D7%99%D7%A8; https://www.themarker.com/labels/women2025/2025-02-10/ty-article-labels/00000194-ef42-dc45-a79c-effff4390000","82","המקורות מציגים זהות מיעוט ו/או פעילות מפורשת לשותפות ושוויון בין יהודים לערבים; זה בסיס ישיר לתמיכה בהיגד."
"סומיה בשיר","דעות","יהודים־ערבים, שוויון אזרחי וחיים משותפים","D-032","תמיכה בשוויון אזרחי גם כאשר הוא מחייב שינוי בחוקים, סמלים או חלוקת משאבים","supports","https://hagush.org.il/candidates.html; https://democrats.org.il/; https://www.somayabashir.com/; https://he.wikipedia.org/wiki/%D7%A1%D7%95%D7%9E%D7%99%D7%94_%D7%91%D7%A9%D7%99%D7%A8; https://www.themarker.com/labels/women2025/2025-02-10/ty-article-labels/00000194-ef42-dc45-a79c-effff4390000","82","המקורות מציגים זהות מיעוט ו/או פעילות מפורשת לשותפות ושוויון בין יהודים לערבים; זה בסיס ישיר לתמיכה בהיגד."
"סומיה בשיר","דעות","יהודים־ערבים, שוויון אזרחי וחיים משותפים","D-033","תמיכה בשותפות פוליטית יהודית־ערבית כחלק מבניית מחנה דמוקרטי רחב","supports","https://hagush.org.il/candidates.html; https://democrats.org.il/; https://www.somayabashir.com/; https://he.wikipedia.org/wiki/%D7%A1%D7%95%D7%9E%D7%99%D7%94_%D7%91%D7%A9%D7%99%D7%A8; https://www.themarker.com/labels/women2025/2025-02-10/ty-article-labels/00000194-ef42-dc45-a79c-effff4390000","82","המקורות מציגים זהות מיעוט ו/או פעילות מפורשת לשותפות ושוויון בין יהודים לערבים; זה בסיס ישיר לתמיכה בהיגד."
"סומיה בשיר","דעות","יהודים־ערבים, שוויון אזרחי וחיים משותפים","D-034","העדפה לשילוב אזרחים ערבים במוקדי קבלת החלטות, כולל בתחומים מדיניים וביטחוניים","supports","https://hagush.org.il/candidates.html; https://democrats.org.il/; https://www.somayabashir.com/; https://he.wikipedia.org/wiki/%D7%A1%D7%95%D7%9E%D7%99%D7%94_%D7%91%D7%A9%D7%99%D7%A8; https://www.themarker.com/labels/women2025/2025-02-10/ty-article-labels/00000194-ef42-dc45-a79c-effff4390000","82","המקורות מציגים זהות מיעוט ו/או פעילות מפורשת לשותפות ושוויון בין יהודים לערבים; זה בסיס ישיר לתמיכה בהיגד."
"סומיה בשיר","דעות","יהודים־ערבים, שוויון אזרחי וחיים משותפים","D-035","התנגדות לגזענות, הדרה או דה־לגיטימציה של הציבור הערבי בישראל","supports","https://hagush.org.il/candidates.html; https://democrats.org.il/; https://www.somayabashir.com/; https://he.wikipedia.org/wiki/%D7%A1%D7%95%D7%9E%D7%99%D7%94_%D7%91%D7%A9%D7%99%D7%A8; https://www.themarker.com/labels/women2025/2025-02-10/ty-article-labels/00000194-ef42-dc45-a79c-effff4390000","82","המקורות מציגים זהות מיעוט ו/או פעילות מפורשת לשותפות ושוויון בין יהודים לערבים; זה בסיס ישיר לתמיכה בהיגד."
"סומיה בשיר","דעות","יהודים־ערבים, שוויון אזרחי וחיים משותפים","D-036","הכרה בכך שחיים משותפים מחייבים גם התמודדות עם פחדים, טראומות וחוסר אמון בשני הצדדים","supports","https://hagush.org.il/candidates.html; https://democrats.org.il/; https://www.somayabashir.com/; https://he.wikipedia.org/wiki/%D7%A1%D7%95%D7%9E%D7%99%D7%94_%D7%91%D7%A9%D7%99%D7%A8; https://www.themarker.com/labels/women2025/2025-02-10/ty-article-labels/00000194-ef42-dc45-a79c-effff4390000","82","המקורות מציגים זהות מיעוט ו/או פעילות מפורשת לשותפות ושוויון בין יהודים לערבים; זה בסיס ישיר לתמיכה בהיגד."
"סומיה בשיר","דעות","ביטחון, פלסטינים והסדר מדיני","D-037","תמיכה בנתיב מדיני ארוך טווח מול הפלסטינים, גם לאחר שבעה באוקטובר","supports","https://hagush.org.il/candidates.html; https://democrats.org.il/; https://www.somayabashir.com/; https://he.wikipedia.org/wiki/%D7%A1%D7%95%D7%9E%D7%99%D7%94_%D7%91%D7%A9%D7%99%D7%A8; https://www.themarker.com/labels/women2025/2025-02-10/ty-article-labels/00000194-ef42-dc45-a79c-effff4390000","60","פעילותה בשותפות יהודית־ערבית ובתנועות שלום נותנת בסיס עקיף לתמיכה בנתיב מדיני ובהתנגדות לשליטה ללא זכויות, אך לא נמצאה עמדה מפורטת על מודל הסדר."
"סומיה בשיר","דעות","ביטחון, פלסטינים והסדר מדיני","D-038","העדפה להיפרדות מדינית וביטחונית מהפלסטינים כדי לשמור על ישראל יהודית ודמוקרטית","mixed","https://hagush.org.il/candidates.html; https://democrats.org.il/; https://www.somayabashir.com/; https://he.wikipedia.org/wiki/%D7%A1%D7%95%D7%9E%D7%99%D7%94_%D7%91%D7%A9%D7%99%D7%A8; https://www.themarker.com/labels/women2025/2025-02-10/ty-article-labels/00000194-ef42-dc45-a79c-effff4390000","45","יש נטייה לשלום ולשותפות, אך לא נמצא מקור אישי מספיק שמכריע בין שתי מדינות, היפרדות או מודלים מורכבים."
"סומיה בשיר","דעות","ביטחון, פלסטינים והסדר מדיני","D-039","תמיכה בפתרון שתי מדינות או במודל קרוב לו כיעד אסטרטגי","mixed","https://hagush.org.il/candidates.html; https://democrats.org.il/; https://www.somayabashir.com/; https://he.wikipedia.org/wiki/%D7%A1%D7%95%D7%9E%D7%99%D7%94_%D7%91%D7%A9%D7%99%D7%A8; https://www.themarker.com/labels/women2025/2025-02-10/ty-article-labels/00000194-ef42-dc45-a79c-effff4390000","45","יש נטייה לשלום ולשותפות, אך לא נמצא מקור אישי מספיק שמכריע בין שתי מדינות, היפרדות או מודלים מורכבים."
"סומיה בשיר","דעות","ביטחון, פלסטינים והסדר מדיני","D-040","פתיחות למודלים מדיניים מורכבים כגון קונפדרציה, גבולות פתוחים או הסדר אזורי","mixed","https://hagush.org.il/candidates.html; https://democrats.org.il/; https://www.somayabashir.com/; https://he.wikipedia.org/wiki/%D7%A1%D7%95%D7%9E%D7%99%D7%94_%D7%91%D7%A9%D7%99%D7%A8; https://www.themarker.com/labels/women2025/2025-02-10/ty-article-labels/00000194-ef42-dc45-a79c-effff4390000","45","יש נטייה לשלום ולשותפות, אך לא נמצא מקור אישי מספיק שמכריע בין שתי מדינות, היפרדות או מודלים מורכבים."
"סומיה בשיר","דעות","ביטחון, פלסטינים והסדר מדיני","D-041","התנגדות להמשך שליטה ישראלית קבועה על אוכלוסייה פלסטינית ללא זכויות אזר מלאות","supports","https://hagush.org.il/candidates.html; https://democrats.org.il/; https://www.somayabashir.com/; https://he.wikipedia.org/wiki/%D7%A1%D7%95%D7%9E%D7%99%D7%94_%D7%91%D7%A9%D7%99%D7%A8; https://www.themarker.com/labels/women2025/2025-02-10/ty-article-labels/00000194-ef42-dc45-a79c-effff4390000","60","פעילותה בשותפות יהודית־ערבית ובתנועות שלום נותנת בסיס עקיף לתמיכה בנתיב מדיני ובהתנגדות לשליטה ללא זכויות, אך לא נמצאה עמדה מפורטת על מודל הסדר."
"סומיה בשיר","דעות","ביטחון, פלסטינים והסדר מדיני","D-042","ראיית הסדר אזורי עם מדינות ערביות מתונות כחלק מרכזי מהעתיד הביטחוני של ישראל","supports","https://hagush.org.il/candidates.html; https://democrats.org.il/; https://www.somayabashir.com/; https://he.wikipedia.org/wiki/%D7%A1%D7%95%D7%9E%D7%99%D7%94_%D7%91%D7%A9%D7%99%D7%A8; https://www.themarker.com/labels/women2025/2025-02-10/ty-article-labels/00000194-ef42-dc45-a79c-effff4390000","60","פעילותה בשותפות יהודית־ערבית ובתנועות שלום נותנת בסיס עקיף לתמיכה בנתיב מדיני ובהתנגדות לשליטה ללא זכויות, אך לא נמצאה עמדה מפורטת על מודל הסדר."
"סומיה בשיר","דעות","שבעה באוקטובר, אחריות, חטופים וזיכרון לאומי","D-043","ראיית שבעה באוקטובר כאירוע שמחייב חשבון נפש מדינתי, מוסדי וחברתי עמוק","supports","https://hagush.org.il/candidates.html; https://democrats.org.il/; https://www.somayabashir.com/; https://he.wikipedia.org/wiki/%D7%A1%D7%95%D7%9E%D7%99%D7%94_%D7%91%D7%A9%D7%99%D7%A8; https://www.themarker.com/labels/women2025/2025-02-10/ty-article-labels/00000194-ef42-dc45-a79c-effff4390000","62","ההתמודדות בדמוקרטים והפעילות הציבורית לאחר המשבר מצביעות על מחויבות לאחריות מדינתית, שיקום, שלטון חוק ורגישות לנפגעים; הביטחון בינוני כשאין ציטוט אישי לכל סעיף."
"סומיה בשיר","דעות","שבעה באוקטובר, אחריות, חטופים וזיכרון לאומי","D-044","תמיכה בוועדת חקירה ממלכתית ובאחריות אישית של הדרג המדיני והביטחוני","supports","https://hagush.org.il/candidates.html; https://democrats.org.il/; https://www.somayabashir.com/; https://he.wikipedia.org/wiki/%D7%A1%D7%95%D7%9E%D7%99%D7%94_%D7%91%D7%A9%D7%99%D7%A8; https://www.themarker.com/labels/women2025/2025-02-10/ty-article-labels/00000194-ef42-dc45-a79c-effff4390000","62","ההתמודדות בדמוקרטים והפעילות הציבורית לאחר המשבר מצביעות על מחויבות לאחריות מדינתית, שיקום, שלטון חוק ורגישות לנפגעים; הביטחון בינוני כשאין ציטוט אישי לכל סעיף."
"סומיה בשיר","דעות","שבעה באוקטובר, אחריות, חטופים וזיכרון לאומי","D-045","ראיית החטופים והמשפחות כסמל מוסרי מרכזי של אחריות המדינה לאזרחיה","supports","https://hagush.org.il/candidates.html; https://democrats.org.il/; https://www.somayabashir.com/; https://he.wikipedia.org/wiki/%D7%A1%D7%95%D7%9E%D7%99%D7%94_%D7%91%D7%A9%D7%99%D7%A8; https://www.themarker.com/labels/women2025/2025-02-10/ty-article-labels/00000194-ef42-dc45-a79c-effff4390000","62","ההתמודדות בדמוקרטים והפעילות הציבורית לאחר המשבר מצביעות על מחויבות לאחריות מדינתית, שיקום, שלטון חוק ורגישות לנפגעים; הביטחון בינוני כשאין ציטוט אישי לכל סעיף."
"סומיה בשיר","דעות","שבעה באוקטובר, אחריות, חטופים וזיכרון לאומי","D-046","התנגדות לשימוש פוליטי ציני בכאב של משפחות, נפגעים או קהילות שנפגעו במלחמה","supports","https://hagush.org.il/candidates.html; https://democrats.org.il/; https://www.somayabashir.com/; https://he.wikipedia.org/wiki/%D7%A1%D7%95%D7%9E%D7%99%D7%94_%D7%91%D7%A9%D7%99%D7%A8; https://www.themarker.com/labels/women2025/2025-02-10/ty-article-labels/00000194-ef42-dc45-a79c-effff4390000","62","ההתמודדות בדמוקרטים והפעילות הציבורית לאחר המשבר מצביעות על מחויבות לאחריות מדינתית, שיקום, שלטון חוק ורגישות לנפגעים; הביטחון בינוני כשאין ציטוט אישי לכל סעיף."
"סומיה בשיר","דעות","שבעה באוקטובר, אחריות, חטופים וזיכרון לאומי","D-047","תמיכה בשיקום העוטף והקהילות שנפגעו כחלק מהחוזה הבסיסי בין המדינה לאזרחיה","supports","https://hagush.org.il/candidates.html; https://democrats.org.il/; https://www.somayabashir.com/; https://he.wikipedia.org/wiki/%D7%A1%D7%95%D7%9E%D7%99%D7%94_%D7%91%D7%A9%D7%99%D7%A8; https://www.themarker.com/labels/women2025/2025-02-10/ty-article-labels/00000194-ef42-dc45-a79c-effff4390000","62","ההתמודדות בדמוקרטים והפעילות הציבורית לאחר המשבר מצביעות על מחויבות לאחריות מדינתית, שיקום, שלטון חוק ורגישות לנפגעים; הביטחון בינוני כשאין ציטוט אישי לכל סעיף."
"סומיה בשיר","דעות","שבעה באוקטובר, אחריות, חטופים וזיכרון לאומי","D-048","ראיית הטראומה של שבעה באוקטובר כבסיס לבניית מדיניות חדשה, לא רק כהצדקה להמשך מלחמה","supports","https://hagush.org.il/candidates.html; https://democrats.org.il/; https://www.somayabashir.com/; https://he.wikipedia.org/wiki/%D7%A1%D7%95%D7%9E%D7%99%D7%94_%D7%91%D7%A9%D7%99%D7%A8; https://www.themarker.com/labels/women2025/2025-02-10/ty-article-labels/00000194-ef42-dc45-a79c-effff4390000","62","ההתמודדות בדמוקרטים והפעילות הציבורית לאחר המשבר מצביעות על מחויבות לאחריות מדינתית, שיקום, שלטון חוק ורגישות לנפגעים; הביטחון בינוני כשאין ציטוט אישי לכל סעיף."
"סומיה בשיר","דעות","חברה, כלכלה, רווחה ופריפריה","D-049","הצבת צמצום אי־שוויון חברתי־כלכלי כנושא מרכזי בזהות הפוליטית","supports","https://hagush.org.il/candidates.html; https://democrats.org.il/; https://www.somayabashir.com/; https://he.wikipedia.org/wiki/%D7%A1%D7%95%D7%9E%D7%99%D7%94_%D7%91%D7%A9%D7%99%D7%A8; https://www.themarker.com/labels/women2025/2025-02-10/ty-article-labels/00000194-ef42-dc45-a79c-effff4390000","70","הפרופיל מציג עיסוק ישיר בחינוך, רווחה, שוויון, פריפריה או שירותים חברתיים; לכן יש בסיס ברור לתמיכה בצמצום פערים ובאחריות מדינתית."
"סומיה בשיר","דעות","חברה, כלכלה, רווחה ופריפריה","D-050","תמיכה בהרחבת אחריות המדינה בתחומי דיור, חינוך, בריאות ורווחה","supports","https://hagush.org.il/candidates.html; https://democrats.org.il/; https://www.somayabashir.com/; https://he.wikipedia.org/wiki/%D7%A1%D7%95%D7%9E%D7%99%D7%94_%D7%91%D7%A9%D7%99%D7%A8; https://www.themarker.com/labels/women2025/2025-02-10/ty-article-labels/00000194-ef42-dc45-a79c-effff4390000","70","הפרופיל מציג עיסוק ישיר בחינוך, רווחה, שוויון, פריפריה או שירותים חברתיים; לכן יש בסיס ברור לתמיכה בצמצום פערים ובאחריות מדינתית."
"סומיה בשיר","דעות","חברה, כלכלה, רווחה ופריפריה","D-051","תמיכה בזכויות עובדים, עבודה מאורגנת והגנה על שכבות מוחלשות","supports","https://hagush.org.il/candidates.html; https://democrats.org.il/; https://www.somayabashir.com/; https://he.wikipedia.org/wiki/%D7%A1%D7%95%D7%9E%D7%99%D7%94_%D7%91%D7%A9%D7%99%D7%A8; https://www.themarker.com/labels/women2025/2025-02-10/ty-article-labels/00000194-ef42-dc45-a79c-effff4390000","70","הפרופיל מציג עיסוק ישיר בחינוך, רווחה, שוויון, פריפריה או שירותים חברתיים; לכן יש בסיס ברור לתמיכה בצמצום פערים ובאחריות מדינתית."
"סומיה בשיר","דעות","חברה, כלכלה, רווחה ופריפריה","D-052","ראיית הפריפריה הגיאוגרפית והחברתית כשותפה אסטרטגית ולא כקהל יעד משני","supports","https://hagush.org.il/candidates.html; https://democrats.org.il/; https://www.somayabashir.com/; https://he.wikipedia.org/wiki/%D7%A1%D7%95%D7%9E%D7%99%D7%94_%D7%91%D7%A9%D7%99%D7%A8; https://www.themarker.com/labels/women2025/2025-02-10/ty-article-labels/00000194-ef42-dc45-a79c-effff4390000","70","הפרופיל מציג עיסוק ישיר בחינוך, רווחה, שוויון, פריפריה או שירותים חברתיים; לכן יש בסיס ברור לתמיכה בצמצום פערים ובאחריות מדינתית."
"סומיה בשיר","דעות","חברה, כלכלה, רווחה ופריפריה","D-053","תמיכה בהשקעה ארוכת טווח בנגב, בגליל, בעוטף ובערים מוחלשות","supports","https://hagush.org.il/candidates.html; https://democrats.org.il/; https://www.somayabashir.com/; https://he.wikipedia.org/wiki/%D7%A1%D7%95%D7%9E%D7%99%D7%94_%D7%91%D7%A9%D7%99%D7%A8; https://www.themarker.com/labels/women2025/2025-02-10/ty-article-labels/00000194-ef42-dc45-a79c-effff4390000","70","הפרופיל מציג עיסוק ישיר בחינוך, רווחה, שוויון, פריפריה או שירותים חברתיים; לכן יש בסיס ברור לתמיכה בצמצום פערים ובאחריות מדינתית."
"סומיה בשיר","דעות","חברה, כלכלה, רווחה ופריפריה","D-054","חיבור בין צדק חברתי לבין בניית מחנה פוליטי חדש ורחב יותר","supports","https://hagush.org.il/candidates.html; https://democrats.org.il/; https://www.somayabashir.com/; https://he.wikipedia.org/wiki/%D7%A1%D7%95%D7%9E%D7%99%D7%94_%D7%91%D7%A9%D7%99%D7%A8; https://www.themarker.com/labels/women2025/2025-02-10/ty-article-labels/00000194-ef42-dc45-a79c-effff4390000","70","הפרופיל מציג עיסוק ישיר בחינוך, רווחה, שוויון, פריפריה או שירותים חברתיים; לכן יש בסיס ברור לתמיכה בצמצום פערים ובאחריות מדינתית."
"סומיה בשיר","דעות","סגנון פשרה, גבולות ויכולת הסכמה","D-055","נכונות לפשרות פוליטיות רחבות כדי לשקם את המדינה גם במחיר ויתור אידיאולוגי חלקי","supports","https://hagush.org.il/candidates.html; https://democrats.org.il/; https://www.somayabashir.com/; https://he.wikipedia.org/wiki/%D7%A1%D7%95%D7%9E%D7%99%D7%94_%D7%91%D7%A9%D7%99%D7%A8; https://www.themarker.com/labels/women2025/2025-02-10/ty-article-labels/00000194-ef42-dc45-a79c-effff4390000","65","הרקע בשותפויות, עבודה מוסדית, חינוך, חברה אזרחית או שלטון מקומי מצביע על נכונות לבנות הסכמות וקואליציות רחבות תחת כללי משחק דמוקרטיים."
"סומיה בשיר","דעות","סגנון פשרה, גבולות ויכולת הסכמה","D-056","הצבת קווים אדומים ברורים שמעליהם אין מקום לפשרה עם יריבים פוליטיים","supports","https://hagush.org.il/candidates.html; https://democrats.org.il/; https://www.somayabashir.com/; https://he.wikipedia.org/wiki/%D7%A1%D7%95%D7%9E%D7%99%D7%94_%D7%91%D7%A9%D7%99%D7%A8; https://www.themarker.com/labels/women2025/2025-02-10/ty-article-labels/00000194-ef42-dc45-a79c-effff4390000","60","הפרופיל משלב מחויבות לכללים דמוקרטיים עם נכונות למאבק ציבורי כאשר ערכים בסיסיים מאוימים; במקומות שאינם חד־משמעיים סווג כ־mixed."
"סומיה בשיר","דעות","סגנון פשרה, גבולות ויכולת הסכמה","D-057","העדפה להסכמות רחבות ולאיטיות על פני מהלכים חדים ומהירים","supports","https://hagush.org.il/candidates.html; https://democrats.org.il/; https://www.somayabashir.com/; https://he.wikipedia.org/wiki/%D7%A1%D7%95%D7%9E%D7%99%D7%94_%D7%91%D7%A9%D7%99%D7%A8; https://www.themarker.com/labels/women2025/2025-02-10/ty-article-labels/00000194-ef42-dc45-a79c-effff4390000","65","הרקע בשותפויות, עבודה מוסדית, חינוך, חברה אזרחית או שלטון מקומי מצביע על נכונות לבנות הסכמות וקואליציות רחבות תחת כללי משחק דמוקרטיים."
"סומיה בשיר","דעות","סגנון פשרה, גבולות ויכולת הסכמה","D-058","העדפה למאבק חד וברור כאשר פשרה נתפסת ככניעה לכוחות אנטי־דמוקרטיים","mixed","https://hagush.org.il/candidates.html; https://democrats.org.il/; https://www.somayabashir.com/; https://he.wikipedia.org/wiki/%D7%A1%D7%95%D7%9E%D7%99%D7%94_%D7%91%D7%A9%D7%99%D7%A8; https://www.themarker.com/labels/women2025/2025-02-10/ty-article-labels/00000194-ef42-dc45-a79c-effff4390000","60","הפרופיל משלב מחויבות לכללים דמוקרטיים עם נכונות למאבק ציבורי כאשר ערכים בסיסיים מאוימים; במקומות שאינם חד־משמעיים סווג כ־mixed."
"סומיה בשיר","דעות","סגנון פשרה, גבולות ויכולת הסכמה","D-059","יכולת להבחין בין פשרה עניינית לבין טשטוש ערכי מסוכן","supports","https://hagush.org.il/candidates.html; https://democrats.org.il/; https://www.somayabashir.com/; https://he.wikipedia.org/wiki/%D7%A1%D7%95%D7%9E%D7%99%D7%94_%D7%91%D7%A9%D7%99%D7%A8; https://www.themarker.com/labels/women2025/2025-02-10/ty-article-labels/00000194-ef42-dc45-a79c-effff4390000","60","הפרופיל משלב מחויבות לכללים דמוקרטיים עם נכונות למאבק ציבורי כאשר ערכים בסיסיים מאוימים; במקומות שאינם חד־משמעיים סווג כ־mixed."
"סומיה בשיר","דעות","סגנון פשרה, גבולות ויכולת הסכמה","D-060","נכונות לבנות קואליציות עתידיות עם גורמים שאינם שייכים למחנה הטבעי, אם הם מקבלים כללי משחק דמוקרטיים","supports","https://hagush.org.il/candidates.html; https://democrats.org.il/; https://www.somayabashir.com/; https://he.wikipedia.org/wiki/%D7%A1%D7%95%D7%9E%D7%99%D7%94_%D7%91%D7%A9%D7%99%D7%A8; https://www.themarker.com/labels/women2025/2025-02-10/ty-article-labels/00000194-ef42-dc45-a79c-effff4390000","65","הרקע בשותפויות, עבודה מוסדית, חינוך, חברה אזרחית או שלטון מקומי מצביע על נכונות לבנות הסכמות וקואליציות רחבות תחת כללי משחק דמוקרטיים."
"סומיה בשיר","יכולות","מומחיות מדינית, ביטחונית וממשלית","cap_001","ניסיון ישיר במערכות מדינה בכירות או במוקדי קבלת החלטות","partial","https://hagush.org.il/candidates.html; https://democrats.org.il/; https://www.somayabashir.com/; https://he.wikipedia.org/wiki/%D7%A1%D7%95%D7%9E%D7%99%D7%94_%D7%91%D7%A9%D7%99%D7%A8; https://www.themarker.com/labels/women2025/2025-02-10/ty-article-labels/00000194-ef42-dc45-a79c-effff4390000","55","יש ניסיון ציבורי וחברתי משמעותי, אך לא נמצא ניסיון ישיר במוקדי קבלת החלטות מדינתיים בכירים."
"סומיה בשיר","יכולות","מומחיות מדינית, ביטחונית וממשלית","cap_002","הבנה מוכחת של סוגיות מדיניות, ביטחוניות ואזוריות מורכבות","partial","https://hagush.org.il/candidates.html; https://democrats.org.il/; https://www.somayabashir.com/; https://he.wikipedia.org/wiki/%D7%A1%D7%95%D7%9E%D7%99%D7%94_%D7%91%D7%A9%D7%99%D7%A8; https://www.themarker.com/labels/women2025/2025-02-10/ty-article-labels/00000194-ef42-dc45-a79c-effff4390000","58","יש עיסוק ציבורי בסוגיות אזרחיות־מדיניות מורכבות, אך לא מומחיות ביטחונית מלאה."
"סומיה בשיר","יכולות","מומחיות מדינית, ביטחונית וממשלית","cap_003","ניסיון במשא ומתן, דיאלוג אסטרטגי או קשרים בינלאומיים","partial","https://hagush.org.il/candidates.html; https://democrats.org.il/; https://www.somayabashir.com/; https://he.wikipedia.org/wiki/%D7%A1%D7%95%D7%9E%D7%99%D7%94_%D7%91%D7%A9%D7%99%D7%A8; https://www.themarker.com/labels/women2025/2025-02-10/ty-article-labels/00000194-ef42-dc45-a79c-effff4390000","62","הפעילות הציבורית כוללת דיאלוג, שיתופי פעולה או גישור בין קהלים, אך לא בהכרח משא ומתן מדיני או בינלאומי פורמלי."
"סומיה בשיר","יכולות","מומחיות מדינית, ביטחונית וממשלית","cap_004","ניסיון צבאי, מודיעיני או ביטחוני בעל רלוונטיות לעבודה ציבורית","unknown","מקורות שנבדקו: https://hagush.org.il/candidates.html; https://democrats.org.il/; https://www.somayabashir.com/; https://he.wikipedia.org/wiki/%D7%A1%D7%95%D7%9E%D7%99%D7%94_%D7%91%D7%A9%D7%99%D7%A8; https://www.themarker.com/labels/women2025/2025-02-10/ty-article-labels/00000194-ef42-dc45-a79c-effff4390000","0","לא נמצא במקורות שנבדקו בסיס עובדתי ישיר או עקיף מספיק לקביעה סבירה; נשאר unknown לפי כלל אי־הניחוש."
"סומיה בשיר","יכולות","מומחיות מדינית, ביטחונית וממשלית","cap_005","יכולת לגבש תפיסה מדינית־ביטחונית סדורה ולא רק עמדה ערכית כללית","unknown","מקורות שנבדקו: https://hagush.org.il/candidates.html; https://democrats.org.il/; https://www.somayabashir.com/; https://he.wikipedia.org/wiki/%D7%A1%D7%95%D7%9E%D7%99%D7%94_%D7%91%D7%A9%D7%99%D7%A8; https://www.themarker.com/labels/women2025/2025-02-10/ty-article-labels/00000194-ef42-dc45-a79c-effff4390000","0","לא נמצא במקורות שנבדקו בסיס עובדתי ישיר או עקיף מספיק לקביעה סבירה; נשאר unknown לפי כלל אי־הניחוש."
"סומיה בשיר","יכולות","מומחיות מדינית, ביטחונית וממשלית","cap_006","יכולת לחבר בין יעדים ביטחוניים לבין יעדים מדיניים ארוכי טווח","unknown","מקורות שנבדקו: https://hagush.org.il/candidates.html; https://democrats.org.il/; https://www.somayabashir.com/; https://he.wikipedia.org/wiki/%D7%A1%D7%95%D7%9E%D7%99%D7%94_%D7%91%D7%A9%D7%99%D7%A8; https://www.themarker.com/labels/women2025/2025-02-10/ty-article-labels/00000194-ef42-dc45-a79c-effff4390000","0","לא נמצא במקורות שנבדקו בסיס עובדתי ישיר או עקיף מספיק לקביעה סבירה; נשאר unknown לפי כלל אי־הניחוש."
"סומיה בשיר","יכולות","ארגון, ניהול וביצוע","cap_007","ניסיון בהקמה וניהול של ארגונים, חברות, תנועות או מטות פעולה","partial","https://hagush.org.il/candidates.html; https://democrats.org.il/; https://www.somayabashir.com/; https://he.wikipedia.org/wiki/%D7%A1%D7%95%D7%9E%D7%99%D7%94_%D7%91%D7%A9%D7%99%D7%A8; https://www.themarker.com/labels/women2025/2025-02-10/ty-article-labels/00000194-ef42-dc45-a79c-effff4390000","64","יש פעילות אזרחית וציבורית, אך לא נמצא בסיס מלא לניהול מערכות מורכבות."
"סומיה בשיר","יכולות","ארגון, ניהול וביצוע","cap_008","יכולת להוביל צוותים, תקציבים, קהילות או מערכות מורכבות","partial","https://hagush.org.il/candidates.html; https://democrats.org.il/; https://www.somayabashir.com/; https://he.wikipedia.org/wiki/%D7%A1%D7%95%D7%9E%D7%99%D7%94_%D7%91%D7%A9%D7%99%D7%A8; https://www.themarker.com/labels/women2025/2025-02-10/ty-article-labels/00000194-ef42-dc45-a79c-effff4390000","64","יש פעילות אזרחית וציבורית, אך לא נמצא בסיס מלא לניהול מערכות מורכבות."
"סומיה בשיר","יכולות","ארגון, ניהול וביצוע","cap_009","הובלת מאבקים ציבוריים שהניבו תוצאות ממשיות","partial","https://hagush.org.il/candidates.html; https://democrats.org.il/; https://www.somayabashir.com/; https://he.wikipedia.org/wiki/%D7%A1%D7%95%D7%9E%D7%99%D7%94_%D7%91%D7%A9%D7%99%D7%A8; https://www.themarker.com/labels/women2025/2025-02-10/ty-article-labels/00000194-ef42-dc45-a79c-effff4390000","62","נמצא בסיס להובלת מאבק/פרויקט ציבורי ממשי: מחאה, חינוך, שותפות, סביבה, שילוב מיעוטים או זכויות אנשים עם מוגבלות."
"סומיה בשיר","יכולות","ארגון, ניהול וביצוע","cap_010","יכולת להפוך רעיון כללי לתשתית פעולה מתמשכת","partial","https://hagush.org.il/candidates.html; https://democrats.org.il/; https://www.somayabashir.com/; https://he.wikipedia.org/wiki/%D7%A1%D7%95%D7%9E%D7%99%D7%94_%D7%91%D7%A9%D7%99%D7%A8; https://www.themarker.com/labels/women2025/2025-02-10/ty-article-labels/00000194-ef42-dc45-a79c-effff4390000","64","יש פעילות אזרחית וציבורית, אך לא נמצא בסיס מלא לניהול מערכות מורכבות."
"סומיה בשיר","יכולות","ארגון, ניהול וביצוע","cap_011","ניסיון בניהול משברים ציבוריים, פוליטיים או ארגוניים","partial","https://hagush.org.il/candidates.html; https://democrats.org.il/; https://www.somayabashir.com/; https://he.wikipedia.org/wiki/%D7%A1%D7%95%D7%9E%D7%99%D7%94_%D7%91%D7%A9%D7%99%D7%A8; https://www.themarker.com/labels/women2025/2025-02-10/ty-article-labels/00000194-ef42-dc45-a79c-effff4390000","55","יש פעילות שטח במצבים חברתיים מורכבים, אך לא נמצאה עדות לניהול משברים ארגוני מלא."
"סומיה בשיר","יכולות","ארגון, ניהול וביצוע","cap_012","מוכנות לקחת אחריות אישית גבוהה על מהלך ציבורי או ארגוני","partial","https://hagush.org.il/candidates.html; https://democrats.org.il/; https://www.somayabashir.com/; https://he.wikipedia.org/wiki/%D7%A1%D7%95%D7%9E%D7%99%D7%94_%D7%91%D7%A9%D7%99%D7%A8; https://www.themarker.com/labels/women2025/2025-02-10/ty-article-labels/00000194-ef42-dc45-a79c-effff4390000","64","יש פעילות אזרחית וציבורית, אך לא נמצא בסיס מלא לניהול מערכות מורכבות."
"סומיה בשיר","יכולות","חקיקה, פוליטיקה ומוסדות","cap_013","ניסיון בעבודה פרלמנטרית, ועדות כנסת, חקיקה או הצעות חוק","unknown","מקורות שנבדקו: https://hagush.org.il/candidates.html; https://democrats.org.il/; https://www.somayabashir.com/; https://he.wikipedia.org/wiki/%D7%A1%D7%95%D7%9E%D7%99%D7%94_%D7%91%D7%A9%D7%99%D7%A8; https://www.themarker.com/labels/women2025/2025-02-10/ty-article-labels/00000194-ef42-dc45-a79c-effff4390000","0","לא נמצא במקורות שנבדקו בסיס עובדתי ישיר או עקיף מספיק לקביעה סבירה; נשאר unknown לפי כלל אי־הניחוש."
"סומיה בשיר","יכולות","חקיקה, פוליטיקה ומוסדות","cap_014","היכרות מעשית עם מנגנוני מפלגות, פריימריז, רשימות וקואליציות","partial","https://hagush.org.il/candidates.html; https://democrats.org.il/; https://www.somayabashir.com/; https://he.wikipedia.org/wiki/%D7%A1%D7%95%D7%9E%D7%99%D7%94_%D7%91%D7%A9%D7%99%D7%A8; https://www.themarker.com/labels/women2025/2025-02-10/ty-article-labels/00000194-ef42-dc45-a79c-effff4390000","55","יש כניסה לזירה מפלגתית ופעילות ציבורית, אך היכרות פוליטית מוסדית מלאה אינה מוכחת."
"סומיה בשיר","יכולות","חקיקה, פוליטיקה ומוסדות","cap_015","יכולת לפעול בתוך מוסדות קיימים ולא רק מחוץ להם","partial","https://hagush.org.il/candidates.html; https://democrats.org.il/; https://www.somayabashir.com/; https://he.wikipedia.org/wiki/%D7%A1%D7%95%D7%9E%D7%99%D7%94_%D7%91%D7%A9%D7%99%D7%A8; https://www.themarker.com/labels/women2025/2025-02-10/ty-article-labels/00000194-ef42-dc45-a79c-effff4390000","55","יש ניסיון ציבורי אך לא בהכרח פעולה ממושכת בתוך מוסד פורמלי."
"סומיה בשיר","יכולות","חקיקה, פוליטיקה ומוסדות","cap_016","ניסיון בבניית תנועה פוליטית, מפלגה או אלטרנטיבה שלטונית","partial","https://hagush.org.il/candidates.html; https://democrats.org.il/; https://www.somayabashir.com/; https://he.wikipedia.org/wiki/%D7%A1%D7%95%D7%9E%D7%99%D7%94_%D7%91%D7%A9%D7%99%D7%A8; https://www.themarker.com/labels/women2025/2025-02-10/ty-article-labels/00000194-ef42-dc45-a79c-effff4390000","58","יש ניסיון בבניית תשתיות ציבוריות/אזרחיות או חיבור מחאה לפוליטיקה, אך לא בהקמת מפלגה שלמה."
"סומיה בשיר","יכולות","חקיקה, פוליטיקה ומוסדות","cap_017","יכולת לייצר שיתופי פעולה בין זרמים, מפלגות או קבוצות אינטרס","has","https://hagush.org.il/candidates.html; https://democrats.org.il/; https://www.somayabashir.com/; https://he.wikipedia.org/wiki/%D7%A1%D7%95%D7%9E%D7%99%D7%94_%D7%91%D7%A9%D7%99%D7%A8; https://www.themarker.com/labels/women2025/2025-02-10/ty-article-labels/00000194-ef42-dc45-a79c-effff4390000","74","הפרופיל מציג בניית שיתופי פעולה בין קהלים/ארגונים/מוסדות, ולכן יש בסיס ליכולת קואליציונית."
"סומיה בשיר","יכולות","חקיקה, פוליטיקה ומוסדות","cap_018","יכולת לתרגם עמדות אידיאולוגיות לפעולות מוסדיות או חקיקתיות","partial","https://hagush.org.il/candidates.html; https://democrats.org.il/; https://www.somayabashir.com/; https://he.wikipedia.org/wiki/%D7%A1%D7%95%D7%9E%D7%99%D7%94_%D7%91%D7%A9%D7%99%D7%A8; https://www.themarker.com/labels/women2025/2025-02-10/ty-article-labels/00000194-ef42-dc45-a79c-effff4390000","60","נמצא ניסיון בתרגום ערכים לעשייה מוסדית: כנסת, עירייה, עמותה או פרויקטים ציבוריים."
"סומיה בשיר","יכולות","תקשורת, הסברה והשפעה ציבורית","cap_019","יכולת ליצור מסרים חדים, ברורים וזכירים","has","https://hagush.org.il/candidates.html; https://democrats.org.il/; https://www.somayabashir.com/; https://he.wikipedia.org/wiki/%D7%A1%D7%95%D7%9E%D7%99%D7%94_%D7%91%D7%A9%D7%99%D7%A8; https://www.themarker.com/labels/women2025/2025-02-10/ty-article-labels/00000194-ef42-dc45-a79c-effff4390000","65","הפרופיל מציג פעילות ציבורית שמחייבת ניסוח מסרים, הופעה ושכנוע; עוצמת היכולת משתנה לפי מידת הנראות במקורות."
"סומיה בשיר","יכולות","תקשורת, הסברה והשפעה ציבורית","cap_020","יכולת לייצר תוכן דיגיטלי, ויראלי או תקשורתי שמגיע לקהלים רחבים","partial","https://hagush.org.il/candidates.html; https://democrats.org.il/; https://www.somayabashir.com/; https://he.wikipedia.org/wiki/%D7%A1%D7%95%D7%9E%D7%99%D7%94_%D7%91%D7%A9%D7%99%D7%A8; https://www.themarker.com/labels/women2025/2025-02-10/ty-article-labels/00000194-ef42-dc45-a79c-effff4390000","55","יש נוכחות ציבורית ופעילות שטח, אך לא מקור חזק ליכולת דיגיטלית ויראלית."
"סומיה בשיר","יכולות","תקשורת, הסברה והשפעה ציבורית","cap_021","ניסיון בהופעה ציבורית, ראיונות, פודקאסטים, קולנוע, כתיבה או הרצאות","has","https://hagush.org.il/candidates.html; https://democrats.org.il/; https://www.somayabashir.com/; https://he.wikipedia.org/wiki/%D7%A1%D7%95%D7%9E%D7%99%D7%94_%D7%91%D7%A9%D7%99%D7%A8; https://www.themarker.com/labels/women2025/2025-02-10/ty-article-labels/00000194-ef42-dc45-a79c-effff4390000","72","נמצא ניסיון בהופעות/מפגשים ציבוריים, פעילות פוליטית או הרצאות/ראיונות סביב תחום העשייה."
"סומיה בשיר","יכולות","תקשורת, הסברה והשפעה ציבורית","cap_022","יכולת להסביר נושאים מורכבים בשפה נגישה ולא טכנוקרטית","has","https://hagush.org.il/candidates.html; https://democrats.org.il/; https://www.somayabashir.com/; https://he.wikipedia.org/wiki/%D7%A1%D7%95%D7%9E%D7%99%D7%94_%D7%91%D7%A9%D7%99%D7%A8; https://www.themarker.com/labels/women2025/2025-02-10/ty-article-labels/00000194-ef42-dc45-a79c-effff4390000","65","הפרופיל מציג פעילות ציבורית שמחייבת ניסוח מסרים, הופעה ושכנוע; עוצמת היכולת משתנה לפי מידת הנראות במקורות."
"סומיה בשיר","יכולות","תקשורת, הסברה והשפעה ציבורית","cap_023","יכולת לנהל מאבק תודעתי מול יריבים פוליטיים או תקשורתיים","has","https://hagush.org.il/candidates.html; https://democrats.org.il/; https://www.somayabashir.com/; https://he.wikipedia.org/wiki/%D7%A1%D7%95%D7%9E%D7%99%D7%94_%D7%91%D7%A9%D7%99%D7%A8; https://www.themarker.com/labels/women2025/2025-02-10/ty-article-labels/00000194-ef42-dc45-a79c-effff4390000","65","הפרופיל מציג פעילות ציבורית שמחייבת ניסוח מסרים, הופעה ושכנוע; עוצמת היכולת משתנה לפי מידת הנראות במקורות."
"סומיה בשיר","יכולות","תקשורת, הסברה והשפעה ציבורית","cap_024","יכולת להפוך סיפור אישי או ערכי לכלי גיוס ציבורי","has","https://hagush.org.il/candidates.html; https://democrats.org.il/; https://www.somayabashir.com/; https://he.wikipedia.org/wiki/%D7%A1%D7%95%D7%9E%D7%99%D7%94_%D7%91%D7%A9%D7%99%D7%A8; https://www.themarker.com/labels/women2025/2025-02-10/ty-article-labels/00000194-ef42-dc45-a79c-effff4390000","74","למועמד/ת יש סיפור זהות או עשייה ציבורית מובהק שניתן להפוך לכלי גיוס ציבורי."
"סומיה בשיר","יכולות","חיבור בין קהלים ועולמות","cap_025","יכולת לחבר בין יהודים לערבים בתוך מסגרת פוליטית או אזרחית משותפת","has","https://hagush.org.il/candidates.html; https://democrats.org.il/; https://www.somayabashir.com/; https://he.wikipedia.org/wiki/%D7%A1%D7%95%D7%9E%D7%99%D7%94_%D7%91%D7%A9%D7%99%D7%A8; https://www.themarker.com/labels/women2025/2025-02-10/ty-article-labels/00000194-ef42-dc45-a79c-effff4390000","82","הפרופיל מציג זהות מיעוט ו/או פעילות מפורשת לשותפות יהודית־ערבית."
"סומיה בשיר","יכולות","חיבור בין קהלים ועולמות","cap_026","יכולת לחבר בין שמאל ליברלי לבין פריפריה מזרחית, מסורתית או גיאוגרפית","partial","https://hagush.org.il/candidates.html; https://democrats.org.il/; https://www.somayabashir.com/; https://he.wikipedia.org/wiki/%D7%A1%D7%95%D7%9E%D7%99%D7%94_%D7%91%D7%A9%D7%99%D7%A8; https://www.themarker.com/labels/women2025/2025-02-10/ty-article-labels/00000194-ef42-dc45-a79c-effff4390000","72","הרקע בפריפריה, מיעוטים, חינוך, רווחה או שלטון מקומי מספק בסיס לחיבור בין שמאל ליברלי לקהלים חברתיים/גיאוגרפיים רחבים."
"סומיה בשיר","יכולות","חיבור בין קהלים ועולמות","cap_027","יכולת לחבר בין עולם המחאה לבין עבודה מפלגתית ומוסדית","partial","https://hagush.org.il/candidates.html; https://democrats.org.il/; https://www.somayabashir.com/; https://he.wikipedia.org/wiki/%D7%A1%D7%95%D7%9E%D7%99%D7%94_%D7%91%D7%A9%D7%99%D7%A8; https://www.themarker.com/labels/women2025/2025-02-10/ty-article-labels/00000194-ef42-dc45-a79c-effff4390000","60","יש חיבור בין פעילות שטח/חברה אזרחית לבין התמודדות פוליטית, אך לא בהכרח זיקה ישירה למחאת קפלן."
"סומיה בשיר","יכולות","חיבור בין קהלים ועולמות","cap_028","יכולת לחבר בין היי־טק, חדשנות ודיגיטל לבין פוליטיקה ציבורית","unknown","מקורות שנבדקו: https://hagush.org.il/candidates.html; https://democrats.org.il/; https://www.somayabashir.com/; https://he.wikipedia.org/wiki/%D7%A1%D7%95%D7%9E%D7%99%D7%94_%D7%91%D7%A9%D7%99%D7%A8; https://www.themarker.com/labels/women2025/2025-02-10/ty-article-labels/00000194-ef42-dc45-a79c-effff4390000","0","לא נמצא במקורות שנבדקו בסיס עובדתי ישיר או עקיף מספיק לקביעה סבירה; נשאר unknown לפי כלל אי־הניחוש."
"סומיה בשיר","יכולות","חיבור בין קהלים ועולמות","cap_029","יכולת לחבר בין שפה מקצועית־ביטחונית לבין שפה אזרחית וערכית","unknown","מקורות שנבדקו: https://hagush.org.il/candidates.html; https://democrats.org.il/; https://www.somayabashir.com/; https://he.wikipedia.org/wiki/%D7%A1%D7%95%D7%9E%D7%99%D7%94_%D7%91%D7%A9%D7%99%D7%A8; https://www.themarker.com/labels/women2025/2025-02-10/ty-article-labels/00000194-ef42-dc45-a79c-effff4390000","0","לא נמצא במקורות שנבדקו בסיס עובדתי ישיר או עקיף מספיק לקביעה סבירה; נשאר unknown לפי כלל אי־הניחוש."
"סומיה בשיר","יכולות","חיבור בין קהלים ועולמות","cap_030","אמינות מול קהילות שטח ולא רק מול קהל תקשורתי או אליטיסטי","has","https://hagush.org.il/candidates.html; https://democrats.org.il/; https://www.somayabashir.com/; https://he.wikipedia.org/wiki/%D7%A1%D7%95%D7%9E%D7%99%D7%94_%D7%91%D7%A9%D7%99%D7%A8; https://www.themarker.com/labels/women2025/2025-02-10/ty-article-labels/00000194-ef42-dc45-a79c-effff4390000","72","הפרופיל מבוסס על פעילות שטח מול קהילות ממשיות ולא רק על נראות תקשורתית."
"סומיה בשיר","יכולות","חדשנות, למידה ושיתוף ציבור","cap_031","שימוש בטכנולוגיה, מידע או כלים דיגיטליים לשיתוף ציבור וארגון פוליטי","unknown","מקורות שנבדקו: https://hagush.org.il/candidates.html; https://democrats.org.il/; https://www.somayabashir.com/; https://he.wikipedia.org/wiki/%D7%A1%D7%95%D7%9E%D7%99%D7%94_%D7%91%D7%A9%D7%99%D7%A8; https://www.themarker.com/labels/women2025/2025-02-10/ty-article-labels/00000194-ef42-dc45-a79c-effff4390000","0","לא נמצא במקורות שנבדקו בסיס עובדתי ישיר או עקיף מספיק לקביעה סבירה; נשאר unknown לפי כלל אי־הניחוש."
"סומיה בשיר","יכולות","חדשנות, למידה ושיתוף ציבור","cap_032","חשיבה מערכתית שמזהה קשרים בין משבר פוליטי, כלכלה, ביטחון וחברה","partial","https://hagush.org.il/candidates.html; https://democrats.org.il/; https://www.somayabashir.com/; https://he.wikipedia.org/wiki/%D7%A1%D7%95%D7%9E%D7%99%D7%94_%D7%91%D7%A9%D7%99%D7%A8; https://www.themarker.com/labels/women2025/2025-02-10/ty-article-labels/00000194-ef42-dc45-a79c-effff4390000","70","הרקע מציג חשיבה מערכתית המחברת חברה, מוסדות, קהילות ויישום מעשי; רמת הביטחון משתנה לפי עומק המקורות."
"סומיה בשיר","יכולות","חדשנות, למידה ושיתוף ציבור","cap_033","יזמות בפתרונות לא שגרתיים לבעיות פוליטיות או חברתיות","partial","https://hagush.org.il/candidates.html; https://democrats.org.il/; https://www.somayabashir.com/; https://he.wikipedia.org/wiki/%D7%A1%D7%95%D7%9E%D7%99%D7%94_%D7%91%D7%A9%D7%99%D7%A8; https://www.themarker.com/labels/women2025/2025-02-10/ty-article-labels/00000194-ef42-dc45-a79c-effff4390000","70","הרקע מציג חשיבה מערכתית המחברת חברה, מוסדות, קהילות ויישום מעשי; רמת הביטחון משתנה לפי עומק המקורות."
"סומיה בשיר","יכולות","חדשנות, למידה ושיתוף ציבור","cap_034","יכולת ללמוד תחומים חדשים ולהפוך אותם לשפה ציבורית ברורה","has","https://hagush.org.il/candidates.html; https://democrats.org.il/; https://www.somayabashir.com/; https://he.wikipedia.org/wiki/%D7%A1%D7%95%D7%9E%D7%99%D7%94_%D7%91%D7%A9%D7%99%D7%A8; https://www.themarker.com/labels/women2025/2025-02-10/ty-article-labels/00000194-ef42-dc45-a79c-effff4390000","62","הפרופיל מציג למידה, יזמות או פיתוח מסגרות פעולה חדשות; לגבי ניסויים דמוקרטיים ארגוניים הביטחון בינוני."
"סומיה בשיר","יכולות","חדשנות, למידה ושיתוף ציבור","cap_035","שילוב בין ידע מקצועי, ניסיון אישי וערכים פוליטיים","partial","https://hagush.org.il/candidates.html; https://democrats.org.il/; https://www.somayabashir.com/; https://he.wikipedia.org/wiki/%D7%A1%D7%95%D7%9E%D7%99%D7%94_%D7%91%D7%A9%D7%99%D7%A8; https://www.themarker.com/labels/women2025/2025-02-10/ty-article-labels/00000194-ef42-dc45-a79c-effff4390000","70","הרקע מציג חשיבה מערכתית המחברת חברה, מוסדות, קהילות ויישום מעשי; רמת הביטחון משתנה לפי עומק המקורות."
"סומיה בשיר","יכולות","חדשנות, למידה ושיתוף ציבור","cap_036","פתיחות לניסויים ארגוניים ודמוקרטיים חדשים ולא רק לשיטות פוליטיות קיימות","partial","https://hagush.org.il/candidates.html; https://democrats.org.il/; https://www.somayabashir.com/; https://he.wikipedia.org/wiki/%D7%A1%D7%95%D7%9E%D7%99%D7%94_%D7%91%D7%A9%D7%99%D7%A8; https://www.themarker.com/labels/women2025/2025-02-10/ty-article-labels/00000194-ef42-dc45-a79c-effff4390000","62","הפרופיל מציג למידה, יזמות או פיתוח מסגרות פעולה חדשות; לגבי ניסויים דמוקרטיים ארגוניים הביטחון בינוני."
"עאיד בדיר","דעות","דמוקרטיה, משילות ותיקון מוסדות המדינה","D-001","נטייה לתיקון חוקתי ומוסדי עמוק, ולא רק להחלפת ממשלה","supports","https://hagush.org.il/candidates.html; https://democrats.org.il/; https://meretz.org.il/%D7%A2%D7%90%D7%99%D7%93-%D7%91%D7%93%D7%99%D7%A8/; https://www.instagram.com/p/DU0irmUjQZd/; https://www.facebook.com/Aedbadir/","62","הפרופיל מצביע על פעילות במחנה הדמוקרטי־ליברלי/מרצ ועל מחויבות ציבורית לשלטון דמוקרטי; הקביעה בינונית כשההיגד דורש פירוט מוסדי ספציפי."
"עאיד בדיר","דעות","דמוקרטיה, משילות ותיקון מוסדות המדינה","D-002","ראיית המשבר הדמוקרטי כתוצאה של שיטה פוליטית פגומה ולא רק של אדם או ממשלה מסוימת","supports","https://hagush.org.il/candidates.html; https://democrats.org.il/; https://meretz.org.il/%D7%A2%D7%90%D7%99%D7%93-%D7%91%D7%93%D7%99%D7%A8/; https://www.instagram.com/p/DU0irmUjQZd/; https://www.facebook.com/Aedbadir/","62","הפרופיל מצביע על פעילות במחנה הדמוקרטי־ליברלי/מרצ ועל מחויבות ציבורית לשלטון דמוקרטי; הקביעה בינונית כשההיגד דורש פירוט מוסדי ספציפי."
"עאיד בדיר","דעות","דמוקרטיה, משילות ותיקון מוסדות המדינה","D-003","נכונות למאבק ציבורי חריף כאשר מוסדות המדינה נתפסים כמאוימים","supports","https://hagush.org.il/candidates.html; https://democrats.org.il/; https://meretz.org.il/%D7%A2%D7%90%D7%99%D7%93-%D7%91%D7%93%D7%99%D7%A8/; https://www.instagram.com/p/DU0irmUjQZd/; https://www.facebook.com/Aedbadir/","62","הפרופיל מצביע על פעילות במחנה הדמוקרטי־ליברלי/מרצ ועל מחויבות ציבורית לשלטון דמוקרטי; הקביעה בינונית כשההיגד דורש פירוט מוסדי ספציפי."
"עאיד בדיר","דעות","דמוקרטיה, משילות ותיקון מוסדות המדינה","D-004","העדפה לשיקום ממלכתי, זהיר ומוסדי של המדינה לאחר המשבר","supports","https://hagush.org.il/candidates.html; https://democrats.org.il/; https://meretz.org.il/%D7%A2%D7%90%D7%99%D7%93-%D7%91%D7%93%D7%99%D7%A8/; https://www.instagram.com/p/DU0irmUjQZd/; https://www.facebook.com/Aedbadir/","62","הפרופיל מצביע על פעילות במחנה הדמוקרטי־ליברלי/מרצ ועל מחויבות ציבורית לשלטון דמוקרטי; הקביעה בינונית כשההיגד דורש פירוט מוסדי ספציפי."
"עאיד בדיר","דעות","דמוקרטיה, משילות ותיקון מוסדות המדינה","D-005","תמיכה בשיתוף ציבור, דמוקרטיה פנימית ושקיפות בתוך המפלגה ובמערכת הפוליטית","supports","https://hagush.org.il/candidates.html; https://democrats.org.il/; https://meretz.org.il/%D7%A2%D7%90%D7%99%D7%93-%D7%91%D7%93%D7%99%D7%A8/; https://www.instagram.com/p/DU0irmUjQZd/; https://www.facebook.com/Aedbadir/","62","הפרופיל מצביע על פעילות במחנה הדמוקרטי־ליברלי/מרצ ועל מחויבות ציבורית לשלטון דמוקרטי; הקביעה בינונית כשההיגד דורש פירוט מוסדי ספציפי."
"עאיד בדיר","דעות","דמוקרטיה, משילות ותיקון מוסדות המדינה","D-006","נכונות להגביל כוח שלטוני גם כאשר הכוח נמצא בידי המחנה הקרוב אידיאולוגית","supports","https://hagush.org.il/candidates.html; https://democrats.org.il/; https://meretz.org.il/%D7%A2%D7%90%D7%99%D7%93-%D7%91%D7%93%D7%99%D7%A8/; https://www.instagram.com/p/DU0irmUjQZd/; https://www.facebook.com/Aedbadir/","62","הפרופיל מצביע על פעילות במחנה הדמוקרטי־ליברלי/מרצ ועל מחויבות ציבורית לשלטון דמוקרטי; הקביעה בינונית כשההיגד דורש פירוט מוסדי ספציפי."
"עאיד בדיר","דעות","יחס למחנה השני ויכולת גישור","D-007","ראיית מצביעי המחנה השני כיריבים פוליטיים לגיטימיים ולא כאויבים","supports","https://hagush.org.il/candidates.html; https://democrats.org.il/; https://meretz.org.il/%D7%A2%D7%90%D7%99%D7%93-%D7%91%D7%93%D7%99%D7%A8/; https://www.instagram.com/p/DU0irmUjQZd/; https://www.facebook.com/Aedbadir/","72","הרקע הציבורי מתמקד בחיבור בין קהלים, שותפות או עבודה עם ציבור מגוון; יש בסיס לסיווג כתומך בגישור ובשיח לגיטימי."
"עאיד בדיר","דעות","יחס למחנה השני ויכולת גישור","D-008","הבחנה בין הנהגת המחנה השני לבין הציבור הרחב שתומך בה","supports","https://hagush.org.il/candidates.html; https://democrats.org.il/; https://meretz.org.il/%D7%A2%D7%90%D7%99%D7%93-%D7%91%D7%93%D7%99%D7%A8/; https://www.instagram.com/p/DU0irmUjQZd/; https://www.facebook.com/Aedbadir/","72","הרקע הציבורי מתמקד בחיבור בין קהלים, שותפות או עבודה עם ציבור מגוון; יש בסיס לסיווג כתומך בגישור ובשיח לגיטימי."
"עאיד בדיר","דעות","יחס למחנה השני ויכולת גישור","D-009","אמונה שאפשר לבנות גשר מחודש בין המחנה הדמוקרטי־ליברלי לבין חלקים מהימין המסורתי","supports","https://hagush.org.il/candidates.html; https://democrats.org.il/; https://meretz.org.il/%D7%A2%D7%90%D7%99%D7%93-%D7%91%D7%93%D7%99%D7%A8/; https://www.instagram.com/p/DU0irmUjQZd/; https://www.facebook.com/Aedbadir/","72","הרקע הציבורי מתמקד בחיבור בין קהלים, שותפות או עבודה עם ציבור מגוון; יש בסיס לסיווג כתומך בגישור ובשיח לגיטימי."
"עאיד בדיר","דעות","יחס למחנה השני ויכולת גישור","D-010","העדפה להכרעה פוליטית ברורה על פני פיוס מוקדם עם המחנה השני","mixed","https://hagush.org.il/candidates.html; https://democrats.org.il/; https://meretz.org.il/%D7%A2%D7%90%D7%99%D7%93-%D7%91%D7%93%D7%99%D7%A8/; https://www.instagram.com/p/DU0irmUjQZd/; https://www.facebook.com/Aedbadir/","55","הפרופיל מדגיש גישור ושותפות, אך גם מאבק ציבורי ודמוקרטי; לכן אין העדפה חד־משמעית להכרעה על פני פיוס."
"עאיד בדיר","דעות","יחס למחנה השני ויכולת גישור","D-011","נכונות לשיח עם דתיים, מסורתיים, חרדים וימנים גם כאשר קיימת מחלוקת ערכית עמוקה","supports","https://hagush.org.il/candidates.html; https://democrats.org.il/; https://meretz.org.il/%D7%A2%D7%90%D7%99%D7%93-%D7%91%D7%93%D7%99%D7%A8/; https://www.instagram.com/p/DU0irmUjQZd/; https://www.facebook.com/Aedbadir/","72","הרקע הציבורי מתמקד בחיבור בין קהלים, שותפות או עבודה עם ציבור מגוון; יש בסיס לסיווג כתומך בגישור ובשיח לגיטימי."
"עאיד בדיר","דעות","יחס למחנה השני ויכולת גישור","D-012","ראיית חלק מהמחנה השני כשותף עתידי אפשרי לשיקום המדינה לאחר עידן נתניהו","supports","https://hagush.org.il/candidates.html; https://democrats.org.il/; https://meretz.org.il/%D7%A2%D7%90%D7%99%D7%93-%D7%91%D7%93%D7%99%D7%A8/; https://www.instagram.com/p/DU0irmUjQZd/; https://www.facebook.com/Aedbadir/","72","הרקע הציבורי מתמקד בחיבור בין קהלים, שותפות או עבודה עם ציבור מגוון; יש בסיס לסיווג כתומך בגישור ובשיח לגיטימי."
"עאיד בדיר","דעות","שסעים פנימיים בחברה היהודית","D-013","ראיית השסע העדתי והפריפריאלי כמרכיב מרכזי במשבר הפוליטי בישראל","unknown","מקורות שנבדקו: https://hagush.org.il/candidates.html; https://democrats.org.il/; https://meretz.org.il/%D7%A2%D7%90%D7%99%D7%93-%D7%91%D7%93%D7%99%D7%A8/; https://www.instagram.com/p/DU0irmUjQZd/; https://www.facebook.com/Aedbadir/","0","לא נמצא במקורות שנבדקו בסיס עובדתי ישיר או עקיף מספיק לקביעה סבירה; נשאר unknown לפי כלל אי־הניחוש."
"עאיד בדיר","דעות","שסעים פנימיים בחברה היהודית","D-014","נכונות לדבר עם מצביעים מזרחים, מסורתיים ופריפריאליים בשפה שאינה מתנשאת ואינה רק ליברלית־אשכנזית","supports","https://hagush.org.il/candidates.html; https://democrats.org.il/; https://meretz.org.il/%D7%A2%D7%90%D7%99%D7%93-%D7%91%D7%93%D7%99%D7%A8/; https://www.instagram.com/p/DU0irmUjQZd/; https://www.facebook.com/Aedbadir/","68","הפרופיל מדגיש פריפריה, חינוך, רווחה או עבודה עם קהלים שאינם מרכז־אליטה; יש בסיס לראות בו תומך בתיקון יחסי מרכז־פריפריה ובשפה לא מתנשאת."
"עאיד בדיר","דעות","שסעים פנימיים בחברה היהודית","D-015","ראיית השסע הדתי־חילוני כאיום מרכזי על הלכידות של החברה היהודית בישראל","unknown","מקורות שנבדקו: https://hagush.org.il/candidates.html; https://democrats.org.il/; https://meretz.org.il/%D7%A2%D7%90%D7%99%D7%93-%D7%91%D7%93%D7%99%D7%A8/; https://www.instagram.com/p/DU0irmUjQZd/; https://www.facebook.com/Aedbadir/","0","לא נמצא במקורות שנבדקו בסיס עובדתי ישיר או עקיף מספיק לקביעה סבירה; נשאר unknown לפי כלל אי־הניחוש."
"עאיד בדיר","דעות","שסעים פנימיים בחברה היהודית","D-016","תמיכה בבניית ברית חדשה בין ליברלים, מסורתיים, דתיים מתונים ופריפריה חברתית","supports","https://hagush.org.il/candidates.html; https://democrats.org.il/; https://meretz.org.il/%D7%A2%D7%90%D7%99%D7%93-%D7%91%D7%93%D7%99%D7%A8/; https://www.instagram.com/p/DU0irmUjQZd/; https://www.facebook.com/Aedbadir/","68","הפרופיל מדגיש פריפריה, חינוך, רווחה או עבודה עם קהלים שאינם מרכז־אליטה; יש בסיס לראות בו תומך בתיקון יחסי מרכז־פריפריה ובשפה לא מתנשאת."
"עאיד בדיר","דעות","שסעים פנימיים בחברה היהודית","D-017","ביקורת על מחנה המרכז־שמאל כאשר הוא נתפס כמנותק, אליטיסטי או חסר רגישות לפריפריה","unknown","מקורות שנבדקו: https://hagush.org.il/candidates.html; https://democrats.org.il/; https://meretz.org.il/%D7%A2%D7%90%D7%99%D7%93-%D7%91%D7%93%D7%99%D7%A8/; https://www.instagram.com/p/DU0irmUjQZd/; https://www.facebook.com/Aedbadir/","0","לא נמצא במקורות שנבדקו בסיס עובדתי ישיר או עקיף מספיק לקביעה סבירה; נשאר unknown לפי כלל אי־הניחוש."
"עאיד בדיר","דעות","שסעים פנימיים בחברה היהודית","D-018","העדפה לתיקון יחסי מרכז־פריפריה כחלק מבניית מחנה דמוקרטי רחב","supports","https://hagush.org.il/candidates.html; https://democrats.org.il/; https://meretz.org.il/%D7%A2%D7%90%D7%99%D7%93-%D7%91%D7%93%D7%99%D7%A8/; https://www.instagram.com/p/DU0irmUjQZd/; https://www.facebook.com/Aedbadir/","68","הפרופיל מדגיש פריפריה, חינוך, רווחה או עבודה עם קהלים שאינם מרכז־אליטה; יש בסיס לראות בו תומך בתיקון יחסי מרכז־פריפריה ובשפה לא מתנשאת."
"עאיד בדיר","דעות","מדינה יהודית ודמוקרטית, דת ומדינה","D-019","העדפה לזהות ישראלית שבה הרכיב הדמוקרטי קודם לרכיב הדתי־לאומי כאשר יש התנגשות ביניהם","supports","https://hagush.org.il/candidates.html; https://democrats.org.il/; https://meretz.org.il/%D7%A2%D7%90%D7%99%D7%93-%D7%91%D7%93%D7%99%D7%A8/; https://www.instagram.com/p/DU0irmUjQZd/; https://www.facebook.com/Aedbadir/","72","הרקע במרצ ובמחנה הדמוקרטי־ליברלי תומך בעמדה של חופש מדת, הפרדה יחסית ושוויון אזרחי; הביטחון בינוני בהיעדר ציטוט אישי לכל סעיף."
"עאיד בדיר","דעות","מדינה יהודית ודמוקרטית, דת ומדינה","D-020","העדפה לזהות ישראלית שבה היהדות היא מקור תרבותי וערכי, אך אינה צריכה לשלוט במוסדות המדינה","supports","https://hagush.org.il/candidates.html; https://democrats.org.il/; https://meretz.org.il/%D7%A2%D7%90%D7%99%D7%93-%D7%91%D7%93%D7%99%D7%A8/; https://www.instagram.com/p/DU0irmUjQZd/; https://www.facebook.com/Aedbadir/","72","הרקע במרצ ובמחנה הדמוקרטי־ליברלי תומך בעמדה של חופש מדת, הפרדה יחסית ושוויון אזרחי; הביטחון בינוני בהיעדר ציטוט אישי לכל סעיף."
"עאיד בדיר","דעות","מדינה יהודית ודמוקרטית, דת ומדינה","D-021","תמיכה בהפרדה ברורה יותר בין סמכות דתית לבין סמכות מדינתית","supports","https://hagush.org.il/candidates.html; https://democrats.org.il/; https://meretz.org.il/%D7%A2%D7%90%D7%99%D7%93-%D7%91%D7%93%D7%99%D7%A8/; https://www.instagram.com/p/DU0irmUjQZd/; https://www.facebook.com/Aedbadir/","72","הרקע במרצ ובמחנה הדמוקרטי־ליברלי תומך בעמדה של חופש מדת, הפרדה יחסית ושוויון אזרחי; הביטחון בינוני בהיעדר ציטוט אישי לכל סעיף."
"עאיד בדיר","דעות","מדינה יהודית ודמוקרטית, דת ומדינה","D-022","נכונות לשמר מרכיבים יהודיים־מסורתיים במרחב הציבורי כדי לאפשר שותפות עם ציבור מסורתי ודתי","mixed","https://hagush.org.il/candidates.html; https://democrats.org.il/; https://meretz.org.il/%D7%A2%D7%90%D7%99%D7%93-%D7%91%D7%93%D7%99%D7%A8/; https://www.instagram.com/p/DU0irmUjQZd/; https://www.facebook.com/Aedbadir/","52","הרקע הליברלי ברור, אך אין מקור אישי שמאזן בין שמירת מסורת לבין הפרדת דת ומדינה."
"עאיד בדיר","דעות","מדינה יהודית ודמוקרטית, דת ומדינה","D-023","התנגדות לכפייה דתית בנושאי נישואין, שבת, חינוך, מעמד אישי או שירות ציבורי","supports","https://hagush.org.il/candidates.html; https://democrats.org.il/; https://meretz.org.il/%D7%A2%D7%90%D7%99%D7%93-%D7%91%D7%93%D7%99%D7%A8/; https://www.instagram.com/p/DU0irmUjQZd/; https://www.facebook.com/Aedbadir/","72","הרקע במרצ ובמחנה הדמוקרטי־ליברלי תומך בעמדה של חופש מדת, הפרדה יחסית ושוויון אזרחי; הביטחון בינוני בהיעדר ציטוט אישי לכל סעיף."
"עאיד בדיר","דעות","מדינה יהודית ודמוקרטית, דת ומדינה","D-024","תמיכה בשוויון חובות אזרחיות בין קבוצות, כולל שאלת גיוס חרדים או שירות אזרחי","supports","https://hagush.org.il/candidates.html; https://democrats.org.il/; https://meretz.org.il/%D7%A2%D7%90%D7%99%D7%93-%D7%91%D7%93%D7%99%D7%A8/; https://www.instagram.com/p/DU0irmUjQZd/; https://www.facebook.com/Aedbadir/","72","הרקע במרצ ובמחנה הדמוקרטי־ליברלי תומך בעמדה של חופש מדת, הפרדה יחסית ושוויון אזרחי; הביטחון בינוני בהיעדר ציטוט אישי לכל סעיף."
"עאיד בדיר","דעות","הפרדה, גישור או שתי מדינות לעם היהודי","D-025","אמונה שהפער בין ישראל ליברלית לבין ישראל שמרנית־דתית עדיין ניתן לגישור פוליטי וחברתי","supports","https://hagush.org.il/candidates.html; https://democrats.org.il/; https://meretz.org.il/%D7%A2%D7%90%D7%99%D7%93-%D7%91%D7%93%D7%99%D7%A8/; https://www.instagram.com/p/DU0irmUjQZd/; https://www.facebook.com/Aedbadir/","65","הפרופיל מדגיש חיבור בין קהילות, שותפות אזרחית או תיקון חברתי בתוך מסגרת ישראלית אחת; לכן יש בסיס לתמיכה בגישור ובמודלים של חיים משותפים."
"עאיד בדיר","דעות","הפרדה, גישור או שתי מדינות לעם היהודי","D-026","ראיית הפער בין המחנות כעמוק עד כדי צורך בהסדרים של אוטונומיה, ביזור או הפרדה חלקית","opposes","https://hagush.org.il/candidates.html; https://democrats.org.il/; https://meretz.org.il/%D7%A2%D7%90%D7%99%D7%93-%D7%91%D7%93%D7%99%D7%A8/; https://www.instagram.com/p/DU0irmUjQZd/; https://www.facebook.com/Aedbadir/","62","הפרופיל מדגיש חיים משותפים, שותפות או מסגרת אזרחית משותפת, ולא הסדרי הפרדה פנימית בין מחנות."
"עאיד בדיר","דעות","הפרדה, גישור או שתי מדינות לעם היהודי","D-027","תמיכה בביזור סמכויות לשלטון מקומי כדי לאפשר לקהילות שונות לחיות לפי אורחות חיים שונים","supports","https://hagush.org.il/candidates.html; https://democrats.org.il/; https://meretz.org.il/%D7%A2%D7%90%D7%99%D7%93-%D7%91%D7%93%D7%99%D7%A8/; https://www.instagram.com/p/DU0irmUjQZd/; https://www.facebook.com/Aedbadir/","68","הרקע בשלטון מקומי, פריפריה או שירותי שטח נותן בסיס לתמיכה בביזור סמכויות ובהתאמת פתרונות לקהילות."
"עאיד בדיר","דעות","הפרדה, גישור או שתי מדינות לעם היהודי","D-028","התנגדות לרעיון של שתי מדינות לעם היהודי והעדפה למאבק על מסגרת מדינתית אחת משותפת","supports","https://hagush.org.il/candidates.html; https://democrats.org.il/; https://meretz.org.il/%D7%A2%D7%90%D7%99%D7%93-%D7%91%D7%93%D7%99%D7%A8/; https://www.instagram.com/p/DU0irmUjQZd/; https://www.facebook.com/Aedbadir/","65","הפרופיל מדגיש חיבור בין קהילות, שותפות אזרחית או תיקון חברתי בתוך מסגרת ישראלית אחת; לכן יש בסיס לתמיכה בגישור ובמודלים של חיים משותפים."
"עאיד בדיר","דעות","הפרדה, גישור או שתי מדינות לעם היהודי","D-029","פתיחות לרעיון של הסדרים פנימיים חדשים בין חילונים, דתיים, חרדים, מסורתיים וליברלים","supports","https://hagush.org.il/candidates.html; https://democrats.org.il/; https://meretz.org.il/%D7%A2%D7%90%D7%99%D7%93-%D7%91%D7%93%D7%99%D7%A8/; https://www.instagram.com/p/DU0irmUjQZd/; https://www.facebook.com/Aedbadir/","65","הפרופיל מדגיש חיבור בין קהילות, שותפות אזרחית או תיקון חברתי בתוך מסגרת ישראלית אחת; לכן יש בסיס לתמיכה בגישור ובמודלים של חיים משותפים."
"עאיד בדיר","דעות","הפרדה, גישור או שתי מדינות לעם היהודי","D-030","ראיית המשבר הישראלי לא רק כמאבק ימין־שמאל אלא כמאבק בין מודלים שונים של חיים משותפים","supports","https://hagush.org.il/candidates.html; https://democrats.org.il/; https://meretz.org.il/%D7%A2%D7%90%D7%99%D7%93-%D7%91%D7%93%D7%99%D7%A8/; https://www.instagram.com/p/DU0irmUjQZd/; https://www.facebook.com/Aedbadir/","65","הפרופיל מדגיש חיבור בין קהילות, שותפות אזרחית או תיקון חברתי בתוך מסגרת ישראלית אחת; לכן יש בסיס לתמיכה בגישור ובמודלים של חיים משותפים."
"עאיד בדיר","דעות","יהודים־ערבים, שוויון אזרחי וחיים משותפים","D-031","ראיית אזרחי ישראל הערבים כחלק מלא מהדיון על עתיד המדינה ולא כעניין נפרד או משני","supports","https://hagush.org.il/candidates.html; https://democrats.org.il/; https://meretz.org.il/%D7%A2%D7%90%D7%99%D7%93-%D7%91%D7%93%D7%99%D7%A8/; https://www.instagram.com/p/DU0irmUjQZd/; https://www.facebook.com/Aedbadir/","82","המקורות מציגים זהות מיעוט ו/או פעילות מפורשת לשותפות ושוויון בין יהודים לערבים; זה בסיס ישיר לתמיכה בהיגד."
"עאיד בדיר","דעות","יהודים־ערבים, שוויון אזרחי וחיים משותפים","D-032","תמיכה בשוויון אזרחי גם כאשר הוא מחייב שינוי בחוקים, סמלים או חלוקת משאבים","supports","https://hagush.org.il/candidates.html; https://democrats.org.il/; https://meretz.org.il/%D7%A2%D7%90%D7%99%D7%93-%D7%91%D7%93%D7%99%D7%A8/; https://www.instagram.com/p/DU0irmUjQZd/; https://www.facebook.com/Aedbadir/","82","המקורות מציגים זהות מיעוט ו/או פעילות מפורשת לשותפות ושוויון בין יהודים לערבים; זה בסיס ישיר לתמיכה בהיגד."
"עאיד בדיר","דעות","יהודים־ערבים, שוויון אזרחי וחיים משותפים","D-033","תמיכה בשותפות פוליטית יהודית־ערבית כחלק מבניית מחנה דמוקרטי רחב","supports","https://hagush.org.il/candidates.html; https://democrats.org.il/; https://meretz.org.il/%D7%A2%D7%90%D7%99%D7%93-%D7%91%D7%93%D7%99%D7%A8/; https://www.instagram.com/p/DU0irmUjQZd/; https://www.facebook.com/Aedbadir/","82","המקורות מציגים זהות מיעוט ו/או פעילות מפורשת לשותפות ושוויון בין יהודים לערבים; זה בסיס ישיר לתמיכה בהיגד."
"עאיד בדיר","דעות","יהודים־ערבים, שוויון אזרחי וחיים משותפים","D-034","העדפה לשילוב אזרחים ערבים במוקדי קבלת החלטות, כולל בתחומים מדיניים וביטחוניים","supports","https://hagush.org.il/candidates.html; https://democrats.org.il/; https://meretz.org.il/%D7%A2%D7%90%D7%99%D7%93-%D7%91%D7%93%D7%99%D7%A8/; https://www.instagram.com/p/DU0irmUjQZd/; https://www.facebook.com/Aedbadir/","82","המקורות מציגים זהות מיעוט ו/או פעילות מפורשת לשותפות ושוויון בין יהודים לערבים; זה בסיס ישיר לתמיכה בהיגד."
"עאיד בדיר","דעות","יהודים־ערבים, שוויון אזרחי וחיים משותפים","D-035","התנגדות לגזענות, הדרה או דה־לגיטימציה של הציבור הערבי בישראל","supports","https://hagush.org.il/candidates.html; https://democrats.org.il/; https://meretz.org.il/%D7%A2%D7%90%D7%99%D7%93-%D7%91%D7%93%D7%99%D7%A8/; https://www.instagram.com/p/DU0irmUjQZd/; https://www.facebook.com/Aedbadir/","82","המקורות מציגים זהות מיעוט ו/או פעילות מפורשת לשותפות ושוויון בין יהודים לערבים; זה בסיס ישיר לתמיכה בהיגד."
"עאיד בדיר","דעות","יהודים־ערבים, שוויון אזרחי וחיים משותפים","D-036","הכרה בכך שחיים משותפים מחייבים גם התמודדות עם פחדים, טראומות וחוסר אמון בשני הצדדים","supports","https://hagush.org.il/candidates.html; https://democrats.org.il/; https://meretz.org.il/%D7%A2%D7%90%D7%99%D7%93-%D7%91%D7%93%D7%99%D7%A8/; https://www.instagram.com/p/DU0irmUjQZd/; https://www.facebook.com/Aedbadir/","82","המקורות מציגים זהות מיעוט ו/או פעילות מפורשת לשותפות ושוויון בין יהודים לערבים; זה בסיס ישיר לתמיכה בהיגד."
"עאיד בדיר","דעות","ביטחון, פלסטינים והסדר מדיני","D-037","תמיכה בנתיב מדיני ארוך טווח מול הפלסטינים, גם לאחר שבעה באוקטובר","supports","https://hagush.org.il/candidates.html; https://democrats.org.il/; https://meretz.org.il/%D7%A2%D7%90%D7%99%D7%93-%D7%91%D7%93%D7%99%D7%A8/; https://www.instagram.com/p/DU0irmUjQZd/; https://www.facebook.com/Aedbadir/","62","הרקע במרצ ובמחנה השמאל הציוני נותן בסיס סביר לתמיכה בנתיב מדיני, היפרדות/שתי מדינות והתנגדות לשליטה קבועה ללא זכויות; אין ציטוט אישי ולכן הביטחון בינוני."
"עאיד בדיר","דעות","ביטחון, פלסטינים והסדר מדיני","D-038","העדפה להיפרדות מדינית וביטחונית מהפלסטינים כדי לשמור על ישראל יהודית ודמוקרטית","supports","https://hagush.org.il/candidates.html; https://democrats.org.il/; https://meretz.org.il/%D7%A2%D7%90%D7%99%D7%93-%D7%91%D7%93%D7%99%D7%A8/; https://www.instagram.com/p/DU0irmUjQZd/; https://www.facebook.com/Aedbadir/","62","הרקע במרצ ובמחנה השמאל הציוני נותן בסיס סביר לתמיכה בנתיב מדיני, היפרדות/שתי מדינות והתנגדות לשליטה קבועה ללא זכויות; אין ציטוט אישי ולכן הביטחון בינוני."
"עאיד בדיר","דעות","ביטחון, פלסטינים והסדר מדיני","D-039","תמיכה בפתרון שתי מדינות או במודל קרוב לו כיעד אסטרטגי","supports","https://hagush.org.il/candidates.html; https://democrats.org.il/; https://meretz.org.il/%D7%A2%D7%90%D7%99%D7%93-%D7%91%D7%93%D7%99%D7%A8/; https://www.instagram.com/p/DU0irmUjQZd/; https://www.facebook.com/Aedbadir/","62","הרקע במרצ ובמחנה השמאל הציוני נותן בסיס סביר לתמיכה בנתיב מדיני, היפרדות/שתי מדינות והתנגדות לשליטה קבועה ללא זכויות; אין ציטוט אישי ולכן הביטחון בינוני."
"עאיד בדיר","דעות","ביטחון, פלסטינים והסדר מדיני","D-040","פתיחות למודלים מדיניים מורכבים כגון קונפדרציה, גבולות פתוחים או הסדר אזורי","mixed","https://hagush.org.il/candidates.html; https://democrats.org.il/; https://meretz.org.il/%D7%A2%D7%90%D7%99%D7%93-%D7%91%D7%93%D7%99%D7%A8/; https://www.instagram.com/p/DU0irmUjQZd/; https://www.facebook.com/Aedbadir/","45","יש בסיס כללי לפתיחות מדינית, אך לא נמצאה עמדה אישית על מודלים מורכבים כגון קונפדרציה."
"עאיד בדיר","דעות","ביטחון, פלסטינים והסדר מדיני","D-041","התנגדות להמשך שליטה ישראלית קבועה על אוכלוסייה פלסטינית ללא זכויות אזר מלאות","supports","https://hagush.org.il/candidates.html; https://democrats.org.il/; https://meretz.org.il/%D7%A2%D7%90%D7%99%D7%93-%D7%91%D7%93%D7%99%D7%A8/; https://www.instagram.com/p/DU0irmUjQZd/; https://www.facebook.com/Aedbadir/","62","הרקע במרצ ובמחנה השמאל הציוני נותן בסיס סביר לתמיכה בנתיב מדיני, היפרדות/שתי מדינות והתנגדות לשליטה קבועה ללא זכויות; אין ציטוט אישי ולכן הביטחון בינוני."
"עאיד בדיר","דעות","ביטחון, פלסטינים והסדר מדיני","D-042","ראיית הסדר אזורי עם מדינות ערביות מתונות כחלק מרכזי מהעתיד הביטחוני של ישראל","supports","https://hagush.org.il/candidates.html; https://democrats.org.il/; https://meretz.org.il/%D7%A2%D7%90%D7%99%D7%93-%D7%91%D7%93%D7%99%D7%A8/; https://www.instagram.com/p/DU0irmUjQZd/; https://www.facebook.com/Aedbadir/","62","הרקע במרצ ובמחנה השמאל הציוני נותן בסיס סביר לתמיכה בנתיב מדיני, היפרדות/שתי מדינות והתנגדות לשליטה קבועה ללא זכויות; אין ציטוט אישי ולכן הביטחון בינוני."
"עאיד בדיר","דעות","שבעה באוקטובר, אחריות, חטופים וזיכרון לאומי","D-043","ראיית שבעה באוקטובר כאירוע שמחייב חשבון נפש מדינתי, מוסדי וחברתי עמוק","supports","https://hagush.org.il/candidates.html; https://democrats.org.il/; https://meretz.org.il/%D7%A2%D7%90%D7%99%D7%93-%D7%91%D7%93%D7%99%D7%A8/; https://www.instagram.com/p/DU0irmUjQZd/; https://www.facebook.com/Aedbadir/","62","ההתמודדות בדמוקרטים והפעילות הציבורית לאחר המשבר מצביעות על מחויבות לאחריות מדינתית, שיקום, שלטון חוק ורגישות לנפגעים; הביטחון בינוני כשאין ציטוט אישי לכל סעיף."
"עאיד בדיר","דעות","שבעה באוקטובר, אחריות, חטופים וזיכרון לאומי","D-044","תמיכה בוועדת חקירה ממלכתית ובאחריות אישית של הדרג המדיני והביטחוני","supports","https://hagush.org.il/candidates.html; https://democrats.org.il/; https://meretz.org.il/%D7%A2%D7%90%D7%99%D7%93-%D7%91%D7%93%D7%99%D7%A8/; https://www.instagram.com/p/DU0irmUjQZd/; https://www.facebook.com/Aedbadir/","62","ההתמודדות בדמוקרטים והפעילות הציבורית לאחר המשבר מצביעות על מחויבות לאחריות מדינתית, שיקום, שלטון חוק ורגישות לנפגעים; הביטחון בינוני כשאין ציטוט אישי לכל סעיף."
"עאיד בדיר","דעות","שבעה באוקטובר, אחריות, חטופים וזיכרון לאומי","D-045","ראיית החטופים והמשפחות כסמל מוסרי מרכזי של אחריות המדינה לאזרחיה","supports","https://hagush.org.il/candidates.html; https://democrats.org.il/; https://meretz.org.il/%D7%A2%D7%90%D7%99%D7%93-%D7%91%D7%93%D7%99%D7%A8/; https://www.instagram.com/p/DU0irmUjQZd/; https://www.facebook.com/Aedbadir/","62","ההתמודדות בדמוקרטים והפעילות הציבורית לאחר המשבר מצביעות על מחויבות לאחריות מדינתית, שיקום, שלטון חוק ורגישות לנפגעים; הביטחון בינוני כשאין ציטוט אישי לכל סעיף."
"עאיד בדיר","דעות","שבעה באוקטובר, אחריות, חטופים וזיכרון לאומי","D-046","התנגדות לשימוש פוליטי ציני בכאב של משפחות, נפגעים או קהילות שנפגעו במלחמה","supports","https://hagush.org.il/candidates.html; https://democrats.org.il/; https://meretz.org.il/%D7%A2%D7%90%D7%99%D7%93-%D7%91%D7%93%D7%99%D7%A8/; https://www.instagram.com/p/DU0irmUjQZd/; https://www.facebook.com/Aedbadir/","62","ההתמודדות בדמוקרטים והפעילות הציבורית לאחר המשבר מצביעות על מחויבות לאחריות מדינתית, שיקום, שלטון חוק ורגישות לנפגעים; הביטחון בינוני כשאין ציטוט אישי לכל סעיף."
"עאיד בדיר","דעות","שבעה באוקטובר, אחריות, חטופים וזיכרון לאומי","D-047","תמיכה בשיקום העוטף והקהילות שנפגעו כחלק מהחוזה הבסיסי בין המדינה לאזרחיה","supports","https://hagush.org.il/candidates.html; https://democrats.org.il/; https://meretz.org.il/%D7%A2%D7%90%D7%99%D7%93-%D7%91%D7%93%D7%99%D7%A8/; https://www.instagram.com/p/DU0irmUjQZd/; https://www.facebook.com/Aedbadir/","62","ההתמודדות בדמוקרטים והפעילות הציבורית לאחר המשבר מצביעות על מחויבות לאחריות מדינתית, שיקום, שלטון חוק ורגישות לנפגעים; הביטחון בינוני כשאין ציטוט אישי לכל סעיף."
"עאיד בדיר","דעות","שבעה באוקטובר, אחריות, חטופים וזיכרון לאומי","D-048","ראיית הטראומה של שבעה באוקטובר כבסיס לבניית מדיניות חדשה, לא רק כהצדקה להמשך מלחמה","supports","https://hagush.org.il/candidates.html; https://democrats.org.il/; https://meretz.org.il/%D7%A2%D7%90%D7%99%D7%93-%D7%91%D7%93%D7%99%D7%A8/; https://www.instagram.com/p/DU0irmUjQZd/; https://www.facebook.com/Aedbadir/","62","ההתמודדות בדמוקרטים והפעילות הציבורית לאחר המשבר מצביעות על מחויבות לאחריות מדינתית, שיקום, שלטון חוק ורגישות לנפגעים; הביטחון בינוני כשאין ציטוט אישי לכל סעיף."
"עאיד בדיר","דעות","חברה, כלכלה, רווחה ופריפריה","D-049","הצבת צמצום אי־שוויון חברתי־כלכלי כנושא מרכזי בזהות הפוליטית","supports","https://hagush.org.il/candidates.html; https://democrats.org.il/; https://meretz.org.il/%D7%A2%D7%90%D7%99%D7%93-%D7%91%D7%93%D7%99%D7%A8/; https://www.instagram.com/p/DU0irmUjQZd/; https://www.facebook.com/Aedbadir/","70","הפרופיל מציג עיסוק ישיר בחינוך, רווחה, שוויון, פריפריה או שירותים חברתיים; לכן יש בסיס ברור לתמיכה בצמצום פערים ובאחריות מדינתית."
"עאיד בדיר","דעות","חברה, כלכלה, רווחה ופריפריה","D-050","תמיכה בהרחבת אחריות המדינה בתחומי דיור, חינוך, בריאות ורווחה","supports","https://hagush.org.il/candidates.html; https://democrats.org.il/; https://meretz.org.il/%D7%A2%D7%90%D7%99%D7%93-%D7%91%D7%93%D7%99%D7%A8/; https://www.instagram.com/p/DU0irmUjQZd/; https://www.facebook.com/Aedbadir/","70","הפרופיל מציג עיסוק ישיר בחינוך, רווחה, שוויון, פריפריה או שירותים חברתיים; לכן יש בסיס ברור לתמיכה בצמצום פערים ובאחריות מדינתית."
"עאיד בדיר","דעות","חברה, כלכלה, רווחה ופריפריה","D-051","תמיכה בזכויות עובדים, עבודה מאורגנת והגנה על שכבות מוחלשות","supports","https://hagush.org.il/candidates.html; https://democrats.org.il/; https://meretz.org.il/%D7%A2%D7%90%D7%99%D7%93-%D7%91%D7%93%D7%99%D7%A8/; https://www.instagram.com/p/DU0irmUjQZd/; https://www.facebook.com/Aedbadir/","70","הפרופיל מציג עיסוק ישיר בחינוך, רווחה, שוויון, פריפריה או שירותים חברתיים; לכן יש בסיס ברור לתמיכה בצמצום פערים ובאחריות מדינתית."
"עאיד בדיר","דעות","חברה, כלכלה, רווחה ופריפריה","D-052","ראיית הפריפריה הגיאוגרפית והחברתית כשותפה אסטרטגית ולא כקהל יעד משני","supports","https://hagush.org.il/candidates.html; https://democrats.org.il/; https://meretz.org.il/%D7%A2%D7%90%D7%99%D7%93-%D7%91%D7%93%D7%99%D7%A8/; https://www.instagram.com/p/DU0irmUjQZd/; https://www.facebook.com/Aedbadir/","70","הפרופיל מציג עיסוק ישיר בחינוך, רווחה, שוויון, פריפריה או שירותים חברתיים; לכן יש בסיס ברור לתמיכה בצמצום פערים ובאחריות מדינתית."
"עאיד בדיר","דעות","חברה, כלכלה, רווחה ופריפריה","D-053","תמיכה בהשקעה ארוכת טווח בנגב, בגליל, בעוטף ובערים מוחלשות","supports","https://hagush.org.il/candidates.html; https://democrats.org.il/; https://meretz.org.il/%D7%A2%D7%90%D7%99%D7%93-%D7%91%D7%93%D7%99%D7%A8/; https://www.instagram.com/p/DU0irmUjQZd/; https://www.facebook.com/Aedbadir/","70","הפרופיל מציג עיסוק ישיר בחינוך, רווחה, שוויון, פריפריה או שירותים חברתיים; לכן יש בסיס ברור לתמיכה בצמצום פערים ובאחריות מדינתית."
"עאיד בדיר","דעות","חברה, כלכלה, רווחה ופריפריה","D-054","חיבור בין צדק חברתי לבין בניית מחנה פוליטי חדש ורחב יותר","supports","https://hagush.org.il/candidates.html; https://democrats.org.il/; https://meretz.org.il/%D7%A2%D7%90%D7%99%D7%93-%D7%91%D7%93%D7%99%D7%A8/; https://www.instagram.com/p/DU0irmUjQZd/; https://www.facebook.com/Aedbadir/","70","הפרופיל מציג עיסוק ישיר בחינוך, רווחה, שוויון, פריפריה או שירותים חברתיים; לכן יש בסיס ברור לתמיכה בצמצום פערים ובאחריות מדינתית."
"עאיד בדיר","דעות","סגנון פשרה, גבולות ויכולת הסכמה","D-055","נכונות לפשרות פוליטיות רחבות כדי לשקם את המדינה גם במחיר ויתור אידיאולוגי חלקי","supports","https://hagush.org.il/candidates.html; https://democrats.org.il/; https://meretz.org.il/%D7%A2%D7%90%D7%99%D7%93-%D7%91%D7%93%D7%99%D7%A8/; https://www.instagram.com/p/DU0irmUjQZd/; https://www.facebook.com/Aedbadir/","65","הרקע בשותפויות, עבודה מוסדית, חינוך, חברה אזרחית או שלטון מקומי מצביע על נכונות לבנות הסכמות וקואליציות רחבות תחת כללי משחק דמוקרטיים."
"עאיד בדיר","דעות","סגנון פשרה, גבולות ויכולת הסכמה","D-056","הצבת קווים אדומים ברורים שמעליהם אין מקום לפשרה עם יריבים פוליטיים","supports","https://hagush.org.il/candidates.html; https://democrats.org.il/; https://meretz.org.il/%D7%A2%D7%90%D7%99%D7%93-%D7%91%D7%93%D7%99%D7%A8/; https://www.instagram.com/p/DU0irmUjQZd/; https://www.facebook.com/Aedbadir/","60","הפרופיל משלב מחויבות לכללים דמוקרטיים עם נכונות למאבק ציבורי כאשר ערכים בסיסיים מאוימים; במקומות שאינם חד־משמעיים סווג כ־mixed."
"עאיד בדיר","דעות","סגנון פשרה, גבולות ויכולת הסכמה","D-057","העדפה להסכמות רחבות ולאיטיות על פני מהלכים חדים ומהירים","supports","https://hagush.org.il/candidates.html; https://democrats.org.il/; https://meretz.org.il/%D7%A2%D7%90%D7%99%D7%93-%D7%91%D7%93%D7%99%D7%A8/; https://www.instagram.com/p/DU0irmUjQZd/; https://www.facebook.com/Aedbadir/","65","הרקע בשותפויות, עבודה מוסדית, חינוך, חברה אזרחית או שלטון מקומי מצביע על נכונות לבנות הסכמות וקואליציות רחבות תחת כללי משחק דמוקרטיים."
"עאיד בדיר","דעות","סגנון פשרה, גבולות ויכולת הסכמה","D-058","העדפה למאבק חד וברור כאשר פשרה נתפסת ככניעה לכוחות אנטי־דמוקרטיים","mixed","https://hagush.org.il/candidates.html; https://democrats.org.il/; https://meretz.org.il/%D7%A2%D7%90%D7%99%D7%93-%D7%91%D7%93%D7%99%D7%A8/; https://www.instagram.com/p/DU0irmUjQZd/; https://www.facebook.com/Aedbadir/","60","הפרופיל משלב מחויבות לכללים דמוקרטיים עם נכונות למאבק ציבורי כאשר ערכים בסיסיים מאוימים; במקומות שאינם חד־משמעיים סווג כ־mixed."
"עאיד בדיר","דעות","סגנון פשרה, גבולות ויכולת הסכמה","D-059","יכולת להבחין בין פשרה עניינית לבין טשטוש ערכי מסוכן","supports","https://hagush.org.il/candidates.html; https://democrats.org.il/; https://meretz.org.il/%D7%A2%D7%90%D7%99%D7%93-%D7%91%D7%93%D7%99%D7%A8/; https://www.instagram.com/p/DU0irmUjQZd/; https://www.facebook.com/Aedbadir/","60","הפרופיל משלב מחויבות לכללים דמוקרטיים עם נכונות למאבק ציבורי כאשר ערכים בסיסיים מאוימים; במקומות שאינם חד־משמעיים סווג כ־mixed."
"עאיד בדיר","דעות","סגנון פשרה, גבולות ויכולת הסכמה","D-060","נכונות לבנות קואליציות עתידיות עם גורמים שאינם שייכים למחנה הטבעי, אם הם מקבלים כללי משחק דמוקרטיים","supports","https://hagush.org.il/candidates.html; https://democrats.org.il/; https://meretz.org.il/%D7%A2%D7%90%D7%99%D7%93-%D7%91%D7%93%D7%99%D7%A8/; https://www.instagram.com/p/DU0irmUjQZd/; https://www.facebook.com/Aedbadir/","65","הרקע בשותפויות, עבודה מוסדית, חינוך, חברה אזרחית או שלטון מקומי מצביע על נכונות לבנות הסכמות וקואליציות רחבות תחת כללי משחק דמוקרטיים."
"עאיד בדיר","יכולות","מומחיות מדינית, ביטחונית וממשלית","cap_001","ניסיון ישיר במערכות מדינה בכירות או במוקדי קבלת החלטות","partial","https://hagush.org.il/candidates.html; https://democrats.org.il/; https://meretz.org.il/%D7%A2%D7%90%D7%99%D7%93-%D7%91%D7%93%D7%99%D7%A8/; https://www.instagram.com/p/DU0irmUjQZd/; https://www.facebook.com/Aedbadir/","70","יש ניסיון משמעותי בשלטון מקומי, אך לא במוקד מדינתי־ממשלתי בכיר ברמה הארצית."
"עאיד בדיר","יכולות","מומחיות מדינית, ביטחונית וממשלית","cap_002","הבנה מוכחת של סוגיות מדיניות, ביטחוניות ואזוריות מורכבות","partial","https://hagush.org.il/candidates.html; https://democrats.org.il/; https://meretz.org.il/%D7%A2%D7%90%D7%99%D7%93-%D7%91%D7%93%D7%99%D7%A8/; https://www.instagram.com/p/DU0irmUjQZd/; https://www.facebook.com/Aedbadir/","58","יש עיסוק ציבורי בסוגיות אזרחיות־מדיניות מורכבות, אך לא מומחיות ביטחונית מלאה."
"עאיד בדיר","יכולות","מומחיות מדינית, ביטחונית וממשלית","cap_003","ניסיון במשא ומתן, דיאלוג אסטרטגי או קשרים בינלאומיים","partial","https://hagush.org.il/candidates.html; https://democrats.org.il/; https://meretz.org.il/%D7%A2%D7%90%D7%99%D7%93-%D7%91%D7%93%D7%99%D7%A8/; https://www.instagram.com/p/DU0irmUjQZd/; https://www.facebook.com/Aedbadir/","62","הפעילות הציבורית כוללת דיאלוג, שיתופי פעולה או גישור בין קהלים, אך לא בהכרח משא ומתן מדיני או בינלאומי פורמלי."
"עאיד בדיר","יכולות","מומחיות מדינית, ביטחונית וממשלית","cap_004","ניסיון צבאי, מודיעיני או ביטחוני בעל רלוונטיות לעבודה ציבורית","unknown","מקורות שנבדקו: https://hagush.org.il/candidates.html; https://democrats.org.il/; https://meretz.org.il/%D7%A2%D7%90%D7%99%D7%93-%D7%91%D7%93%D7%99%D7%A8/; https://www.instagram.com/p/DU0irmUjQZd/; https://www.facebook.com/Aedbadir/","0","לא נמצא במקורות שנבדקו בסיס עובדתי ישיר או עקיף מספיק לקביעה סבירה; נשאר unknown לפי כלל אי־הניחוש."
"עאיד בדיר","יכולות","מומחיות מדינית, ביטחונית וממשלית","cap_005","יכולת לגבש תפיסה מדינית־ביטחונית סדורה ולא רק עמדה ערכית כללית","unknown","מקורות שנבדקו: https://hagush.org.il/candidates.html; https://democrats.org.il/; https://meretz.org.il/%D7%A2%D7%90%D7%99%D7%93-%D7%91%D7%93%D7%99%D7%A8/; https://www.instagram.com/p/DU0irmUjQZd/; https://www.facebook.com/Aedbadir/","0","לא נמצא במקורות שנבדקו בסיס עובדתי ישיר או עקיף מספיק לקביעה סבירה; נשאר unknown לפי כלל אי־הניחוש."
"עאיד בדיר","יכולות","מומחיות מדינית, ביטחונית וממשלית","cap_006","יכולת לחבר בין יעדים ביטחוניים לבין יעדים מדיניים ארוכי טווח","unknown","מקורות שנבדקו: https://hagush.org.il/candidates.html; https://democrats.org.il/; https://meretz.org.il/%D7%A2%D7%90%D7%99%D7%93-%D7%91%D7%93%D7%99%D7%A8/; https://www.instagram.com/p/DU0irmUjQZd/; https://www.facebook.com/Aedbadir/","0","לא נמצא במקורות שנבדקו בסיס עובדתי ישיר או עקיף מספיק לקביעה סבירה; נשאר unknown לפי כלל אי־הניחוש."
"עאיד בדיר","יכולות","ארגון, ניהול וביצוע","cap_007","ניסיון בהקמה וניהול של ארגונים, חברות, תנועות או מטות פעולה","has","https://hagush.org.il/candidates.html; https://democrats.org.il/; https://meretz.org.il/%D7%A2%D7%90%D7%99%D7%93-%D7%91%D7%93%D7%99%D7%A8/; https://www.instagram.com/p/DU0irmUjQZd/; https://www.facebook.com/Aedbadir/","84","הפרופיל מציג ניהול מוסד/ארגון/עמותה/מערכת ציבורית או אחריות ניהולית מתמשכת; יש בסיס ברור ליכולת ארגון וביצוע."
"עאיד בדיר","יכולות","ארגון, ניהול וביצוע","cap_008","יכולת להוביל צוותים, תקציבים, קהילות או מערכות מורכבות","has","https://hagush.org.il/candidates.html; https://democrats.org.il/; https://meretz.org.il/%D7%A2%D7%90%D7%99%D7%93-%D7%91%D7%93%D7%99%D7%A8/; https://www.instagram.com/p/DU0irmUjQZd/; https://www.facebook.com/Aedbadir/","84","הפרופיל מציג ניהול מוסד/ארגון/עמותה/מערכת ציבורית או אחריות ניהולית מתמשכת; יש בסיס ברור ליכולת ארגון וביצוע."
"עאיד בדיר","יכולות","ארגון, ניהול וביצוע","cap_009","הובלת מאבקים ציבוריים שהניבו תוצאות ממשיות","has","https://hagush.org.il/candidates.html; https://democrats.org.il/; https://meretz.org.il/%D7%A2%D7%90%D7%99%D7%93-%D7%91%D7%93%D7%99%D7%A8/; https://www.instagram.com/p/DU0irmUjQZd/; https://www.facebook.com/Aedbadir/","78","נמצא בסיס להובלת מאבק/פרויקט ציבורי ממשי: מחאה, חינוך, שותפות, סביבה, שילוב מיעוטים או זכויות אנשים עם מוגבלות."
"עאיד בדיר","יכולות","ארגון, ניהול וביצוע","cap_010","יכולת להפוך רעיון כללי לתשתית פעולה מתמשכת","has","https://hagush.org.il/candidates.html; https://democrats.org.il/; https://meretz.org.il/%D7%A2%D7%90%D7%99%D7%93-%D7%91%D7%93%D7%99%D7%A8/; https://www.instagram.com/p/DU0irmUjQZd/; https://www.facebook.com/Aedbadir/","84","הפרופיל מציג ניהול מוסד/ארגון/עמותה/מערכת ציבורית או אחריות ניהולית מתמשכת; יש בסיס ברור ליכולת ארגון וביצוע."
"עאיד בדיר","יכולות","ארגון, ניהול וביצוע","cap_011","ניסיון בניהול משברים ציבוריים, פוליטיים או ארגוניים","partial","https://hagush.org.il/candidates.html; https://democrats.org.il/; https://meretz.org.il/%D7%A2%D7%90%D7%99%D7%93-%D7%91%D7%93%D7%99%D7%A8/; https://www.instagram.com/p/DU0irmUjQZd/; https://www.facebook.com/Aedbadir/","66","קיים ניסיון בניהול מערכות ציבוריות/ארגוניות ולעיתים גם מצבי משבר, אך לא תמיד מקור מפורש לניהול משברים פוליטיים."
"עאיד בדיר","יכולות","ארגון, ניהול וביצוע","cap_012","מוכנות לקחת אחריות אישית גבוהה על מהלך ציבורי או ארגוני","has","https://hagush.org.il/candidates.html; https://democrats.org.il/; https://meretz.org.il/%D7%A2%D7%90%D7%99%D7%93-%D7%91%D7%93%D7%99%D7%A8/; https://www.instagram.com/p/DU0irmUjQZd/; https://www.facebook.com/Aedbadir/","84","הפרופיל מציג ניהול מוסד/ארגון/עמותה/מערכת ציבורית או אחריות ניהולית מתמשכת; יש בסיס ברור ליכולת ארגון וביצוע."
"עאיד בדיר","יכולות","חקיקה, פוליטיקה ומוסדות","cap_013","ניסיון בעבודה פרלמנטרית, ועדות כנסת, חקיקה או הצעות חוק","partial","https://hagush.org.il/candidates.html; https://democrats.org.il/; https://meretz.org.il/%D7%A2%D7%90%D7%99%D7%93-%D7%91%D7%93%D7%99%D7%A8/; https://www.instagram.com/p/DU0irmUjQZd/; https://www.facebook.com/Aedbadir/","58","יש ניסיון פוליטי־מוסדי בשלטון מקומי, אך לא ניסיון חקיקה בכנסת."
"עאיד בדיר","יכולות","חקיקה, פוליטיקה ומוסדות","cap_014","היכרות מעשית עם מנגנוני מפלגות, פריימריז, רשימות וקואליציות","has","https://hagush.org.il/candidates.html; https://democrats.org.il/; https://meretz.org.il/%D7%A2%D7%90%D7%99%D7%93-%D7%91%D7%93%D7%99%D7%A8/; https://www.instagram.com/p/DU0irmUjQZd/; https://www.facebook.com/Aedbadir/","75","הרקע במרצ, מועצות/כנסת ופריימריז נותן בסיס להיכרות מעשית עם מנגנונים פוליטיים."
"עאיד בדיר","יכולות","חקיקה, פוליטיקה ומוסדות","cap_015","יכולת לפעול בתוך מוסדות קיימים ולא רק מחוץ להם","has","https://hagush.org.il/candidates.html; https://democrats.org.il/; https://meretz.org.il/%D7%A2%D7%90%D7%99%D7%93-%D7%91%D7%93%D7%99%D7%A8/; https://www.instagram.com/p/DU0irmUjQZd/; https://www.facebook.com/Aedbadir/","72","נמצא ניסיון פעולה בתוך מוסדות קיימים: כנסת, רשות מקומית, צה״ל או עמותה ארצית."
"עאיד בדיר","יכולות","חקיקה, פוליטיקה ומוסדות","cap_016","ניסיון בבניית תנועה פוליטית, מפלגה או אלטרנטיבה שלטונית","partial","https://hagush.org.il/candidates.html; https://democrats.org.il/; https://meretz.org.il/%D7%A2%D7%90%D7%99%D7%93-%D7%91%D7%93%D7%99%D7%A8/; https://www.instagram.com/p/DU0irmUjQZd/; https://www.facebook.com/Aedbadir/","58","יש ניסיון בבניית תשתיות ציבוריות/אזרחיות או חיבור מחאה לפוליטיקה, אך לא בהקמת מפלגה שלמה."
"עאיד בדיר","יכולות","חקיקה, פוליטיקה ומוסדות","cap_017","יכולת לייצר שיתופי פעולה בין זרמים, מפלגות או קבוצות אינטרס","has","https://hagush.org.il/candidates.html; https://democrats.org.il/; https://meretz.org.il/%D7%A2%D7%90%D7%99%D7%93-%D7%91%D7%93%D7%99%D7%A8/; https://www.instagram.com/p/DU0irmUjQZd/; https://www.facebook.com/Aedbadir/","74","הפרופיל מציג בניית שיתופי פעולה בין קהלים/ארגונים/מוסדות, ולכן יש בסיס ליכולת קואליציונית."
"עאיד בדיר","יכולות","חקיקה, פוליטיקה ומוסדות","cap_018","יכולת לתרגם עמדות אידיאולוגיות לפעולות מוסדיות או חקיקתיות","has","https://hagush.org.il/candidates.html; https://democrats.org.il/; https://meretz.org.il/%D7%A2%D7%90%D7%99%D7%93-%D7%91%D7%93%D7%99%D7%A8/; https://www.instagram.com/p/DU0irmUjQZd/; https://www.facebook.com/Aedbadir/","72","נמצא ניסיון בתרגום ערכים לעשייה מוסדית: כנסת, עירייה, עמותה או פרויקטים ציבוריים."
"עאיד בדיר","יכולות","תקשורת, הסברה והשפעה ציבורית","cap_019","יכולת ליצור מסרים חדים, ברורים וזכירים","has","https://hagush.org.il/candidates.html; https://democrats.org.il/; https://meretz.org.il/%D7%A2%D7%90%D7%99%D7%93-%D7%91%D7%93%D7%99%D7%A8/; https://www.instagram.com/p/DU0irmUjQZd/; https://www.facebook.com/Aedbadir/","65","הפרופיל מציג פעילות ציבורית שמחייבת ניסוח מסרים, הופעה ושכנוע; עוצמת היכולת משתנה לפי מידת הנראות במקורות."
"עאיד בדיר","יכולות","תקשורת, הסברה והשפעה ציבורית","cap_020","יכולת לייצר תוכן דיגיטלי, ויראלי או תקשורתי שמגיע לקהלים רחבים","partial","https://hagush.org.il/candidates.html; https://democrats.org.il/; https://meretz.org.il/%D7%A2%D7%90%D7%99%D7%93-%D7%91%D7%93%D7%99%D7%A8/; https://www.instagram.com/p/DU0irmUjQZd/; https://www.facebook.com/Aedbadir/","55","יש נוכחות ציבורית ופעילות שטח, אך לא מקור חזק ליכולת דיגיטלית ויראלית."
"עאיד בדיר","יכולות","תקשורת, הסברה והשפעה ציבורית","cap_021","ניסיון בהופעה ציבורית, ראיונות, פודקאסטים, קולנוע, כתיבה או הרצאות","has","https://hagush.org.il/candidates.html; https://democrats.org.il/; https://meretz.org.il/%D7%A2%D7%90%D7%99%D7%93-%D7%91%D7%93%D7%99%D7%A8/; https://www.instagram.com/p/DU0irmUjQZd/; https://www.facebook.com/Aedbadir/","72","נמצא ניסיון בהופעות/מפגשים ציבוריים, פעילות פוליטית או הרצאות/ראיונות סביב תחום העשייה."
"עאיד בדיר","יכולות","תקשורת, הסברה והשפעה ציבורית","cap_022","יכולת להסביר נושאים מורכבים בשפה נגישה ולא טכנוקרטית","has","https://hagush.org.il/candidates.html; https://democrats.org.il/; https://meretz.org.il/%D7%A2%D7%90%D7%99%D7%93-%D7%91%D7%93%D7%99%D7%A8/; https://www.instagram.com/p/DU0irmUjQZd/; https://www.facebook.com/Aedbadir/","65","הפרופיל מציג פעילות ציבורית שמחייבת ניסוח מסרים, הופעה ושכנוע; עוצמת היכולת משתנה לפי מידת הנראות במקורות."
"עאיד בדיר","יכולות","תקשורת, הסברה והשפעה ציבורית","cap_023","יכולת לנהל מאבק תודעתי מול יריבים פוליטיים או תקשורתיים","has","https://hagush.org.il/candidates.html; https://democrats.org.il/; https://meretz.org.il/%D7%A2%D7%90%D7%99%D7%93-%D7%91%D7%93%D7%99%D7%A8/; https://www.instagram.com/p/DU0irmUjQZd/; https://www.facebook.com/Aedbadir/","65","הפרופיל מציג פעילות ציבורית שמחייבת ניסוח מסרים, הופעה ושכנוע; עוצמת היכולת משתנה לפי מידת הנראות במקורות."
"עאיד בדיר","יכולות","תקשורת, הסברה והשפעה ציבורית","cap_024","יכולת להפוך סיפור אישי או ערכי לכלי גיוס ציבורי","has","https://hagush.org.il/candidates.html; https://democrats.org.il/; https://meretz.org.il/%D7%A2%D7%90%D7%99%D7%93-%D7%91%D7%93%D7%99%D7%A8/; https://www.instagram.com/p/DU0irmUjQZd/; https://www.facebook.com/Aedbadir/","74","למועמד/ת יש סיפור זהות או עשייה ציבורית מובהק שניתן להפוך לכלי גיוס ציבורי."
"עאיד בדיר","יכולות","חיבור בין קהלים ועולמות","cap_025","יכולת לחבר בין יהודים לערבים בתוך מסגרת פוליטית או אזרחית משותפת","has","https://hagush.org.il/candidates.html; https://democrats.org.il/; https://meretz.org.il/%D7%A2%D7%90%D7%99%D7%93-%D7%91%D7%93%D7%99%D7%A8/; https://www.instagram.com/p/DU0irmUjQZd/; https://www.facebook.com/Aedbadir/","82","הפרופיל מציג זהות מיעוט ו/או פעילות מפורשת לשותפות יהודית־ערבית."
"עאיד בדיר","יכולות","חיבור בין קהלים ועולמות","cap_026","יכולת לחבר בין שמאל ליברלי לבין פריפריה מזרחית, מסורתית או גיאוגרפית","partial","https://hagush.org.il/candidates.html; https://democrats.org.il/; https://meretz.org.il/%D7%A2%D7%90%D7%99%D7%93-%D7%91%D7%93%D7%99%D7%A8/; https://www.instagram.com/p/DU0irmUjQZd/; https://www.facebook.com/Aedbadir/","72","הרקע בפריפריה, מיעוטים, חינוך, רווחה או שלטון מקומי מספק בסיס לחיבור בין שמאל ליברלי לקהלים חברתיים/גיאוגרפיים רחבים."
"עאיד בדיר","יכולות","חיבור בין קהלים ועולמות","cap_027","יכולת לחבר בין עולם המחאה לבין עבודה מפלגתית ומוסדית","partial","https://hagush.org.il/candidates.html; https://democrats.org.il/; https://meretz.org.il/%D7%A2%D7%90%D7%99%D7%93-%D7%91%D7%93%D7%99%D7%A8/; https://www.instagram.com/p/DU0irmUjQZd/; https://www.facebook.com/Aedbadir/","60","יש חיבור בין פעילות שטח/חברה אזרחית לבין התמודדות פוליטית, אך לא בהכרח זיקה ישירה למחאת קפלן."
"עאיד בדיר","יכולות","חיבור בין קהלים ועולמות","cap_028","יכולת לחבר בין היי־טק, חדשנות ודיגיטל לבין פוליטיקה ציבורית","unknown","מקורות שנבדקו: https://hagush.org.il/candidates.html; https://democrats.org.il/; https://meretz.org.il/%D7%A2%D7%90%D7%99%D7%93-%D7%91%D7%93%D7%99%D7%A8/; https://www.instagram.com/p/DU0irmUjQZd/; https://www.facebook.com/Aedbadir/","0","לא נמצא במקורות שנבדקו בסיס עובדתי ישיר או עקיף מספיק לקביעה סבירה; נשאר unknown לפי כלל אי־הניחוש."
"עאיד בדיר","יכולות","חיבור בין קהלים ועולמות","cap_029","יכולת לחבר בין שפה מקצועית־ביטחונית לבין שפה אזרחית וערכית","unknown","מקורות שנבדקו: https://hagush.org.il/candidates.html; https://democrats.org.il/; https://meretz.org.il/%D7%A2%D7%90%D7%99%D7%93-%D7%91%D7%93%D7%99%D7%A8/; https://www.instagram.com/p/DU0irmUjQZd/; https://www.facebook.com/Aedbadir/","0","לא נמצא במקורות שנבדקו בסיס עובדתי ישיר או עקיף מספיק לקביעה סבירה; נשאר unknown לפי כלל אי־הניחוש."
"עאיד בדיר","יכולות","חיבור בין קהלים ועולמות","cap_030","אמינות מול קהילות שטח ולא רק מול קהל תקשורתי או אליטיסטי","has","https://hagush.org.il/candidates.html; https://democrats.org.il/; https://meretz.org.il/%D7%A2%D7%90%D7%99%D7%93-%D7%91%D7%93%D7%99%D7%A8/; https://www.instagram.com/p/DU0irmUjQZd/; https://www.facebook.com/Aedbadir/","72","הפרופיל מבוסס על פעילות שטח מול קהילות ממשיות ולא רק על נראות תקשורתית."
"עאיד בדיר","יכולות","חדשנות, למידה ושיתוף ציבור","cap_031","שימוש בטכנולוגיה, מידע או כלים דיגיטליים לשיתוף ציבור וארגון פוליטי","unknown","מקורות שנבדקו: https://hagush.org.il/candidates.html; https://democrats.org.il/; https://meretz.org.il/%D7%A2%D7%90%D7%99%D7%93-%D7%91%D7%93%D7%99%D7%A8/; https://www.instagram.com/p/DU0irmUjQZd/; https://www.facebook.com/Aedbadir/","0","לא נמצא במקורות שנבדקו בסיס עובדתי ישיר או עקיף מספיק לקביעה סבירה; נשאר unknown לפי כלל אי־הניחוש."
"עאיד בדיר","יכולות","חדשנות, למידה ושיתוף ציבור","cap_032","חשיבה מערכתית שמזהה קשרים בין משבר פוליטי, כלכלה, ביטחון וחברה","partial","https://hagush.org.il/candidates.html; https://democrats.org.il/; https://meretz.org.il/%D7%A2%D7%90%D7%99%D7%93-%D7%91%D7%93%D7%99%D7%A8/; https://www.instagram.com/p/DU0irmUjQZd/; https://www.facebook.com/Aedbadir/","70","הרקע מציג חשיבה מערכתית המחברת חברה, מוסדות, קהילות ויישום מעשי; רמת הביטחון משתנה לפי עומק המקורות."
"עאיד בדיר","יכולות","חדשנות, למידה ושיתוף ציבור","cap_033","יזמות בפתרונות לא שגרתיים לבעיות פוליטיות או חברתיות","partial","https://hagush.org.il/candidates.html; https://democrats.org.il/; https://meretz.org.il/%D7%A2%D7%90%D7%99%D7%93-%D7%91%D7%93%D7%99%D7%A8/; https://www.instagram.com/p/DU0irmUjQZd/; https://www.facebook.com/Aedbadir/","70","הרקע מציג חשיבה מערכתית המחברת חברה, מוסדות, קהילות ויישום מעשי; רמת הביטחון משתנה לפי עומק המקורות."
"עאיד בדיר","יכולות","חדשנות, למידה ושיתוף ציבור","cap_034","יכולת ללמוד תחומים חדשים ולהפוך אותם לשפה ציבורית ברורה","has","https://hagush.org.il/candidates.html; https://democrats.org.il/; https://meretz.org.il/%D7%A2%D7%90%D7%99%D7%93-%D7%91%D7%93%D7%99%D7%A8/; https://www.instagram.com/p/DU0irmUjQZd/; https://www.facebook.com/Aedbadir/","62","הפרופיל מציג למידה, יזמות או פיתוח מסגרות פעולה חדשות; לגבי ניסויים דמוקרטיים ארגוניים הביטחון בינוני."
"עאיד בדיר","יכולות","חדשנות, למידה ושיתוף ציבור","cap_035","שילוב בין ידע מקצועי, ניסיון אישי וערכים פוליטיים","partial","https://hagush.org.il/candidates.html; https://democrats.org.il/; https://meretz.org.il/%D7%A2%D7%90%D7%99%D7%93-%D7%91%D7%93%D7%99%D7%A8/; https://www.instagram.com/p/DU0irmUjQZd/; https://www.facebook.com/Aedbadir/","70","הרקע מציג חשיבה מערכתית המחברת חברה, מוסדות, קהילות ויישום מעשי; רמת הביטחון משתנה לפי עומק המקורות."
"עאיד בדיר","יכולות","חדשנות, למידה ושיתוף ציבור","cap_036","פתיחות לניסויים ארגוניים ודמוקרטיים חדשים ולא רק לשיטות פוליטיות קיימות","partial","https://hagush.org.il/candidates.html; https://democrats.org.il/; https://meretz.org.il/%D7%A2%D7%90%D7%99%D7%93-%D7%91%D7%93%D7%99%D7%A8/; https://www.instagram.com/p/DU0irmUjQZd/; https://www.facebook.com/Aedbadir/","62","הפרופיל מציג למידה, יזמות או פיתוח מסגרות פעולה חדשות; לגבי ניסויים דמוקרטיים ארגוניים הביטחון בינוני."
"ענבל וורטמן שהם","דעות","דמוקרטיה, משילות ותיקון מוסדות המדינה","D-001","נטייה לתיקון חוקתי ומוסדי עמוק, ולא רק להחלפת ממשלה","supports","https://hagush.org.il/candidates.html; https://democrats.org.il/; https://inbals.co.il/; https://avneiderech.org.il/about/; https://avneiderech.org.il/","60","ההתמודדות בדמוקרטים והפעילות הציבורית מצביעות על הזדהות עם תיקון דמוקרטי ומוסדי, אך ללא פירוט מלא של מנגנון חוקתי."
"ענבל וורטמן שהם","דעות","דמוקרטיה, משילות ותיקון מוסדות המדינה","D-002","ראיית המשבר הדמוקרטי כתוצאה של שיטה פוליטית פגומה ולא רק של אדם או ממשלה מסוימת","supports","https://hagush.org.il/candidates.html; https://democrats.org.il/; https://inbals.co.il/; https://avneiderech.org.il/about/; https://avneiderech.org.il/","60","ההתמודדות בדמוקרטים והפעילות הציבורית מצביעות על הזדהות עם תיקון דמוקרטי ומוסדי, אך ללא פירוט מלא של מנגנון חוקתי."
"ענבל וורטמן שהם","דעות","דמוקרטיה, משילות ותיקון מוסדות המדינה","D-003","נכונות למאבק ציבורי חריף כאשר מוסדות המדינה נתפסים כמאוימים","supports","https://hagush.org.il/candidates.html; https://democrats.org.il/; https://inbals.co.il/; https://avneiderech.org.il/about/; https://avneiderech.org.il/","60","ההתמודדות בדמוקרטים והפעילות הציבורית מצביעות על הזדהות עם תיקון דמוקרטי ומוסדי, אך ללא פירוט מלא של מנגנון חוקתי."
"ענבל וורטמן שהם","דעות","דמוקרטיה, משילות ותיקון מוסדות המדינה","D-004","העדפה לשיקום ממלכתי, זהיר ומוסדי של המדינה לאחר המשבר","supports","https://hagush.org.il/candidates.html; https://democrats.org.il/; https://inbals.co.il/; https://avneiderech.org.il/about/; https://avneiderech.org.il/","60","ההתמודדות בדמוקרטים והפעילות הציבורית מצביעות על הזדהות עם תיקון דמוקרטי ומוסדי, אך ללא פירוט מלא של מנגנון חוקתי."
"ענבל וורטמן שהם","דעות","דמוקרטיה, משילות ותיקון מוסדות המדינה","D-005","תמיכה בשיתוף ציבור, דמוקרטיה פנימית ושקיפות בתוך המפלגה ובמערכת הפוליטית","supports","https://hagush.org.il/candidates.html; https://democrats.org.il/; https://inbals.co.il/; https://avneiderech.org.il/about/; https://avneiderech.org.il/","60","ההתמודדות בדמוקרטים והפעילות הציבורית מצביעות על הזדהות עם תיקון דמוקרטי ומוסדי, אך ללא פירוט מלא של מנגנון חוקתי."
"ענבל וורטמן שהם","דעות","דמוקרטיה, משילות ותיקון מוסדות המדינה","D-006","נכונות להגביל כוח שלטוני גם כאשר הכוח נמצא בידי המחנה הקרוב אידיאולוגית","supports","https://hagush.org.il/candidates.html; https://democrats.org.il/; https://inbals.co.il/; https://avneiderech.org.il/about/; https://avneiderech.org.il/","60","ההתמודדות בדמוקרטים והפעילות הציבורית מצביעות על הזדהות עם תיקון דמוקרטי ומוסדי, אך ללא פירוט מלא של מנגנון חוקתי."
"ענבל וורטמן שהם","דעות","יחס למחנה השני ויכולת גישור","D-007","ראיית מצביעי המחנה השני כיריבים פוליטיים לגיטימיים ולא כאויבים","supports","https://hagush.org.il/candidates.html; https://democrats.org.il/; https://inbals.co.il/; https://avneiderech.org.il/about/; https://avneiderech.org.il/","62","הרקע הציבורי מתמקד בחיבור בין קהלים, שותפות או עבודה עם ציבור מגוון; יש בסיס לסיווג כתומך בגישור ובשיח לגיטימי."
"ענבל וורטמן שהם","דעות","יחס למחנה השני ויכולת גישור","D-008","הבחנה בין הנהגת המחנה השני לבין הציבור הרחב שתומך בה","supports","https://hagush.org.il/candidates.html; https://democrats.org.il/; https://inbals.co.il/; https://avneiderech.org.il/about/; https://avneiderech.org.il/","62","הרקע הציבורי מתמקד בחיבור בין קהלים, שותפות או עבודה עם ציבור מגוון; יש בסיס לסיווג כתומך בגישור ובשיח לגיטימי."
"ענבל וורטמן שהם","דעות","יחס למחנה השני ויכולת גישור","D-009","אמונה שאפשר לבנות גשר מחודש בין המחנה הדמוקרטי־ליברלי לבין חלקים מהימין המסורתי","supports","https://hagush.org.il/candidates.html; https://democrats.org.il/; https://inbals.co.il/; https://avneiderech.org.il/about/; https://avneiderech.org.il/","62","הרקע הציבורי מתמקד בחיבור בין קהלים, שותפות או עבודה עם ציבור מגוון; יש בסיס לסיווג כתומך בגישור ובשיח לגיטימי."
"ענבל וורטמן שהם","דעות","יחס למחנה השני ויכולת גישור","D-010","העדפה להכרעה פוליטית ברורה על פני פיוס מוקדם עם המחנה השני","mixed","https://hagush.org.il/candidates.html; https://democrats.org.il/; https://inbals.co.il/; https://avneiderech.org.il/about/; https://avneiderech.org.il/","55","הפרופיל מדגיש גישור ושותפות, אך גם מאבק ציבורי ודמוקרטי; לכן אין העדפה חד־משמעית להכרעה על פני פיוס."
"ענבל וורטמן שהם","דעות","יחס למחנה השני ויכולת גישור","D-011","נכונות לשיח עם דתיים, מסורתיים, חרדים וימנים גם כאשר קיימת מחלוקת ערכית עמוקה","supports","https://hagush.org.il/candidates.html; https://democrats.org.il/; https://inbals.co.il/; https://avneiderech.org.il/about/; https://avneiderech.org.il/","62","הרקע הציבורי מתמקד בחיבור בין קהלים, שותפות או עבודה עם ציבור מגוון; יש בסיס לסיווג כתומך בגישור ובשיח לגיטימי."
"ענבל וורטמן שהם","דעות","יחס למחנה השני ויכולת גישור","D-012","ראיית חלק מהמחנה השני כשותף עתידי אפשרי לשיקום המדינה לאחר עידן נתניהו","supports","https://hagush.org.il/candidates.html; https://democrats.org.il/; https://inbals.co.il/; https://avneiderech.org.il/about/; https://avneiderech.org.il/","62","הרקע הציבורי מתמקד בחיבור בין קהלים, שותפות או עבודה עם ציבור מגוון; יש בסיס לסיווג כתומך בגישור ובשיח לגיטימי."
"ענבל וורטמן שהם","דעות","שסעים פנימיים בחברה היהודית","D-013","ראיית השסע העדתי והפריפריאלי כמרכיב מרכזי במשבר הפוליטי בישראל","supports","https://hagush.org.il/candidates.html; https://democrats.org.il/; https://inbals.co.il/; https://avneiderech.org.il/about/; https://avneiderech.org.il/","60","הרקע בפריפריה/חינוך/רווחה נותן בסיס עקיף להתייחסות לשסעים חברתיים פנימיים, אך לא לכל ההיבטים הספציפיים."
"ענבל וורטמן שהם","דעות","שסעים פנימיים בחברה היהודית","D-014","נכונות לדבר עם מצביעים מזרחים, מסורתיים ופריפריאליים בשפה שאינה מתנשאת ואינה רק ליברלית־אשכנזית","supports","https://hagush.org.il/candidates.html; https://democrats.org.il/; https://inbals.co.il/; https://avneiderech.org.il/about/; https://avneiderech.org.il/","68","הפרופיל מדגיש פריפריה, חינוך, רווחה או עבודה עם קהלים שאינם מרכז־אליטה; יש בסיס לראות בו תומך בתיקון יחסי מרכז־פריפריה ובשפה לא מתנשאת."
"ענבל וורטמן שהם","דעות","שסעים פנימיים בחברה היהודית","D-015","ראיית השסע הדתי־חילוני כאיום מרכזי על הלכידות של החברה היהודית בישראל","supports","https://hagush.org.il/candidates.html; https://democrats.org.il/; https://inbals.co.il/; https://avneiderech.org.il/about/; https://avneiderech.org.il/","60","הרקע בפריפריה/חינוך/רווחה נותן בסיס עקיף להתייחסות לשסעים חברתיים פנימיים, אך לא לכל ההיבטים הספציפיים."
"ענבל וורטמן שהם","דעות","שסעים פנימיים בחברה היהודית","D-016","תמיכה בבניית ברית חדשה בין ליברלים, מסורתיים, דתיים מתונים ופריפריה חברתית","supports","https://hagush.org.il/candidates.html; https://democrats.org.il/; https://inbals.co.il/; https://avneiderech.org.il/about/; https://avneiderech.org.il/","68","הפרופיל מדגיש פריפריה, חינוך, רווחה או עבודה עם קהלים שאינם מרכז־אליטה; יש בסיס לראות בו תומך בתיקון יחסי מרכז־פריפריה ובשפה לא מתנשאת."
"ענבל וורטמן שהם","דעות","שסעים פנימיים בחברה היהודית","D-017","ביקורת על מחנה המרכז־שמאל כאשר הוא נתפס כמנותק, אליטיסטי או חסר רגישות לפריפריה","supports","https://hagush.org.il/candidates.html; https://democrats.org.il/; https://inbals.co.il/; https://avneiderech.org.il/about/; https://avneiderech.org.il/","60","הרקע בפריפריה/חינוך/רווחה נותן בסיס עקיף להתייחסות לשסעים חברתיים פנימיים, אך לא לכל ההיבטים הספציפיים."
"ענבל וורטמן שהם","דעות","שסעים פנימיים בחברה היהודית","D-018","העדפה לתיקון יחסי מרכז־פריפריה כחלק מבניית מחנה דמוקרטי רחב","supports","https://hagush.org.il/candidates.html; https://democrats.org.il/; https://inbals.co.il/; https://avneiderech.org.il/about/; https://avneiderech.org.il/","68","הפרופיל מדגיש פריפריה, חינוך, רווחה או עבודה עם קהלים שאינם מרכז־אליטה; יש בסיס לראות בו תומך בתיקון יחסי מרכז־פריפריה ובשפה לא מתנשאת."
"ענבל וורטמן שהם","דעות","מדינה יהודית ודמוקרטית, דת ומדינה","D-019","העדפה לזהות ישראלית שבה הרכיב הדמוקרטי קודם לרכיב הדתי־לאומי כאשר יש התנגשות ביניהם","unknown","מקורות שנבדקו: https://hagush.org.il/candidates.html; https://democrats.org.il/; https://inbals.co.il/; https://avneiderech.org.il/about/; https://avneiderech.org.il/","0","לא נמצא במקורות שנבדקו בסיס עובדתי ישיר או עקיף מספיק לקביעה סבירה; נשאר unknown לפי כלל אי־הניחוש."
"ענבל וורטמן שהם","דעות","מדינה יהודית ודמוקרטית, דת ומדינה","D-020","העדפה לזהות ישראלית שבה היהדות היא מקור תרבותי וערכי, אך אינה צריכה לשלוט במוסדות המדינה","unknown","מקורות שנבדקו: https://hagush.org.il/candidates.html; https://democrats.org.il/; https://inbals.co.il/; https://avneiderech.org.il/about/; https://avneiderech.org.il/","0","לא נמצא במקורות שנבדקו בסיס עובדתי ישיר או עקיף מספיק לקביעה סבירה; נשאר unknown לפי כלל אי־הניחוש."
"ענבל וורטמן שהם","דעות","מדינה יהודית ודמוקרטית, דת ומדינה","D-021","תמיכה בהפרדה ברורה יותר בין סמכות דתית לבין סמכות מדינתית","unknown","מקורות שנבדקו: https://hagush.org.il/candidates.html; https://democrats.org.il/; https://inbals.co.il/; https://avneiderech.org.il/about/; https://avneiderech.org.il/","0","לא נמצא במקורות שנבדקו בסיס עובדתי ישיר או עקיף מספיק לקביעה סבירה; נשאר unknown לפי כלל אי־הניחוש."
"ענבל וורטמן שהם","דעות","מדינה יהודית ודמוקרטית, דת ומדינה","D-022","נכונות לשמר מרכיבים יהודיים־מסורתיים במרחב הציבורי כדי לאפשר שותפות עם ציבור מסורתי ודתי","unknown","מקורות שנבדקו: https://hagush.org.il/candidates.html; https://democrats.org.il/; https://inbals.co.il/; https://avneiderech.org.il/about/; https://avneiderech.org.il/","0","לא נמצא במקורות שנבדקו בסיס עובדתי ישיר או עקיף מספיק לקביעה סבירה; נשאר unknown לפי כלל אי־הניחוש."
"ענבל וורטמן שהם","דעות","מדינה יהודית ודמוקרטית, דת ומדינה","D-023","התנגדות לכפייה דתית בנושאי נישואין, שבת, חינוך, מעמד אישי או שירות ציבורי","unknown","מקורות שנבדקו: https://hagush.org.il/candidates.html; https://democrats.org.il/; https://inbals.co.il/; https://avneiderech.org.il/about/; https://avneiderech.org.il/","0","לא נמצא במקורות שנבדקו בסיס עובדתי ישיר או עקיף מספיק לקביעה סבירה; נשאר unknown לפי כלל אי־הניחוש."
"ענבל וורטמן שהם","דעות","מדינה יהודית ודמוקרטית, דת ומדינה","D-024","תמיכה בשוויון חובות אזרחיות בין קבוצות, כולל שאלת גיוס חרדים או שירות אזרחי","unknown","מקורות שנבדקו: https://hagush.org.il/candidates.html; https://democrats.org.il/; https://inbals.co.il/; https://avneiderech.org.il/about/; https://avneiderech.org.il/","0","לא נמצא במקורות שנבדקו בסיס עובדתי ישיר או עקיף מספיק לקביעה סבירה; נשאר unknown לפי כלל אי־הניחוש."
"ענבל וורטמן שהם","דעות","הפרדה, גישור או שתי מדינות לעם היהודי","D-025","אמונה שהפער בין ישראל ליברלית לבין ישראל שמרנית־דתית עדיין ניתן לגישור פוליטי וחברתי","supports","https://hagush.org.il/candidates.html; https://democrats.org.il/; https://inbals.co.il/; https://avneiderech.org.il/about/; https://avneiderech.org.il/","65","הפרופיל מדגיש חיבור בין קהילות, שותפות אזרחית או תיקון חברתי בתוך מסגרת ישראלית אחת; לכן יש בסיס לתמיכה בגישור ובמודלים של חיים משותפים."
"ענבל וורטמן שהם","דעות","הפרדה, גישור או שתי מדינות לעם היהודי","D-026","ראיית הפער בין המחנות כעמוק עד כדי צורך בהסדרים של אוטונומיה, ביזור או הפרדה חלקית","opposes","https://hagush.org.il/candidates.html; https://democrats.org.il/; https://inbals.co.il/; https://avneiderech.org.il/about/; https://avneiderech.org.il/","62","הפרופיל מדגיש חיים משותפים, שותפות או מסגרת אזרחית משותפת, ולא הסדרי הפרדה פנימית בין מחנות."
"ענבל וורטמן שהם","דעות","הפרדה, גישור או שתי מדינות לעם היהודי","D-027","תמיכה בביזור סמכויות לשלטון מקומי כדי לאפשר לקהילות שונות לחיות לפי אורחות חיים שונים","supports","https://hagush.org.il/candidates.html; https://democrats.org.il/; https://inbals.co.il/; https://avneiderech.org.il/about/; https://avneiderech.org.il/","68","הרקע בשלטון מקומי, פריפריה או שירותי שטח נותן בסיס לתמיכה בביזור סמכויות ובהתאמת פתרונות לקהילות."
"ענבל וורטמן שהם","דעות","הפרדה, גישור או שתי מדינות לעם היהודי","D-028","התנגדות לרעיון של שתי מדינות לעם היהודי והעדפה למאבק על מסגרת מדינתית אחת משותפת","supports","https://hagush.org.il/candidates.html; https://democrats.org.il/; https://inbals.co.il/; https://avneiderech.org.il/about/; https://avneiderech.org.il/","65","הפרופיל מדגיש חיבור בין קהילות, שותפות אזרחית או תיקון חברתי בתוך מסגרת ישראלית אחת; לכן יש בסיס לתמיכה בגישור ובמודלים של חיים משותפים."
"ענבל וורטמן שהם","דעות","הפרדה, גישור או שתי מדינות לעם היהודי","D-029","פתיחות לרעיון של הסדרים פנימיים חדשים בין חילונים, דתיים, חרדים, מסורתיים וליברלים","supports","https://hagush.org.il/candidates.html; https://democrats.org.il/; https://inbals.co.il/; https://avneiderech.org.il/about/; https://avneiderech.org.il/","65","הפרופיל מדגיש חיבור בין קהילות, שותפות אזרחית או תיקון חברתי בתוך מסגרת ישראלית אחת; לכן יש בסיס לתמיכה בגישור ובמודלים של חיים משותפים."
"ענבל וורטמן שהם","דעות","הפרדה, גישור או שתי מדינות לעם היהודי","D-030","ראיית המשבר הישראלי לא רק כמאבק ימין־שמאל אלא כמאבק בין מודלים שונים של חיים משותפים","supports","https://hagush.org.il/candidates.html; https://democrats.org.il/; https://inbals.co.il/; https://avneiderech.org.il/about/; https://avneiderech.org.il/","65","הפרופיל מדגיש חיבור בין קהילות, שותפות אזרחית או תיקון חברתי בתוך מסגרת ישראלית אחת; לכן יש בסיס לתמיכה בגישור ובמודלים של חיים משותפים."
"ענבל וורטמן שהם","דעות","יהודים־ערבים, שוויון אזרחי וחיים משותפים","D-031","ראיית אזרחי ישראל הערבים כחלק מלא מהדיון על עתיד המדינה ולא כעניין נפרד או משני","supports","https://hagush.org.il/candidates.html; https://democrats.org.il/; https://inbals.co.il/; https://avneiderech.org.il/about/; https://avneiderech.org.il/","58","יש בסיס עקיף דרך פעילות במחנה הדמוקרטי־ליברלי/חברתי, אך לא נמצא פרופיל אישי מובהק בנושא יהודים־ערבים."
"ענבל וורטמן שהם","דעות","יהודים־ערבים, שוויון אזרחי וחיים משותפים","D-032","תמיכה בשוויון אזרחי גם כאשר הוא מחייב שינוי בחוקים, סמלים או חלוקת משאבים","supports","https://hagush.org.il/candidates.html; https://democrats.org.il/; https://inbals.co.il/; https://avneiderech.org.il/about/; https://avneiderech.org.il/","58","יש בסיס עקיף דרך פעילות במחנה הדמוקרטי־ליברלי/חברתי, אך לא נמצא פרופיל אישי מובהק בנושא יהודים־ערבים."
"ענבל וורטמן שהם","דעות","יהודים־ערבים, שוויון אזרחי וחיים משותפים","D-033","תמיכה בשותפות פוליטית יהודית־ערבית כחלק מבניית מחנה דמוקרטי רחב","supports","https://hagush.org.il/candidates.html; https://democrats.org.il/; https://inbals.co.il/; https://avneiderech.org.il/about/; https://avneiderech.org.il/","58","יש בסיס עקיף דרך פעילות במחנה הדמוקרטי־ליברלי/חברתי, אך לא נמצא פרופיל אישי מובהק בנושא יהודים־ערבים."
"ענבל וורטמן שהם","דעות","יהודים־ערבים, שוויון אזרחי וחיים משותפים","D-034","העדפה לשילוב אזרחים ערבים במוקדי קבלת החלטות, כולל בתחומים מדיניים וביטחוניים","supports","https://hagush.org.il/candidates.html; https://democrats.org.il/; https://inbals.co.il/; https://avneiderech.org.il/about/; https://avneiderech.org.il/","58","יש בסיס עקיף דרך פעילות במחנה הדמוקרטי־ליברלי/חברתי, אך לא נמצא פרופיל אישי מובהק בנושא יהודים־ערבים."
"ענבל וורטמן שהם","דעות","יהודים־ערבים, שוויון אזרחי וחיים משותפים","D-035","התנגדות לגזענות, הדרה או דה־לגיטימציה של הציבור הערבי בישראל","supports","https://hagush.org.il/candidates.html; https://democrats.org.il/; https://inbals.co.il/; https://avneiderech.org.il/about/; https://avneiderech.org.il/","58","יש בסיס עקיף דרך פעילות במחנה הדמוקרטי־ליברלי/חברתי, אך לא נמצא פרופיל אישי מובהק בנושא יהודים־ערבים."
"ענבל וורטמן שהם","דעות","יהודים־ערבים, שוויון אזרחי וחיים משותפים","D-036","הכרה בכך שחיים משותפים מחייבים גם התמודדות עם פחדים, טראומות וחוסר אמון בשני הצדדים","supports","https://hagush.org.il/candidates.html; https://democrats.org.il/; https://inbals.co.il/; https://avneiderech.org.il/about/; https://avneiderech.org.il/","58","יש בסיס עקיף דרך פעילות במחנה הדמוקרטי־ליברלי/חברתי, אך לא נמצא פרופיל אישי מובהק בנושא יהודים־ערבים."
"ענבל וורטמן שהם","דעות","ביטחון, פלסטינים והסדר מדיני","D-037","תמיכה בנתיב מדיני ארוך טווח מול הפלסטינים, גם לאחר שבעה באוקטובר","unknown","מקורות שנבדקו: https://hagush.org.il/candidates.html; https://democrats.org.il/; https://inbals.co.il/; https://avneiderech.org.il/about/; https://avneiderech.org.il/","0","לא נמצא במקורות שנבדקו בסיס עובדתי ישיר או עקיף מספיק לקביעה סבירה; נשאר unknown לפי כלל אי־הניחוש."
"ענבל וורטמן שהם","דעות","ביטחון, פלסטינים והסדר מדיני","D-038","העדפה להיפרדות מדינית וביטחונית מהפלסטינים כדי לשמור על ישראל יהודית ודמוקרטית","unknown","מקורות שנבדקו: https://hagush.org.il/candidates.html; https://democrats.org.il/; https://inbals.co.il/; https://avneiderech.org.il/about/; https://avneiderech.org.il/","0","לא נמצא במקורות שנבדקו בסיס עובדתי ישיר או עקיף מספיק לקביעה סבירה; נשאר unknown לפי כלל אי־הניחוש."
"ענבל וורטמן שהם","דעות","ביטחון, פלסטינים והסדר מדיני","D-039","תמיכה בפתרון שתי מדינות או במודל קרוב לו כיעד אסטרטגי","unknown","מקורות שנבדקו: https://hagush.org.il/candidates.html; https://democrats.org.il/; https://inbals.co.il/; https://avneiderech.org.il/about/; https://avneiderech.org.il/","0","לא נמצא במקורות שנבדקו בסיס עובדתי ישיר או עקיף מספיק לקביעה סבירה; נשאר unknown לפי כלל אי־הניחוש."
"ענבל וורטמן שהם","דעות","ביטחון, פלסטינים והסדר מדיני","D-040","פתיחות למודלים מדיניים מורכבים כגון קונפדרציה, גבולות פתוחים או הסדר אזורי","unknown","מקורות שנבדקו: https://hagush.org.il/candidates.html; https://democrats.org.il/; https://inbals.co.il/; https://avneiderech.org.il/about/; https://avneiderech.org.il/","0","לא נמצא במקורות שנבדקו בסיס עובדתי ישיר או עקיף מספיק לקביעה סבירה; נשאר unknown לפי כלל אי־הניחוש."
"ענבל וורטמן שהם","דעות","ביטחון, פלסטינים והסדר מדיני","D-041","התנגדות להמשך שליטה ישראלית קבועה על אוכלוסייה פלסטינית ללא זכויות אזר מלאות","unknown","מקורות שנבדקו: https://hagush.org.il/candidates.html; https://democrats.org.il/; https://inbals.co.il/; https://avneiderech.org.il/about/; https://avneiderech.org.il/","0","לא נמצא במקורות שנבדקו בסיס עובדתי ישיר או עקיף מספיק לקביעה סבירה; נשאר unknown לפי כלל אי־הניחוש."
"ענבל וורטמן שהם","דעות","ביטחון, פלסטינים והסדר מדיני","D-042","ראיית הסדר אזורי עם מדינות ערביות מתונות כחלק מרכזי מהעתיד הביטחוני של ישראל","unknown","מקורות שנבדקו: https://hagush.org.il/candidates.html; https://democrats.org.il/; https://inbals.co.il/; https://avneiderech.org.il/about/; https://avneiderech.org.il/","0","לא נמצא במקורות שנבדקו בסיס עובדתי ישיר או עקיף מספיק לקביעה סבירה; נשאר unknown לפי כלל אי־הניחוש."
"ענבל וורטמן שהם","דעות","שבעה באוקטובר, אחריות, חטופים וזיכרון לאומי","D-043","ראיית שבעה באוקטובר כאירוע שמחייב חשבון נפש מדינתי, מוסדי וחברתי עמוק","supports","https://hagush.org.il/candidates.html; https://democrats.org.il/; https://inbals.co.il/; https://avneiderech.org.il/about/; https://avneiderech.org.il/","62","ההתמודדות בדמוקרטים והפעילות הציבורית לאחר המשבר מצביעות על מחויבות לאחריות מדינתית, שיקום, שלטון חוק ורגישות לנפגעים; הביטחון בינוני כשאין ציטוט אישי לכל סעיף."
"ענבל וורטמן שהם","דעות","שבעה באוקטובר, אחריות, חטופים וזיכרון לאומי","D-044","תמיכה בוועדת חקירה ממלכתית ובאחריות אישית של הדרג המדיני והביטחוני","supports","https://hagush.org.il/candidates.html; https://democrats.org.il/; https://inbals.co.il/; https://avneiderech.org.il/about/; https://avneiderech.org.il/","62","ההתמודדות בדמוקרטים והפעילות הציבורית לאחר המשבר מצביעות על מחויבות לאחריות מדינתית, שיקום, שלטון חוק ורגישות לנפגעים; הביטחון בינוני כשאין ציטוט אישי לכל סעיף."
"ענבל וורטמן שהם","דעות","שבעה באוקטובר, אחריות, חטופים וזיכרון לאומי","D-045","ראיית החטופים והמשפחות כסמל מוסרי מרכזי של אחריות המדינה לאזרחיה","supports","https://hagush.org.il/candidates.html; https://democrats.org.il/; https://inbals.co.il/; https://avneiderech.org.il/about/; https://avneiderech.org.il/","62","ההתמודדות בדמוקרטים והפעילות הציבורית לאחר המשבר מצביעות על מחויבות לאחריות מדינתית, שיקום, שלטון חוק ורגישות לנפגעים; הביטחון בינוני כשאין ציטוט אישי לכל סעיף."
"ענבל וורטמן שהם","דעות","שבעה באוקטובר, אחריות, חטופים וזיכרון לאומי","D-046","התנגדות לשימוש פוליטי ציני בכאב של משפחות, נפגעים או קהילות שנפגעו במלחמה","supports","https://hagush.org.il/candidates.html; https://democrats.org.il/; https://inbals.co.il/; https://avneiderech.org.il/about/; https://avneiderech.org.il/","62","ההתמודדות בדמוקרטים והפעילות הציבורית לאחר המשבר מצביעות על מחויבות לאחריות מדינתית, שיקום, שלטון חוק ורגישות לנפגעים; הביטחון בינוני כשאין ציטוט אישי לכל סעיף."
"ענבל וורטמן שהם","דעות","שבעה באוקטובר, אחריות, חטופים וזיכרון לאומי","D-047","תמיכה בשיקום העוטף והקהילות שנפגעו כחלק מהחוזה הבסיסי בין המדינה לאזרחיה","supports","https://hagush.org.il/candidates.html; https://democrats.org.il/; https://inbals.co.il/; https://avneiderech.org.il/about/; https://avneiderech.org.il/","62","ההתמודדות בדמוקרטים והפעילות הציבורית לאחר המשבר מצביעות על מחויבות לאחריות מדינתית, שיקום, שלטון חוק ורגישות לנפגעים; הביטחון בינוני כשאין ציטוט אישי לכל סעיף."
"ענבל וורטמן שהם","דעות","שבעה באוקטובר, אחריות, חטופים וזיכרון לאומי","D-048","ראיית הטראומה של שבעה באוקטובר כבסיס לבניית מדיניות חדשה, לא רק כהצדקה להמשך מלחמה","supports","https://hagush.org.il/candidates.html; https://democrats.org.il/; https://inbals.co.il/; https://avneiderech.org.il/about/; https://avneiderech.org.il/","62","ההתמודדות בדמוקרטים והפעילות הציבורית לאחר המשבר מצביעות על מחויבות לאחריות מדינתית, שיקום, שלטון חוק ורגישות לנפגעים; הביטחון בינוני כשאין ציטוט אישי לכל סעיף."
"ענבל וורטמן שהם","דעות","חברה, כלכלה, רווחה ופריפריה","D-049","הצבת צמצום אי־שוויון חברתי־כלכלי כנושא מרכזי בזהות הפוליטית","supports","https://hagush.org.il/candidates.html; https://democrats.org.il/; https://inbals.co.il/; https://avneiderech.org.il/about/; https://avneiderech.org.il/","84","הפרופיל מציג עיסוק ישיר בחינוך, רווחה, שוויון, פריפריה או שירותים חברתיים; לכן יש בסיס ברור לתמיכה בצמצום פערים ובאחריות מדינתית."
"ענבל וורטמן שהם","דעות","חברה, כלכלה, רווחה ופריפריה","D-050","תמיכה בהרחבת אחריות המדינה בתחומי דיור, חינוך, בריאות ורווחה","supports","https://hagush.org.il/candidates.html; https://democrats.org.il/; https://inbals.co.il/; https://avneiderech.org.il/about/; https://avneiderech.org.il/","84","הפרופיל מציג עיסוק ישיר בחינוך, רווחה, שוויון, פריפריה או שירותים חברתיים; לכן יש בסיס ברור לתמיכה בצמצום פערים ובאחריות מדינתית."
"ענבל וורטמן שהם","דעות","חברה, כלכלה, רווחה ופריפריה","D-051","תמיכה בזכויות עובדים, עבודה מאורגנת והגנה על שכבות מוחלשות","supports","https://hagush.org.il/candidates.html; https://democrats.org.il/; https://inbals.co.il/; https://avneiderech.org.il/about/; https://avneiderech.org.il/","84","הפרופיל מציג עיסוק ישיר בחינוך, רווחה, שוויון, פריפריה או שירותים חברתיים; לכן יש בסיס ברור לתמיכה בצמצום פערים ובאחריות מדינתית."
"ענבל וורטמן שהם","דעות","חברה, כלכלה, רווחה ופריפריה","D-052","ראיית הפריפריה הגיאוגרפית והחברתית כשותפה אסטרטגית ולא כקהל יעד משני","supports","https://hagush.org.il/candidates.html; https://democrats.org.il/; https://inbals.co.il/; https://avneiderech.org.il/about/; https://avneiderech.org.il/","84","הפרופיל מציג עיסוק ישיר בחינוך, רווחה, שוויון, פריפריה או שירותים חברתיים; לכן יש בסיס ברור לתמיכה בצמצום פערים ובאחריות מדינתית."
"ענבל וורטמן שהם","דעות","חברה, כלכלה, רווחה ופריפריה","D-053","תמיכה בהשקעה ארוכת טווח בנגב, בגליל, בעוטף ובערים מוחלשות","supports","https://hagush.org.il/candidates.html; https://democrats.org.il/; https://inbals.co.il/; https://avneiderech.org.il/about/; https://avneiderech.org.il/","84","הפרופיל מציג עיסוק ישיר בחינוך, רווחה, שוויון, פריפריה או שירותים חברתיים; לכן יש בסיס ברור לתמיכה בצמצום פערים ובאחריות מדינתית."
"ענבל וורטמן שהם","דעות","חברה, כלכלה, רווחה ופריפריה","D-054","חיבור בין צדק חברתי לבין בניית מחנה פוליטי חדש ורחב יותר","supports","https://hagush.org.il/candidates.html; https://democrats.org.il/; https://inbals.co.il/; https://avneiderech.org.il/about/; https://avneiderech.org.il/","84","הפרופיל מציג עיסוק ישיר בחינוך, רווחה, שוויון, פריפריה או שירותים חברתיים; לכן יש בסיס ברור לתמיכה בצמצום פערים ובאחריות מדינתית."
"ענבל וורטמן שהם","דעות","סגנון פשרה, גבולות ויכולת הסכמה","D-055","נכונות לפשרות פוליטיות רחבות כדי לשקם את המדינה גם במחיר ויתור אידיאולוגי חלקי","supports","https://hagush.org.il/candidates.html; https://democrats.org.il/; https://inbals.co.il/; https://avneiderech.org.il/about/; https://avneiderech.org.il/","65","הרקע בשותפויות, עבודה מוסדית, חינוך, חברה אזרחית או שלטון מקומי מצביע על נכונות לבנות הסכמות וקואליציות רחבות תחת כללי משחק דמוקרטיים."
"ענבל וורטמן שהם","דעות","סגנון פשרה, גבולות ויכולת הסכמה","D-056","הצבת קווים אדומים ברורים שמעליהם אין מקום לפשרה עם יריבים פוליטיים","supports","https://hagush.org.il/candidates.html; https://democrats.org.il/; https://inbals.co.il/; https://avneiderech.org.il/about/; https://avneiderech.org.il/","60","הפרופיל משלב מחויבות לכללים דמוקרטיים עם נכונות למאבק ציבורי כאשר ערכים בסיסיים מאוימים; במקומות שאינם חד־משמעיים סווג כ־mixed."
"ענבל וורטמן שהם","דעות","סגנון פשרה, גבולות ויכולת הסכמה","D-057","העדפה להסכמות רחבות ולאיטיות על פני מהלכים חדים ומהירים","supports","https://hagush.org.il/candidates.html; https://democrats.org.il/; https://inbals.co.il/; https://avneiderech.org.il/about/; https://avneiderech.org.il/","65","הרקע בשותפויות, עבודה מוסדית, חינוך, חברה אזרחית או שלטון מקומי מצביע על נכונות לבנות הסכמות וקואליציות רחבות תחת כללי משחק דמוקרטיים."
"ענבל וורטמן שהם","דעות","סגנון פשרה, גבולות ויכולת הסכמה","D-058","העדפה למאבק חד וברור כאשר פשרה נתפסת ככניעה לכוחות אנטי־דמוקרטיים","mixed","https://hagush.org.il/candidates.html; https://democrats.org.il/; https://inbals.co.il/; https://avneiderech.org.il/about/; https://avneiderech.org.il/","60","הפרופיל משלב מחויבות לכללים דמוקרטיים עם נכונות למאבק ציבורי כאשר ערכים בסיסיים מאוימים; במקומות שאינם חד־משמעיים סווג כ־mixed."
"ענבל וורטמן שהם","דעות","סגנון פשרה, גבולות ויכולת הסכמה","D-059","יכולת להבחין בין פשרה עניינית לבין טשטוש ערכי מסוכן","supports","https://hagush.org.il/candidates.html; https://democrats.org.il/; https://inbals.co.il/; https://avneiderech.org.il/about/; https://avneiderech.org.il/","60","הפרופיל משלב מחויבות לכללים דמוקרטיים עם נכונות למאבק ציבורי כאשר ערכים בסיסיים מאוימים; במקומות שאינם חד־משמעיים סווג כ־mixed."
"ענבל וורטמן שהם","דעות","סגנון פשרה, גבולות ויכולת הסכמה","D-060","נכונות לבנות קואליציות עתידיות עם גורמים שאינם שייכים למחנה הטבעי, אם הם מקבלים כללי משחק דמוקרטיים","supports","https://hagush.org.il/candidates.html; https://democrats.org.il/; https://inbals.co.il/; https://avneiderech.org.il/about/; https://avneiderech.org.il/","65","הרקע בשותפויות, עבודה מוסדית, חינוך, חברה אזרחית או שלטון מקומי מצביע על נכונות לבנות הסכמות וקואליציות רחבות תחת כללי משחק דמוקרטיים."
"ענבל וורטמן שהם","יכולות","מומחיות מדינית, ביטחונית וממשלית","cap_001","ניסיון ישיר במערכות מדינה בכירות או במוקדי קבלת החלטות","partial","https://hagush.org.il/candidates.html; https://democrats.org.il/; https://inbals.co.il/; https://avneiderech.org.il/about/; https://avneiderech.org.il/","55","יש ניסיון ציבורי וחברתי משמעותי, אך לא נמצא ניסיון ישיר במוקדי קבלת החלטות מדינתיים בכירים."
"ענבל וורטמן שהם","יכולות","מומחיות מדינית, ביטחונית וממשלית","cap_002","הבנה מוכחת של סוגיות מדיניות, ביטחוניות ואזוריות מורכבות","unknown","מקורות שנבדקו: https://hagush.org.il/candidates.html; https://democrats.org.il/; https://inbals.co.il/; https://avneiderech.org.il/about/; https://avneiderech.org.il/","0","לא נמצא במקורות שנבדקו בסיס עובדתי ישיר או עקיף מספיק לקביעה סבירה; נשאר unknown לפי כלל אי־הניחוש."
"ענבל וורטמן שהם","יכולות","מומחיות מדינית, ביטחונית וממשלית","cap_003","ניסיון במשא ומתן, דיאלוג אסטרטגי או קשרים בינלאומיים","partial","https://hagush.org.il/candidates.html; https://democrats.org.il/; https://inbals.co.il/; https://avneiderech.org.il/about/; https://avneiderech.org.il/","62","הפעילות הציבורית כוללת דיאלוג, שיתופי פעולה או גישור בין קהלים, אך לא בהכרח משא ומתן מדיני או בינלאומי פורמלי."
"ענבל וורטמן שהם","יכולות","מומחיות מדינית, ביטחונית וממשלית","cap_004","ניסיון צבאי, מודיעיני או ביטחוני בעל רלוונטיות לעבודה ציבורית","unknown","מקורות שנבדקו: https://hagush.org.il/candidates.html; https://democrats.org.il/; https://inbals.co.il/; https://avneiderech.org.il/about/; https://avneiderech.org.il/","0","לא נמצא במקורות שנבדקו בסיס עובדתי ישיר או עקיף מספיק לקביעה סבירה; נשאר unknown לפי כלל אי־הניחוש."
"ענבל וורטמן שהם","יכולות","מומחיות מדינית, ביטחונית וממשלית","cap_005","יכולת לגבש תפיסה מדינית־ביטחונית סדורה ולא רק עמדה ערכית כללית","unknown","מקורות שנבדקו: https://hagush.org.il/candidates.html; https://democrats.org.il/; https://inbals.co.il/; https://avneiderech.org.il/about/; https://avneiderech.org.il/","0","לא נמצא במקורות שנבדקו בסיס עובדתי ישיר או עקיף מספיק לקביעה סבירה; נשאר unknown לפי כלל אי־הניחוש."
"ענבל וורטמן שהם","יכולות","מומחיות מדינית, ביטחונית וממשלית","cap_006","יכולת לחבר בין יעדים ביטחוניים לבין יעדים מדיניים ארוכי טווח","unknown","מקורות שנבדקו: https://hagush.org.il/candidates.html; https://democrats.org.il/; https://inbals.co.il/; https://avneiderech.org.il/about/; https://avneiderech.org.il/","0","לא נמצא במקורות שנבדקו בסיס עובדתי ישיר או עקיף מספיק לקביעה סבירה; נשאר unknown לפי כלל אי־הניחוש."
"ענבל וורטמן שהם","יכולות","ארגון, ניהול וביצוע","cap_007","ניסיון בהקמה וניהול של ארגונים, חברות, תנועות או מטות פעולה","has","https://hagush.org.il/candidates.html; https://democrats.org.il/; https://inbals.co.il/; https://avneiderech.org.il/about/; https://avneiderech.org.il/","84","הפרופיל מציג ניהול מוסד/ארגון/עמותה/מערכת ציבורית או אחריות ניהולית מתמשכת; יש בסיס ברור ליכולת ארגון וביצוע."
"ענבל וורטמן שהם","יכולות","ארגון, ניהול וביצוע","cap_008","יכולת להוביל צוותים, תקציבים, קהילות או מערכות מורכבות","has","https://hagush.org.il/candidates.html; https://democrats.org.il/; https://inbals.co.il/; https://avneiderech.org.il/about/; https://avneiderech.org.il/","84","הפרופיל מציג ניהול מוסד/ארגון/עמותה/מערכת ציבורית או אחריות ניהולית מתמשכת; יש בסיס ברור ליכולת ארגון וביצוע."
"ענבל וורטמן שהם","יכולות","ארגון, ניהול וביצוע","cap_009","הובלת מאבקים ציבוריים שהניבו תוצאות ממשיות","has","https://hagush.org.il/candidates.html; https://democrats.org.il/; https://inbals.co.il/; https://avneiderech.org.il/about/; https://avneiderech.org.il/","78","נמצא בסיס להובלת מאבק/פרויקט ציבורי ממשי: מחאה, חינוך, שותפות, סביבה, שילוב מיעוטים או זכויות אנשים עם מוגבלות."
"ענבל וורטמן שהם","יכולות","ארגון, ניהול וביצוע","cap_010","יכולת להפוך רעיון כללי לתשתית פעולה מתמשכת","has","https://hagush.org.il/candidates.html; https://democrats.org.il/; https://inbals.co.il/; https://avneiderech.org.il/about/; https://avneiderech.org.il/","84","הפרופיל מציג ניהול מוסד/ארגון/עמותה/מערכת ציבורית או אחריות ניהולית מתמשכת; יש בסיס ברור ליכולת ארגון וביצוע."
"ענבל וורטמן שהם","יכולות","ארגון, ניהול וביצוע","cap_011","ניסיון בניהול משברים ציבוריים, פוליטיים או ארגוניים","partial","https://hagush.org.il/candidates.html; https://democrats.org.il/; https://inbals.co.il/; https://avneiderech.org.il/about/; https://avneiderech.org.il/","66","קיים ניסיון בניהול מערכות ציבוריות/ארגוניות ולעיתים גם מצבי משבר, אך לא תמיד מקור מפורש לניהול משברים פוליטיים."
"ענבל וורטמן שהם","יכולות","ארגון, ניהול וביצוע","cap_012","מוכנות לקחת אחריות אישית גבוהה על מהלך ציבורי או ארגוני","has","https://hagush.org.il/candidates.html; https://democrats.org.il/; https://inbals.co.il/; https://avneiderech.org.il/about/; https://avneiderech.org.il/","84","הפרופיל מציג ניהול מוסד/ארגון/עמותה/מערכת ציבורית או אחריות ניהולית מתמשכת; יש בסיס ברור ליכולת ארגון וביצוע."
"ענבל וורטמן שהם","יכולות","חקיקה, פוליטיקה ומוסדות","cap_013","ניסיון בעבודה פרלמנטרית, ועדות כנסת, חקיקה או הצעות חוק","unknown","מקורות שנבדקו: https://hagush.org.il/candidates.html; https://democrats.org.il/; https://inbals.co.il/; https://avneiderech.org.il/about/; https://avneiderech.org.il/","0","לא נמצא במקורות שנבדקו בסיס עובדתי ישיר או עקיף מספיק לקביעה סבירה; נשאר unknown לפי כלל אי־הניחוש."
"ענבל וורטמן שהם","יכולות","חקיקה, פוליטיקה ומוסדות","cap_014","היכרות מעשית עם מנגנוני מפלגות, פריימריז, רשימות וקואליציות","partial","https://hagush.org.il/candidates.html; https://democrats.org.il/; https://inbals.co.il/; https://avneiderech.org.il/about/; https://avneiderech.org.il/","55","יש כניסה לזירה מפלגתית ופעילות ציבורית, אך היכרות פוליטית מוסדית מלאה אינה מוכחת."
"ענבל וורטמן שהם","יכולות","חקיקה, פוליטיקה ומוסדות","cap_015","יכולת לפעול בתוך מוסדות קיימים ולא רק מחוץ להם","has","https://hagush.org.il/candidates.html; https://democrats.org.il/; https://inbals.co.il/; https://avneiderech.org.il/about/; https://avneiderech.org.il/","72","נמצא ניסיון פעולה בתוך מוסדות קיימים: כנסת, רשות מקומית, צה״ל או עמותה ארצית."
"ענבל וורטמן שהם","יכולות","חקיקה, פוליטיקה ומוסדות","cap_016","ניסיון בבניית תנועה פוליטית, מפלגה או אלטרנטיבה שלטונית","partial","https://hagush.org.il/candidates.html; https://democrats.org.il/; https://inbals.co.il/; https://avneiderech.org.il/about/; https://avneiderech.org.il/","58","יש ניסיון בבניית תשתיות ציבוריות/אזרחיות או חיבור מחאה לפוליטיקה, אך לא בהקמת מפלגה שלמה."
"ענבל וורטמן שהם","יכולות","חקיקה, פוליטיקה ומוסדות","cap_017","יכולת לייצר שיתופי פעולה בין זרמים, מפלגות או קבוצות אינטרס","has","https://hagush.org.il/candidates.html; https://democrats.org.il/; https://inbals.co.il/; https://avneiderech.org.il/about/; https://avneiderech.org.il/","74","הפרופיל מציג בניית שיתופי פעולה בין קהלים/ארגונים/מוסדות, ולכן יש בסיס ליכולת קואליציונית."
"ענבל וורטמן שהם","יכולות","חקיקה, פוליטיקה ומוסדות","cap_018","יכולת לתרגם עמדות אידיאולוגיות לפעולות מוסדיות או חקיקתיות","has","https://hagush.org.il/candidates.html; https://democrats.org.il/; https://inbals.co.il/; https://avneiderech.org.il/about/; https://avneiderech.org.il/","72","נמצא ניסיון בתרגום ערכים לעשייה מוסדית: כנסת, עירייה, עמותה או פרויקטים ציבוריים."
"ענבל וורטמן שהם","יכולות","תקשורת, הסברה והשפעה ציבורית","cap_019","יכולת ליצור מסרים חדים, ברורים וזכירים","partial","https://hagush.org.il/candidates.html; https://democrats.org.il/; https://inbals.co.il/; https://avneiderech.org.il/about/; https://avneiderech.org.il/","65","הפרופיל מציג פעילות ציבורית שמחייבת ניסוח מסרים, הופעה ושכנוע; עוצמת היכולת משתנה לפי מידת הנראות במקורות."
"ענבל וורטמן שהם","יכולות","תקשורת, הסברה והשפעה ציבורית","cap_020","יכולת לייצר תוכן דיגיטלי, ויראלי או תקשורתי שמגיע לקהלים רחבים","partial","https://hagush.org.il/candidates.html; https://democrats.org.il/; https://inbals.co.il/; https://avneiderech.org.il/about/; https://avneiderech.org.il/","55","יש נוכחות ציבורית ופעילות שטח, אך לא מקור חזק ליכולת דיגיטלית ויראלית."
"ענבל וורטמן שהם","יכולות","תקשורת, הסברה והשפעה ציבורית","cap_021","ניסיון בהופעה ציבורית, ראיונות, פודקאסטים, קולנוע, כתיבה או הרצאות","has","https://hagush.org.il/candidates.html; https://democrats.org.il/; https://inbals.co.il/; https://avneiderech.org.il/about/; https://avneiderech.org.il/","72","נמצא ניסיון בהופעות/מפגשים ציבוריים, פעילות פוליטית או הרצאות/ראיונות סביב תחום העשייה."
"ענבל וורטמן שהם","יכולות","תקשורת, הסברה והשפעה ציבורית","cap_022","יכולת להסביר נושאים מורכבים בשפה נגישה ולא טכנוקרטית","partial","https://hagush.org.il/candidates.html; https://democrats.org.il/; https://inbals.co.il/; https://avneiderech.org.il/about/; https://avneiderech.org.il/","65","הפרופיל מציג פעילות ציבורית שמחייבת ניסוח מסרים, הופעה ושכנוע; עוצמת היכולת משתנה לפי מידת הנראות במקורות."
"ענבל וורטמן שהם","יכולות","תקשורת, הסברה והשפעה ציבורית","cap_023","יכולת לנהל מאבק תודעתי מול יריבים פוליטיים או תקשורתיים","partial","https://hagush.org.il/candidates.html; https://democrats.org.il/; https://inbals.co.il/; https://avneiderech.org.il/about/; https://avneiderech.org.il/","65","הפרופיל מציג פעילות ציבורית שמחייבת ניסוח מסרים, הופעה ושכנוע; עוצמת היכולת משתנה לפי מידת הנראות במקורות."
"ענבל וורטמן שהם","יכולות","תקשורת, הסברה והשפעה ציבורית","cap_024","יכולת להפוך סיפור אישי או ערכי לכלי גיוס ציבורי","has","https://hagush.org.il/candidates.html; https://democrats.org.il/; https://inbals.co.il/; https://avneiderech.org.il/about/; https://avneiderech.org.il/","74","למועמד/ת יש סיפור זהות או עשייה ציבורית מובהק שניתן להפוך לכלי גיוס ציבורי."
"ענבל וורטמן שהם","יכולות","חיבור בין קהלים ועולמות","cap_025","יכולת לחבר בין יהודים לערבים בתוך מסגרת פוליטית או אזרחית משותפת","partial","https://hagush.org.il/candidates.html; https://democrats.org.il/; https://inbals.co.il/; https://avneiderech.org.il/about/; https://avneiderech.org.il/","48","יש זיקה למחנה שוויוני, אך לא נמצא ניסיון אישי מובהק בגישור יהודי־ערבי."
"ענבל וורטמן שהם","יכולות","חיבור בין קהלים ועולמות","cap_026","יכולת לחבר בין שמאל ליברלי לבין פריפריה מזרחית, מסורתית או גיאוגרפית","has","https://hagush.org.il/candidates.html; https://democrats.org.il/; https://inbals.co.il/; https://avneiderech.org.il/about/; https://avneiderech.org.il/","72","הרקע בפריפריה, מיעוטים, חינוך, רווחה או שלטון מקומי מספק בסיס לחיבור בין שמאל ליברלי לקהלים חברתיים/גיאוגרפיים רחבים."
"ענבל וורטמן שהם","יכולות","חיבור בין קהלים ועולמות","cap_027","יכולת לחבר בין עולם המחאה לבין עבודה מפלגתית ומוסדית","partial","https://hagush.org.il/candidates.html; https://democrats.org.il/; https://inbals.co.il/; https://avneiderech.org.il/about/; https://avneiderech.org.il/","60","יש חיבור בין פעילות שטח/חברה אזרחית לבין התמודדות פוליטית, אך לא בהכרח זיקה ישירה למחאת קפלן."
"ענבל וורטמן שהם","יכולות","חיבור בין קהלים ועולמות","cap_028","יכולת לחבר בין היי־טק, חדשנות ודיגיטל לבין פוליטיקה ציבורית","partial","https://hagush.org.il/candidates.html; https://democrats.org.il/; https://inbals.co.il/; https://avneiderech.org.il/about/; https://avneiderech.org.il/","58","יש רקע טכנולוגי/חדשני או ארגוני, אך לא נמצאה הוכחה מלאה לשילובו בפוליטיקה ציבורית."
"ענבל וורטמן שהם","יכולות","חיבור בין קהלים ועולמות","cap_029","יכולת לחבר בין שפה מקצועית־ביטחונית לבין שפה אזרחית וערכית","unknown","מקורות שנבדקו: https://hagush.org.il/candidates.html; https://democrats.org.il/; https://inbals.co.il/; https://avneiderech.org.il/about/; https://avneiderech.org.il/","0","לא נמצא במקורות שנבדקו בסיס עובדתי ישיר או עקיף מספיק לקביעה סבירה; נשאר unknown לפי כלל אי־הניחוש."
"ענבל וורטמן שהם","יכולות","חיבור בין קהלים ועולמות","cap_030","אמינות מול קהילות שטח ולא רק מול קהל תקשורתי או אליטיסטי","has","https://hagush.org.il/candidates.html; https://democrats.org.il/; https://inbals.co.il/; https://avneiderech.org.il/about/; https://avneiderech.org.il/","72","הפרופיל מבוסס על פעילות שטח מול קהילות ממשיות ולא רק על נראות תקשורתית."
"ענבל וורטמן שהם","יכולות","חדשנות, למידה ושיתוף ציבור","cap_031","שימוש בטכנולוגיה, מידע או כלים דיגיטליים לשיתוף ציבור וארגון פוליטי","partial","https://hagush.org.il/candidates.html; https://democrats.org.il/; https://inbals.co.il/; https://avneiderech.org.il/about/; https://avneiderech.org.il/","48","יש זיקה לטכנולוגיה/חדשנות, אך אין מקור מפורש לשיתוף ציבור דיגיטלי."
"ענבל וורטמן שהם","יכולות","חדשנות, למידה ושיתוף ציבור","cap_032","חשיבה מערכתית שמזהה קשרים בין משבר פוליטי, כלכלה, ביטחון וחברה","has","https://hagush.org.il/candidates.html; https://democrats.org.il/; https://inbals.co.il/; https://avneiderech.org.il/about/; https://avneiderech.org.il/","70","הרקע מציג חשיבה מערכתית המחברת חברה, מוסדות, קהילות ויישום מעשי; רמת הביטחון משתנה לפי עומק המקורות."
"ענבל וורטמן שהם","יכולות","חדשנות, למידה ושיתוף ציבור","cap_033","יזמות בפתרונות לא שגרתיים לבעיות פוליטיות או חברתיות","has","https://hagush.org.il/candidates.html; https://democrats.org.il/; https://inbals.co.il/; https://avneiderech.org.il/about/; https://avneiderech.org.il/","70","הרקע מציג חשיבה מערכתית המחברת חברה, מוסדות, קהילות ויישום מעשי; רמת הביטחון משתנה לפי עומק המקורות."
"ענבל וורטמן שהם","יכולות","חדשנות, למידה ושיתוף ציבור","cap_034","יכולת ללמוד תחומים חדשים ולהפוך אותם לשפה ציבורית ברורה","has","https://hagush.org.il/candidates.html; https://democrats.org.il/; https://inbals.co.il/; https://avneiderech.org.il/about/; https://avneiderech.org.il/","62","הפרופיל מציג למידה, יזמות או פיתוח מסגרות פעולה חדשות; לגבי ניסויים דמוקרטיים ארגוניים הביטחון בינוני."
"ענבל וורטמן שהם","יכולות","חדשנות, למידה ושיתוף ציבור","cap_035","שילוב בין ידע מקצועי, ניסיון אישי וערכים פוליטיים","has","https://hagush.org.il/candidates.html; https://democrats.org.il/; https://inbals.co.il/; https://avneiderech.org.il/about/; https://avneiderech.org.il/","70","הרקע מציג חשיבה מערכתית המחברת חברה, מוסדות, קהילות ויישום מעשי; רמת הביטחון משתנה לפי עומק המקורות."
"ענבל וורטמן שהם","יכולות","חדשנות, למידה ושיתוף ציבור","cap_036","פתיחות לניסויים ארגוניים ודמוקרטיים חדשים ולא רק לשיטות פוליטיות קיימות","partial","https://hagush.org.il/candidates.html; https://democrats.org.il/; https://inbals.co.il/; https://avneiderech.org.il/about/; https://avneiderech.org.il/","62","הפרופיל מציג למידה, יזמות או פיתוח מסגרות פעולה חדשות; לגבי ניסויים דמוקרטיים ארגוניים הביטחון בינוני."
"עלי סלאלחה","תדמית","זהות וייצוג","T-001","המועמד מייצג את הקול הנשי בזירה הציבורית.","opposes","https://hagush.org.il/candidates.html; https://democrats.org.il/; https://main.knesset.gov.il/mk/pages/mkpersonaldetails.aspx?mkid=1086; https://meretz.org.il/%D7%A2%D7%9C%D7%99-%D7%A1%D7%9C%D7%90%D7%9C%D7%97%D7%94/; https://oknesset.org/members/30821.html","80","המועמד אינו אישה, ולא נמצא מקור המציג אותו כנציג מרכזי של הקול הנשי."
"עלי סלאלחה","תדמית","זהות וייצוג","T-002","המועמד נתפס בציבור הרחב כמי שמבין חסמים ייחודיים של נשים בפוליטיקה, בעבודה ובחברה.","unknown","מקורות שנבדקו: https://hagush.org.il/candidates.html; https://democrats.org.il/; https://main.knesset.gov.il/mk/pages/mkpersonaldetails.aspx?mkid=1086; https://meretz.org.il/%D7%A2%D7%9C%D7%99-%D7%A1%D7%9C%D7%90%D7%9C%D7%97%D7%94/; https://oknesset.org/members/30821.html","0","לא נמצא במקורות שנבדקו בסיס עובדתי ישיר או עקיף מספיק לקביעה סבירה; נשאר unknown לפי כלל אי־הניחוש."
"עלי סלאלחה","תדמית","זהות וייצוג","T-003","המועמד נתפס בציבור הרחב כמי שנותן מקום מכבד לקבוצות מיעוט בחברה הישראלית.","supports","https://hagush.org.il/candidates.html; https://democrats.org.il/; https://main.knesset.gov.il/mk/pages/mkpersonaldetails.aspx?mkid=1086; https://meretz.org.il/%D7%A2%D7%9C%D7%99-%D7%A1%D7%9C%D7%90%D7%9C%D7%97%D7%94/; https://oknesset.org/members/30821.html","84","הפרופיל מציג ייצוג או פעילות משמעותית סביב קבוצות מיעוט/קהילות מודרות."
"עלי סלאלחה","תדמית","זהות וייצוג","T-004","המועמד נתפס בציבור הרחב כמי שיכול לייצג את בני המיעוטים הלא יהודיים.","supports","https://hagush.org.il/candidates.html; https://democrats.org.il/; https://main.knesset.gov.il/mk/pages/mkpersonaldetails.aspx?mkid=1086; https://meretz.org.il/%D7%A2%D7%9C%D7%99-%D7%A1%D7%9C%D7%90%D7%9C%D7%97%D7%94/; https://oknesset.org/members/30821.html","86","זהות המועמד/ת והפעילות הציבורית קשורות ישירות לייצוג מיעוטים לא־יהודיים בישראל."
"עלי סלאלחה","תדמית","זהות וייצוג","T-005","המועמד נתפס בציבור הרחב כמי שמביא את קול הפריפריה או מבין לעומק את צרכיה.","supports","https://hagush.org.il/candidates.html; https://democrats.org.il/; https://main.knesset.gov.il/mk/pages/mkpersonaldetails.aspx?mkid=1086; https://meretz.org.il/%D7%A2%D7%9C%D7%99-%D7%A1%D7%9C%D7%90%D7%9C%D7%97%D7%94/; https://oknesset.org/members/30821.html","78","הרקע הגיאוגרפי/חברתי והפעילות הציבורית מצביעים על הבנת צרכי פריפריה ועל יכולת לייצגה."
"עלי סלאלחה","תדמית","זהות וייצוג","T-006","המועמד נתפס בציבור הרחב כמי שיכול לצמצם את הפער התדמיתי והמעשי בין המרכז לפריפריה.","supports","https://hagush.org.il/candidates.html; https://democrats.org.il/; https://main.knesset.gov.il/mk/pages/mkpersonaldetails.aspx?mkid=1086; https://meretz.org.il/%D7%A2%D7%9C%D7%99-%D7%A1%D7%9C%D7%90%D7%9C%D7%97%D7%94/; https://oknesset.org/members/30821.html","78","הרקע הגיאוגרפי/חברתי והפעילות הציבורית מצביעים על הבנת צרכי פריפריה ועל יכולת לייצגה."
"עלי סלאלחה","תדמית","זהות וייצוג","T-007","המועמד נתפס בציבור הרחב כמי שמביא גאווה בזהות מזרחית בלי להפוך אותה לשסע מפריד.","unknown","מקורות שנבדקו: https://hagush.org.il/candidates.html; https://democrats.org.il/; https://main.knesset.gov.il/mk/pages/mkpersonaldetails.aspx?mkid=1086; https://meretz.org.il/%D7%A2%D7%9C%D7%99-%D7%A1%D7%9C%D7%90%D7%9C%D7%97%D7%94/; https://oknesset.org/members/30821.html","0","לא נמצא במקורות שנבדקו בסיס עובדתי ישיר או עקיף מספיק לקביעה סבירה; נשאר unknown לפי כלל אי־הניחוש."
"עלי סלאלחה","תדמית","זהות וייצוג","T-008","המועמד נתפס בציבור הרחב כמי שמכבד זהות דתית ומסורתית בתוך מרחב דמוקרטי וליברלי.","unknown","מקורות שנבדקו: https://hagush.org.il/candidates.html; https://democrats.org.il/; https://main.knesset.gov.il/mk/pages/mkpersonaldetails.aspx?mkid=1086; https://meretz.org.il/%D7%A2%D7%9C%D7%99-%D7%A1%D7%9C%D7%90%D7%9C%D7%97%D7%94/; https://oknesset.org/members/30821.html","0","לא נמצא במקורות שנבדקו בסיס עובדתי ישיר או עקיף מספיק לקביעה סבירה; נשאר unknown לפי כלל אי־הניחוש."
"עלי סלאלחה","תדמית","זהות וייצוג","T-009","המועמד נתפס בציבור הרחב כמי שיכול לגשר בין חילונים, מסורתיים ודתיים.","mixed","https://hagush.org.il/candidates.html; https://democrats.org.il/; https://main.knesset.gov.il/mk/pages/mkpersonaldetails.aspx?mkid=1086; https://meretz.org.il/%D7%A2%D7%9C%D7%99-%D7%A1%D7%9C%D7%90%D7%9C%D7%97%D7%94/; https://oknesset.org/members/30821.html","68","הרקע מצביע על יכולת תדמיתית לדבר עם קהלים בעלי זהויות שונות, כולל דת/מסורת וחברה אזרחית."
"עלי סלאלחה","תדמית","זהות וייצוג","T-010","המועמד נתפס בציבור הרחב כמי שנוכחותו ברשימה מרחיבה את תחושת הייצוג של קהלים מגוונים.","supports","https://hagush.org.il/candidates.html; https://democrats.org.il/; https://main.knesset.gov.il/mk/pages/mkpersonaldetails.aspx?mkid=1086; https://meretz.org.il/%D7%A2%D7%9C%D7%99-%D7%A1%D7%9C%D7%90%D7%9C%D7%97%D7%94/; https://oknesset.org/members/30821.html","76","זהותו/ה או תחום פעילותו/ה מוסיפים לרשימה ייצוג חברתי, גיאוגרפי או מקצועי רחב יותר."
"עלי סלאלחה","תדמית","זהות וייצוג","T-011","המועמד נתפס בציבור הרחב כמי שמוסיף לרשימה עומק חברתי ולא רק ניסיון פוליטי או תקשורתי.","supports","https://hagush.org.il/candidates.html; https://democrats.org.il/; https://main.knesset.gov.il/mk/pages/mkpersonaldetails.aspx?mkid=1086; https://meretz.org.il/%D7%A2%D7%9C%D7%99-%D7%A1%D7%9C%D7%90%D7%9C%D7%97%D7%94/; https://oknesset.org/members/30821.html","76","זהותו/ה או תחום פעילותו/ה מוסיפים לרשימה ייצוג חברתי, גיאוגרפי או מקצועי רחב יותר."
"עלי סלאלחה","תדמית","ממלכתיות ואחריות","T-012","המועמד נתפס בציבור הרחב כבעל עמוד שדרה ערכי.","supports","https://hagush.org.il/candidates.html; https://democrats.org.il/; https://main.knesset.gov.il/mk/pages/mkpersonaldetails.aspx?mkid=1086; https://meretz.org.il/%D7%A2%D7%9C%D7%99-%D7%A1%D7%9C%D7%90%D7%9C%D7%97%D7%94/; https://oknesset.org/members/30821.html","76","הרקע הציבורי, המוסדי או הארגוני מציג דמות רצינית ובעלת שליחות; אין אינדיקציה שלילית במקורות שנבדקו."
"עלי סלאלחה","תדמית","ממלכתיות ואחריות","T-013","המועמד נתפס בציבור הרחב כדמות ממלכתית ואחראית.","supports","https://hagush.org.il/candidates.html; https://democrats.org.il/; https://main.knesset.gov.il/mk/pages/mkpersonaldetails.aspx?mkid=1086; https://meretz.org.il/%D7%A2%D7%9C%D7%99-%D7%A1%D7%9C%D7%90%D7%9C%D7%97%D7%94/; https://oknesset.org/members/30821.html","76","הרקע הציבורי, המוסדי או הארגוני מציג דמות רצינית ובעלת שליחות; אין אינדיקציה שלילית במקורות שנבדקו."
"עלי סלאלחה","תדמית","ממלכתיות ואחריות","T-014","המועמד נתפס בציבור הרחב כמי שמכבד מוסדות מדינה ושלטון חוק.","supports","https://hagush.org.il/candidates.html; https://democrats.org.il/; https://main.knesset.gov.il/mk/pages/mkpersonaldetails.aspx?mkid=1086; https://meretz.org.il/%D7%A2%D7%9C%D7%99-%D7%A1%D7%9C%D7%90%D7%9C%D7%97%D7%94/; https://oknesset.org/members/30821.html","76","הרקע הציבורי, המוסדי או הארגוני מציג דמות רצינית ובעלת שליחות; אין אינדיקציה שלילית במקורות שנבדקו."
"עלי סלאלחה","תדמית","ממלכתיות ואחריות","T-015","המועמד נתפס בציבור הרחב כמי שמסוגל לפעול מתוך שיקול דעת ולא רק מתוך כעס.","supports","https://hagush.org.il/candidates.html; https://democrats.org.il/; https://main.knesset.gov.il/mk/pages/mkpersonaldetails.aspx?mkid=1086; https://meretz.org.il/%D7%A2%D7%9C%D7%99-%D7%A1%D7%9C%D7%90%D7%9C%D7%97%D7%94/; https://oknesset.org/members/30821.html","76","הרקע הציבורי, המוסדי או הארגוני מציג דמות רצינית ובעלת שליחות; אין אינדיקציה שלילית במקורות שנבדקו."
"עלי סלאלחה","תדמית","יושרה, אמינות וניסיון ","T-016","המועמד נתפס בציבור הרחב כמי שפועל מתוך שליחות ולא רק מתוך קריירה.","supports","https://hagush.org.il/candidates.html; https://democrats.org.il/; https://main.knesset.gov.il/mk/pages/mkpersonaldetails.aspx?mkid=1086; https://meretz.org.il/%D7%A2%D7%9C%D7%99-%D7%A1%D7%9C%D7%90%D7%9C%D7%97%D7%94/; https://oknesset.org/members/30821.html","76","הרקע הציבורי, המוסדי או הארגוני מציג דמות רצינית ובעלת שליחות; אין אינדיקציה שלילית במקורות שנבדקו."
"עלי סלאלחה","תדמית","יושרה, אמינות וניסיון ","T-017","המועמד נתפס בציבור הרחב כאדם אמין וישר.","supports","https://hagush.org.il/candidates.html; https://democrats.org.il/; https://main.knesset.gov.il/mk/pages/mkpersonaldetails.aspx?mkid=1086; https://meretz.org.il/%D7%A2%D7%9C%D7%99-%D7%A1%D7%9C%D7%90%D7%9C%D7%97%D7%94/; https://oknesset.org/members/30821.html","76","הרקע הציבורי, המוסדי או הארגוני מציג דמות רצינית ובעלת שליחות; אין אינדיקציה שלילית במקורות שנבדקו."
"עלי סלאלחה","תדמית","יושרה, אמינות וניסיון ","T-018","המועמד נתפס בציבור הרחב כדמות רצינית ולא כגימיק תקשורתי.","supports","https://hagush.org.il/candidates.html; https://democrats.org.il/; https://main.knesset.gov.il/mk/pages/mkpersonaldetails.aspx?mkid=1086; https://meretz.org.il/%D7%A2%D7%9C%D7%99-%D7%A1%D7%9C%D7%90%D7%9C%D7%97%D7%94/; https://oknesset.org/members/30821.html","76","הרקע הציבורי, המוסדי או הארגוני מציג דמות רצינית ובעלת שליחות; אין אינדיקציה שלילית במקורות שנבדקו."
"עלי סלאלחה","תדמית","יושרה, אמינות וניסיון ","T-019","המועמד נתפס בציבור הרחב כמי שאפשר לסמוך עליו בתפקיד ציבורי.","supports","https://hagush.org.il/candidates.html; https://democrats.org.il/; https://main.knesset.gov.il/mk/pages/mkpersonaldetails.aspx?mkid=1086; https://meretz.org.il/%D7%A2%D7%9C%D7%99-%D7%A1%D7%9C%D7%90%D7%9C%D7%97%D7%94/; https://oknesset.org/members/30821.html","76","הרקע הציבורי, המוסדי או הארגוני מציג דמות רצינית ובעלת שליחות; אין אינדיקציה שלילית במקורות שנבדקו."
"עלי סלאלחה","תדמית","יושרה, אמינות וניסיון ","T-020","המועמד נתפס בציבור הרחב כבעל ניסיון ציבורי משמעותי.","supports","https://hagush.org.il/candidates.html; https://democrats.org.il/; https://main.knesset.gov.il/mk/pages/mkpersonaldetails.aspx?mkid=1086; https://meretz.org.il/%D7%A2%D7%9C%D7%99-%D7%A1%D7%9C%D7%90%D7%9C%D7%97%D7%94/; https://oknesset.org/members/30821.html","82","נמצא ניסיון ציבורי/ניהולי משמעותי, ולכן יש בסיס לתדמית של ניסיון ציבורי."
"עלי סלאלחה","תדמית","יושרה, אמינות וניסיון ","T-021","המועמד נתפס בציבור הרחב כמי שמבין איך פועלת מערכת פוליטית.","supports","https://hagush.org.il/candidates.html; https://democrats.org.il/; https://main.knesset.gov.il/mk/pages/mkpersonaldetails.aspx?mkid=1086; https://meretz.org.il/%D7%A2%D7%9C%D7%99-%D7%A1%D7%9C%D7%90%D7%9C%D7%97%D7%94/; https://oknesset.org/members/30821.html","78","הרקע המפלגתי/מוניציפלי/פרלמנטרי מצביע על הבנת המערכת הפוליטית."
"עלי סלאלחה","תדמית","תקשורתיות ונראות","T-022","המועמד נתפס בציבור הרחב כדמות תקשורתית חזקה.","mixed","https://hagush.org.il/candidates.html; https://democrats.org.il/; https://main.knesset.gov.il/mk/pages/mkpersonaldetails.aspx?mkid=1086; https://meretz.org.il/%D7%A2%D7%9C%D7%99-%D7%A1%D7%9C%D7%90%D7%9C%D7%97%D7%94/; https://oknesset.org/members/30821.html","64","יש נראות ציבורית ומסרים בתחום פעילותו/ה; עוצמת התקשורתיות הארצית אינה תמיד מוכחת ולכן חלק מהסיווגים בינוניים."
"עלי סלאלחה","תדמית","תקשורתיות ונראות","T-023","המועמד נתפס בציבור הרחב כמי שיודע להעביר מסר ברור.","mixed","https://hagush.org.il/candidates.html; https://democrats.org.il/; https://main.knesset.gov.il/mk/pages/mkpersonaldetails.aspx?mkid=1086; https://meretz.org.il/%D7%A2%D7%9C%D7%99-%D7%A1%D7%9C%D7%90%D7%9C%D7%97%D7%94/; https://oknesset.org/members/30821.html","64","יש נראות ציבורית ומסרים בתחום פעילותו/ה; עוצמת התקשורתיות הארצית אינה תמיד מוכחת ולכן חלק מהסיווגים בינוניים."
"עלי סלאלחה","תדמית","תקשורתיות ונראות","T-024","המועמד נתפס בציבור הרחב כמי שמסוגל לבלוט בקמפיין בחירות.","mixed","https://hagush.org.il/candidates.html; https://democrats.org.il/; https://main.knesset.gov.il/mk/pages/mkpersonaldetails.aspx?mkid=1086; https://meretz.org.il/%D7%A2%D7%9C%D7%99-%D7%A1%D7%9C%D7%90%D7%9C%D7%97%D7%94/; https://oknesset.org/members/30821.html","64","יש נראות ציבורית ומסרים בתחום פעילותו/ה; עוצמת התקשורתיות הארצית אינה תמיד מוכחת ולכן חלק מהסיווגים בינוניים."
"עלי סלאלחה","תדמית","תקשורתיות ונראות","T-025","המועמד נתפס בציבור הרחב כמי שמביא ייצוג חשוב לרשימה.","supports","https://hagush.org.il/candidates.html; https://democrats.org.il/; https://main.knesset.gov.il/mk/pages/mkpersonaldetails.aspx?mkid=1086; https://meretz.org.il/%D7%A2%D7%9C%D7%99-%D7%A1%D7%9C%D7%90%D7%9C%D7%97%D7%94/; https://oknesset.org/members/30821.html","76","זהותו/ה או תחום פעילותו/ה מוסיפים לרשימה ייצוג חברתי, גיאוגרפי או מקצועי רחב יותר."
"עלי סלאלחה","תדמית","תקשורתיות ונראות","T-026","המועמד נתפס בציבור הרחב כמי שמרחיב את הדימוי של המפלגה.","supports","https://hagush.org.il/candidates.html; https://democrats.org.il/; https://main.knesset.gov.il/mk/pages/mkpersonaldetails.aspx?mkid=1086; https://meretz.org.il/%D7%A2%D7%9C%D7%99-%D7%A1%D7%9C%D7%90%D7%9C%D7%97%D7%94/; https://oknesset.org/members/30821.html","76","זהותו/ה או תחום פעילותו/ה מוסיפים לרשימה ייצוג חברתי, גיאוגרפי או מקצועי רחב יותר."
"עלי סלאלחה","תדמית","אותנטיות וסיפור אישי","T-027","המועמד נתפס בציבור הרחב כמי שפועל מתוך שליחות ולא רק מתוך קריירה.","supports","https://hagush.org.il/candidates.html; https://democrats.org.il/; https://main.knesset.gov.il/mk/pages/mkpersonaldetails.aspx?mkid=1086; https://meretz.org.il/%D7%A2%D7%9C%D7%99-%D7%A1%D7%9C%D7%90%D7%9C%D7%97%D7%94/; https://oknesset.org/members/30821.html","78","קיים סיפור אישי/קהילתי/מקצועי ברור שמזוהה עם שליחות ציבורית ולא רק עם קריירה."
"איהאב שליאן","תדמית","זהות וייצוג","T-001","המועמד מייצג את הקול הנשי בזירה הציבורית.","opposes","https://hagush.org.il/candidates.html; https://democrats.org.il/; https://e.democrats.org.il/Democrats_OpenHouses/259054; https://e.democrats.org.il/Democrats_OpenHouses/256886; https://haipo.co.il/item/610502","80","המועמד אינו אישה, ולא נמצא מקור המציג אותו כנציג מרכזי של הקול הנשי."
"איהאב שליאן","תדמית","זהות וייצוג","T-002","המועמד נתפס בציבור הרחב כמי שמבין חסמים ייחודיים של נשים בפוליטיקה, בעבודה ובחברה.","unknown","מקורות שנבדקו: https://hagush.org.il/candidates.html; https://democrats.org.il/; https://e.democrats.org.il/Democrats_OpenHouses/259054; https://e.democrats.org.il/Democrats_OpenHouses/256886; https://haipo.co.il/item/610502","0","לא נמצא במקורות שנבדקו בסיס עובדתי ישיר או עקיף מספיק לקביעה סבירה; נשאר unknown לפי כלל אי־הניחוש."
"איהאב שליאן","תדמית","זהות וייצוג","T-003","המועמד נתפס בציבור הרחב כמי שנותן מקום מכבד לקבוצות מיעוט בחברה הישראלית.","supports","https://hagush.org.il/candidates.html; https://democrats.org.il/; https://e.democrats.org.il/Democrats_OpenHouses/259054; https://e.democrats.org.il/Democrats_OpenHouses/256886; https://haipo.co.il/item/610502","84","הפרופיל מציג ייצוג או פעילות משמעותית סביב קבוצות מיעוט/קהילות מודרות."
"איהאב שליאן","תדמית","זהות וייצוג","T-004","המועמד נתפס בציבור הרחב כמי שיכול לייצג את בני המיעוטים הלא יהודיים.","supports","https://hagush.org.il/candidates.html; https://democrats.org.il/; https://e.democrats.org.il/Democrats_OpenHouses/259054; https://e.democrats.org.il/Democrats_OpenHouses/256886; https://haipo.co.il/item/610502","86","זהות המועמד/ת והפעילות הציבורית קשורות ישירות לייצוג מיעוטים לא־יהודיים בישראל."
"איהאב שליאן","תדמית","זהות וייצוג","T-005","המועמד נתפס בציבור הרחב כמי שמביא את קול הפריפריה או מבין לעומק את צרכיה.","supports","https://hagush.org.il/candidates.html; https://democrats.org.il/; https://e.democrats.org.il/Democrats_OpenHouses/259054; https://e.democrats.org.il/Democrats_OpenHouses/256886; https://haipo.co.il/item/610502","78","הרקע הגיאוגרפי/חברתי והפעילות הציבורית מצביעים על הבנת צרכי פריפריה ועל יכולת לייצגה."
"איהאב שליאן","תדמית","זהות וייצוג","T-006","המועמד נתפס בציבור הרחב כמי שיכול לצמצם את הפער התדמיתי והמעשי בין המרכז לפריפריה.","supports","https://hagush.org.il/candidates.html; https://democrats.org.il/; https://e.democrats.org.il/Democrats_OpenHouses/259054; https://e.democrats.org.il/Democrats_OpenHouses/256886; https://haipo.co.il/item/610502","78","הרקע הגיאוגרפי/חברתי והפעילות הציבורית מצביעים על הבנת צרכי פריפריה ועל יכולת לייצגה."
"איהאב שליאן","תדמית","זהות וייצוג","T-007","המועמד נתפס בציבור הרחב כמי שמביא גאווה בזהות מזרחית בלי להפוך אותה לשסע מפריד.","unknown","מקורות שנבדקו: https://hagush.org.il/candidates.html; https://democrats.org.il/; https://e.democrats.org.il/Democrats_OpenHouses/259054; https://e.democrats.org.il/Democrats_OpenHouses/256886; https://haipo.co.il/item/610502","0","לא נמצא במקורות שנבדקו בסיס עובדתי ישיר או עקיף מספיק לקביעה סבירה; נשאר unknown לפי כלל אי־הניחוש."
"איהאב שליאן","תדמית","זהות וייצוג","T-008","המועמד נתפס בציבור הרחב כמי שמכבד זהות דתית ומסורתית בתוך מרחב דמוקרטי וליברלי.","supports","https://hagush.org.il/candidates.html; https://democrats.org.il/; https://e.democrats.org.il/Democrats_OpenHouses/259054; https://e.democrats.org.il/Democrats_OpenHouses/256886; https://haipo.co.il/item/610502","78","הפרופיל מציג זהות דתית גלויה בתוך מרחב אזרחי־דמוקרטי, ולכן יש בסיס לתדמית המכבדת דת ומסורת."
"איהאב שליאן","תדמית","זהות וייצוג","T-009","המועמד נתפס בציבור הרחב כמי שיכול לגשר בין חילונים, מסורתיים ודתיים.","supports","https://hagush.org.il/candidates.html; https://democrats.org.il/; https://e.democrats.org.il/Democrats_OpenHouses/259054; https://e.democrats.org.il/Democrats_OpenHouses/256886; https://haipo.co.il/item/610502","68","הרקע מצביע על יכולת תדמיתית לדבר עם קהלים בעלי זהויות שונות, כולל דת/מסורת וחברה אזרחית."
"איהאב שליאן","תדמית","זהות וייצוג","T-010","המועמד נתפס בציבור הרחב כמי שנוכחותו ברשימה מרחיבה את תחושת הייצוג של קהלים מגוונים.","supports","https://hagush.org.il/candidates.html; https://democrats.org.il/; https://e.democrats.org.il/Democrats_OpenHouses/259054; https://e.democrats.org.il/Democrats_OpenHouses/256886; https://haipo.co.il/item/610502","76","זהותו/ה או תחום פעילותו/ה מוסיפים לרשימה ייצוג חברתי, גיאוגרפי או מקצועי רחב יותר."
"איהאב שליאן","תדמית","זהות וייצוג","T-011","המועמד נתפס בציבור הרחב כמי שמוסיף לרשימה עומק חברתי ולא רק ניסיון פוליטי או תקשורתי.","supports","https://hagush.org.il/candidates.html; https://democrats.org.il/; https://e.democrats.org.il/Democrats_OpenHouses/259054; https://e.democrats.org.il/Democrats_OpenHouses/256886; https://haipo.co.il/item/610502","76","זהותו/ה או תחום פעילותו/ה מוסיפים לרשימה ייצוג חברתי, גיאוגרפי או מקצועי רחב יותר."
"איהאב שליאן","תדמית","ממלכתיות ואחריות","T-012","המועמד נתפס בציבור הרחב כבעל עמוד שדרה ערכי.","supports","https://hagush.org.il/candidates.html; https://democrats.org.il/; https://e.democrats.org.il/Democrats_OpenHouses/259054; https://e.democrats.org.il/Democrats_OpenHouses/256886; https://haipo.co.il/item/610502","76","הרקע הציבורי, המוסדי או הארגוני מציג דמות רצינית ובעלת שליחות; אין אינדיקציה שלילית במקורות שנבדקו."
"איהאב שליאן","תדמית","ממלכתיות ואחריות","T-013","המועמד נתפס בציבור הרחב כדמות ממלכתית ואחראית.","supports","https://hagush.org.il/candidates.html; https://democrats.org.il/; https://e.democrats.org.il/Democrats_OpenHouses/259054; https://e.democrats.org.il/Democrats_OpenHouses/256886; https://haipo.co.il/item/610502","76","הרקע הציבורי, המוסדי או הארגוני מציג דמות רצינית ובעלת שליחות; אין אינדיקציה שלילית במקורות שנבדקו."
"איהאב שליאן","תדמית","ממלכתיות ואחריות","T-014","המועמד נתפס בציבור הרחב כמי שמכבד מוסדות מדינה ושלטון חוק.","supports","https://hagush.org.il/candidates.html; https://democrats.org.il/; https://e.democrats.org.il/Democrats_OpenHouses/259054; https://e.democrats.org.il/Democrats_OpenHouses/256886; https://haipo.co.il/item/610502","76","הרקע הציבורי, המוסדי או הארגוני מציג דמות רצינית ובעלת שליחות; אין אינדיקציה שלילית במקורות שנבדקו."
"איהאב שליאן","תדמית","ממלכתיות ואחריות","T-015","המועמד נתפס בציבור הרחב כמי שמסוגל לפעול מתוך שיקול דעת ולא רק מתוך כעס.","supports","https://hagush.org.il/candidates.html; https://democrats.org.il/; https://e.democrats.org.il/Democrats_OpenHouses/259054; https://e.democrats.org.il/Democrats_OpenHouses/256886; https://haipo.co.il/item/610502","76","הרקע הציבורי, המוסדי או הארגוני מציג דמות רצינית ובעלת שליחות; אין אינדיקציה שלילית במקורות שנבדקו."
"איהאב שליאן","תדמית","יושרה, אמינות וניסיון ","T-016","המועמד נתפס בציבור הרחב כמי שפועל מתוך שליחות ולא רק מתוך קריירה.","supports","https://hagush.org.il/candidates.html; https://democrats.org.il/; https://e.democrats.org.il/Democrats_OpenHouses/259054; https://e.democrats.org.il/Democrats_OpenHouses/256886; https://haipo.co.il/item/610502","76","הרקע הציבורי, המוסדי או הארגוני מציג דמות רצינית ובעלת שליחות; אין אינדיקציה שלילית במקורות שנבדקו."
"איהאב שליאן","תדמית","יושרה, אמינות וניסיון ","T-017","המועמד נתפס בציבור הרחב כאדם אמין וישר.","supports","https://hagush.org.il/candidates.html; https://democrats.org.il/; https://e.democrats.org.il/Democrats_OpenHouses/259054; https://e.democrats.org.il/Democrats_OpenHouses/256886; https://haipo.co.il/item/610502","76","הרקע הציבורי, המוסדי או הארגוני מציג דמות רצינית ובעלת שליחות; אין אינדיקציה שלילית במקורות שנבדקו."
"איהאב שליאן","תדמית","יושרה, אמינות וניסיון ","T-018","המועמד נתפס בציבור הרחב כדמות רצינית ולא כגימיק תקשורתי.","supports","https://hagush.org.il/candidates.html; https://democrats.org.il/; https://e.democrats.org.il/Democrats_OpenHouses/259054; https://e.democrats.org.il/Democrats_OpenHouses/256886; https://haipo.co.il/item/610502","76","הרקע הציבורי, המוסדי או הארגוני מציג דמות רצינית ובעלת שליחות; אין אינדיקציה שלילית במקורות שנבדקו."
"איהאב שליאן","תדמית","יושרה, אמינות וניסיון ","T-019","המועמד נתפס בציבור הרחב כמי שאפשר לסמוך עליו בתפקיד ציבורי.","supports","https://hagush.org.il/candidates.html; https://democrats.org.il/; https://e.democrats.org.il/Democrats_OpenHouses/259054; https://e.democrats.org.il/Democrats_OpenHouses/256886; https://haipo.co.il/item/610502","76","הרקע הציבורי, המוסדי או הארגוני מציג דמות רצינית ובעלת שליחות; אין אינדיקציה שלילית במקורות שנבדקו."
"איהאב שליאן","תדמית","יושרה, אמינות וניסיון ","T-020","המועמד נתפס בציבור הרחב כבעל ניסיון ציבורי משמעותי.","supports","https://hagush.org.il/candidates.html; https://democrats.org.il/; https://e.democrats.org.il/Democrats_OpenHouses/259054; https://e.democrats.org.il/Democrats_OpenHouses/256886; https://haipo.co.il/item/610502","82","נמצא ניסיון ציבורי/ניהולי משמעותי, ולכן יש בסיס לתדמית של ניסיון ציבורי."
"איהאב שליאן","תדמית","יושרה, אמינות וניסיון ","T-021","המועמד נתפס בציבור הרחב כמי שמבין איך פועלת מערכת פוליטית.","mixed","https://hagush.org.il/candidates.html; https://democrats.org.il/; https://e.democrats.org.il/Democrats_OpenHouses/259054; https://e.democrats.org.il/Democrats_OpenHouses/256886; https://haipo.co.il/item/610502","50","יש ניסיון ציבורי, אך ההיכרות עם המערכת הפוליטית הארצית עדיין אינה מוכחת במלואה."
"איהאב שליאן","תדמית","תקשורתיות ונראות","T-022","המועמד נתפס בציבור הרחב כדמות תקשורתית חזקה.","supports","https://hagush.org.il/candidates.html; https://democrats.org.il/; https://e.democrats.org.il/Democrats_OpenHouses/259054; https://e.democrats.org.il/Democrats_OpenHouses/256886; https://haipo.co.il/item/610502","64","יש נראות ציבורית ומסרים בתחום פעילותו/ה; עוצמת התקשורתיות הארצית אינה תמיד מוכחת ולכן חלק מהסיווגים בינוניים."
"איהאב שליאן","תדמית","תקשורתיות ונראות","T-023","המועמד נתפס בציבור הרחב כמי שיודע להעביר מסר ברור.","supports","https://hagush.org.il/candidates.html; https://democrats.org.il/; https://e.democrats.org.il/Democrats_OpenHouses/259054; https://e.democrats.org.il/Democrats_OpenHouses/256886; https://haipo.co.il/item/610502","64","יש נראות ציבורית ומסרים בתחום פעילותו/ה; עוצמת התקשורתיות הארצית אינה תמיד מוכחת ולכן חלק מהסיווגים בינוניים."
"איהאב שליאן","תדמית","תקשורתיות ונראות","T-024","המועמד נתפס בציבור הרחב כמי שמסוגל לבלוט בקמפיין בחירות.","supports","https://hagush.org.il/candidates.html; https://democrats.org.il/; https://e.democrats.org.il/Democrats_OpenHouses/259054; https://e.democrats.org.il/Democrats_OpenHouses/256886; https://haipo.co.il/item/610502","64","יש נראות ציבורית ומסרים בתחום פעילותו/ה; עוצמת התקשורתיות הארצית אינה תמיד מוכחת ולכן חלק מהסיווגים בינוניים."
"איהאב שליאן","תדמית","תקשורתיות ונראות","T-025","המועמד נתפס בציבור הרחב כמי שמביא ייצוג חשוב לרשימה.","supports","https://hagush.org.il/candidates.html; https://democrats.org.il/; https://e.democrats.org.il/Democrats_OpenHouses/259054; https://e.democrats.org.il/Democrats_OpenHouses/256886; https://haipo.co.il/item/610502","76","זהותו/ה או תחום פעילותו/ה מוסיפים לרשימה ייצוג חברתי, גיאוגרפי או מקצועי רחב יותר."
"איהאב שליאן","תדמית","תקשורתיות ונראות","T-026","המועמד נתפס בציבור הרחב כמי שמרחיב את הדימוי של המפלגה.","supports","https://hagush.org.il/candidates.html; https://democrats.org.il/; https://e.democrats.org.il/Democrats_OpenHouses/259054; https://e.democrats.org.il/Democrats_OpenHouses/256886; https://haipo.co.il/item/610502","76","זהותו/ה או תחום פעילותו/ה מוסיפים לרשימה ייצוג חברתי, גיאוגרפי או מקצועי רחב יותר."
"איהאב שליאן","תדמית","אותנטיות וסיפור אישי","T-027","המועמד נתפס בציבור הרחב כמי שפועל מתוך שליחות ולא רק מתוך קריירה.","supports","https://hagush.org.il/candidates.html; https://democrats.org.il/; https://e.democrats.org.il/Democrats_OpenHouses/259054; https://e.democrats.org.il/Democrats_OpenHouses/256886; https://haipo.co.il/item/610502","78","קיים סיפור אישי/קהילתי/מקצועי ברור שמזוהה עם שליחות ציבורית ולא רק עם קריירה."
"קטי פיאסצקי","תדמית","זהות וייצוג","T-001","המועמד מייצג את הקול הנשי בזירה הציבורית.","supports","https://hagush.org.il/candidates.html; https://democrats.org.il/; https://meretz.org.il/%D7%A7%D7%98%D7%99-%D7%A4%D7%99%D7%90%D7%98%D7%A6%D7%A1%D7%A7%D7%99/; https://www.be106.net/49/126160; https://www.ynet.co.il/news/article/rjakywcvzl","90","זהות המועמדת כאישה ופעילותה הציבורית נותנות בסיס ישיר לייצוג קול נשי בזירה הציבורית."
"קטי פיאסצקי","תדמית","זהות וייצוג","T-002","המועמד נתפס בציבור הרחב כמי שמבין חסמים ייחודיים של נשים בפוליטיקה, בעבודה ובחברה.","supports","https://hagush.org.il/candidates.html; https://democrats.org.il/; https://meretz.org.il/%D7%A7%D7%98%D7%99-%D7%A4%D7%99%D7%90%D7%98%D7%A6%D7%A1%D7%A7%D7%99/; https://www.be106.net/49/126160; https://www.ynet.co.il/news/article/rjakywcvzl","76","הפרופיל מציג זהות נשית ו/או פעילות הקשורה לנשים, רווחה או נשים בחברה הערבית."
"קטי פיאסצקי","תדמית","זהות וייצוג","T-003","המועמד נתפס בציבור הרחב כמי שנותן מקום מכבד לקבוצות מיעוט בחברה הישראלית.","supports","https://hagush.org.il/candidates.html; https://democrats.org.il/; https://meretz.org.il/%D7%A7%D7%98%D7%99-%D7%A4%D7%99%D7%90%D7%98%D7%A6%D7%A1%D7%A7%D7%99/; https://www.be106.net/49/126160; https://www.ynet.co.il/news/article/rjakywcvzl","84","הפרופיל מציג ייצוג או פעילות משמעותית סביב קבוצות מיעוט/קהילות מודרות."
"קטי פיאסצקי","תדמית","זהות וייצוג","T-004","המועמד נתפס בציבור הרחב כמי שיכול לייצג את בני המיעוטים הלא יהודיים.","unknown","מקורות שנבדקו: https://hagush.org.il/candidates.html; https://democrats.org.il/; https://meretz.org.il/%D7%A7%D7%98%D7%99-%D7%A4%D7%99%D7%90%D7%98%D7%A6%D7%A1%D7%A7%D7%99/; https://www.be106.net/49/126160; https://www.ynet.co.il/news/article/rjakywcvzl","0","לא נמצא במקורות שנבדקו בסיס עובדתי ישיר או עקיף מספיק לקביעה סבירה; נשאר unknown לפי כלל אי־הניחוש."
"קטי פיאסצקי","תדמית","זהות וייצוג","T-005","המועמד נתפס בציבור הרחב כמי שמביא את קול הפריפריה או מבין לעומק את צרכיה.","supports","https://hagush.org.il/candidates.html; https://democrats.org.il/; https://meretz.org.il/%D7%A7%D7%98%D7%99-%D7%A4%D7%99%D7%90%D7%98%D7%A6%D7%A1%D7%A7%D7%99/; https://www.be106.net/49/126160; https://www.ynet.co.il/news/article/rjakywcvzl","78","הרקע הגיאוגרפי/חברתי והפעילות הציבורית מצביעים על הבנת צרכי פריפריה ועל יכולת לייצגה."
"קטי פיאסצקי","תדמית","זהות וייצוג","T-006","המועמד נתפס בציבור הרחב כמי שיכול לצמצם את הפער התדמיתי והמעשי בין המרכז לפריפריה.","supports","https://hagush.org.il/candidates.html; https://democrats.org.il/; https://meretz.org.il/%D7%A7%D7%98%D7%99-%D7%A4%D7%99%D7%90%D7%98%D7%A6%D7%A1%D7%A7%D7%99/; https://www.be106.net/49/126160; https://www.ynet.co.il/news/article/rjakywcvzl","78","הרקע הגיאוגרפי/חברתי והפעילות הציבורית מצביעים על הבנת צרכי פריפריה ועל יכולת לייצגה."
"קטי פיאסצקי","תדמית","זהות וייצוג","T-007","המועמד נתפס בציבור הרחב כמי שמביא גאווה בזהות מזרחית בלי להפוך אותה לשסע מפריד.","unknown","מקורות שנבדקו: https://hagush.org.il/candidates.html; https://democrats.org.il/; https://meretz.org.il/%D7%A7%D7%98%D7%99-%D7%A4%D7%99%D7%90%D7%98%D7%A6%D7%A1%D7%A7%D7%99/; https://www.be106.net/49/126160; https://www.ynet.co.il/news/article/rjakywcvzl","0","לא נמצא במקורות שנבדקו בסיס עובדתי ישיר או עקיף מספיק לקביעה סבירה; נשאר unknown לפי כלל אי־הניחוש."
"קטי פיאסצקי","תדמית","זהות וייצוג","T-008","המועמד נתפס בציבור הרחב כמי שמכבד זהות דתית ומסורתית בתוך מרחב דמוקרטי וליברלי.","mixed","https://hagush.org.il/candidates.html; https://democrats.org.il/; https://meretz.org.il/%D7%A7%D7%98%D7%99-%D7%A4%D7%99%D7%90%D7%98%D7%A6%D7%A1%D7%A7%D7%99/; https://www.be106.net/49/126160; https://www.ynet.co.il/news/article/rjakywcvzl","52","יש עמדה ליברלית מובהקת נגד כפייה דתית, אך אין מקור המציג אותה כגשר תדמיתי לציבור דתי־מסורתי."
"קטי פיאסצקי","תדמית","זהות וייצוג","T-009","המועמד נתפס בציבור הרחב כמי שיכול לגשר בין חילונים, מסורתיים ודתיים.","mixed","https://hagush.org.il/candidates.html; https://democrats.org.il/; https://meretz.org.il/%D7%A7%D7%98%D7%99-%D7%A4%D7%99%D7%90%D7%98%D7%A6%D7%A1%D7%A7%D7%99/; https://www.be106.net/49/126160; https://www.ynet.co.il/news/article/rjakywcvzl","68","הרקע מצביע על יכולת תדמיתית לדבר עם קהלים בעלי זהויות שונות, כולל דת/מסורת וחברה אזרחית."
"קטי פיאסצקי","תדמית","זהות וייצוג","T-010","המועמד נתפס בציבור הרחב כמי שנוכחותו ברשימה מרחיבה את תחושת הייצוג של קהלים מגוונים.","supports","https://hagush.org.il/candidates.html; https://democrats.org.il/; https://meretz.org.il/%D7%A7%D7%98%D7%99-%D7%A4%D7%99%D7%90%D7%98%D7%A6%D7%A1%D7%A7%D7%99/; https://www.be106.net/49/126160; https://www.ynet.co.il/news/article/rjakywcvzl","76","זהותו/ה או תחום פעילותו/ה מוסיפים לרשימה ייצוג חברתי, גיאוגרפי או מקצועי רחב יותר."
"קטי פיאסצקי","תדמית","זהות וייצוג","T-011","המועמד נתפס בציבור הרחב כמי שמוסיף לרשימה עומק חברתי ולא רק ניסיון פוליטי או תקשורתי.","supports","https://hagush.org.il/candidates.html; https://democrats.org.il/; https://meretz.org.il/%D7%A7%D7%98%D7%99-%D7%A4%D7%99%D7%90%D7%98%D7%A6%D7%A1%D7%A7%D7%99/; https://www.be106.net/49/126160; https://www.ynet.co.il/news/article/rjakywcvzl","76","זהותו/ה או תחום פעילותו/ה מוסיפים לרשימה ייצוג חברתי, גיאוגרפי או מקצועי רחב יותר."
"קטי פיאסצקי","תדמית","ממלכתיות ואחריות","T-012","המועמד נתפס בציבור הרחב כבעל עמוד שדרה ערכי.","supports","https://hagush.org.il/candidates.html; https://democrats.org.il/; https://meretz.org.il/%D7%A7%D7%98%D7%99-%D7%A4%D7%99%D7%90%D7%98%D7%A6%D7%A1%D7%A7%D7%99/; https://www.be106.net/49/126160; https://www.ynet.co.il/news/article/rjakywcvzl","76","הרקע הציבורי, המוסדי או הארגוני מציג דמות רצינית ובעלת שליחות; אין אינדיקציה שלילית במקורות שנבדקו."
"קטי פיאסצקי","תדמית","ממלכתיות ואחריות","T-013","המועמד נתפס בציבור הרחב כדמות ממלכתית ואחראית.","supports","https://hagush.org.il/candidates.html; https://democrats.org.il/; https://meretz.org.il/%D7%A7%D7%98%D7%99-%D7%A4%D7%99%D7%90%D7%98%D7%A6%D7%A1%D7%A7%D7%99/; https://www.be106.net/49/126160; https://www.ynet.co.il/news/article/rjakywcvzl","76","הרקע הציבורי, המוסדי או הארגוני מציג דמות רצינית ובעלת שליחות; אין אינדיקציה שלילית במקורות שנבדקו."
"קטי פיאסצקי","תדמית","ממלכתיות ואחריות","T-014","המועמד נתפס בציבור הרחב כמי שמכבד מוסדות מדינה ושלטון חוק.","supports","https://hagush.org.il/candidates.html; https://democrats.org.il/; https://meretz.org.il/%D7%A7%D7%98%D7%99-%D7%A4%D7%99%D7%90%D7%98%D7%A6%D7%A1%D7%A7%D7%99/; https://www.be106.net/49/126160; https://www.ynet.co.il/news/article/rjakywcvzl","76","הרקע הציבורי, המוסדי או הארגוני מציג דמות רצינית ובעלת שליחות; אין אינדיקציה שלילית במקורות שנבדקו."
"קטי פיאסצקי","תדמית","ממלכתיות ואחריות","T-015","המועמד נתפס בציבור הרחב כמי שמסוגל לפעול מתוך שיקול דעת ולא רק מתוך כעס.","supports","https://hagush.org.il/candidates.html; https://democrats.org.il/; https://meretz.org.il/%D7%A7%D7%98%D7%99-%D7%A4%D7%99%D7%90%D7%98%D7%A6%D7%A1%D7%A7%D7%99/; https://www.be106.net/49/126160; https://www.ynet.co.il/news/article/rjakywcvzl","76","הרקע הציבורי, המוסדי או הארגוני מציג דמות רצינית ובעלת שליחות; אין אינדיקציה שלילית במקורות שנבדקו."
"קטי פיאסצקי","תדמית","יושרה, אמינות וניסיון ","T-016","המועמד נתפס בציבור הרחב כמי שפועל מתוך שליחות ולא רק מתוך קריירה.","supports","https://hagush.org.il/candidates.html; https://democrats.org.il/; https://meretz.org.il/%D7%A7%D7%98%D7%99-%D7%A4%D7%99%D7%90%D7%98%D7%A6%D7%A1%D7%A7%D7%99/; https://www.be106.net/49/126160; https://www.ynet.co.il/news/article/rjakywcvzl","76","הרקע הציבורי, המוסדי או הארגוני מציג דמות רצינית ובעלת שליחות; אין אינדיקציה שלילית במקורות שנבדקו."
"קטי פיאסצקי","תדמית","יושרה, אמינות וניסיון ","T-017","המועמד נתפס בציבור הרחב כאדם אמין וישר.","supports","https://hagush.org.il/candidates.html; https://democrats.org.il/; https://meretz.org.il/%D7%A7%D7%98%D7%99-%D7%A4%D7%99%D7%90%D7%98%D7%A6%D7%A1%D7%A7%D7%99/; https://www.be106.net/49/126160; https://www.ynet.co.il/news/article/rjakywcvzl","76","הרקע הציבורי, המוסדי או הארגוני מציג דמות רצינית ובעלת שליחות; אין אינדיקציה שלילית במקורות שנבדקו."
"קטי פיאסצקי","תדמית","יושרה, אמינות וניסיון ","T-018","המועמד נתפס בציבור הרחב כדמות רצינית ולא כגימיק תקשורתי.","supports","https://hagush.org.il/candidates.html; https://democrats.org.il/; https://meretz.org.il/%D7%A7%D7%98%D7%99-%D7%A4%D7%99%D7%90%D7%98%D7%A6%D7%A1%D7%A7%D7%99/; https://www.be106.net/49/126160; https://www.ynet.co.il/news/article/rjakywcvzl","76","הרקע הציבורי, המוסדי או הארגוני מציג דמות רצינית ובעלת שליחות; אין אינדיקציה שלילית במקורות שנבדקו."
"קטי פיאסצקי","תדמית","יושרה, אמינות וניסיון ","T-019","המועמד נתפס בציבור הרחב כמי שאפשר לסמוך עליו בתפקיד ציבורי.","supports","https://hagush.org.il/candidates.html; https://democrats.org.il/; https://meretz.org.il/%D7%A7%D7%98%D7%99-%D7%A4%D7%99%D7%90%D7%98%D7%A6%D7%A1%D7%A7%D7%99/; https://www.be106.net/49/126160; https://www.ynet.co.il/news/article/rjakywcvzl","76","הרקע הציבורי, המוסדי או הארגוני מציג דמות רצינית ובעלת שליחות; אין אינדיקציה שלילית במקורות שנבדקו."
"קטי פיאסצקי","תדמית","יושרה, אמינות וניסיון ","T-020","המועמד נתפס בציבור הרחב כבעל ניסיון ציבורי משמעותי.","supports","https://hagush.org.il/candidates.html; https://democrats.org.il/; https://meretz.org.il/%D7%A7%D7%98%D7%99-%D7%A4%D7%99%D7%90%D7%98%D7%A6%D7%A1%D7%A7%D7%99/; https://www.be106.net/49/126160; https://www.ynet.co.il/news/article/rjakywcvzl","82","נמצא ניסיון ציבורי/ניהולי משמעותי, ולכן יש בסיס לתדמית של ניסיון ציבורי."
"קטי פיאסצקי","תדמית","יושרה, אמינות וניסיון ","T-021","המועמד נתפס בציבור הרחב כמי שמבין איך פועלת מערכת פוליטית.","supports","https://hagush.org.il/candidates.html; https://democrats.org.il/; https://meretz.org.il/%D7%A7%D7%98%D7%99-%D7%A4%D7%99%D7%90%D7%98%D7%A6%D7%A1%D7%A7%D7%99/; https://www.be106.net/49/126160; https://www.ynet.co.il/news/article/rjakywcvzl","78","הרקע המפלגתי/מוניציפלי/פרלמנטרי מצביע על הבנת המערכת הפוליטית."
"קטי פיאסצקי","תדמית","תקשורתיות ונראות","T-022","המועמד נתפס בציבור הרחב כדמות תקשורתית חזקה.","supports","https://hagush.org.il/candidates.html; https://democrats.org.il/; https://meretz.org.il/%D7%A7%D7%98%D7%99-%D7%A4%D7%99%D7%90%D7%98%D7%A6%D7%A1%D7%A7%D7%99/; https://www.be106.net/49/126160; https://www.ynet.co.il/news/article/rjakywcvzl","64","יש נראות ציבורית ומסרים בתחום פעילותו/ה; עוצמת התקשורתיות הארצית אינה תמיד מוכחת ולכן חלק מהסיווגים בינוניים."
"קטי פיאסצקי","תדמית","תקשורתיות ונראות","T-023","המועמד נתפס בציבור הרחב כמי שיודע להעביר מסר ברור.","supports","https://hagush.org.il/candidates.html; https://democrats.org.il/; https://meretz.org.il/%D7%A7%D7%98%D7%99-%D7%A4%D7%99%D7%90%D7%98%D7%A6%D7%A1%D7%A7%D7%99/; https://www.be106.net/49/126160; https://www.ynet.co.il/news/article/rjakywcvzl","64","יש נראות ציבורית ומסרים בתחום פעילותו/ה; עוצמת התקשורתיות הארצית אינה תמיד מוכחת ולכן חלק מהסיווגים בינוניים."
"קטי פיאסצקי","תדמית","תקשורתיות ונראות","T-024","המועמד נתפס בציבור הרחב כמי שמסוגל לבלוט בקמפיין בחירות.","supports","https://hagush.org.il/candidates.html; https://democrats.org.il/; https://meretz.org.il/%D7%A7%D7%98%D7%99-%D7%A4%D7%99%D7%90%D7%98%D7%A6%D7%A1%D7%A7%D7%99/; https://www.be106.net/49/126160; https://www.ynet.co.il/news/article/rjakywcvzl","64","יש נראות ציבורית ומסרים בתחום פעילותו/ה; עוצמת התקשורתיות הארצית אינה תמיד מוכחת ולכן חלק מהסיווגים בינוניים."
"קטי פיאסצקי","תדמית","תקשורתיות ונראות","T-025","המועמד נתפס בציבור הרחב כמי שמביא ייצוג חשוב לרשימה.","supports","https://hagush.org.il/candidates.html; https://democrats.org.il/; https://meretz.org.il/%D7%A7%D7%98%D7%99-%D7%A4%D7%99%D7%90%D7%98%D7%A6%D7%A1%D7%A7%D7%99/; https://www.be106.net/49/126160; https://www.ynet.co.il/news/article/rjakywcvzl","76","זהותו/ה או תחום פעילותו/ה מוסיפים לרשימה ייצוג חברתי, גיאוגרפי או מקצועי רחב יותר."
"קטי פיאסצקי","תדמית","תקשורתיות ונראות","T-026","המועמד נתפס בציבור הרחב כמי שמרחיב את הדימוי של המפלגה.","supports","https://hagush.org.il/candidates.html; https://democrats.org.il/; https://meretz.org.il/%D7%A7%D7%98%D7%99-%D7%A4%D7%99%D7%90%D7%98%D7%A6%D7%A1%D7%A7%D7%99/; https://www.be106.net/49/126160; https://www.ynet.co.il/news/article/rjakywcvzl","76","זהותו/ה או תחום פעילותו/ה מוסיפים לרשימה ייצוג חברתי, גיאוגרפי או מקצועי רחב יותר."
"קטי פיאסצקי","תדמית","אותנטיות וסיפור אישי","T-027","המועמד נתפס בציבור הרחב כמי שפועל מתוך שליחות ולא רק מתוך קריירה.","supports","https://hagush.org.il/candidates.html; https://democrats.org.il/; https://meretz.org.il/%D7%A7%D7%98%D7%99-%D7%A4%D7%99%D7%90%D7%98%D7%A6%D7%A1%D7%A7%D7%99/; https://www.be106.net/49/126160; https://www.ynet.co.il/news/article/rjakywcvzl","78","קיים סיפור אישי/קהילתי/מקצועי ברור שמזוהה עם שליחות ציבורית ולא רק עם קריירה."
"סומיה בשיר","תדמית","זהות וייצוג","T-001","המועמד מייצג את הקול הנשי בזירה הציבורית.","supports","https://hagush.org.il/candidates.html; https://democrats.org.il/; https://www.somayabashir.com/; https://he.wikipedia.org/wiki/%D7%A1%D7%95%D7%9E%D7%99%D7%94_%D7%91%D7%A9%D7%99%D7%A8; https://www.themarker.com/labels/women2025/2025-02-10/ty-article-labels/00000194-ef42-dc45-a79c-effff4390000","90","זהות המועמדת כאישה ופעילותה הציבורית נותנות בסיס ישיר לייצוג קול נשי בזירה הציבורית."
"סומיה בשיר","תדמית","זהות וייצוג","T-002","המועמד נתפס בציבור הרחב כמי שמבין חסמים ייחודיים של נשים בפוליטיקה, בעבודה ובחברה.","supports","https://hagush.org.il/candidates.html; https://democrats.org.il/; https://www.somayabashir.com/; https://he.wikipedia.org/wiki/%D7%A1%D7%95%D7%9E%D7%99%D7%94_%D7%91%D7%A9%D7%99%D7%A8; https://www.themarker.com/labels/women2025/2025-02-10/ty-article-labels/00000194-ef42-dc45-a79c-effff4390000","76","הפרופיל מציג זהות נשית ו/או פעילות הקשורה לנשים, רווחה או נשים בחברה הערבית."
"סומיה בשיר","תדמית","זהות וייצוג","T-003","המועמד נתפס בציבור הרחב כמי שנותן מקום מכבד לקבוצות מיעוט בחברה הישראלית.","supports","https://hagush.org.il/candidates.html; https://democrats.org.il/; https://www.somayabashir.com/; https://he.wikipedia.org/wiki/%D7%A1%D7%95%D7%9E%D7%99%D7%94_%D7%91%D7%A9%D7%99%D7%A8; https://www.themarker.com/labels/women2025/2025-02-10/ty-article-labels/00000194-ef42-dc45-a79c-effff4390000","84","הפרופיל מציג ייצוג או פעילות משמעותית סביב קבוצות מיעוט/קהילות מודרות."
"סומיה בשיר","תדמית","זהות וייצוג","T-004","המועמד נתפס בציבור הרחב כמי שיכול לייצג את בני המיעוטים הלא יהודיים.","supports","https://hagush.org.il/candidates.html; https://democrats.org.il/; https://www.somayabashir.com/; https://he.wikipedia.org/wiki/%D7%A1%D7%95%D7%9E%D7%99%D7%94_%D7%91%D7%A9%D7%99%D7%A8; https://www.themarker.com/labels/women2025/2025-02-10/ty-article-labels/00000194-ef42-dc45-a79c-effff4390000","86","זהות המועמד/ת והפעילות הציבורית קשורות ישירות לייצוג מיעוטים לא־יהודיים בישראל."
"סומיה בשיר","תדמית","זהות וייצוג","T-005","המועמד נתפס בציבור הרחב כמי שמביא את קול הפריפריה או מבין לעומק את צרכיה.","supports","https://hagush.org.il/candidates.html; https://democrats.org.il/; https://www.somayabashir.com/; https://he.wikipedia.org/wiki/%D7%A1%D7%95%D7%9E%D7%99%D7%94_%D7%91%D7%A9%D7%99%D7%A8; https://www.themarker.com/labels/women2025/2025-02-10/ty-article-labels/00000194-ef42-dc45-a79c-effff4390000","78","הרקע הגיאוגרפי/חברתי והפעילות הציבורית מצביעים על הבנת צרכי פריפריה ועל יכולת לייצגה."
"סומיה בשיר","תדמית","זהות וייצוג","T-006","המועמד נתפס בציבור הרחב כמי שיכול לצמצם את הפער התדמיתי והמעשי בין המרכז לפריפריה.","supports","https://hagush.org.il/candidates.html; https://democrats.org.il/; https://www.somayabashir.com/; https://he.wikipedia.org/wiki/%D7%A1%D7%95%D7%9E%D7%99%D7%94_%D7%91%D7%A9%D7%99%D7%A8; https://www.themarker.com/labels/women2025/2025-02-10/ty-article-labels/00000194-ef42-dc45-a79c-effff4390000","78","הרקע הגיאוגרפי/חברתי והפעילות הציבורית מצביעים על הבנת צרכי פריפריה ועל יכולת לייצגה."
"סומיה בשיר","תדמית","זהות וייצוג","T-007","המועמד נתפס בציבור הרחב כמי שמביא גאווה בזהות מזרחית בלי להפוך אותה לשסע מפריד.","unknown","מקורות שנבדקו: https://hagush.org.il/candidates.html; https://democrats.org.il/; https://www.somayabashir.com/; https://he.wikipedia.org/wiki/%D7%A1%D7%95%D7%9E%D7%99%D7%94_%D7%91%D7%A9%D7%99%D7%A8; https://www.themarker.com/labels/women2025/2025-02-10/ty-article-labels/00000194-ef42-dc45-a79c-effff4390000","0","לא נמצא במקורות שנבדקו בסיס עובדתי ישיר או עקיף מספיק לקביעה סבירה; נשאר unknown לפי כלל אי־הניחוש."
"סומיה בשיר","תדמית","זהות וייצוג","T-008","המועמד נתפס בציבור הרחב כמי שמכבד זהות דתית ומסורתית בתוך מרחב דמוקרטי וליברלי.","supports","https://hagush.org.il/candidates.html; https://democrats.org.il/; https://www.somayabashir.com/; https://he.wikipedia.org/wiki/%D7%A1%D7%95%D7%9E%D7%99%D7%94_%D7%91%D7%A9%D7%99%D7%A8; https://www.themarker.com/labels/women2025/2025-02-10/ty-article-labels/00000194-ef42-dc45-a79c-effff4390000","78","הפרופיל מציג זהות דתית גלויה בתוך מרחב אזרחי־דמוקרטי, ולכן יש בסיס לתדמית המכבדת דת ומסורת."
"סומיה בשיר","תדמית","זהות וייצוג","T-009","המועמד נתפס בציבור הרחב כמי שיכול לגשר בין חילונים, מסורתיים ודתיים.","supports","https://hagush.org.il/candidates.html; https://democrats.org.il/; https://www.somayabashir.com/; https://he.wikipedia.org/wiki/%D7%A1%D7%95%D7%9E%D7%99%D7%94_%D7%91%D7%A9%D7%99%D7%A8; https://www.themarker.com/labels/women2025/2025-02-10/ty-article-labels/00000194-ef42-dc45-a79c-effff4390000","68","הרקע מצביע על יכולת תדמיתית לדבר עם קהלים בעלי זהויות שונות, כולל דת/מסורת וחברה אזרחית."
"סומיה בשיר","תדמית","זהות וייצוג","T-010","המועמד נתפס בציבור הרחב כמי שנוכחותו ברשימה מרחיבה את תחושת הייצוג של קהלים מגוונים.","supports","https://hagush.org.il/candidates.html; https://democrats.org.il/; https://www.somayabashir.com/; https://he.wikipedia.org/wiki/%D7%A1%D7%95%D7%9E%D7%99%D7%94_%D7%91%D7%A9%D7%99%D7%A8; https://www.themarker.com/labels/women2025/2025-02-10/ty-article-labels/00000194-ef42-dc45-a79c-effff4390000","76","זהותו/ה או תחום פעילותו/ה מוסיפים לרשימה ייצוג חברתי, גיאוגרפי או מקצועי רחב יותר."
"סומיה בשיר","תדמית","זהות וייצוג","T-011","המועמד נתפס בציבור הרחב כמי שמוסיף לרשימה עומק חברתי ולא רק ניסיון פוליטי או תקשורתי.","supports","https://hagush.org.il/candidates.html; https://democrats.org.il/; https://www.somayabashir.com/; https://he.wikipedia.org/wiki/%D7%A1%D7%95%D7%9E%D7%99%D7%94_%D7%91%D7%A9%D7%99%D7%A8; https://www.themarker.com/labels/women2025/2025-02-10/ty-article-labels/00000194-ef42-dc45-a79c-effff4390000","76","זהותו/ה או תחום פעילותו/ה מוסיפים לרשימה ייצוג חברתי, גיאוגרפי או מקצועי רחב יותר."
"סומיה בשיר","תדמית","ממלכתיות ואחריות","T-012","המועמד נתפס בציבור הרחב כבעל עמוד שדרה ערכי.","supports","https://hagush.org.il/candidates.html; https://democrats.org.il/; https://www.somayabashir.com/; https://he.wikipedia.org/wiki/%D7%A1%D7%95%D7%9E%D7%99%D7%94_%D7%91%D7%A9%D7%99%D7%A8; https://www.themarker.com/labels/women2025/2025-02-10/ty-article-labels/00000194-ef42-dc45-a79c-effff4390000","62","הרקע הציבורי, המוסדי או הארגוני מציג דמות רצינית ובעלת שליחות; אין אינדיקציה שלילית במקורות שנבדקו."
"סומיה בשיר","תדמית","ממלכתיות ואחריות","T-013","המועמד נתפס בציבור הרחב כדמות ממלכתית ואחראית.","supports","https://hagush.org.il/candidates.html; https://democrats.org.il/; https://www.somayabashir.com/; https://he.wikipedia.org/wiki/%D7%A1%D7%95%D7%9E%D7%99%D7%94_%D7%91%D7%A9%D7%99%D7%A8; https://www.themarker.com/labels/women2025/2025-02-10/ty-article-labels/00000194-ef42-dc45-a79c-effff4390000","62","הרקע הציבורי, המוסדי או הארגוני מציג דמות רצינית ובעלת שליחות; אין אינדיקציה שלילית במקורות שנבדקו."
"סומיה בשיר","תדמית","ממלכתיות ואחריות","T-014","המועמד נתפס בציבור הרחב כמי שמכבד מוסדות מדינה ושלטון חוק.","supports","https://hagush.org.il/candidates.html; https://democrats.org.il/; https://www.somayabashir.com/; https://he.wikipedia.org/wiki/%D7%A1%D7%95%D7%9E%D7%99%D7%94_%D7%91%D7%A9%D7%99%D7%A8; https://www.themarker.com/labels/women2025/2025-02-10/ty-article-labels/00000194-ef42-dc45-a79c-effff4390000","62","הרקע הציבורי, המוסדי או הארגוני מציג דמות רצינית ובעלת שליחות; אין אינדיקציה שלילית במקורות שנבדקו."
"סומיה בשיר","תדמית","ממלכתיות ואחריות","T-015","המועמד נתפס בציבור הרחב כמי שמסוגל לפעול מתוך שיקול דעת ולא רק מתוך כעס.","supports","https://hagush.org.il/candidates.html; https://democrats.org.il/; https://www.somayabashir.com/; https://he.wikipedia.org/wiki/%D7%A1%D7%95%D7%9E%D7%99%D7%94_%D7%91%D7%A9%D7%99%D7%A8; https://www.themarker.com/labels/women2025/2025-02-10/ty-article-labels/00000194-ef42-dc45-a79c-effff4390000","62","הרקע הציבורי, המוסדי או הארגוני מציג דמות רצינית ובעלת שליחות; אין אינדיקציה שלילית במקורות שנבדקו."
"סומיה בשיר","תדמית","יושרה, אמינות וניסיון ","T-016","המועמד נתפס בציבור הרחב כמי שפועל מתוך שליחות ולא רק מתוך קריירה.","supports","https://hagush.org.il/candidates.html; https://democrats.org.il/; https://www.somayabashir.com/; https://he.wikipedia.org/wiki/%D7%A1%D7%95%D7%9E%D7%99%D7%94_%D7%91%D7%A9%D7%99%D7%A8; https://www.themarker.com/labels/women2025/2025-02-10/ty-article-labels/00000194-ef42-dc45-a79c-effff4390000","62","הרקע הציבורי, המוסדי או הארגוני מציג דמות רצינית ובעלת שליחות; אין אינדיקציה שלילית במקורות שנבדקו."
"סומיה בשיר","תדמית","יושרה, אמינות וניסיון ","T-017","המועמד נתפס בציבור הרחב כאדם אמין וישר.","supports","https://hagush.org.il/candidates.html; https://democrats.org.il/; https://www.somayabashir.com/; https://he.wikipedia.org/wiki/%D7%A1%D7%95%D7%9E%D7%99%D7%94_%D7%91%D7%A9%D7%99%D7%A8; https://www.themarker.com/labels/women2025/2025-02-10/ty-article-labels/00000194-ef42-dc45-a79c-effff4390000","62","הרקע הציבורי, המוסדי או הארגוני מציג דמות רצינית ובעלת שליחות; אין אינדיקציה שלילית במקורות שנבדקו."
"סומיה בשיר","תדמית","יושרה, אמינות וניסיון ","T-018","המועמד נתפס בציבור הרחב כדמות רצינית ולא כגימיק תקשורתי.","supports","https://hagush.org.il/candidates.html; https://democrats.org.il/; https://www.somayabashir.com/; https://he.wikipedia.org/wiki/%D7%A1%D7%95%D7%9E%D7%99%D7%94_%D7%91%D7%A9%D7%99%D7%A8; https://www.themarker.com/labels/women2025/2025-02-10/ty-article-labels/00000194-ef42-dc45-a79c-effff4390000","62","הרקע הציבורי, המוסדי או הארגוני מציג דמות רצינית ובעלת שליחות; אין אינדיקציה שלילית במקורות שנבדקו."
"סומיה בשיר","תדמית","יושרה, אמינות וניסיון ","T-019","המועמד נתפס בציבור הרחב כמי שאפשר לסמוך עליו בתפקיד ציבורי.","supports","https://hagush.org.il/candidates.html; https://democrats.org.il/; https://www.somayabashir.com/; https://he.wikipedia.org/wiki/%D7%A1%D7%95%D7%9E%D7%99%D7%94_%D7%91%D7%A9%D7%99%D7%A8; https://www.themarker.com/labels/women2025/2025-02-10/ty-article-labels/00000194-ef42-dc45-a79c-effff4390000","62","הרקע הציבורי, המוסדי או הארגוני מציג דמות רצינית ובעלת שליחות; אין אינדיקציה שלילית במקורות שנבדקו."
"סומיה בשיר","תדמית","יושרה, אמינות וניסיון ","T-020","המועמד נתפס בציבור הרחב כבעל ניסיון ציבורי משמעותי.","supports","https://hagush.org.il/candidates.html; https://democrats.org.il/; https://www.somayabashir.com/; https://he.wikipedia.org/wiki/%D7%A1%D7%95%D7%9E%D7%99%D7%94_%D7%91%D7%A9%D7%99%D7%A8; https://www.themarker.com/labels/women2025/2025-02-10/ty-article-labels/00000194-ef42-dc45-a79c-effff4390000","66","נמצא ניסיון ציבורי/ניהולי משמעותי, ולכן יש בסיס לתדמית של ניסיון ציבורי."
"סומיה בשיר","תדמית","יושרה, אמינות וניסיון ","T-021","המועמד נתפס בציבור הרחב כמי שמבין איך פועלת מערכת פוליטית.","mixed","https://hagush.org.il/candidates.html; https://democrats.org.il/; https://www.somayabashir.com/; https://he.wikipedia.org/wiki/%D7%A1%D7%95%D7%9E%D7%99%D7%94_%D7%91%D7%A9%D7%99%D7%A8; https://www.themarker.com/labels/women2025/2025-02-10/ty-article-labels/00000194-ef42-dc45-a79c-effff4390000","50","יש ניסיון ציבורי, אך ההיכרות עם המערכת הפוליטית הארצית עדיין אינה מוכחת במלואה."
"סומיה בשיר","תדמית","תקשורתיות ונראות","T-022","המועמד נתפס בציבור הרחב כדמות תקשורתית חזקה.","supports","https://hagush.org.il/candidates.html; https://democrats.org.il/; https://www.somayabashir.com/; https://he.wikipedia.org/wiki/%D7%A1%D7%95%D7%9E%D7%99%D7%94_%D7%91%D7%A9%D7%99%D7%A8; https://www.themarker.com/labels/women2025/2025-02-10/ty-article-labels/00000194-ef42-dc45-a79c-effff4390000","64","יש נראות ציבורית ומסרים בתחום פעילותו/ה; עוצמת התקשורתיות הארצית אינה תמיד מוכחת ולכן חלק מהסיווגים בינוניים."
"סומיה בשיר","תדמית","תקשורתיות ונראות","T-023","המועמד נתפס בציבור הרחב כמי שיודע להעביר מסר ברור.","supports","https://hagush.org.il/candidates.html; https://democrats.org.il/; https://www.somayabashir.com/; https://he.wikipedia.org/wiki/%D7%A1%D7%95%D7%9E%D7%99%D7%94_%D7%91%D7%A9%D7%99%D7%A8; https://www.themarker.com/labels/women2025/2025-02-10/ty-article-labels/00000194-ef42-dc45-a79c-effff4390000","64","יש נראות ציבורית ומסרים בתחום פעילותו/ה; עוצמת התקשורתיות הארצית אינה תמיד מוכחת ולכן חלק מהסיווגים בינוניים."
"סומיה בשיר","תדמית","תקשורתיות ונראות","T-024","המועמד נתפס בציבור הרחב כמי שמסוגל לבלוט בקמפיין בחירות.","supports","https://hagush.org.il/candidates.html; https://democrats.org.il/; https://www.somayabashir.com/; https://he.wikipedia.org/wiki/%D7%A1%D7%95%D7%9E%D7%99%D7%94_%D7%91%D7%A9%D7%99%D7%A8; https://www.themarker.com/labels/women2025/2025-02-10/ty-article-labels/00000194-ef42-dc45-a79c-effff4390000","64","יש נראות ציבורית ומסרים בתחום פעילותו/ה; עוצמת התקשורתיות הארצית אינה תמיד מוכחת ולכן חלק מהסיווגים בינוניים."
"סומיה בשיר","תדמית","תקשורתיות ונראות","T-025","המועמד נתפס בציבור הרחב כמי שמביא ייצוג חשוב לרשימה.","supports","https://hagush.org.il/candidates.html; https://democrats.org.il/; https://www.somayabashir.com/; https://he.wikipedia.org/wiki/%D7%A1%D7%95%D7%9E%D7%99%D7%94_%D7%91%D7%A9%D7%99%D7%A8; https://www.themarker.com/labels/women2025/2025-02-10/ty-article-labels/00000194-ef42-dc45-a79c-effff4390000","76","זהותו/ה או תחום פעילותו/ה מוסיפים לרשימה ייצוג חברתי, גיאוגרפי או מקצועי רחב יותר."
"סומיה בשיר","תדמית","תקשורתיות ונראות","T-026","המועמד נתפס בציבור הרחב כמי שמרחיב את הדימוי של המפלגה.","supports","https://hagush.org.il/candidates.html; https://democrats.org.il/; https://www.somayabashir.com/; https://he.wikipedia.org/wiki/%D7%A1%D7%95%D7%9E%D7%99%D7%94_%D7%91%D7%A9%D7%99%D7%A8; https://www.themarker.com/labels/women2025/2025-02-10/ty-article-labels/00000194-ef42-dc45-a79c-effff4390000","76","זהותו/ה או תחום פעילותו/ה מוסיפים לרשימה ייצוג חברתי, גיאוגרפי או מקצועי רחב יותר."
"סומיה בשיר","תדמית","אותנטיות וסיפור אישי","T-027","המועמד נתפס בציבור הרחב כמי שפועל מתוך שליחות ולא רק מתוך קריירה.","supports","https://hagush.org.il/candidates.html; https://democrats.org.il/; https://www.somayabashir.com/; https://he.wikipedia.org/wiki/%D7%A1%D7%95%D7%9E%D7%99%D7%94_%D7%91%D7%A9%D7%99%D7%A8; https://www.themarker.com/labels/women2025/2025-02-10/ty-article-labels/00000194-ef42-dc45-a79c-effff4390000","78","קיים סיפור אישי/קהילתי/מקצועי ברור שמזוהה עם שליחות ציבורית ולא רק עם קריירה."
"עאיד בדיר","תדמית","זהות וייצוג","T-001","המועמד מייצג את הקול הנשי בזירה הציבורית.","opposes","https://hagush.org.il/candidates.html; https://democrats.org.il/; https://meretz.org.il/%D7%A2%D7%90%D7%99%D7%93-%D7%91%D7%93%D7%99%D7%A8/; https://www.instagram.com/p/DU0irmUjQZd/; https://www.facebook.com/Aedbadir/","80","המועמד אינו אישה, ולא נמצא מקור המציג אותו כנציג מרכזי של הקול הנשי."
"עאיד בדיר","תדמית","זהות וייצוג","T-002","המועמד נתפס בציבור הרחב כמי שמבין חסמים ייחודיים של נשים בפוליטיקה, בעבודה ובחברה.","unknown","מקורות שנבדקו: https://hagush.org.il/candidates.html; https://democrats.org.il/; https://meretz.org.il/%D7%A2%D7%90%D7%99%D7%93-%D7%91%D7%93%D7%99%D7%A8/; https://www.instagram.com/p/DU0irmUjQZd/; https://www.facebook.com/Aedbadir/","0","לא נמצא במקורות שנבדקו בסיס עובדתי ישיר או עקיף מספיק לקביעה סבירה; נשאר unknown לפי כלל אי־הניחוש."
"עאיד בדיר","תדמית","זהות וייצוג","T-003","המועמד נתפס בציבור הרחב כמי שנותן מקום מכבד לקבוצות מיעוט בחברה הישראלית.","supports","https://hagush.org.il/candidates.html; https://democrats.org.il/; https://meretz.org.il/%D7%A2%D7%90%D7%99%D7%93-%D7%91%D7%93%D7%99%D7%A8/; https://www.instagram.com/p/DU0irmUjQZd/; https://www.facebook.com/Aedbadir/","84","הפרופיל מציג ייצוג או פעילות משמעותית סביב קבוצות מיעוט/קהילות מודרות."
"עאיד בדיר","תדמית","זהות וייצוג","T-004","המועמד נתפס בציבור הרחב כמי שיכול לייצג את בני המיעוטים הלא יהודיים.","supports","https://hagush.org.il/candidates.html; https://democrats.org.il/; https://meretz.org.il/%D7%A2%D7%90%D7%99%D7%93-%D7%91%D7%93%D7%99%D7%A8/; https://www.instagram.com/p/DU0irmUjQZd/; https://www.facebook.com/Aedbadir/","86","זהות המועמד/ת והפעילות הציבורית קשורות ישירות לייצוג מיעוטים לא־יהודיים בישראל."
"עאיד בדיר","תדמית","זהות וייצוג","T-005","המועמד נתפס בציבור הרחב כמי שמביא את קול הפריפריה או מבין לעומק את צרכיה.","supports","https://hagush.org.il/candidates.html; https://democrats.org.il/; https://meretz.org.il/%D7%A2%D7%90%D7%99%D7%93-%D7%91%D7%93%D7%99%D7%A8/; https://www.instagram.com/p/DU0irmUjQZd/; https://www.facebook.com/Aedbadir/","78","הרקע הגיאוגרפי/חברתי והפעילות הציבורית מצביעים על הבנת צרכי פריפריה ועל יכולת לייצגה."
"עאיד בדיר","תדמית","זהות וייצוג","T-006","המועמד נתפס בציבור הרחב כמי שיכול לצמצם את הפער התדמיתי והמעשי בין המרכז לפריפריה.","supports","https://hagush.org.il/candidates.html; https://democrats.org.il/; https://meretz.org.il/%D7%A2%D7%90%D7%99%D7%93-%D7%91%D7%93%D7%99%D7%A8/; https://www.instagram.com/p/DU0irmUjQZd/; https://www.facebook.com/Aedbadir/","78","הרקע הגיאוגרפי/חברתי והפעילות הציבורית מצביעים על הבנת צרכי פריפריה ועל יכולת לייצגה."
"עאיד בדיר","תדמית","זהות וייצוג","T-007","המועמד נתפס בציבור הרחב כמי שמביא גאווה בזהות מזרחית בלי להפוך אותה לשסע מפריד.","unknown","מקורות שנבדקו: https://hagush.org.il/candidates.html; https://democrats.org.il/; https://meretz.org.il/%D7%A2%D7%90%D7%99%D7%93-%D7%91%D7%93%D7%99%D7%A8/; https://www.instagram.com/p/DU0irmUjQZd/; https://www.facebook.com/Aedbadir/","0","לא נמצא במקורות שנבדקו בסיס עובדתי ישיר או עקיף מספיק לקביעה סבירה; נשאר unknown לפי כלל אי־הניחוש."
"עאיד בדיר","תדמית","זהות וייצוג","T-008","המועמד נתפס בציבור הרחב כמי שמכבד זהות דתית ומסורתית בתוך מרחב דמוקרטי וליברלי.","unknown","מקורות שנבדקו: https://hagush.org.il/candidates.html; https://democrats.org.il/; https://meretz.org.il/%D7%A2%D7%90%D7%99%D7%93-%D7%91%D7%93%D7%99%D7%A8/; https://www.instagram.com/p/DU0irmUjQZd/; https://www.facebook.com/Aedbadir/","0","לא נמצא במקורות שנבדקו בסיס עובדתי ישיר או עקיף מספיק לקביעה סבירה; נשאר unknown לפי כלל אי־הניחוש."
"עאיד בדיר","תדמית","זהות וייצוג","T-009","המועמד נתפס בציבור הרחב כמי שיכול לגשר בין חילונים, מסורתיים ודתיים.","supports","https://hagush.org.il/candidates.html; https://democrats.org.il/; https://meretz.org.il/%D7%A2%D7%90%D7%99%D7%93-%D7%91%D7%93%D7%99%D7%A8/; https://www.instagram.com/p/DU0irmUjQZd/; https://www.facebook.com/Aedbadir/","68","הרקע מצביע על יכולת תדמיתית לדבר עם קהלים בעלי זהויות שונות, כולל דת/מסורת וחברה אזרחית."
"עאיד בדיר","תדמית","זהות וייצוג","T-010","המועמד נתפס בציבור הרחב כמי שנוכחותו ברשימה מרחיבה את תחושת הייצוג של קהלים מגוונים.","supports","https://hagush.org.il/candidates.html; https://democrats.org.il/; https://meretz.org.il/%D7%A2%D7%90%D7%99%D7%93-%D7%91%D7%93%D7%99%D7%A8/; https://www.instagram.com/p/DU0irmUjQZd/; https://www.facebook.com/Aedbadir/","76","זהותו/ה או תחום פעילותו/ה מוסיפים לרשימה ייצוג חברתי, גיאוגרפי או מקצועי רחב יותר."
"עאיד בדיר","תדמית","זהות וייצוג","T-011","המועמד נתפס בציבור הרחב כמי שמוסיף לרשימה עומק חברתי ולא רק ניסיון פוליטי או תקשורתי.","supports","https://hagush.org.il/candidates.html; https://democrats.org.il/; https://meretz.org.il/%D7%A2%D7%90%D7%99%D7%93-%D7%91%D7%93%D7%99%D7%A8/; https://www.instagram.com/p/DU0irmUjQZd/; https://www.facebook.com/Aedbadir/","76","זהותו/ה או תחום פעילותו/ה מוסיפים לרשימה ייצוג חברתי, גיאוגרפי או מקצועי רחב יותר."
"עאיד בדיר","תדמית","ממלכתיות ואחריות","T-012","המועמד נתפס בציבור הרחב כבעל עמוד שדרה ערכי.","supports","https://hagush.org.il/candidates.html; https://democrats.org.il/; https://meretz.org.il/%D7%A2%D7%90%D7%99%D7%93-%D7%91%D7%93%D7%99%D7%A8/; https://www.instagram.com/p/DU0irmUjQZd/; https://www.facebook.com/Aedbadir/","76","הרקע הציבורי, המוסדי או הארגוני מציג דמות רצינית ובעלת שליחות; אין אינדיקציה שלילית במקורות שנבדקו."
"עאיד בדיר","תדמית","ממלכתיות ואחריות","T-013","המועמד נתפס בציבור הרחב כדמות ממלכתית ואחראית.","supports","https://hagush.org.il/candidates.html; https://democrats.org.il/; https://meretz.org.il/%D7%A2%D7%90%D7%99%D7%93-%D7%91%D7%93%D7%99%D7%A8/; https://www.instagram.com/p/DU0irmUjQZd/; https://www.facebook.com/Aedbadir/","76","הרקע הציבורי, המוסדי או הארגוני מציג דמות רצינית ובעלת שליחות; אין אינדיקציה שלילית במקורות שנבדקו."
"עאיד בדיר","תדמית","ממלכתיות ואחריות","T-014","המועמד נתפס בציבור הרחב כמי שמכבד מוסדות מדינה ושלטון חוק.","supports","https://hagush.org.il/candidates.html; https://democrats.org.il/; https://meretz.org.il/%D7%A2%D7%90%D7%99%D7%93-%D7%91%D7%93%D7%99%D7%A8/; https://www.instagram.com/p/DU0irmUjQZd/; https://www.facebook.com/Aedbadir/","76","הרקע הציבורי, המוסדי או הארגוני מציג דמות רצינית ובעלת שליחות; אין אינדיקציה שלילית במקורות שנבדקו."
"עאיד בדיר","תדמית","ממלכתיות ואחריות","T-015","המועמד נתפס בציבור הרחב כמי שמסוגל לפעול מתוך שיקול דעת ולא רק מתוך כעס.","supports","https://hagush.org.il/candidates.html; https://democrats.org.il/; https://meretz.org.il/%D7%A2%D7%90%D7%99%D7%93-%D7%91%D7%93%D7%99%D7%A8/; https://www.instagram.com/p/DU0irmUjQZd/; https://www.facebook.com/Aedbadir/","76","הרקע הציבורי, המוסדי או הארגוני מציג דמות רצינית ובעלת שליחות; אין אינדיקציה שלילית במקורות שנבדקו."
"עאיד בדיר","תדמית","יושרה, אמינות וניסיון ","T-016","המועמד נתפס בציבור הרחב כמי שפועל מתוך שליחות ולא רק מתוך קריירה.","supports","https://hagush.org.il/candidates.html; https://democrats.org.il/; https://meretz.org.il/%D7%A2%D7%90%D7%99%D7%93-%D7%91%D7%93%D7%99%D7%A8/; https://www.instagram.com/p/DU0irmUjQZd/; https://www.facebook.com/Aedbadir/","76","הרקע הציבורי, המוסדי או הארגוני מציג דמות רצינית ובעלת שליחות; אין אינדיקציה שלילית במקורות שנבדקו."
"עאיד בדיר","תדמית","יושרה, אמינות וניסיון ","T-017","המועמד נתפס בציבור הרחב כאדם אמין וישר.","supports","https://hagush.org.il/candidates.html; https://democrats.org.il/; https://meretz.org.il/%D7%A2%D7%90%D7%99%D7%93-%D7%91%D7%93%D7%99%D7%A8/; https://www.instagram.com/p/DU0irmUjQZd/; https://www.facebook.com/Aedbadir/","76","הרקע הציבורי, המוסדי או הארגוני מציג דמות רצינית ובעלת שליחות; אין אינדיקציה שלילית במקורות שנבדקו."
"עאיד בדיר","תדמית","יושרה, אמינות וניסיון ","T-018","המועמד נתפס בציבור הרחב כדמות רצינית ולא כגימיק תקשורתי.","supports","https://hagush.org.il/candidates.html; https://democrats.org.il/; https://meretz.org.il/%D7%A2%D7%90%D7%99%D7%93-%D7%91%D7%93%D7%99%D7%A8/; https://www.instagram.com/p/DU0irmUjQZd/; https://www.facebook.com/Aedbadir/","76","הרקע הציבורי, המוסדי או הארגוני מציג דמות רצינית ובעלת שליחות; אין אינדיקציה שלילית במקורות שנבדקו."
"עאיד בדיר","תדמית","יושרה, אמינות וניסיון ","T-019","המועמד נתפס בציבור הרחב כמי שאפשר לסמוך עליו בתפקיד ציבורי.","supports","https://hagush.org.il/candidates.html; https://democrats.org.il/; https://meretz.org.il/%D7%A2%D7%90%D7%99%D7%93-%D7%91%D7%93%D7%99%D7%A8/; https://www.instagram.com/p/DU0irmUjQZd/; https://www.facebook.com/Aedbadir/","76","הרקע הציבורי, המוסדי או הארגוני מציג דמות רצינית ובעלת שליחות; אין אינדיקציה שלילית במקורות שנבדקו."
"עאיד בדיר","תדמית","יושרה, אמינות וניסיון ","T-020","המועמד נתפס בציבור הרחב כבעל ניסיון ציבורי משמעותי.","supports","https://hagush.org.il/candidates.html; https://democrats.org.il/; https://meretz.org.il/%D7%A2%D7%90%D7%99%D7%93-%D7%91%D7%93%D7%99%D7%A8/; https://www.instagram.com/p/DU0irmUjQZd/; https://www.facebook.com/Aedbadir/","82","נמצא ניסיון ציבורי/ניהולי משמעותי, ולכן יש בסיס לתדמית של ניסיון ציבורי."
"עאיד בדיר","תדמית","יושרה, אמינות וניסיון ","T-021","המועמד נתפס בציבור הרחב כמי שמבין איך פועלת מערכת פוליטית.","supports","https://hagush.org.il/candidates.html; https://democrats.org.il/; https://meretz.org.il/%D7%A2%D7%90%D7%99%D7%93-%D7%91%D7%93%D7%99%D7%A8/; https://www.instagram.com/p/DU0irmUjQZd/; https://www.facebook.com/Aedbadir/","78","הרקע המפלגתי/מוניציפלי/פרלמנטרי מצביע על הבנת המערכת הפוליטית."
"עאיד בדיר","תדמית","תקשורתיות ונראות","T-022","המועמד נתפס בציבור הרחב כדמות תקשורתית חזקה.","supports","https://hagush.org.il/candidates.html; https://democrats.org.il/; https://meretz.org.il/%D7%A2%D7%90%D7%99%D7%93-%D7%91%D7%93%D7%99%D7%A8/; https://www.instagram.com/p/DU0irmUjQZd/; https://www.facebook.com/Aedbadir/","64","יש נראות ציבורית ומסרים בתחום פעילותו/ה; עוצמת התקשורתיות הארצית אינה תמיד מוכחת ולכן חלק מהסיווגים בינוניים."
"עאיד בדיר","תדמית","תקשורתיות ונראות","T-023","המועמד נתפס בציבור הרחב כמי שיודע להעביר מסר ברור.","supports","https://hagush.org.il/candidates.html; https://democrats.org.il/; https://meretz.org.il/%D7%A2%D7%90%D7%99%D7%93-%D7%91%D7%93%D7%99%D7%A8/; https://www.instagram.com/p/DU0irmUjQZd/; https://www.facebook.com/Aedbadir/","64","יש נראות ציבורית ומסרים בתחום פעילותו/ה; עוצמת התקשורתיות הארצית אינה תמיד מוכחת ולכן חלק מהסיווגים בינוניים."
"עאיד בדיר","תדמית","תקשורתיות ונראות","T-024","המועמד נתפס בציבור הרחב כמי שמסוגל לבלוט בקמפיין בחירות.","supports","https://hagush.org.il/candidates.html; https://democrats.org.il/; https://meretz.org.il/%D7%A2%D7%90%D7%99%D7%93-%D7%91%D7%93%D7%99%D7%A8/; https://www.instagram.com/p/DU0irmUjQZd/; https://www.facebook.com/Aedbadir/","64","יש נראות ציבורית ומסרים בתחום פעילותו/ה; עוצמת התקשורתיות הארצית אינה תמיד מוכחת ולכן חלק מהסיווגים בינוניים."
"עאיד בדיר","תדמית","תקשורתיות ונראות","T-025","המועמד נתפס בציבור הרחב כמי שמביא ייצוג חשוב לרשימה.","supports","https://hagush.org.il/candidates.html; https://democrats.org.il/; https://meretz.org.il/%D7%A2%D7%90%D7%99%D7%93-%D7%91%D7%93%D7%99%D7%A8/; https://www.instagram.com/p/DU0irmUjQZd/; https://www.facebook.com/Aedbadir/","76","זהותו/ה או תחום פעילותו/ה מוסיפים לרשימה ייצוג חברתי, גיאוגרפי או מקצועי רחב יותר."
"עאיד בדיר","תדמית","תקשורתיות ונראות","T-026","המועמד נתפס בציבור הרחב כמי שמרחיב את הדימוי של המפלגה.","supports","https://hagush.org.il/candidates.html; https://democrats.org.il/; https://meretz.org.il/%D7%A2%D7%90%D7%99%D7%93-%D7%91%D7%93%D7%99%D7%A8/; https://www.instagram.com/p/DU0irmUjQZd/; https://www.facebook.com/Aedbadir/","76","זהותו/ה או תחום פעילותו/ה מוסיפים לרשימה ייצוג חברתי, גיאוגרפי או מקצועי רחב יותר."
"עאיד בדיר","תדמית","אותנטיות וסיפור אישי","T-027","המועמד נתפס בציבור הרחב כמי שפועל מתוך שליחות ולא רק מתוך קריירה.","supports","https://hagush.org.il/candidates.html; https://democrats.org.il/; https://meretz.org.il/%D7%A2%D7%90%D7%99%D7%93-%D7%91%D7%93%D7%99%D7%A8/; https://www.instagram.com/p/DU0irmUjQZd/; https://www.facebook.com/Aedbadir/","78","קיים סיפור אישי/קהילתי/מקצועי ברור שמזוהה עם שליחות ציבורית ולא רק עם קריירה."
"ענבל וורטמן שהם","תדמית","זהות וייצוג","T-001","המועמד מייצג את הקול הנשי בזירה הציבורית.","supports","https://hagush.org.il/candidates.html; https://democrats.org.il/; https://inbals.co.il/; https://avneiderech.org.il/about/; https://avneiderech.org.il/","90","זהות המועמדת כאישה ופעילותה הציבורית נותנות בסיס ישיר לייצוג קול נשי בזירה הציבורית."
"ענבל וורטמן שהם","תדמית","זהות וייצוג","T-002","המועמד נתפס בציבור הרחב כמי שמבין חסמים ייחודיים של נשים בפוליטיקה, בעבודה ובחברה.","supports","https://hagush.org.il/candidates.html; https://democrats.org.il/; https://inbals.co.il/; https://avneiderech.org.il/about/; https://avneiderech.org.il/","76","הפרופיל מציג זהות נשית ו/או פעילות הקשורה לנשים, רווחה או נשים בחברה הערבית."
"ענבל וורטמן שהם","תדמית","זהות וייצוג","T-003","המועמד נתפס בציבור הרחב כמי שנותן מקום מכבד לקבוצות מיעוט בחברה הישראלית.","supports","https://hagush.org.il/candidates.html; https://democrats.org.il/; https://inbals.co.il/; https://avneiderech.org.il/about/; https://avneiderech.org.il/","84","הפרופיל מציג ייצוג או פעילות משמעותית סביב קבוצות מיעוט/קהילות מודרות."
"ענבל וורטמן שהם","תדמית","זהות וייצוג","T-004","המועמד נתפס בציבור הרחב כמי שיכול לייצג את בני המיעוטים הלא יהודיים.","unknown","מקורות שנבדקו: https://hagush.org.il/candidates.html; https://democrats.org.il/; https://inbals.co.il/; https://avneiderech.org.il/about/; https://avneiderech.org.il/","0","לא נמצא במקורות שנבדקו בסיס עובדתי ישיר או עקיף מספיק לקביעה סבירה; נשאר unknown לפי כלל אי־הניחוש."
"ענבל וורטמן שהם","תדמית","זהות וייצוג","T-005","המועמד נתפס בציבור הרחב כמי שמביא את קול הפריפריה או מבין לעומק את צרכיה.","supports","https://hagush.org.il/candidates.html; https://democrats.org.il/; https://inbals.co.il/; https://avneiderech.org.il/about/; https://avneiderech.org.il/","78","הרקע הגיאוגרפי/חברתי והפעילות הציבורית מצביעים על הבנת צרכי פריפריה ועל יכולת לייצגה."
"ענבל וורטמן שהם","תדמית","זהות וייצוג","T-006","המועמד נתפס בציבור הרחב כמי שיכול לצמצם את הפער התדמיתי והמעשי בין המרכז לפריפריה.","supports","https://hagush.org.il/candidates.html; https://democrats.org.il/; https://inbals.co.il/; https://avneiderech.org.il/about/; https://avneiderech.org.il/","78","הרקע הגיאוגרפי/חברתי והפעילות הציבורית מצביעים על הבנת צרכי פריפריה ועל יכולת לייצגה."
"ענבל וורטמן שהם","תדמית","זהות וייצוג","T-007","המועמד נתפס בציבור הרחב כמי שמביא גאווה בזהות מזרחית בלי להפוך אותה לשסע מפריד.","unknown","מקורות שנבדקו: https://hagush.org.il/candidates.html; https://democrats.org.il/; https://inbals.co.il/; https://avneiderech.org.il/about/; https://avneiderech.org.il/","0","לא נמצא במקורות שנבדקו בסיס עובדתי ישיר או עקיף מספיק לקביעה סבירה; נשאר unknown לפי כלל אי־הניחוש."
"ענבל וורטמן שהם","תדמית","זהות וייצוג","T-008","המועמד נתפס בציבור הרחב כמי שמכבד זהות דתית ומסורתית בתוך מרחב דמוקרטי וליברלי.","unknown","מקורות שנבדקו: https://hagush.org.il/candidates.html; https://democrats.org.il/; https://inbals.co.il/; https://avneiderech.org.il/about/; https://avneiderech.org.il/","0","לא נמצא במקורות שנבדקו בסיס עובדתי ישיר או עקיף מספיק לקביעה סבירה; נשאר unknown לפי כלל אי־הניחוש."
"ענבל וורטמן שהם","תדמית","זהות וייצוג","T-009","המועמד נתפס בציבור הרחב כמי שיכול לגשר בין חילונים, מסורתיים ודתיים.","unknown","מקורות שנבדקו: https://hagush.org.il/candidates.html; https://democrats.org.il/; https://inbals.co.il/; https://avneiderech.org.il/about/; https://avneiderech.org.il/","0","לא נמצא במקורות שנבדקו בסיס עובדתי ישיר או עקיף מספיק לקביעה סבירה; נשאר unknown לפי כלל אי־הניחוש."
"ענבל וורטמן שהם","תדמית","זהות וייצוג","T-010","המועמד נתפס בציבור הרחב כמי שנוכחותו ברשימה מרחיבה את תחושת הייצוג של קהלים מגוונים.","supports","https://hagush.org.il/candidates.html; https://democrats.org.il/; https://inbals.co.il/; https://avneiderech.org.il/about/; https://avneiderech.org.il/","76","זהותו/ה או תחום פעילותו/ה מוסיפים לרשימה ייצוג חברתי, גיאוגרפי או מקצועי רחב יותר."
"ענבל וורטמן שהם","תדמית","זהות וייצוג","T-011","המועמד נתפס בציבור הרחב כמי שמוסיף לרשימה עומק חברתי ולא רק ניסיון פוליטי או תקשורתי.","supports","https://hagush.org.il/candidates.html; https://democrats.org.il/; https://inbals.co.il/; https://avneiderech.org.il/about/; https://avneiderech.org.il/","76","זהותו/ה או תחום פעילותו/ה מוסיפים לרשימה ייצוג חברתי, גיאוגרפי או מקצועי רחב יותר."
"ענבל וורטמן שהם","תדמית","ממלכתיות ואחריות","T-012","המועמד נתפס בציבור הרחב כבעל עמוד שדרה ערכי.","supports","https://hagush.org.il/candidates.html; https://democrats.org.il/; https://inbals.co.il/; https://avneiderech.org.il/about/; https://avneiderech.org.il/","76","הרקע הציבורי, המוסדי או הארגוני מציג דמות רצינית ובעלת שליחות; אין אינדיקציה שלילית במקורות שנבדקו."
"ענבל וורטמן שהם","תדמית","ממלכתיות ואחריות","T-013","המועמד נתפס בציבור הרחב כדמות ממלכתית ואחראית.","supports","https://hagush.org.il/candidates.html; https://democrats.org.il/; https://inbals.co.il/; https://avneiderech.org.il/about/; https://avneiderech.org.il/","76","הרקע הציבורי, המוסדי או הארגוני מציג דמות רצינית ובעלת שליחות; אין אינדיקציה שלילית במקורות שנבדקו."
"ענבל וורטמן שהם","תדמית","ממלכתיות ואחריות","T-014","המועמד נתפס בציבור הרחב כמי שמכבד מוסדות מדינה ושלטון חוק.","supports","https://hagush.org.il/candidates.html; https://democrats.org.il/; https://inbals.co.il/; https://avneiderech.org.il/about/; https://avneiderech.org.il/","76","הרקע הציבורי, המוסדי או הארגוני מציג דמות רצינית ובעלת שליחות; אין אינדיקציה שלילית במקורות שנבדקו."
"ענבל וורטמן שהם","תדמית","ממלכתיות ואחריות","T-015","המועמד נתפס בציבור הרחב כמי שמסוגל לפעול מתוך שיקול דעת ולא רק מתוך כעס.","supports","https://hagush.org.il/candidates.html; https://democrats.org.il/; https://inbals.co.il/; https://avneiderech.org.il/about/; https://avneiderech.org.il/","76","הרקע הציבורי, המוסדי או הארגוני מציג דמות רצינית ובעלת שליחות; אין אינדיקציה שלילית במקורות שנבדקו."
"ענבל וורטמן שהם","תדמית","יושרה, אמינות וניסיון ","T-016","המועמד נתפס בציבור הרחב כמי שפועל מתוך שליחות ולא רק מתוך קריירה.","supports","https://hagush.org.il/candidates.html; https://democrats.org.il/; https://inbals.co.il/; https://avneiderech.org.il/about/; https://avneiderech.org.il/","76","הרקע הציבורי, המוסדי או הארגוני מציג דמות רצינית ובעלת שליחות; אין אינדיקציה שלילית במקורות שנבדקו."
"ענבל וורטמן שהם","תדמית","יושרה, אמינות וניסיון ","T-017","המועמד נתפס בציבור הרחב כאדם אמין וישר.","supports","https://hagush.org.il/candidates.html; https://democrats.org.il/; https://inbals.co.il/; https://avneiderech.org.il/about/; https://avneiderech.org.il/","76","הרקע הציבורי, המוסדי או הארגוני מציג דמות רצינית ובעלת שליחות; אין אינדיקציה שלילית במקורות שנבדקו."
"ענבל וורטמן שהם","תדמית","יושרה, אמינות וניסיון ","T-018","המועמד נתפס בציבור הרחב כדמות רצינית ולא כגימיק תקשורתי.","supports","https://hagush.org.il/candidates.html; https://democrats.org.il/; https://inbals.co.il/; https://avneiderech.org.il/about/; https://avneiderech.org.il/","76","הרקע הציבורי, המוסדי או הארגוני מציג דמות רצינית ובעלת שליחות; אין אינדיקציה שלילית במקורות שנבדקו."
"ענבל וורטמן שהם","תדמית","יושרה, אמינות וניסיון ","T-019","המועמד נתפס בציבור הרחב כמי שאפשר לסמוך עליו בתפקיד ציבורי.","supports","https://hagush.org.il/candidates.html; https://democrats.org.il/; https://inbals.co.il/; https://avneiderech.org.il/about/; https://avneiderech.org.il/","76","הרקע הציבורי, המוסדי או הארגוני מציג דמות רצינית ובעלת שליחות; אין אינדיקציה שלילית במקורות שנבדקו."
"ענבל וורטמן שהם","תדמית","יושרה, אמינות וניסיון ","T-020","המועמד נתפס בציבור הרחב כבעל ניסיון ציבורי משמעותי.","supports","https://hagush.org.il/candidates.html; https://democrats.org.il/; https://inbals.co.il/; https://avneiderech.org.il/about/; https://avneiderech.org.il/","82","נמצא ניסיון ציבורי/ניהולי משמעותי, ולכן יש בסיס לתדמית של ניסיון ציבורי."
"ענבל וורטמן שהם","תדמית","יושרה, אמינות וניסיון ","T-021","המועמד נתפס בציבור הרחב כמי שמבין איך פועלת מערכת פוליטית.","mixed","https://hagush.org.il/candidates.html; https://democrats.org.il/; https://inbals.co.il/; https://avneiderech.org.il/about/; https://avneiderech.org.il/","50","יש ניסיון ציבורי, אך ההיכרות עם המערכת הפוליטית הארצית עדיין אינה מוכחת במלואה."
"ענבל וורטמן שהם","תדמית","תקשורתיות ונראות","T-022","המועמד נתפס בציבור הרחב כדמות תקשורתית חזקה.","mixed","https://hagush.org.il/candidates.html; https://democrats.org.il/; https://inbals.co.il/; https://avneiderech.org.il/about/; https://avneiderech.org.il/","64","יש נראות ציבורית ומסרים בתחום פעילותו/ה; עוצמת התקשורתיות הארצית אינה תמיד מוכחת ולכן חלק מהסיווגים בינוניים."
"ענבל וורטמן שהם","תדמית","תקשורתיות ונראות","T-023","המועמד נתפס בציבור הרחב כמי שיודע להעביר מסר ברור.","mixed","https://hagush.org.il/candidates.html; https://democrats.org.il/; https://inbals.co.il/; https://avneiderech.org.il/about/; https://avneiderech.org.il/","64","יש נראות ציבורית ומסרים בתחום פעילותו/ה; עוצמת התקשורתיות הארצית אינה תמיד מוכחת ולכן חלק מהסיווגים בינוניים."
"ענבל וורטמן שהם","תדמית","תקשורתיות ונראות","T-024","המועמד נתפס בציבור הרחב כמי שמסוגל לבלוט בקמפיין בחירות.","mixed","https://hagush.org.il/candidates.html; https://democrats.org.il/; https://inbals.co.il/; https://avneiderech.org.il/about/; https://avneiderech.org.il/","64","יש נראות ציבורית ומסרים בתחום פעילותו/ה; עוצמת התקשורתיות הארצית אינה תמיד מוכחת ולכן חלק מהסיווגים בינוניים."
"ענבל וורטמן שהם","תדמית","תקשורתיות ונראות","T-025","המועמד נתפס בציבור הרחב כמי שמביא ייצוג חשוב לרשימה.","supports","https://hagush.org.il/candidates.html; https://democrats.org.il/; https://inbals.co.il/; https://avneiderech.org.il/about/; https://avneiderech.org.il/","76","זהותו/ה או תחום פעילותו/ה מוסיפים לרשימה ייצוג חברתי, גיאוגרפי או מקצועי רחב יותר."
"ענבל וורטמן שהם","תדמית","תקשורתיות ונראות","T-026","המועמד נתפס בציבור הרחב כמי שמרחיב את הדימוי של המפלגה.","supports","https://hagush.org.il/candidates.html; https://democrats.org.il/; https://inbals.co.il/; https://avneiderech.org.il/about/; https://avneiderech.org.il/","76","זהותו/ה או תחום פעילותו/ה מוסיפים לרשימה ייצוג חברתי, גיאוגרפי או מקצועי רחב יותר."
"ענבל וורטמן שהם","תדמית","אותנטיות וסיפור אישי","T-027","המועמד נתפס בציבור הרחב כמי שפועל מתוך שליחות ולא רק מתוך קריירה.","supports","https://hagush.org.il/candidates.html; https://democrats.org.il/; https://inbals.co.il/; https://avneiderech.org.il/about/; https://avneiderech.org.il/","78","קיים סיפור אישי/קהילתי/מקצועי ברור שמזוהה עם שליחות ציבורית ולא רק עם קריירה."
